ISBN,Title,Author,Availability,Batch
"9781495053399","10-Minute Plays for Kids","Lawrence Harbison","No longer supplied by the supplier","batch_aa"
"9780063214194","10 Rules For Resilience: Mental Toughness for Families","Joe De Sena","Not available (reason unspecified)","batch_aa"
"9781800920088","10 Step Watercolour: Birds: Paint 25 Exquisitely Detailed Birds in 10 Easy Steps","Eleanor Longhurst","Not available (reason unspecified)","batch_aa"
"9781849944519","100 Books that Changed the World","Scott Christianson","Not available (reason unspecified)","batch_aa"
"9781474996129","100 Children's Crosswords: Planet Earth","Phillip Clarke","Not available (reason unspecified)","batch_aa"
"9780241359464","100 Days of Calm","Michael Acton Smith","Cancelled","batch_aa"
"9781789892772","100 Facts Exploring Space","Steve Parker","No longer supplied by the supplier","batch_aa"
"9781440314995","100 Fresh and Fun Handmade Cards: 50 New Designs; 50 Amazing Alternatives","Kimber McGray","Not available (reason unspecified)","batch_aa"
"9781742378909","100 Gardens","Jamie Durie","Not available, publisher indicates OP","batch_aa"
"9780994146052","100 Natural History Treasures of Te Papa: 100 Amazing Objects from the Te Papa Natural History Collection","Dr. Susan Waugh","Not available, publisher indicates OP","batch_aa"
"9780241412800","1000 Inventions and Discoveries","Roger Bridgman","Not available (reason unspecified)","batch_aa"
"9781633221437","1,000 Tangles, Patterns & Doodled Designs: Hundreds of tangles, designs, borders, patterns and more to inspire your creativity!","Walter Foster Creative Team","Not available, publisher indicates OP","batch_aa"
"9781922351869","1001 Albums You Must Hear Before You Die","Robert Dimery","No longer supplied by the supplier","batch_aa"
"9781839811098","1001 Cycling Tips: The essential cyclists' guide - navigation, fitness, gear and maintenance advice for road cyclists, mountain bikers, gravel cyclists and more","Hannah Reynolds","No longer supplied by the supplier","batch_aa"
"9781589233577","1001 Ideas for Floors: The Ultimate Sourcebook: Flooring Solutions for Every Room","Emma Callery","Not available, publisher indicates OP","batch_aa"
"9780473448837","101 Lessons From The Sky","Fletcher McKenzie","No longer supplied by the supplier","batch_aa"
"9781760554187","The 104-Storey Treehouse","Andy Griffiths","Not available, publisher indicates OP","batch_aa"
"9783740816445","111 Places in London That You Shouldn't Miss","John Sykes","Not available (reason unspecified)","batch_aa"
"9781787332478","12 Bytes: How artificial intelligence will change the way we live and love","Jeanette Winterson","Not available (reason unspecified)","batch_aa"
"9780711245396","12 Days of Christmas","Lara Hawthorne","Not available, publisher indicates OP","batch_aa"
"9781988538587","123 with New Zealand Rugby","Justin Laing","Not available (reason unspecified)","batch_aa"
"9780330404365","The 13-Storey Treehouse","Andy Griffiths","Not available, publisher indicates OP","batch_aa"
"9781760980627","The 13-Storey Treehouse: Colour Edition","Andy Griffiths","Awaiting reissue","batch_aa"
"9780753559543","THE 1619 PROJECT: A New American Origin Story","Nikole Hannah-Jones","Not available (reason unspecified)","batch_aa"
"9780760366783","1970 Maximum Muscle: The Pinnacle of Muscle Car Power","Mark Fletcher","Not available (reason unspecified)","batch_aa"
"9781785120817","1984: The Year Pop Went Queer","Ian Wade","Not available, publisher indicates OP","batch_aa"
"9781631591082","20 Ways to Draw A Shoe and 44 Other Sneakers, Slippers, Stilettos, and Slingbacks: A Sketchbook for Artists, Designers, and Doodlers","Julia Kuo","Not available, publisher indicates OP","batch_aa"
"9781592539833","20 Ways to Draw a Strawberry and 44 Other Elegant Edibles: A Sketchbook for Artists, Designers, and Doodlers","Zoe Ingram","Not available, publisher indicates OP","batch_aa"
"9781423623342","200 Casseroles","Stephanie Ashcraft","No longer supplied by the supplier","batch_aa"
"9781760761325","2020: The Year That Changed Us","The Conversation","Not available, publisher indicates OP","batch_aa"
"9780500510834","20th Century Jewelry: The Complete Sourcebook","John Peacock","Not available, publisher indicates OP","batch_aa"
"9781529136784","The 24th Hour","James Patterson","Not available (reason unspecified)","batch_aa"
"9781558323834","25 Things Every Nursing Mother Needs to Know","Kathleen Huggins","Not available, publisher indicates OP","batch_aa"
"9781782409809","30-Second Ecology: 50 key concepts and challenges, each explained in half a minute","Mark Fellowes","Not available, publisher indicates OP","batch_aa"
"9781782407546","30-Second Weather: The 50 most significant phenomena and events, each explained in half a minute","Adam Scaife","Not available, publisher indicates OP","batch_aa"
"9780785840121","300 Word Search Puzzles: Volume 6","Rebecca Falcon","Not available, publisher indicates OP","batch_aa"
"9780785839064","301 Writing Ideas: Creative Prompts to Inspire Prose: Volume 2","Editors of Chartwell Books","Not available, publisher indicates OP","batch_aa"
"9780785838395","365 Aircraft You Must Fly: The most sublime, weird, and outrageous aircraft from the past 100+ years ... How many do you want to fly?: Volume 2","Robert F. Dorr","Not available, publisher indicates OP","batch_aa"
"9781743537442","The 39-Storey Treehouse","Andy Griffiths","No longer supplied by the supplier","batch_aa"
"9781776890095","4 Yaks and a Yeti","Peter Hillary","Not available (reason unspecified)","batch_aa"
"9781846014666","The 5:2 Cookbook: 100 Recipes for Fasting","Angela Dowden","Not available, publisher indicates OP","batch_aa"
"9780994289926","5 Seconds: What Would You Do If You Could See 5 Seconds into the Future?","Stephen Kok","Not available (reason unspecified)","batch_aa"
"9781912081493","The 50 Best Birdwatching Sites In New Zealand","Liz Light","Not available (reason unspecified)","batch_aa"
"9781858756097","50 Greatest James Bond Cars","Simon Hugo","Not available (reason unspecified)","batch_aa"
"9780995102941","50 Years Young: A history of the Young Farmer of the Year","Kate Taylor","Not available, publisher indicates OP","batch_aa"
"9781592539932","500 Tangled Artworks: A Showcase of Inspired Illustrated Designs","Beckah Krahula","Not available, publisher indicates OP","batch_aa"
"9780995117013","51 Lessons From The Sky","Fletcher McKenzie","No longer supplied by the supplier","batch_aa"
"9780995142138","61 Lessons From The Sky","Fletcher McKenzie","No longer supplied by the supplier","batch_aa"
"9781743537411","The 65-Storey Treehouse","Andy Griffiths","Not available (reason unspecified)","batch_aa"
"9780473493080","71 Lessons From The Sky","Fletcher McKenzie","No longer supplied by the supplier","batch_aa"
"9780473419943","81 Lessons From The Sky","Fletcher McKenzie","No longer supplied by the supplier","batch_aa"
"9781760858094","The 99th Koala: Rescue and resilience on Kangaroo Island","Kailas Wild","Not available (reason unspecified)","batch_aa"
"9780141022758","9th & 13th: Pocket Penguins","Jonathan Coe","Not available (reason unspecified)","batch_aa"
"9780300187793","A Little History of Philosophy","Nigel Warburton","Not available (reason unspecified)","batch_aa"
"9781529008135","A Nearly Normal Family","M. T. Edvardsson","Not available, publisher indicates OP","batch_aa"
"9780995137806","A Seat at the Table: NZ and the United Nations Security Council, 2015-2016","Graham Hassall","Not available, publisher indicates OP","batch_aa"
"9780753554944","A Short History of Humanity: How Migration Made Us Who We Are","Johannes Krause","Not available (reason unspecified)","batch_aa"
"9781922786272","An A-Z of Animal Symbolism: Your complete guide to over 150 animal symbols","Aurore Pramil","Not available (reason unspecified)","batch_aa"
"9781988538037","A-Z with the ABs","Justin Laing","Not available (reason unspecified)","batch_aa"
"9781846974373","The Abbess of Crewe","Muriel Spark","Not available, publisher indicates OP","batch_aa"
"9781633221468","ABC for Me: ABC Yoga: Volume 1","Christiane Engel","Not available, publisher indicates OP","batch_aa"
"9780143772705","Abigail and the Birth of the Sun","Matthew Cunningham","Awaiting reissue","batch_aa"
"9780241370490","About Time: A History of Civilization in Twelve Clocks","David Rooney","Not available (reason unspecified)","batch_aa"
"9780241473931","The Absolute Book: 'An INSTANT CLASSIC, to rank [with] masterpieces of fantasy such as HIS DARK MATERIALS or JONATHAN STRANGE AND MR NORRELL'  GUARDIAN","Elizabeth Knox","Not available (reason unspecified)","batch_aa"
"9780008365004","Abyss: The Cuban Missile Crisis 1962","Max Hastings","Not available (reason unspecified)","batch_aa"
"9781035002085","The Accidental Duchess: From Farmer's Daughter to Belvoir Castle","Emma Manners, Duchess of Rutland, Duchess of Rutland","Not available, publisher indicates OP","batch_aa"
"9781805220701","The Accidental Garden: Gardens, Wilderness and the Space In Between: SHORTLISTED FOR THE WAINWRIGHT PRIZE","Richard Mabey","Not available, publisher indicates OP","batch_aa"
"9781038919946","The Act of Disappearing","Nathan Gower","Not available (reason unspecified)","batch_aa"
"9780736062794","Action Plan for Allergies","Bill Briner","Not available (reason unspecified)","batch_aa"
"9780736056182","Action Plan for Menopause","Barbara A. Bushman","Not available (reason unspecified)","batch_aa"
"9781787332072","Actress: LONGLISTED FOR THE WOMEN'S PRIZE","Anne Enright","Not available (reason unspecified)","batch_aa"
"9781925143188","Adam Spencer's Time Machine","Adam Spencer","No longer supplied by the supplier","batch_aa"
"9780241701454","Addicted to Anxiety","Owen O'Kane","Not available (reason unspecified)","batch_aa"
"9781743313350","Adelaide's Secret World","Elise Hurst","Not available, publisher indicates OP","batch_aa"
"9780399178740","ADHD 2.0: New Science and Essential Strategies for Thriving with Distraction--from Childhood through Adulthood","Edward M. Hallowell","Not available (reason unspecified)","batch_aa"
"9780008334604","Adults","Emma Jane Unsworth","Not available (reason unspecified)","batch_aa"
"9780300149784","Adventures in Modern Art: The Charles K. Williams II Collection","Innis Howe Shoemaker","Not available (reason unspecified)","batch_aa"
"9781784873615","Adventures in the Anthropocene: A Journey to the Heart of the Planet we Made (Patterns of Life)","Gaia Vince","Not available (reason unspecified)","batch_aa"
"9780785839903","Adventures of Huckleberry Finn","Mark Twain","Not available, publisher indicates OP","batch_aa"
"9781631060731","Adventures of Huckleberry Finn: Volume 13","Mark Twain","Not available, publisher indicates OP","batch_aa"
"9780143507055","The Adventures of Hutu and Kawa","Avis Acres","Not available (reason unspecified)","batch_aa"
"9781401238568","Adventures Of Superman","Penguin Random House","Not available (reason unspecified)","batch_aa"
"9781788286763","The Adventures of Tom Sawyer","Mark Twain","Not available, publisher indicates OP","batch_aa"
"9780141345246","Aesop's Fables","Aesop","Not available (reason unspecified)","batch_aa"
"9781667201368","Aesop's Fables Illustrated","Aesop","Not available (reason unspecified)","batch_aa"
"9781787302969","Africa Is Not A Country: Breaking Stereotypes of Modern Africa","Dipo Faloyin","Not available (reason unspecified)","batch_aa"
"9780753560136","An African History of Africa: From the Dawn of Humanity to Independence","Zeinab Badawi","Not available (reason unspecified)","batch_aa"
"9780241259696","The Age of Reason","Jean-Paul Sartre","Not available (reason unspecified)","batch_aa"
"9780241692417","Age of Revolutions: Progress and Backlash from 1600 to the Present","Fareed Zakaria","Not available (reason unspecified)","batch_aa"
"9781847926425","The Age of The Strongman: How the Cult of the Leader Threatens Democracy around the World","Gideon Rachman","Not available (reason unspecified)","batch_aa"
"9780241237229","Agency: THE DYSTOPIAN SUNDAY TIMES TOP TEN BESTSELLER FROM THE AUTHOR OF THE PERIPHERAL","William Gibson","Not available (reason unspecified)","batch_aa"
"9780241536117","Agnes and the Hen","Elle Rowley","Not available (reason unspecified)","batch_aa"
"9781776890699","Ah Choo","Angela Walker","Not available (reason unspecified)","batch_aa"
"9780857552198","Air Miles","John Burningham","Not available (reason unspecified)","batch_aa"
"9780760348147","Aircraft Carriers: The Illustrated History of the World's Most Important Warships","Michael E. Haskew","Not available, publisher indicates OP","batch_aa"
"9780008323295","Albert & the Whale","Philip Hoare","Not available (reason unspecified)","batch_aa"
"9780731930821","Albury Wodonga Murray River & High Country Map 381 18th ed","UBD Gregory's","Not available (reason unspecified)","batch_aa"
"9780241800911","Alchemised","SenLinYu","Not available (reason unspecified)","batch_aa"
"9780061233845","Alchemist International Edition","Paulo Coelho","Not available (reason unspecified)","batch_aa"
"9781572229228","Algebra Part 2","Kizlik","Not available (reason unspecified)","batch_aa"
"9781406360431","Alice's Adventures in Wonderland","Lewis Carroll","Not available, publisher indicates OP","batch_aa"
"9781509865727","Alice's Adventures in Wonderland","Lewis Carroll","Not available, publisher indicates OP","batch_aa"
"9781529091359","Alice's Adventures in Wonderland Platinum Jubilee Edition","Lewis Carroll","Not available, publisher indicates OP","batch_aa"
"9780241680988","Alien Earths: Planet Hunting in the Cosmos","Lisa Kaltenegger","Not available (reason unspecified)","batch_aa"
"9781804270042","Aliss at the Fire","Jon Fosse","Not available, publisher indicates OP","batch_aa"
"9780810992276","All About Adoption (Sunscreen)","Anne Lanchon","Not available, publisher indicates OP","batch_aa"
"9780143204800","All Blacks Don't Cry: A Story of Hope","John Kirwan","Not available (reason unspecified)","batch_aa"
"9781529042061","All Creatures Great and Small","James Herriot","Cancelled","batch_aa"
"9781838853457","All Fours","Miranda July","Not available, publisher indicates OP","batch_aa"
"9780241423479","All His Spies: The Secret World of Robert Cecil","Stephen Alford","Not available (reason unspecified)","batch_aa"
"9780374310714","All Summer Long","Hope Larson","Not available, publisher indicates OP","batch_ab"
"9781847926678","All the Beauty in the World: A Museum Guard's Adventures in Life, Loss and Art","Patrick Bringley","Not available (reason unspecified)","batch_ab"
"9781398707665","All the Colours of the Dark: The Instant Sunday Times Bestseller - 'a wonderful book' (Richard Osman)","Chris Whitaker","Not available, publisher indicates OP","batch_ab"
"9780008548353","All the Light We Cannot See","Anthony Doerr","Not available (reason unspecified)","batch_ab"
"9781789097832","All the White Spaces","Ally Wilkes","No longer supplied by the supplier","batch_ab"
"9781805462231","All The Worst Humans: How I Made News for Dictators, Tycoons and Politicians","Phil Elwood","Not available, publisher indicates OP","batch_ab"
"9781035015412","InvestiGators: All Tide Up: A Laugh-Out-Loud Comic Book Adventure!","John Patrick Green","Not available, publisher indicates OP","batch_ab"
"9781439732366","Alluvium Lined Hardcover Journal","Paperblanks","Not available (reason unspecified)","batch_ab"
"9781869404413","Aloe: & Other Poems","Diana Bridge","Not available, publisher indicates OP","batch_ab"
"9781472992277","Always On: Hope and Fear in the Social Smartphone Era","Rory Cellan-Jones","Not available, publisher indicates OP","batch_ab"
"9781786582041","Always Remember Your Name: The Children who Survived Auschwitz","Andra & Tatiana Bucci","Not available, publisher indicates OP","batch_ab"
"9781869712297","The Amazing Five Year Old: Getting Ready for School in New Zealand","Colleen Young","Not available, publisher indicates OP","batch_ab"
"9780753446157","Amazing Machines: Busy Bulldozers","Tony Mitton","Cancelled","batch_ab"
"9780760383704","Amazing Magic Tricks for Beginners: Impress Your Friends with Simple to Learn Magic that Anyone Can Do","Bryan Miles","Not available, publisher indicates OP","batch_ab"
"9780143135739","The Amazing Spider-Man","Stan Lee","Not available (reason unspecified)","batch_ab"
"9780143791669","Amelia Chamelia and the Birthday Party: Amelia Chamelia 1","Laura Sieveking","Not available (reason unspecified)","batch_ab"
"9781473660595","America Before: The Key to Earth's Lost Civilization: AS SEEN ON NETFLIX","Graham Hancock","Not available, publisher indicates OP","batch_ab"
"9781922585622","America Second: how America's elites are making China stronger","Isaac Stone Fish","Not available (reason unspecified)","batch_ab"
"9780241719961","The American Civil War: A Visual History","DK","Cancelled","batch_ab"
"9781526663474","American Mother","Colum McCann","Not available, publisher indicates OP","batch_ab"
"9781785783456","American Politics: A Graphic History","Laura Locker","No longer supplied by the supplier","batch_ab"
"9781843547051","American Prometheus: The Triumph and Tragedy of J. Robert Oppenheimer","Kai Bird","Not available, publisher indicates OP","batch_ab"
"9781838696160","Lonely Planet Pocket Amsterdam","Lonely Planet","Not available (reason unspecified)","batch_ab"
"9783829759007","Amsterdam Marco Polo City Map 2018","Marco Polo","Not available, publisher indicates OP","batch_ab"
"9780241615829","DK Top 10 Amsterdam","DK Travel","Not available (reason unspecified)","batch_ab"
"9781849833042","Amy & Isabelle","Elizabeth Strout","Not available (reason unspecified)","batch_ab"
"9780007339587","An Elephant in the Garden","Michael Morpurgo","Not available (reason unspecified)","batch_ab"
"9781789292220","An Equation for Every Occasion: Simple Formulas for Surviving the Unexpected","Chris Waring","Not available (reason unspecified)","batch_ab"
"9780473158606","An Identity for New Zealand?","John Collinge","Not available (reason unspecified)","batch_ab"
"9781869536046","Anatomica's Flash Cards","Dr. Kurt H. Albertine","Not available (reason unspecified)","batch_ab"
"9781783786589","Anatomy of a Killing: Life and Death on a Divided Island","Ian Cobain","Not available, publisher indicates OP","batch_ab"
"9781423220787","Anatomy Poster - Paper (24 x 36): a QuickStudy reference tool","Vincent Perez","Not available (reason unspecified)","batch_ab"
"9780241655856","Anaximander: And the Nature of Science","Carlo Rovelli","Not available (reason unspecified)","batch_ab"
"9781471188015","Ancestors: A prehistory of Britain in seven burials","Alice Roberts","Not available (reason unspecified)","batch_ab"
"9780711267145","And A Dog called Fig: Solitude, Connection, the Writing Life","Helen Humphreys","Not available, publisher indicates OP","batch_ab"
"9780241400654","And Now For The Good News...: The much-needed tonic for our frazzled world","Ruby Wax","Not available (reason unspecified)","batch_ab"
"9781922928009","And Then She Fell","Alicia Elliott","Not available (reason unspecified)","batch_ab"
"9781644407424","Anei Taku Wheua Here Is My Bone OP","K Roberts N. Kool","Not available (reason unspecified)","batch_ab"
"9781439799048","Anemone (William Kilburn) Midi Lined Softcover Flexi Journal (Elastic Band Closure)","Paperblanks","Awaiting reissue","batch_ab"
"9781439799055","Anemone (William Kilburn) Midi Unlined Softcover Flexi Journal (Elastic Band Closure)","Paperblanks","Awaiting reissue","batch_ab"
"9781665901420","Angelina Ballerina On the Go! (Boxed Set): Angelina Ballerina at Ballet School; Angelina Ballerina Dresses Up; Big Dreams!; Center Stage; Family Fun Day; Meet Angelina Ballerina","Katharine Holabird","Not available (reason unspecified)","batch_ab"
"9781509856978","The Angry Tide","Winston Graham","Not available, publisher indicates OP","batch_ab"
"9781474999885","Animal Matching Games","Kate Nolan","Not available (reason unspecified)","batch_ab"
"9781925849530","The Animals In That Country","Laura Jean McKay","Not available (reason unspecified)","batch_ab"
"9780241613207","Animals, Robots, Gods: Adventures in the Moral Imagination","Webb Keane","Not available (reason unspecified)","batch_ab"
"9781838957261","Anna: The Biography","Amy Odell","Not available, publisher indicates OP","batch_ab"
"9781607107286","Anne of Green Gables","Lucy Maud Montgomery","Not available (reason unspecified)","batch_ab"
"9780008584573","Annie Bot","Sierra Greer","Not available (reason unspecified)","batch_ab"
"9780393088861","The Annotated Brothers Grimm","Jacob Grimm","Not available (reason unspecified)","batch_ab"
"9780473395230","Annual 2","Kate De Goldi","Not available, publisher indicates OP","batch_ab"
"9780473622183","Annual 3","Susan Paris","No longer supplied by the supplier","batch_ab"
"9781529109887","The Anthropocene Reviewed: The Instant Sunday Times Bestseller","John Green","Not available (reason unspecified)","batch_ab"
"9780241694909","The Anxious Generation: How the Great Rewiring of Childhood Is Causing an Epidemic of Mental Illness","Jonathan Haidt","Not available (reason unspecified)","batch_ab"
"9780718186623","Anxious People: The No. 1 New York Times bestseller from the author of A Man Called Ove","Fredrik Backman","Not available (reason unspecified)","batch_ab"
"9781922896100","Anzac Mascots: All Creatures Great and Small of World War I","Nigel Allsopp","Not available (reason unspecified)","batch_ab"
"9781869665210","Aotearoa: a Photographer's Journey Around New Zealand","Stuart Macdonald","Not available, publisher indicates OP","batch_ab"
"9780947503611","Aotearoa: The New Zealand Experience Pkt","","Not available (reason unspecified)","batch_ab"
"9781988538662","Aotearoa Lost Worlds","Dave Gunson","Not available (reason unspecified)","batch_ab"
"9780099477785","Ape and Essence","Aldous Huxley","Not available (reason unspecified)","batch_ab"
"9789492311610","APOLLO Timeless","Masashi Nishihara","Awaiting reissue","batch_ab"
"9780141036755","An Appeal to the Toiling, Oppressed and Exhausted Peoples of Europe","Leon Trotsky","Not available (reason unspecified)","batch_ab"
"9780571363599","April in Spain: A Strafford and Quirke Mystery","John  Banville","Not available, publisher indicates OP","batch_ab"
"9781645768210","Archie 1000 Page Comics Triumph","Archie Superstars","Not available (reason unspecified)","batch_ab"
"9780995143111","The Architect and the Artists: Hackshaw, McCahon, Dibble","Bridget Hackshaw","Not available, publisher indicates OP","batch_ab"
"9781250215475","Architects of Memory","Karen Osborne","No longer supplied by the supplier","batch_ab"
"9783836589888","Architectural Theory: Pioneering Texts on Architecture from the Renaissance to Today","Taschen","Not available, publisher indicates OP","batch_ab"
"9781787635920","Argylle","Elly Conway","Not available (reason unspecified)","batch_ab"
"9780241615638","Aristotle: Understanding the World's Greatest Philosopher","John Sellars","Not available (reason unspecified)","batch_ab"
"9781776890354","Armadillo Antics","Bill Martin Jr","Not available (reason unspecified)","batch_ab"
"9781529195910","The Armchair General: Can You Defeat the Nazis?","John Buckley","Not available (reason unspecified)","batch_ab"
"9781578269228","The Army Fitness Bible: The Complete Military Training Guide","Michelle Turner","Not available (reason unspecified)","batch_ab"
"9781780191386","Art and Architecture of the Incas","David M Jones","Not available (reason unspecified)","batch_ab"
"9781844487325","Design Library: Art Deco Designs (Dl05)","Polly Pinder","Not available (reason unspecified)","batch_ab"
"9780300215793","Art for Every Home: Associated American Artists, 1934-2000","Elizabeth G. Seaton","Not available (reason unspecified)","batch_ab"
"9781925335590","The Art Garden: Sowing the Seeds of Creativity","Penny Harrison","Not available, publisher indicates OP","batch_ab"
"9781593074418","Art Of Bone","Jeff Smith","Not available (reason unspecified)","batch_ab"
"9781529410297","The Art of Cycling","James Hibbard","Not available, publisher indicates OP","batch_ab"
"9780834815162","The Art of Japanese Joinery","Kiyosi Seike","Not available (reason unspecified)","batch_ab"
"9781421596570","Art of Magic: The Gathering - Ixalan","James Wyatt","Not available (reason unspecified)","batch_ab"
"9781633220874","Art of Painting Still Life in Acrylic: Master techniques for painting stunning still lifes in acrylic","Varvara Harmon","Not available, publisher indicates OP","batch_ab"
"9781684620289","The Art of Positivity: 35+ Hopeful Coloring Projects","Jane Maday","No longer supplied by the supplier","batch_ab"
"9780008347666","The Art of Racing in the Rain","Garth Stein","Not available (reason unspecified)","batch_ab"
"9780061051289","The Art of the Automobile: The 100 Greatest Cars","Dennis Adler","Not available (reason unspecified)","batch_ab"
"9780760352168","Art of the Classic Sports Car: Pace and Grace","James Mann","Not available, publisher indicates OP","batch_ab"
"9781626860605","The Art of War","Sun Tzu","Not available (reason unspecified)","batch_ab"
"9781722500979","The Art of War Landmark Edition: The Classic of Strategy with Historical Notes and Introduction by PEN Award-Winning Author Mitch Horowitz","Sun Tzu","No longer supplied by the supplier","batch_ab"
"9781631064180","The Art of War: The Quintessential Collection of Military Strategy","Erik O. Ronningen","Not available, publisher indicates OP","batch_ab"
"9781633223646","Art Studio: Dogs: More than 50 projects and techniques for drawing, painting, and creating 25+ breeds in oil, acrylic, pencil, and more!","Walter Foster Creative Team","Not available, publisher indicates OP","batch_ab"
"9781250326874","Artificial Condition: The Murderbot Diaries","Martha Wells","No longer supplied by the supplier","batch_ac"
"9781786750655","Arts and Crafts: From William Morris to Frank Lloyd Wright","Arnold Schwartzman","No longer supplied by the supplier","batch_ac"
"9780750987035","As Far As The Eye Can See: A History of Seeing","Susan Denham Wade","Not available, publisher indicates OP","batch_ac"
"9781035040971","The Ashes and the Star-Cursed King","Carissa Broadbent","Cancelled","batch_ac"
"9780008495541","Ashes in the Snow (Hugo Fischer, Book 1)","Oriana Ramunno","Not available (reason unspecified)","batch_ac"
"9781869665319","Assembly:New Zealand Car Production1921-1998","Mark Webster","Not available, publisher indicates OP","batch_ac"
"9781781454039","Astrology: Capricorn","","Not available (reason unspecified)","batch_ac"
"9780008146351","Astronomy Photographer of the Year: Collection 4","Royal Observatory Greenwich","Not available (reason unspecified)","batch_ac"
"9781138055360","The Astrophotography Manual: A Practical and Scientific Approach to Deep Sky Imaging","Chris Woodhouse","Not available (reason unspecified)","batch_ac"
"9781782275862","At Night All Blood is Black","David Diop","Not available, publisher indicates OP","batch_ac"
"9781788162654","At the Edge of Empire: A Family's Reckoning with China: FINALIST FOR THE ORWELL PRIZE 2025","Edward Wong","Not available, publisher indicates OP","batch_ac"
"9781460763520","At The Foot Of The Cherry Tree: A heart-warming emotional story of forbidden love and family heartbreak from an unforgettable new debut author SHORTLISTED FOR DYMOCKS BOOK OF THE YEAR 2023","Alli Parker","Not available (reason unspecified)","batch_ac"
"9781869408251","At the Margin of Empire: John Webster and Hokianga, 1841-1900","Jennifer Ashton","Not available, publisher indicates OP","batch_ac"
"9780300167504","Atlas of Oceans: An Ecological Survey of Underwater Life","John Farndon","Not available (reason unspecified)","batch_ac"
"9780711255630","Atlas of Record-Breaking Adventures: A collection of the BIGGEST, FASTEST, LONGEST, TOUGHEST, TALLEST and MOST DEADLY things from around the world","Lucy Letherland","Not available, publisher indicates OP","batch_ac"
"9781846149719","Atlas of the Invisible: Maps & Graphics That Will Change How You See the World","James Cheshire","Not available (reason unspecified)","batch_ac"
"9781529095319","The Atlas Paradox","Olivie Blake","No longer supplied by the supplier","batch_ac"
"9781529152982","Atmosphere","Taylor Jenkins Reid","Not available (reason unspecified)","batch_ac"
"9780241705148","Augustus The Strong: A Study in Artistic Greatness and Political Fiasco","Tim Blanning","Not available (reason unspecified)","batch_ac"
"9781869404161","AUP New Poets 3","Janis Freegard","Not available, publisher indicates OP","batch_ac"
"9781439744024","Aurelia, Midi, Lin","Paperblanks","Not available (reason unspecified)","batch_ac"
"9781439744031","Aurelia Unlined Hardcover Journal","Paperblanks","Not available (reason unspecified)","batch_ac"
"9781439744055","Aurelia, Mini, Unl","Paperblanks","Not available (reason unspecified)","batch_ac"
"9781439728451","Aurelia Hardcover Dot-Grid Planner","Paperblanks","Not available (reason unspecified)","batch_ac"
"9781788683951","Lonely Planet Australia","Lonely Planet","Not available (reason unspecified)","batch_ac"
"9781787013889","Lonely Planet Australia","Lonely Planet","Not available (reason unspecified)","batch_ac"
"9781645678878","Autism for Adults: An Approachable Guide to Living Excellently on the Spectrum","Daniel Jones","No longer supplied by the supplier","batch_ac"
"9780241627891","Autocracy, Inc: The Dictators Who Want to Run the World","Anne Applebaum","Not available (reason unspecified)","batch_ac"
"9780062347473","The Autoimmune Solution: Prevent and Reverse the Full Spectrum of Inflammatory Symptoms and Diseases","Amy Myers, M.D.","Not available (reason unspecified)","batch_ac"
"9781776191109","Autopsy: Life in the trenches with a forensic pathologist in Africa","Ryan Blumenthal","No longer supplied by the supplier","batch_ac"
"9781789095319","Axiom's End","Lindsay Ellis","No longer supplied by the supplier","batch_ac"
"9780241470022","AZADI: Freedom. Fascism. Fiction.","Arundhati Roy","Not available (reason unspecified)","batch_ac"
"9781785787379","The Babel Message: A Love Letter to Language","Keith Kahn-Harris","No longer supplied by the supplier","batch_ac"
"9780143566991","Baby Whispering","Sharlene Poole","Not available (reason unspecified)","batch_ac"
"9780241609644","Babylonia","Costanza Casati","Not available (reason unspecified)","batch_ac"
"9780995133884","The Back of the Painting","Linda Waters","Not available, publisher indicates OP","batch_ac"
"9781927158418","Backstage Pass: Stories From Thirty Years of the Auckland Theatre Company","Frances Walsh","Awaiting reissue","batch_ac"
"9780713660104","Backgammon","William Copeland","Not available, publisher indicates OP","batch_ac"
"9781804182314","A Backstage Betrayal: The new novel from the West End legend","Michael Ball","Not available, publisher indicates OP","batch_ac"
"9781922790422","Backwaters","Emma Ling Sidnam","Awaiting reissue","batch_ac"
"9780241567746","The Bad Angel Brothers","Paul Theroux","Not available (reason unspecified)","batch_ac"
"9780008329679","Bad Blood (4th Estate Matchbook Classics)","Lorna Sage","Not available (reason unspecified)","batch_ac"
"9780143772286","Badjelly the Witch: A Fairy Story","Spike Milligan","Not available (reason unspecified)","batch_ac"
"9780757321849","Bailey, No Ordinary Cat","Erin Merryn","No longer supplied by the supplier","batch_ac"
"9781786694706","Ball Lightning","Cixin Liu","Not available, publisher indicates OP","batch_ac"
"9780241675663","DK Top 10 Barcelona","DK Travel","Not available (reason unspecified)","batch_ac"
"9781787015289","Lonely Planet Barcelona","Lonely Planet","Not available (reason unspecified)","batch_ac"
"9781838691769","Lonely Planet Pocket Barcelona","Lonely Planet","Not available (reason unspecified)","batch_ac"
"9780730324218","The Barefoot Investor: The Only Money Guide You'll Ever Need","Scott Pape","Not available (reason unspecified)","batch_ac"
"9781489421517","The Barefoot Investor: The Only Money Guide You'll Ever Need","Scott Pape","Not available (reason unspecified)","batch_ac"
"9781460756874","The Barefoot Investor for Families: How to teach your kids the value of a buck","Scott Pape","Not available (reason unspecified)","batch_ac"
"9781781258910","Baron Wenckheim's Homecoming: Winner of the Nobel Prize in Literature 2025","Laszlo Krasznahorkai","Not available, publisher indicates OP","batch_ac"
"9780008368036","Barracoon: The Story of the Last Slave","Zora Neale Hurston","Not available (reason unspecified)","batch_ac"
"9781684620166","Basics of Drawing: The Ultimate Guide for Beginners","Leonardo Pereznieto","No longer supplied by the supplier","batch_ac"
"9781869536411","Bateman Field Guide to Wild New Zealand","Julian Fitter","Not available (reason unspecified)","batch_ac"
"9781914515347","Bath PopOut Map","PopOut Maps","Not available (reason unspecified)","batch_ac"
"9780645207019","Bathurst - 60 Years of the Great Race","Steve Normoyle","Not available (reason unspecified)","batch_ac"
"9781779514226","Batman: Detective Comics Vol. 1: The Neighborhood","Mariko Tamaki","Not available (reason unspecified)","batch_ac"
"9781787634145","The Battle of the Beams: The secret science of radar that turned the tide of WW2","Tom Whipple","Not available (reason unspecified)","batch_ac"
"9781781255254","The BBC: A People's History","David Hendy","Not available, publisher indicates OP","batch_ac"
"9781787832329","Be Brave: The Little Book of Courage","Summersdale Publishers","Not available, publisher indicates OP","batch_ac"
"9781472120274","Be Extraordinary: 7 Key Skills to Transform Your Life From Ordinary to Extraordinary","Jennifer Wild","Not available, publisher indicates OP","batch_ac"
"9781925811506","Be More Buffy: A guide to slaying every day","Alex Clarke-Groom","Not available (reason unspecified)","batch_ac"
"9781836004134","The Bear and the Piano 10th Anniversary","David Litchfield","Not available, publisher indicates OP","batch_ac"
"9781803510965","Beartooth","Callan Wink","Not available, publisher indicates OP","batch_ac"
"9781401961961","Beat Cancer Kitchen: Deliciously Simple Plant-Based Anticancer Recipes","Chris Wark","Not available (reason unspecified)","batch_ac"
"9780141371139","Beatrix Potter and the Unfortunate Tale of the Guinea Pig","Deborah Hopkinson","Not available (reason unspecified)","batch_ac"
"9781782407799","Beautiful Horses: Portraits of champion breeds","Liz Wright","Not available, publisher indicates OP","batch_ac"
"9781786894724","The Beautiful Poetry of Donald Trump","Rob Sears","Not available, publisher indicates OP","batch_ac"
"9780763680862","Because of Winn-Dixie","Kate DiCamillo","Not available, publisher indicates OP","batch_ac"
"9780823257140","Becoming Christian: Race, Reformation, and Early Modern English Romance","Dennis Austin Britton","No longer supplied by the supplier","batch_ac"
"9781035901463","Bee Speaker","Adrian Tchaikovsky","Not available, publisher indicates OP","batch_ac"
"9780241448342","Bees: A lift-the-flap eco book","Carmen Saldana","Not available (reason unspecified)","batch_ac"
"9781847925527","Before the Big Bang: The Origin of Our Universe from the Multiverse","Laura Mersini-Houghton","Not available (reason unspecified)","batch_ac"
"9781489233271","Before We Were Yours","Lisa Wingate","Not available (reason unspecified)","batch_ac"
"9781760878856","Before You Knew My Name","Jacqueline Bublitz","Not available, publisher indicates OP","batch_ac"
"9781471171970","The Behaviour of Love","Virginia Reeves","Not available (reason unspecified)","batch_ac"
"9780865653665","Beige Is Not A Color","Carlos Mota","Awaiting reissue","batch_ad"
"9781035026661","Being Henry: The Fonz . . . and Beyond","Henry Winkler","Cancelled","batch_ad"
"9780857529244","Bellies","Nicola Dinan","Not available (reason unspecified)","batch_ad"
"9781529000467","The Bells of Old Tokyo: Travels in Japanese Time","Anna Sherman","Not available, publisher indicates OP","batch_ad"
"9780763630232","Beowulf","Gareth Hinds","Not available, publisher indicates OP","batch_ad"
"9780785839941","Beowulf","John Earle","Not available, publisher indicates OP","batch_ad"
"9783829769525","Berlin Marco Polo City Map","Marco Polo","No longer supplied by the supplier","batch_ad"
"9781787702820","Berlin: The Passenger","","Not available, publisher indicates OP","batch_ad"
"9780143569909","Berry and Co.","Dornford Yates","Not available (reason unspecified)","batch_ad"
"9780994104120","Berry Boys: Portraits of First World War Soldiers and Families","Michael Fitzgerald (Curator Colonial New Zealand at Te Papa)","Not available, publisher indicates OP","batch_ad"
"9781035014286","Berserker!","Adrian Edmondson","No longer supplied by the supplier","batch_ad"
"9781869408466","Beside Herself","Price Chris","Not available, publisher indicates OP","batch_ad"
"9781480395480","The Best American Short Plays 2013-2014","William W. Demastes","No longer supplied by the supplier","batch_ad"
"9780007413560","Best Bedtime Stories Ever","Richard Scarry","Not available (reason unspecified)","batch_ad"
"9781495011771","Best Contemporary Monologues for Kids Ages 7-15","Lawrence Harbison","No longer supplied by the supplier","batch_ad"
"9781509826650","Best Fairy Tales","Hans Christian Andersen","Not available, publisher indicates OP","batch_ad"
"9781509847532","Best Kept Secret","Jeffrey Archer","No longer supplied by the supplier","batch_ad"
"9781787015425","Lonely Planet Best of New Zealand","Lonely Planet","Not available (reason unspecified)","batch_ad"
"9781988538365","The Best Of Queenstown and the Southern Lakes","Bob McCree","Not available (reason unspecified)","batch_ad"
"9781925866896","Best of the Air Fryer","The Australian Women's Weekly","Not available (reason unspecified)","batch_ad"
"9781480396654","The Best Plays of 2014","Lawrence Harbison","No longer supplied by the supplier","batch_ad"
"9781495011795","The Best Scenes for Kids Ages 7-15","Lawrence Harbison","No longer supplied by the supplier","batch_ad"
"9780241544969","Betrayal","Lesley Pearse","Not available (reason unspecified)","batch_ad"
"9781760522544","Better Brain Food: Eat to cheat dementia and cognitive decline","Ngaire Hobbins","Not available, publisher indicates OP","batch_ad"
"9781988533759","Better Lives: Migration, Wellbeing and New Zealand: 2018","Julie Fry","Not available (reason unspecified)","batch_ad"
"9780593242384","Better Living Through Birding","Christian Cooper","Not available (reason unspecified)","batch_ad"
"9780063002708","Better, Not Perfect: A Realist's Guide to Maximum Sustainable Goodness","Max H. Bazerman","Not available (reason unspecified)","batch_ad"
"9781423651789","Betty Kuhner: The American Family Portrait","Kate Kuhner","No longer supplied by the supplier","batch_ad"
"9781785788208","Between the Devil and the Deep Blue Sea: The mission to rescue the hostages the world forgot","Colin Freeman","No longer supplied by the supplier","batch_ad"
"9781877429484","Between the Harbour and the Mountain: Reflections on the Ordinary and the Profound","Williams Patricia","No longer supplied by the supplier","batch_ad"
"9781529392135","Between Two Rivers: 'A WONDERFUL READ' -- TOM HOLLAND","Moudhy Al-Rashid","Awaiting reissue","batch_ad"
"9781529115253","Bewilderment: From the million-copy global bestselling author of The Overstory","Richard Powers","Not available (reason unspecified)","batch_ad"
"9780522878868","Beyond DNA: How Epigenetics Is Transforming Our Understanding of Evolution","Benjamin Oldroyd","No longer supplied by the supplier","batch_ad"
"9780571373826","Beyond Measure: The Hidden History of Measurement","James Vincent","Not available, publisher indicates OP","batch_ad"
"9780241633502","Beyond the Wall: East Germany, 1949-1990","Katja Hoyer","Not available (reason unspecified)","batch_ad"
"9781529149425","Beyond the Wand: The Magic and Mayhem of Growing Up a Wizard","Tom Felton","Not available (reason unspecified)","batch_ad"
"9780375828164","Bible Heroes","Christin Ditchfield","Not available (reason unspecified)","batch_ad"
"9781838957698","Bibliomaniac: An Obsessive's Tour of the Bookshops of Britain","Robin Ince","Not available, publisher indicates OP","batch_ad"
"9781529099096","The Big Amazing Poetry Book: 52 Weeks of Poetry From 52 Brilliant Poets","Gaby Morgan","Not available, publisher indicates OP","batch_ad"
"9781526616258","Big Bad Wolf Investigates Fairy Tales: Fact-checking your favourite stories with SCIENCE! Winner of The Week Junior's Best Children's STEM Book of the Year Award 2025","Catherine Cawthorne","Not available, publisher indicates OP","batch_ad"
"9780143774143","The Big Bike Trip","Freddie Gillies","Not available (reason unspecified)","batch_ad"
"9781760126537","The Big Book of Billie #1: Volume 1","Sally Rippin","Not available (reason unspecified)","batch_ad"
"9780008608842","Big Book of Su Doku 11: 300 Su Doku puzzles (Collins Su Doku)","Collins Puzzles","Not available (reason unspecified)","batch_ad"
"9780008323882","Big Book of Su Doku 4: 300 Su Doku puzzles (Collins Su Doku)","Collins Puzzles","Not available (reason unspecified)","batch_ad"
"9780008324179","Big Book of Su Doku 5: 300 Su Doku puzzles (Collins Su Doku)","Collins Puzzles","Not available (reason unspecified)","batch_ad"
"9780008608859","Big Book of Wordsearches 11: 300 themed wordsearches (Collins Wordsearches)","Collins Puzzles","Not available (reason unspecified)","batch_ad"
"9781988516516","The Big Fat Joke Book","Geoff Young","Not available, publisher indicates OP","batch_ad"
"9781869539979","The Big Loop: Biking Coastal New Zealand","Duncan Wilson","Not available (reason unspecified)","batch_ad"
"9781988516844","The Big O: The Life and Times of Olsen Filipaina","Patrick Skene","Not available, publisher indicates OP","batch_ad"
"9780062905666","The Big She-Bang: The Herstory of the Universe According to God the Mother","Marisa Acocella","Not available (reason unspecified)","batch_ad"
"9781849419703","Biggles Learns to Fly","W E Johns","Not available (reason unspecified)","batch_ad"
"9780958267328","Bill Pratney: Never Say Die","Jim Robinson","Not available (reason unspecified)","batch_ad"
"9781509893713","Billy Bear and the New Baby","Miriam Moss","Not available, publisher indicates OP","batch_ad"
"9781922417961","Bingay!","Phil Constantinesco","Awaiting reissue","batch_ad"
"9780008497774","Bing's Football Fun (Bing)","HarperCollins Children's Books","Not available (reason unspecified)","batch_ad"
"9780007265084","Bird Cloud","Annie Proulx","Not available (reason unspecified)","batch_ad"
"9781509856237","A Bird in the Hand","Ann Cleeves","Not available, publisher indicates OP","batch_ad"
"9781782407485","Bird Love: The Family Life of Birds","Wenfei Tong","Not available, publisher indicates OP","batch_ad"
"9781787333208","Birdgirl: 'Lyrical, poignant and insightful.' Margaret Atwood","Mya-Rose Craig","Not available (reason unspecified)","batch_ad"
"9780947503925","Birdstories: A history of the birds of New Zealand","Geoff Norman","Not available (reason unspecified)","batch_ad"
"9781869665135","Birdwatching in New Zealand","Alan Froggatt","Not available, publisher indicates OP","batch_ad"
"9780241300688","Bittersweet: How Sorrow and Longing Make Us Whole","Susan Cain","Not available (reason unspecified)","batch_ad"
"9781626862579","Black Beauty","Anna Sewell","Not available (reason unspecified)","batch_ad"
"9781869539948","Black Boots: New Zealand's Rugby Legends","Phil Gifford","Not available (reason unspecified)","batch_ad"
"9781408763308","Black Edition Mini Lined Hardcover Journal (Elastic Band Closure)","Paperblanks","Awaiting reissue","batch_ad"
"9781869341251","Black Jersey - Silver Fern Tom Ellison: First Maori to Captain the All Blacks","Denis Dwyer","Not available (reason unspecified)","batch_ad"
"9780864734099","Black Oxen","Elizabeth Knox","No longer supplied by the supplier","batch_ad"
"9780143019350","Black Prince: The Biography of Fintan Patrick Walsh","Graeme Hunt","Not available (reason unspecified)","batch_ad"
"9781645950028","Black Sand Beach 1: Are You Afraid of the Light?","Richard Fairgray","No longer supplied by the supplier","batch_ad"
"9781782062103","Blacklight Blue: A suspenseful, race against time to crack a cold-case (The Enzo Files Book 3)","Peter May","Not available, publisher indicates OP","batch_ad"
"9781526621658","The Blazing World: A New History of Revolutionary England","Dr Jonathan Healey (University of Oxford, UK)","Not available, publisher indicates OP","batch_ad"
"9780241618257","Blessings","Chukwuebuka Ibeh","Not available (reason unspecified)","batch_ad"
"9781408897942","Blood and Power: The Rise and Fall of Italian Fascism","John Foot (University of Bristol, UK)","Not available, publisher indicates OP","batch_ad"
"9780008551278","Blood Runs Cold (DS Max Craigie Scottish Crime Thrillers, Book 4)","Neil Lancaster","Not available (reason unspecified)","batch_ad"
"9781401230296","World Of Warcraft Bloodsworn","Doug Wagner","Not available (reason unspecified)","batch_ad"
"9780733629006","Blossoms and Shadows","Lian Hearn","Awaiting reissue","batch_ad"
"9781447274476","Blue Lightning","Ann Cleeves","Not available, publisher indicates OP","batch_ad"
"9781911709114","Blue Machine: How the Ocean Shapes Our World","Helen Czerski","Not available (reason unspecified)","batch_ad"
"9780300259742","A Blue New Deal: Why We Need a New Politics for the Ocean","Chris Armstrong","Not available (reason unspecified)","batch_ad"
"9781439798959","Blue Willow (Celebrate Hanfu) Midi Lined Hardcover Journal (Wrap Closure)","Paperblanks","Awaiting reissue","batch_ad"
"9781761049330","Bluey: Happy Easter: A Puffy Sticker Colouring Book","Bluey","Awaiting reissue","batch_ad"
"9780241363782","Board Games in 100 Moves","Ian Livingstone","Not available (reason unspecified)","batch_ad"
"9781524100483","Bob's Burgers: Pan Fried","Bob's Burgers","Not available, publisher indicates OP","batch_ad"
"9780789331144","The Bob's Burgers Burger Book: Real Recipes for Joke Burgers","Loren Bouchard","No longer supplied by the supplier","batch_ad"
"9781779526977","Bodies (New Edition)","Si Spencer","Not available (reason unspecified)","batch_ad"
"9780008380960","Bodies from the Library 3: Lost Tales of Mystery and Suspense from the Golden Age of Detection","Tony Medawar","Not available (reason unspecified)","batch_ad"
"9781925456752","Body Count: How climate change is killing us","Paddy Manning","Not available (reason unspecified)","batch_ad"
"9780143009979","Bone Carving","Stephen Myhre","Not available (reason unspecified)","batch_ad"
"9780994117212","Bones in the Octagon","Carolyn McCurdie","Not available (reason unspecified)","batch_ae"
"9780241423394","The Book About Getting Older: Dementia, finances, care homes and everything in between","Lucy Pollock","Not available (reason unspecified)","batch_ae"
"9780241469583","The Book in the Cathedral: The Last Relic of Thomas Becket","Christopher de Hamel","Not available (reason unspecified)","batch_ae"
"9781509879250","The Book of Difficult Fruit: Arguments for the Tart, Tender, and Unruly","Kate Lebo","Not available, publisher indicates OP","batch_ae"
"9781787637252","The Book of Doors","Gareth Brown","Not available (reason unspecified)","batch_ae"
"9781782402787","The Book of Frogs: A life-size guide to six hundred species from around the world","Tim Halliday","Not available, publisher indicates OP","batch_ae"
"9781760856779","The Book of Gutsy Women","Hillary Rodham Clinton","Not available (reason unspecified)","batch_ae"
"9780241478578","The Book of Hope: A Survival Guide for an Endangered Planet","Jane Goodall","Not available (reason unspecified)","batch_ae"
"9781472232502","The Book of Longings: From the author of the international bestseller THE SECRET LIFE OF BEES","Sue Monk Kidd","Not available, publisher indicates OP","batch_ae"
"9780008618445","The Book of Witches","Jonathan Strahan","Not available (reason unspecified)","batch_ae"
"9780008299910","The Book of Wonders: The Many Lives of Euclid's Elements","Benjamin Wardhaugh","Not available (reason unspecified)","batch_ae"
"9781847926296","The Book-Makers: A History of the Book in 18 Remarkable Lives","Adam Smyth","Not available (reason unspecified)","batch_ae"
"9781787633698","Books do Furnish a Life: An electrifying celebration of science writing","Richard Dawkins","Not available (reason unspecified)","batch_ae"
"9781805330318","A Bookshop in Berlin: One Woman's Flight from the Nazis","Francoise Frenkel","No longer supplied by the supplier","batch_ae"
"9780711254008","Boom Baby Boom Boom","Margaret Mahy","Not available, publisher indicates OP","batch_ae"
"9781788169677","BOOTH: Longlisted for the Booker Prize 2022","Karen Joy Fowler","Not available, publisher indicates OP","batch_ae"
"9781529102604","Border Wars: The conflicts of tomorrow","Professor Klaus Dodds","Not available (reason unspecified)","batch_ae"
"9781761347597","The Borrowed Life of Frederick Fife","Anna Johnston","Not available (reason unspecified)","batch_ae"
"9780241633076","Boston Like a Local: By the People Who Call It Home","Cathryn Haight","Not available (reason unspecified)","batch_ae"
"9781786575043","Lonely Planet Boston City Map","Lonely Planet","Not available (reason unspecified)","batch_ae"
"9780241491713","The Botanist's Sticker Anthology: With More Than 1,000 Vintage Stickers","DK","Not available (reason unspecified)","batch_ae"
"9781529092240","The Bowerbird","Julia Donaldson","Not available, publisher indicates OP","batch_ae"
"9780141365534","Boy: Tales of Childhood","Roald Dahl","Not available (reason unspecified)","batch_ae"
"9781913074333","The Boy Lost in the Maze","Joseph Coelho","No longer supplied by the supplier","batch_ae"
"9781604337136","The Boys Body Book: Fourth Edition: Everything You Need to Know for Growing Up YOU!","Kelli, RN, BSN Dunham","Not available (reason unspecified)","batch_ae"
"9780008323783","Bradford's Crossword Solver's Dictionary: More than 250,000 solutions for cryptic and quick puzzles","Anne R. Bradford","Not available (reason unspecified)","batch_ae"
"9781784877750","Brave New World: 90th Anniversary Edition with an Introduction by Yuval Noah Harari","Aldous Huxley","Not available (reason unspecified)","batch_ae"
"9781784876258","Brave New World","Aldous Huxley","Not available (reason unspecified)","batch_ae"
"9781788684286","Lonely Planet Brazil","Lonely Planet","Not available (reason unspecified)","batch_ae"
"9781529918175","Breaking the Dark: A Jessica Jones Marvel Crime Novel","Lisa Jewell","Not available (reason unspecified)","batch_ae"
"9781847928252","Breaking Through: My Life In Science","Katalin Kariko","Not available (reason unspecified)","batch_ae"
"9781509898213","Breasts and Eggs","Mieko Kawakami","No longer supplied by the supplier","batch_ae"
"9780241289082","Breath: The New Science of a Lost Art","James Nestor","Not available (reason unspecified)","batch_ae"
"9781760631727","Brew a Batch: A beginner's guide to home-brewed beer","Christopher Sidwa","Not available, publisher indicates OP","batch_ae"
"9780063078697","Bridgerton: The Duke And I [TV Tie-In]","Julia Quinn","Not available (reason unspecified)","batch_ae"
"9781473695986","Brief Answers to the Big Questions: the final book from Stephen Hawking","Stephen Hawking","Not available, publisher indicates OP","batch_ae"
"9780008559427","A Brief History of the Countryside in 100 Objects","Sally Coulthard","Not available (reason unspecified)","batch_ae"
"9781529083439","Briefly, A Delicious Life","Nell Stevens","Not available, publisher indicates OP","batch_ae"
"9780008424978","Bright Star, Green Light: The Beautiful and Damned Lives of John Keats and F. Scott Fitzgerald","Jonathan Bate","Not available (reason unspecified)","batch_ae"
"9781509840007","Bright Young Women: The New York Times bestselling chilling new novel from the author of the Netflix sensation Luckiest Girl Alive","Jessica Knoll (Author)","Not available, publisher indicates OP","batch_ae"
"9780241602751","Bring No Clothes: Bloomsbury and the Philosophy of Fashion","Charlie Porter","Not available (reason unspecified)","batch_ae"
"9781913750794","Britannica's Baby Encyclopedia: For curious kids aged 0 to 3","Sally Symes","Not available, publisher indicates OP","batch_ae"
"9781847927071","Broken Archangel: The Tempestuous Lives of Roger Casement","Roland Philipps","Not available (reason unspecified)","batch_ae"
"9781847927088","Broken Archangel: The Tempestuous Lives of Roger Casement","Roland Philipps","Not available (reason unspecified)","batch_ae"
"9781847926357","The Broken House: Growing up Under Hitler - The Lost Masterpiece","Horst Kruger","Not available (reason unspecified)","batch_ae"
"9780241638507","The Brothers Hawthorne","Jennifer Lynn Barnes","Not available (reason unspecified)","batch_ae"
"9780008478063","Brown Girls","Daphne Palasi Andreades","Not available (reason unspecified)","batch_ae"
"9781910218310","Bruges PopOut Map","PopOut Maps","Not available (reason unspecified)","batch_ae"
"9780241670828","DK Top 10 Brussels, Bruges, Antwerp and Ghent","DK Travel","Not available (reason unspecified)","batch_ae"
"9780571374441","Brutes: 'An astonishing debut' SUNDAY TIMES","Dizz Tate","Not available, publisher indicates OP","batch_ae"
"9780994129901","Buddy's Brother","Pete Carter","Not available (reason unspecified)","batch_ae"
"9781617753817","Buffalo Noir","Brigid Hughes","No longer supplied by the supplier","batch_ae"
"9781474950534","Bug in a Rug","Russell Punter","Not available (reason unspecified)","batch_ae"
"9781776563050","Bug Week","Airini Beautrais","Not available, publisher indicates OP","batch_ae"
"9781789894837","100 Facts Bugs","Miles Kelly","Not available, publisher indicates OP","batch_ae"
"9780241542460","Build Your Own LEGO Escape Room: With 49 LEGO Bricks and a Sticker Sheet to Get Started","Simon Hugo","Not available (reason unspecified)","batch_ae"
"9780785836988","Bulfinch's Mythology: Stories of Gods and Heroes","Thomas Bulfinch","Not available, publisher indicates OP","batch_ae"
"9781775535911","Bungalow: From Heritage to Contemporary","Patrick Reynolds","Awaiting reissue","batch_ae"
"9781627797320","Bunjitsu Bunny Jumps to the Moon","John Himmelman","Not available, publisher indicates OP","batch_ae"
"9781627797337","Bunjitsu Bunny vs. Bunjitsu Bunny","John Himmelman","Not available, publisher indicates OP","batch_ae"
"9780947503062","A Bunk for the Night","Shaun Barnett","Not available (reason unspecified)","batch_ae"
"9781838770365","Buried: The thrilling new crime series introducing Detective Jack Warr","Lynda La Plante","Not available, publisher indicates OP","batch_ae"
"9781529916225","Buried Deep and Other Stories","Naomi Novik","Not available (reason unspecified)","batch_ae"
"9781529074406","The Burning Chambers: A Thrilling Epic of Love and Conspiracy from the No. 1  Bestselling Author","Kate Mosse","No longer supplied by the supplier","batch_ae"
"9781784744519","Burning Questions: The Sunday Times bestselling collection of essays from Booker prize winner Margaret Atwood","Margaret Atwood","Not available (reason unspecified)","batch_ae"
"9781869665579","Busted Again!","Ron McQuilter","Not available, publisher indicates OP","batch_ae"
"9781474956826","Wind-Up Busy Car","Fiona Watt","Not available (reason unspecified)","batch_ae"
"9781474942775","Wind-Up Busy Helicopter...to the Rescue!","Fiona Watt","Not available (reason unspecified)","batch_ae"
"9780008743352","Butter","Asako Yuzuki","Not available (reason unspecified)","batch_ae"
"9780008459864","The Butterfly Lion","Michael Morpurgo","Not available (reason unspecified)","batch_ae"
"9781784876920","By Night in Chile","Roberto Bolano","Not available (reason unspecified)","batch_ae"
"9781785657825","The Cabin at the End of the World","Paul Tremblay","No longer supplied by the supplier","batch_ae"
"9780571381418","Cahokia Jazz: From the prizewinning author of Golden Hill 'the best book of the century' Richard Osman","Francis Spufford (author)","Not available, publisher indicates OP","batch_ae"
"9781909342361","A Cake Lover's Recipe Notebook","Jane Brocket","Not available, publisher indicates OP","batch_ae"
"9781250279590","Call Me Old-Fashioned: Cocktails and Coasters for Every Occasion","Castle Point Books","Not available, publisher indicates OP","batch_ae"
"9781787630550","Camelot: The epic new novel from the author of Lancelot","Giles Kristian","Not available (reason unspecified)","batch_ae"
"9781529342468","Camino Winds: The pulse-pounding crime thriller from the number 1 Sunday Times bestselling author","John Grisham","Not available, publisher indicates OP","batch_ae"
"9780711260238","Camouflage: 100 Masters of Disguise from the Animal Kingdom","Steve Parker","Not available, publisher indicates OP","batch_ae"
"9780994117274","Cancer and All the Other Shit","Lauren Wepa","Not available (reason unspecified)","batch_af"
"9780141196015","Canon Alberic's Scrap-Book","M. R. James","Not available (reason unspecified)","batch_af"
"9781936070978","Cape Cod Noir","David L. Ulin","No longer supplied by the supplier","batch_af"
"9781760764302","Cape to Bluff","Simon Devitt","Awaiting reissue","batch_af"
"9780241615324","DK Top 10 Cape Town and the Winelands","DK Travel","Not available (reason unspecified)","batch_af"
"9780241445952","The Captain and the Glory","Dave Eggers","Not available (reason unspecified)","batch_af"
"9781988545684","A Careful Revolution","David Hall","Not available (reason unspecified)","batch_af"
"9781805301653","The Caretaker","Ron Rash","Not available, publisher indicates OP","batch_af"
"9780241568989","DK Eyewitness Caribbean","DK Travel","Cancelled","batch_af"
"9781592539505","Just Add Color: Carnival: 30 Original Illustrations To Color, Customize, and Hang","Sarah Walsh","Not available, publisher indicates OP","batch_af"
"9780008459826","Carnival of the Animals","Michael Morpurgo","Not available (reason unspecified)","batch_af"
"9781839942129","Make Tracks: Cars","Johnny Dyrander","Not available, publisher indicates OP","batch_af"
"9780007357383","Cars and Trucks and Things that Go","Richard Scarry","Not available (reason unspecified)","batch_af"
"9780810926318","Cars of Cuba","Cristina Garcia","Not available, publisher indicates OP","batch_af"
"9781560104872","Cartooning: Cartooning 1: Learn the basics of cartooning","Jack Keely","Not available, publisher indicates OP","batch_af"
"9781760878696","Enola Holmes (Netflix tie-in): The Case of the Missing Marquess","Nancy Springer","Not available, publisher indicates OP","batch_af"
"9781780296586","The Case of the Reincarnated Client","Tarquin Hall","No longer supplied by the supplier","batch_af"
"9781786499899","The Cat and The City: 'Vibrant and accomplished' David Mitchell","Nick Bradley","Not available, publisher indicates OP","batch_af"
"9781869403089","Catullus for Children","Anna Jackson","Not available, publisher indicates OP","batch_af"
"9781529027778","Cave Baby 10th Anniversary Edition","Julia Donaldson","No longer supplied by the supplier","batch_af"
"9780062499639","Cece Loves Science and Adventure","Kimberly Derting","Not available (reason unspecified)","batch_af"
"9781911622123","The David Attenborough Activity Book: An Unofficial Lovefest","Nathan Joyce","Not available (reason unspecified)","batch_af"
"9781803287034","Cello: A Journey Through Silence to Sound","Kate Kennedy","Not available, publisher indicates OP","batch_af"
"9781426216183","Cesar Millan's Lessons from the Pack","Cesar Millan","Awaiting reissue","batch_af"
"9780785839385","The Chakra Directory: Discover Your Chakras for Healing & Balance: Volume 3","Editors of Chartwell Books","Not available, publisher indicates OP","batch_af"
"9781577151814","In Focus Chakra Healing: Your Personal Guide: Volume 7","Roberta Vernon","Not available, publisher indicates OP","batch_af"
"9780241647561","Percy Jackson and the Olympians: The Chalice of the Gods","Rick Riordan","Not available (reason unspecified)","batch_af"
"9781633223868","Chalkboard Alphabet: Learn the ABCs with chalkboard pages!","Stephen Barker","Not available, publisher indicates OP","batch_af"
"9780241543702","Challenger: A True Story of Heroism and Disaster on the Edge of Space","Adam Higginbotham","Not available (reason unspecified)","batch_af"
"9780241543696","Challenger: A True Story of Heroism and Disaster on the Edge of Space","Adam Higginbotham","Not available (reason unspecified)","batch_af"
"9781923144538","Champagne Beach","Matt Francis","Not available (reason unspecified)","batch_af"
"9780143795452","The Champagne War","Fiona McIntosh","Not available (reason unspecified)","batch_af"
"9780141361536","Charlie and the Chocolate Factory","Roald Dahl","Not available (reason unspecified)","batch_af"
"9780141365381","Charlie and the Great Glass Elevator","Roald Dahl","Not available (reason unspecified)","batch_af"
"9781529023466","Charlie Cook's Favourite Book 15th Anniversary Edition","Julia Donaldson","Not available, publisher indicates OP","batch_af"
"9780008546342","Charlie's Good Tonight: The Authorised Biography of Charlie Watts","Paul Sexton","Not available (reason unspecified)","batch_af"
"9781788161183","A Cheesemonger's History of The British Isles","Ned Palmer","Not available, publisher indicates OP","batch_af"
"9781426309847","Cherry Blossoms Say Spring","Jill Esbaum","No longer supplied by the supplier","batch_af"
"9780241538432","Chess for Beginners","Michael Basman","Not available (reason unspecified)","batch_af"
"9781405952286","The Chestnut Man: The chilling and suspenseful thriller now a Top 10 Netflix series","Soren Sveistrup","Not available (reason unspecified)","batch_af"
"9781611599138","Chicken Soup for the Soul 20th Anniversary Edition: All Your Favorite Original Stories Plus 20 Bonus Stories for the Next 20 Years","Jack Canfield","Not available (reason unspecified)","batch_af"
"9780711233379","Child: Portraits by 40 Great Artists","Juliet Heslewood","Not available, publisher indicates OP","batch_af"
"9780593357385","Child of Light","Terry Brooks","Not available (reason unspecified)","batch_af"
"9781447273301","Children of Time","Adrian Tchaikovsky","Cancelled","batch_af"
"9780241471173","Children's Bible Stories: Share the greatest stories ever told","DK","Not available (reason unspecified)","batch_af"
"9780879101886","Childsplay: A Collection of Scenes and Monologues for Children","Kerry Muir","No longer supplied by the supplier","batch_af"
"9780241568941","DK Chile and Easter Island","DK Travel","Not available (reason unspecified)","batch_af"
"9781776561124","Chiming Blue","Duckworth Marilyn","Not available, publisher indicates OP","batch_af"
"9781786575227","Lonely Planet China","Lonely Planet","Not available (reason unspecified)","batch_af"
"9781785786266","A Chip Shop in Poznan: My Unlikely Year in Poland","Ben Aitken","No longer supplied by the supplier","batch_af"
"9781398504103","Chip War: The Fight for the World's Most Critical Technology","Chris Miller","Not available (reason unspecified)","batch_af"
"9781909621442","Chitty Chitty Bang Bang","Ian Fleming","Not available, publisher indicates OP","batch_af"
"9781800817357","The Christmas Appeal: the Sunday Times bestseller from the author of The Appeal","Janice Hallett","Not available, publisher indicates OP","batch_af"
"9781444977660","Christmas Bedtime Stories: A cosy collection of bedtime stories perfect for kids aged 5+!","Enid Blyton","Awaiting reissue","batch_af"
"9780571378777","The Christmas Guest: A classic country house murder for the festive season","Peter Swanson","Not available, publisher indicates OP","batch_af"
"9781869713454","The Christmas Looky Book","Donovan Bixley","Awaiting reissue","batch_af"
"9780857506399","The Christmas Stocking Murders","Denzil Meyrick","Not available (reason unspecified)","batch_af"
"9781761220876","Christmas Table: All the recipes you need for the festive season","The Australian Women's Weekly","Not available (reason unspecified)","batch_af"
"9781419709869","Cinderella: A Fashionable Tale","Steven Guarnaccia","Not available, publisher indicates OP","batch_af"
"9780473276485","Cinema","Helen Rickerby","Not available (reason unspecified)","batch_af"
"9781592539499","Just Add Color: Circus: 30 Original Illustrations To Color, Customize, and Hang","Sarah Walsh","Not available, publisher indicates OP","batch_af"
"9780330534192","The City & The City","China Mieville","Cancelled","batch_af"
"9781775538516","City House, Country House","Patrick Reynolds","Awaiting reissue","batch_af"
"9781529125955","City of the Dead","Jonathan Kellerman","Not available (reason unspecified)","batch_af"
"9780008251093","Clans and Tartans: Traditional Scottish tartans (Collins Little Books)","Scottish Tartans Authority","Not available (reason unspecified)","batch_af"
"9780847835669","Clarence House: The Art of the Textile","Kazumi Yoshida","Not available (reason unspecified)","batch_af"
"9781783294022","Clash of Eagles (The Hesperian Trilogy  #1)","Alan Smale","No longer supplied by the supplier","batch_af"
"9780241240489","The Classic Car Book: The Definitive Visual History","DK","Not available (reason unspecified)","batch_af"
"9781604337907","The Classic Collection of Mother Goose Nursery Rhymes","Gina Baeck","Not available (reason unspecified)","batch_af"
"9781626869721","Classic Horror Tales","Editors of Canterbury Classics","Not available (reason unspecified)","batch_af"
"9780473582500","Classic Jaguars In New Zealand","Waugh Richard","Not available (reason unspecified)","batch_af"
"9781604339819","Classic Nursery Rhymes Oversized Padded Board Book: A Collection of Limericks and Rhymes for Children!","Gina Baek","Not available (reason unspecified)","batch_af"
"9781631068218","Classic Tarot: 78 Card Tarot Deck Set","Editors of Chartwell Books","Not available, publisher indicates OP","batch_af"
"9781684125548","Classic Works from Women Writers","Editors of Canterbury Classics","Not available (reason unspecified)","batch_af"
"9781847925558","Clean: The New Science of Skin and the Beauty of Doing Less","James Hamblin","Not available (reason unspecified)","batch_af"
"9781869409470","A Clear Dawn: New Asian Voices from Aotearoa New Zealand","Paula Morris","Not available, publisher indicates OP","batch_af"
"9781988547190","Cleo and Rob","Helen Brown","Not available, publisher indicates OP","batch_af"
"9780008421779","Cleopatra and Frankenstein","Coco Mellors","Not available (reason unspecified)","batch_af"
"9781760651206","The Clockill and the Thief","Gareth Ward","Not available, publisher indicates OP","batch_ag"
"9781529904246","Close to Death: How do you solve a murder ... when everyone has the same motive? (Hawthorne, 5)","Anthony Horowitz","Not available (reason unspecified)","batch_ag"
"9781529324983","Cloud Atlas: Hachette Essentials","David Mitchell","Not available, publisher indicates OP","batch_ag"
"9781631590955","Cloud Sketching: Creative Drawing for Cloud Spotters and Daydreamers - Look Up!","Martin Feijoo","Not available, publisher indicates OP","batch_ag"
"9781598537802","Cloudland Revisited: A Misspent Youth in Books and Film","S.J. Perelman","Not available (reason unspecified)","batch_ag"
"9781785216367","Clouds: All you need to know in one concise manual","Storm Dunlop","Not available (reason unspecified)","batch_ag"
"9781426318795","Explore My World: Clouds","Marfe Ferguson Delano","No longer supplied by the supplier","batch_ag"
"9781782278443","Clouds over Paris: The Wartime Notebooks of Felix Hartlaub","Felix Hartlaub","Not available, publisher indicates OP","batch_ag"
"9781608866786","Wordgirl Volume 1: Coalition of Malice","Chris Karwowski","Not available, publisher indicates OP","batch_ag"
"9781869539344","Coast New Zealand: A Photographic Journey","Ted Scott","Not available (reason unspecified)","batch_ag"
"9780473489366","Coastal","Deborah Hide-Bayne","No longer supplied by the supplier","batch_ag"
"9780008454296","Code Name Bananas","David Walliams","Not available (reason unspecified)","batch_ag"
"9781760855963","Code Name Helene: Based on the thrilling true story of Nancy Wake, 'The White Mouse'","Ariel Lawhon","Not available (reason unspecified)","batch_ag"
"9781838777821","Codename Faust","Gustaf Skoerdeman","Not available, publisher indicates OP","batch_ag"
"9781471199202","Cold Blood: A Lorraine Page Thriller","Lynda La Plante","Not available (reason unspecified)","batch_ag"
"9780192769572","Cold Tom","Sally Prue (, Hemel Hempstead, UK)","Not available (reason unspecified)","batch_ag"
"9781804186107","A Cold Wind From Moscow: The brand new 2025 thriller from the master of spy fiction","Rory Clements","Not available, publisher indicates OP","batch_ag"
"9780241408537","Colditz: Prisoners of the Castle","Ben Macintyre","Not available (reason unspecified)","batch_ag"
"9781869537920","Collapse Weave: Creating Three-dimensional Cloth","Anne Field","Not available (reason unspecified)","batch_ag"
"9780007382361","Collins Chinese Dictionary","Collins Dictionaries","Not available (reason unspecified)","batch_ag"
"9780007429226","COBUILD English Learner's Dictionary with Arabic: B1+ (Collins COBUILD Dictionaries for Learners)","","Not available (reason unspecified)","batch_ag"
"9780008158491","Collins English Dictionary and Grammar : Your all-in-one guide to English","Collins Dictionaries","Not available (reason unspecified)","batch_ag"
"9780008251055","English Reference Dictionary: The words and phrases you need at your fingertips","Collins Dictionaries","Not available (reason unspecified)","batch_ag"
"9780008117320","Collins Robert French Concise Dictionary: The complete translation companion","Collins Dictionaries","Not available (reason unspecified)","batch_ag"
"9780008319465","Collins School Atlas (Collins School Atlases)","Collins Kids","Not available (reason unspecified)","batch_ag"
"9780008523954","SCRABBLE (TM) Family Dictionary: The family-friendly SCRABBLE (TM) dictionary","Collins Scrabble","Not available (reason unspecified)","batch_ag"
"9780007207718","Collins Tree Guide","Owen Johnson","Not available (reason unspecified)","batch_ag"
"9780008270377","Collins World Atlas: Essential Edition","Collins Maps","Not available (reason unspecified)","batch_ag"
"9780008374327","Collins World Atlas: Illustrated Edition","Collins Maps","Not available (reason unspecified)","batch_ag"
"9780008320416","Collins World Atlas: Paperback Edition","Collins Maps","Not available (reason unspecified)","batch_ag"
"9780008183752","Collins World Atlas: Reference Edition","Collins Maps","Not available (reason unspecified)","batch_ag"
"9780571367603","The Colony: 'Vivid and memorable.' Sarah Moss","Audrey Magee","Not available, publisher indicates OP","batch_ag"
"9781302908225","Color Your Own Star Wars: Darth Vader","Salvador Larroca","Not available, publisher indicates OP","batch_ag"
"9781911216018","Colour Your Own Historical Maps","British Library","Not available (reason unspecified)","batch_ag"
"9781760875022","Come: A memoir","Rita Therese","No longer supplied by the supplier","batch_ag"
"9781786890139","Come Again","Robert Webb","Not available, publisher indicates OP","batch_ag"
"9781847927491","The Coming Wave: The instant Sunday Times bestseller from the ultimate AI insider","Mustafa Suleyman","Not available (reason unspecified)","batch_ag"
"9780241456996","Command: The Politics of Military Operations from Korea to Ukraine","Sir Lawrence Freedman","Not available (reason unspecified)","batch_ag"
"9780008422516","The Commonwealth of Cricket: A Lifelong Love Affair with the Most Subtle and Sophisticated Game Known to Humankind","Ramachandra Guha","Not available (reason unspecified)","batch_ag"
"9781524745806","A Company of Heroes","Marcus Brotherton","Not available (reason unspecified)","batch_ag"
"9780757318351","Complete A To Z Dictionary Of Dreams","I. Wallace","No longer supplied by the supplier","batch_ag"
"9780141365398","The Complete Adventures of Charlie and Mr Willy Wonka","Roald Dahl","Not available (reason unspecified)","batch_ag"
"9781409562924","Complete Book of Farmyard Tales","Heather Amery","Not available (reason unspecified)","batch_ag"
"9780760372883","The Complete Book of Ford Mustang: Every Model Since 1964-1/2","Mike Mueller","Not available, publisher indicates OP","batch_ag"
"9780875964867","Bicycling Magazine's Complete Book of Road Cycling Skills: Your Guide to Riding Faster, Stronger, Longer, and Safer","Ed Pavelka","Not available (reason unspecified)","batch_ag"
"9781631060014","The Complete Fiction of H.P. Lovecraft: Volume 12","H. P. Lovecraft","Not available, publisher indicates OP","batch_ag"
"9781260455144","Practice Makes Perfect: Complete German All-in-One","Ed Swick","Not available (reason unspecified)","batch_ag"
"9781509827725","Complete Ghost Stories","M. R. James","Not available, publisher indicates OP","batch_ag"
"9781440594014","The Complete Guide to Massage: A Step-by-Step Guide to Achieving the Health and Relaxation Benefits of Massage","Mary Biancalana","No longer supplied by the supplier","batch_ag"
"9781592335336","The Complete Illustrated Birthing Companion: A Step-by-Step Guide to Creating the Best Birthing Plan for a Safe, Less Painful, and Successful Delivery for You and Your Baby","Amanda French","Not available, publisher indicates OP","batch_ag"
"9781260455120","Practice Makes Perfect: Complete Italian All-in-One","Marcel Danesi","Not available, publisher indicates OP","batch_ag"
"9781937994433","The Complete Tales & Poems of Edgar Allan Poe: Volume 4","Edgar Allan Poe","Not available, publisher indicates OP","batch_ag"
"9781631060243","The Complete Works of William Shakespeare: Volume 11","William Shakespeare","Not available, publisher indicates OP","batch_ag"
"9780807159613","A Confederacy of Dunces (35th Anniversary Edition): A Novel","John Kennedy Toole","Not available, publisher indicates OP","batch_ag"
"9780062956033","Confident Women: Swindlers, Grifters, and Shapeshifters of the Feminine Persuasion","Tori Telfer","Not available (reason unspecified)","batch_ag"
"9780008567989","Conflict: The Evolution of Warfare from 1945 to Ukraine","David Petraeus","Not available (reason unspecified)","batch_ag"
"9781788167826","Confronting Leviathan: A History of Ideas","David Runciman","Not available, publisher indicates OP","batch_ag"
"9780241337257","The Constant Gardener","John le Carre","Not available (reason unspecified)","batch_ag"
"9781925381290","Construction Crew slipcase","Sally Sutton","Not available, publisher indicates OP","batch_ag"
"9780500021941","The Contemporary House","Jonathan Bell","Not available, publisher indicates OP","batch_ag"
"9781776562206","Conventional Weapons","Tracey Slaughter","Not available, publisher indicates OP","batch_ag"
"9780760340202","Convertibles","Dennis Adler","Not available, publisher indicates OP","batch_ag"
"9781869665173","Coo Coo Kereru","Terry Fitzgibbon","Not available, publisher indicates OP","batch_ag"
"9781787303157","The Cook: From the award-winning author of The Waiter","Ajay Chowdhury","Not available (reason unspecified)","batch_ag"
"9780994136282","The Cook Voyage Encounters","Janet Davidson","Not available, publisher indicates OP","batch_ag"
"9780241618653","DK Top 10 Copenhagen","DK Travel","Not available (reason unspecified)","batch_ag"
"9780241663622","DK Top 10 Cornwall and Devon","DK Travel","Not available (reason unspecified)","batch_ag"
"9781805221722","The Corporation in the Twenty-First Century: AN ECONOMIST BEST BOOK OF 2025","John Kay","Not available, publisher indicates OP","batch_ag"
"9780744033847","Corpse Talk: Groundbreaking Rebels","DK","No longer supplied by the supplier","batch_ag"
"9781529040272","Correspondents","Tim Murphy","No longer supplied by the supplier","batch_ag"
"9780571351787","Cosmopolitan: Faber Stories","Akhil Sharma","Not available, publisher indicates OP","batch_ag"
"9781787015340","Lonely Planet Best of Costa Rica","Lonely Planet","Not available (reason unspecified)","batch_ag"
"9781644210505","Count Belisarius","Robert Graves","Cancelled","batch_ag"
"9781529040517","Counting Creatures","Julia Donaldson","Not available, publisher indicates OP","batch_ag"
"9781788166270","Courage Is Calling: Timeless Stoic values from the multimillion-selling author of THE DAILY STOIC","Ryan Holiday","Not available, publisher indicates OP","batch_ag"
"9780733650314","The Courageous Life of Weary Dunlop: Surgeon, prisoner-of-war, life-saving leader and legend of the Thai-Burma Railway","Peter FitzSimons","Awaiting reissue","batch_ag"
"9781588395894","Court and Cosmos: The Great Age of the Seljuqs","Sheila R. Canby","Not available (reason unspecified)","batch_ag"
"9781474950558","Cow Takes a Bow","Russell Punter","Not available (reason unspecified)","batch_ag"
"9781869537135","Cowpats and Brickbats: Tales from the Waikato","David Henshaw","Not available (reason unspecified)","batch_ag"
"9781784873653","Cradle to Cradle: (Patterns of Life)","Michael Braungart","Not available (reason unspecified)","batch_ag"
"9780593579923","The Crafter's Kitchen: An Official Minecraft Cookbook for Young Chefs and Their Families","Official Minecraft Team, The","Cancelled","batch_ag"
"9780994136275","Crafting Aotearoa: A Cultural History of Making in New Zealand and the Wider Moana Oceania","Kolokesa Mahina-Tuai","Not available, publisher indicates OP","batch_ag"
"9780241503775","The Crane Wife: A Memoir in Essays","Christina Joyce Hauser","Not available (reason unspecified)","batch_ag"
"9781598537789","Crazy Like a Fox: The Classic Collection","S.J. Perelman","Not available (reason unspecified)","batch_ag"
"9781631067686","Create Comics: A Sketchbook: Includes Over 50 Pages of Lessons & Tips to Create Comics, Graphic Novels, and More!: Volume 8","Editors of Chartwell Books","Not available, publisher indicates OP","batch_ag"
"9781840788709","Create Your First Computer Game in easy steps: The QuestKids do Coding","Darryl Bartlett","Cancelled","batch_ag"
"9781787334380","Creation Lake","Rachel Kushner","Not available (reason unspecified)","batch_ag"
"9780785841104","Creative Hand Lettering Kit: Learn how to create beautiful hand-lettered pieces of art-Includes: 64-page Project Book, 16-page Sketchbook, Calligraphy Pen, 2 Ink Cartridges, Calligraphy Marker, 6 Markers","Laura Lavender","Not available, publisher indicates OP","batch_ag"
"9781633227293","Creative Lettering and Beyond: Timeless Calligraphy: A collection of traditional calligraphic hands from history and how to write them","Laura Lavender","Not available, publisher indicates OP","batch_ag"
"9781786332257","Creativity: A Short and Cheerful Guide","John Cleese","Not available (reason unspecified)","batch_ag"
"9780008262198","The Creature Choir","David Walliams","Not available (reason unspecified)","batch_ag"
"9780785841739","Crime and Punishment","Fyodor Dostoyevsky","Not available, publisher indicates OP","batch_ag"
"9780300264487","Critical Revolutionaries: Five Critics Who Changed the Way We Read","Terry Eagleton","Not available (reason unspecified)","batch_ag"
"9780241615201","DK Croatia","DK Travel","Not available (reason unspecified)","batch_ah"
"9781760896942","Croc Country","Kerry McGinnis","Not available (reason unspecified)","batch_ah"
"9780500252024","The Crossing of Antarctica: Original Photographs from the Epic Journey that Fulfilled Shackleton's Dream","George Lowe","Not available, publisher indicates OP","batch_ah"
"9780008343859","Crossword Challenge Book 3: 200 quick crossword puzzles (Collins Crosswords)","Collins Puzzles","Not available (reason unspecified)","batch_ah"
"9780008322038","Crosswords for Kids (Collins Brain Buster)","Collins Kids","Not available (reason unspecified)","batch_ah"
"9780143020639","Crown Lynn: A New Zealand Icon","Valerie Monk","Not available (reason unspecified)","batch_ah"
"9781471181689","The Crucifix Killer: the CHILLING first novel in the Robert Hunter series","Chris Carter","Not available (reason unspecified)","batch_ah"
"9781988538648","Crusade On!: Celebrating 25 Years Of The Crusaders","Matt McIlraith","Not available (reason unspecified)","batch_ah"
"9780008464349","Cry Wolf","Hans Rosenfeldt","Not available (reason unspecified)","batch_ah"
"9780600614395","Crystal Basics","Brenda Rosen","Not available, publisher indicates OP","batch_ah"
"9781577151708","In Focus Crystals: Your Personal Guide: Volume 2","Bernice Cockram","Not available, publisher indicates OP","batch_ah"
"9780008283858","The Cuckoo","Camilla Lackberg","Not available (reason unspecified)","batch_ah"
"9781786580931","Cult Following: My escape and return to the Children of God","Bexy Cameron","Not available, publisher indicates OP","batch_ah"
"9780330481755","Cultural Amnesia: Notes in the Margin of My Time","Clive James","Not available, publisher indicates OP","batch_ah"
"9781804182550","Culture: The surprising connections and influences between civilisations. 'Genius' - William Dalrymple","Martin Puchner","Not available, publisher indicates OP","batch_ah"
"9780994429759","Culture Heist: Art versus Money","Judith White","No longer supplied by the supplier","batch_ah"
"9783956792786","Cultures of Assembly: Studio Miessen","Federica Bueti","Not available (reason unspecified)","batch_ah"
"9781847927323","Cunning Folk: Life in the Era of Practical Magic","Tabitha Stanmore","Not available (reason unspecified)","batch_ah"
"9781788683029","Lonely Planet Curiosities and Splendour: An anthology of classic travel literature","Lonely Planet","Not available (reason unspecified)","batch_ah"
"9781398527768","Curious Tides: your new dark academia obsession . . .: Volume 1","Pascale Lacelle","Not available (reason unspecified)","batch_ah"
"9781785788727","The Curious World of Science: A visual miscelllany of stories, theories, discoveries & curiosities plucked from the scientific world","Simon Flynn","No longer supplied by the supplier","batch_ah"
"9781869408770","Allen Curnow Collected Poems & Simply by Sailing in a New Direction (Slipcase)","Elizabeth Caffin","Not available, publisher indicates OP","batch_ah"
"9780857529275","The Curse of Pietro Houdini","Derek B. Miller","Not available (reason unspecified)","batch_ah"
"9780500516102","Cycle Chic","Mikael Colville-Andersen","Not available, publisher indicates OP","batch_ah"
"9781782272465","Cycling: The Craze of the Hour","X Various Authors","Not available, publisher indicates OP","batch_ah"
"9781473217942","Cytonic: The Third Skyward Novel","Brandon Sanderson","Not available, publisher indicates OP","batch_ah"
"9783575017703","Czech Republic Marco Polo Map","Marco Polo","No longer supplied by the supplier","batch_ah"
"9780143775171","Dad Man Walking","Toby Morris","Awaiting reissue","batch_ah"
"9781509878222","Daddy's Girls: A compelling story of the bond between three sisters from the billion copy bestseller","Danielle Steel","Not available, publisher indicates OP","batch_ah"
"9781800815025","The Daily Dad: 366 Meditations on Parenting, Love and Raising Great Kids","Ryan Holiday","Not available, publisher indicates OP","batch_ah"
"9780141195148","Dangerous Liaisons: Popular Penguins","Pierre Choderlos De Laclos","Not available (reason unspecified)","batch_ah"
"9781927305744","Daniel'S Matariki Feast","Rebecca Beyer","Not available (reason unspecified)","batch_ah"
"9781439735879","Chloe (Daphnis & Chloe) Grande Unlined Hardcover Journal (Elastic Band Closure)","Paperblanks","Not available (reason unspecified)","batch_ah"
"9781742612256","Dark Heart","Tony Park","Cancelled","batch_ah"
"9780062683632","Dark Horse: Achieving Success Through the Pursuit of Fulfillment","Todd Rose","Not available (reason unspecified)","batch_ah"
"9780241543986","Dark Matter: The New Science of the Microbiome","James Kinross","Not available (reason unspecified)","batch_ah"
"9781804180365","Dark Rooms: The brand new Jane Tennison thriller from The Queen of Crime Drama","Lynda La Plante","Not available, publisher indicates OP","batch_ah"
"9780908990931","Dark Sun: Te Rapunga and the quest of George Dibbern","Erika Grundmann","Not available (reason unspecified)","batch_ah"
"9781529003956","The Darkdeep","Brendan Reichs","Not available, publisher indicates OP","batch_ah"
"9781509889525","The Darkest Evening","Ann Cleeves","Cancelled","batch_ah"
"9781489277459","The Darkest Shore","Karen Brooks","Not available (reason unspecified)","batch_ah"
"9781761262166","Darling Girls","Sally Hepworth","Cancelled","batch_ah"
"9780713666816","Darts","Derek Brown","Not available, publisher indicates OP","batch_ah"
"9781509823857","Date with Malice","Julia Chapman","Not available, publisher indicates OP","batch_ah"
"9781509823871","Date with Mystery","Julia Chapman","Not available, publisher indicates OP","batch_ah"
"9780241538180","Daughter of the Deep","Rick Riordan","Not available (reason unspecified)","batch_ah"
"9781803364674","Dawnshard: A Stormlight Archive novella","Brandon Sanderson","No longer supplied by the supplier","batch_ah"
"9780241566725","A Day in the Life of Abed Salama: A Palestine Story","Nathan Thrall","Not available (reason unspecified)","batch_ah"
"9781784875985","The Daydreamer: With colour illustrations by Anthony Browne","Anthony Browne","Not available (reason unspecified)","batch_ah"
"9781509874583","Daylight","David Baldacci","No longer supplied by the supplier","batch_ah"
"9781035001651","Days Like These: An Alternative Guide to the Year in 366 Poems","Brian Bilston","Not available, publisher indicates OP","batch_ah"
"9780785836186","DC Comics Super Heroines: 100 Greatest Moments: Highlights from the History of the World's Greatest Super Heroines: Volume 3","Robert Greenberger","Not available, publisher indicates OP","batch_ah"
"9780785837886","DC Comics Super Heroines: 100 Greatest Moments: Highlights from the History of the World's Greatest Super Heroines: Volume 4","Robert Greenberger","Not available, publisher indicates OP","batch_ah"
"9780241503034","The Dead Are Arising: Winner of the Pulitzer Prize for Biography","Les Payne","Not available (reason unspecified)","batch_ah"
"9780008375331","Dead Astronauts","Jeff Vandermeer","Not available (reason unspecified)","batch_ah"
"9781776951000","The Bookshop Detectives 1: Dead Girl Gone","Gareth and Louise Ward","Not available (reason unspecified)","batch_ah"
"9781401230463","The Unwritten Vol. 3: Dead Man's Knock","Mike Carey","Not available (reason unspecified)","batch_ah"
"9781785788253","Dear Bill Bryson: Footnotes from a Small Island","Ben Aitken","No longer supplied by the supplier","batch_ah"
"9781406353365","Dear Tooth Fairy: A picture book with fold-out letters and real gifts from the Tooth Fairy - the perfect gift for a young child!","Alan Durant","Not available, publisher indicates OP","batch_ah"
"9781860469459","Death and the Penguin: A BBC Two Between the Covers Pick","Andrey Kurkov","Not available (reason unspecified)","batch_ah"
"9780099536567","Death at La Fenice","Donna Leon","Not available (reason unspecified)","batch_ah"
"9780241665770","Death At The White Hart","Chris Chibnall","Not available (reason unspecified)","batch_ah"
"9781529151558","A Death in Malta: An assassination and a family's quest for justice","Paul Caruana Galizia","Not available (reason unspecified)","batch_ah"
"9781788162326","The Death of Comrade President","Alain Mabanckou","Not available, publisher indicates OP","batch_ah"
"9780008312800","The Death of Truth","Michiko Kakutani","Not available (reason unspecified)","batch_ah"
"9781922765284","Death Row at Truro: The shocking true story of Australia's deadliest sex killers","Geoff Plunkett","Not available (reason unspecified)","batch_ah"
"9780749475611","Decision Making and Problem Solving","John Adair","Not available (reason unspecified)","batch_ah"
"9781589236578","Deck Ideas You Can Use: Creative Deck Designs for Every Home & Yard","Chris Peterson","Not available, publisher indicates OP","batch_ah"
"9781760987305","The Deep End: Australia Reads Special Edition","Jenna Guillaume","Not available, publisher indicates OP","batch_ah"
"9781471191992","Deep State: The most addictive thriller of the decade: Volume 1","Chris Hauty","Not available (reason unspecified)","batch_ah"
"9781529423105","The Defector: the unmissable Cold War spy thriller from the author of THE APOLLO MURDERS","Chris Hadfield","Not available, publisher indicates OP","batch_ah"
"9781489221919","The Definitive Book of Body Language : the must-read and bestselling Australian classic in emotional intelligence and personal development","Allan Pease","No longer supplied by the supplier","batch_ah"
"9780241307434","Demian","Hermann Hesse","Not available (reason unspecified)","batch_ah"
"9780008309787","The Desert Prince","Peter V. Brett","Not available (reason unspecified)","batch_ah"
"9780241320945","The Desolations of Devil's Acre: Miss Peregrine's Peculiar Children","Ransom Riggs","Not available (reason unspecified)","batch_ah"
"9780241509241","Desperate Remedies: Psychiatry and the Mysteries of Mental Illness","Andrew Scull","Not available (reason unspecified)","batch_ah"
"9781843449911","Desperation Road","Michael Farris Smith","No longer supplied by the supplier","batch_ah"
"9781869535674","Destitute Gourmet: Everyday Smart Food for the Family","Sophie Gray","Not available (reason unspecified)","batch_ah"
"9781847925541","Determined: Life Without Free Will","Robert M Sapolsky","Not available (reason unspecified)","batch_ah"
"9780749475659","Develop Your Presentation Skills","Theo Theobald","Not available (reason unspecified)","batch_ah"
"9781789090253","The Devouring Gray","Christine Lynn Herman","No longer supplied by the supplier","batch_ah"
"9780241668603","Dexter Procter the 10-Year-Old Doctor","Adam Kay","Not available (reason unspecified)","batch_ah"
"9780241340400","The Dialogue of Two Snails","Federico Garcia Lorca","Not available (reason unspecified)","batch_ai"
"9780143787792","The Diamond Hunter","Fiona McIntosh","Not available (reason unspecified)","batch_ai"
"9781909741843","Diamonds: The Queen's Collection","Caroline de Guitaut","Not available, publisher indicates OP","batch_ai"
"9781789466355","Diana - Remembering the Princess: Reflections on her life, twenty-five years on from her death","Ken Wharfe","Not available, publisher indicates OP","batch_ai"
"9780241695746","The Diaries of Franz Kafka","Franz Kafka","Not available (reason unspecified)","batch_ai"
"9781529146516","The Diary of a CEO: The 33 Laws of Business and Life","Steven Bartlett","Not available (reason unspecified)","batch_ai"
"9781909621381","Diary of a Provincial Lady","E. M. Delafield","Not available, publisher indicates OP","batch_ai"
"9781529005554","Diary of a Somebody","Brian Bilston","Not available, publisher indicates OP","batch_ai"
"9781922330000","Diary of a Young Naturalist","Dara McAnulty","Not available (reason unspecified)","batch_ai"
"9780241585252","Dickens and Prince: A Particular Kind of Genius","Nick Hornby","Not available (reason unspecified)","batch_ai"
"9781760893194","The Dickens Boy","Tom Keneally","Not available (reason unspecified)","batch_ai"
"9781784744946","The Dictionary People: The unsung heroes who created the Oxford English Dictionary","Sarah Ogilvie","Not available (reason unspecified)","batch_ai"
"9780241464519","Diddly Squat: The No 1 Sunday Times bestseller","Jeremy Clarkson","Not available (reason unspecified)","batch_ai"
"9780241609538","Diddly Squat: 'Til The Cows Come Home: The No 1 Sunday Times Bestseller 2022","Jeremy Clarkson","Not available (reason unspecified)","batch_ai"
"9781787331297","Difficult Women: A History of Feminism in 11 Fights (The Sunday Times Bestseller)","Helen Lewis","Not available (reason unspecified)","batch_ai"
"9781788169585","The Digital Silk Road: China's Quest to Wire the World and Win the Future","Jonathan E. Hillman","Not available, publisher indicates OP","batch_ai"
"9781760559168","Dinner in 5: Super easy family meals with 5 (or less!) ingredients","Pete Evans","Not available, publisher indicates OP","batch_ai"
"9781803704890","Dinosaur Dominoes Game","Kate Nolan","Not available (reason unspecified)","batch_ai"
"9781789892741","Dinosaur Science (100 Facts)","Miles Kelly","No longer supplied by the supplier","batch_ai"
"9780500052198","Dinosaurs: New Visions of a Lost World","Michael J. Benton","Not available, publisher indicates OP","batch_ai"
"9780593174715","Dinosaurs Before Dark Graphic Novel","Mary Pope Osborne","Not available (reason unspecified)","batch_ai"
"9780241340424","Diplomacy Ends at Midnight: The Long Return of Hong Kong to China","Dalena Wright","Not available (reason unspecified)","batch_ai"
"9781846270475","The Director","Alexander Ahndoril","Not available, publisher indicates OP","batch_ai"
"9781761040719","Dirt Music","Tim Winton","Not available (reason unspecified)","batch_ai"
"9781788164429","The Disappearance of Lydia Harvey: WINNER OF THE CWA GOLD DAGGER FOR NON-FICTION: A true story of sex, crime and the meaning of justice","Julia Laite","Not available, publisher indicates OP","batch_ai"
"9780008381547","The Disappearing Act: The Impossible Case of MH370","Florence de Changy","Not available (reason unspecified)","batch_ai"
"9780140137224","Discipline and Punish: The Birth of the Prison","Michel Foucault","Not available (reason unspecified)","batch_ai"
"9781788166331","Discipline Is Destiny: Timeless Stoic values from the multimillion-selling author of THE DAILY STOIC","Ryan Holiday","Not available, publisher indicates OP","batch_ai"
"9781804996331","Disclaimer","Renee Knight","Cancelled","batch_ai"
"9781869538514","Discover New Zealand: A Photographic Journey","Ted Scott","Not available (reason unspecified)","batch_ai"
"9780241727447","Disney Zootopia 2 Ultimate Sticker Book","DK","Cancelled","batch_ai"
"9780241583067","Disobedient: The gripping feminist retelling of a seventeenth century heroine forging her own destiny","Elizabeth Fremantle","Not available (reason unspecified)","batch_ai"
"9781447285830","Dissolution","C. J. Sansom","Not available, publisher indicates OP","batch_ai"
"9781607109914","The Divine Comedy","Dante Alighieri","Not available (reason unspecified)","batch_ai"
"9781786583758","The Divorce: The utterly addictive family drama - sure to cause a stir in book clubs and living rooms everywhere","Moa Herngren","Not available, publisher indicates OP","batch_ai"
"9781529375077","Doctor Sleep: Film Tie-In","Stephen King","Not available, publisher indicates OP","batch_ai"
"9781405921978","Doctor Who: The Ultimate Time and Space Collection","","Not available, publisher indicates OP","batch_ai"
"9781405956895","Doctor Who Annual 2024","Paul Lang","Not available (reason unspecified)","batch_ai"
"9781787704718","Dog: A novel","Rob Perry","Not available, publisher indicates OP","batch_ai"
"9781761042522","A Dog's Best Friend: Heartwarming True Tales of Unlikely Friendships","Laura Greaves","Awaiting reissue","batch_ai"
"9781988545233","Doing Our Bit: The Campaign to Double the Refugee Quota: 2018","Murdoch Stephens","Not available (reason unspecified)","batch_ai"
"9781529002416","The Doll Factory","Elizabeth Macneal","No longer supplied by the supplier","batch_ai"
"9781877517983","Dolphins of Aotearoa","Potton & Burton","Not available (reason unspecified)","batch_ai"
"9781869416805","Don't Postpone Joy: A Life of Purpose and Passion","Peter Taylor","Not available (reason unspecified)","batch_ai"
"9781607746935","Doodletopia: Manga","C Hart","Not available (reason unspecified)","batch_ai"
"9781785045738","The Dopamine Brain: Break free from bad habits and learn to balance pleasure with purpose","Anastasia Hronis","Cancelled","batch_ai"
"9780241621318","Doppelganger: A Trip Into the Mirror World","Naomi Klein","Not available (reason unspecified)","batch_ai"
"9781988550275","Double Take - O/P","Potton, Craig","Not available (reason unspecified)","batch_ai"
"9780241558911","The Double Trouble Society","Carrie Hope Fletcher","Not available (reason unspecified)","batch_ai"
"9781784876586","Down and Out in Paris and London","George Orwell","Not available (reason unspecified)","batch_ai"
"9780947503932","Down the Bay","Philip Simpson","Not available (reason unspecified)","batch_ai"
"9781943818501","Down the Darkest Street: (Pete Fernandez Book 2)","Alex Segura","Not available, publisher indicates OP","batch_ai"
"9780008637910","Down the Drain","Julia Fox","Not available (reason unspecified)","batch_ai"
"9781035403639","Down with the System: The highly-awaited memoir from the System Of A Down legend","Serj Tankian","Not available, publisher indicates OP","batch_ai"
"9781597071710","Dr Jekyll and Mr Hyde (7): Classic Illustrated","Robert Louis Stevenson","Not available (reason unspecified)","batch_ai"
"9780241425725","Dr. Seuss's Horse Museum","Andrew Joyner","Not available (reason unspecified)","batch_ai"
"9781849311731","Dracula","Bram Stoker","Not available (reason unspecified)","batch_ai"
"9780785841784","Dracula","Bram Stoker","Not available, publisher indicates OP","batch_ai"
"9781839644788","Dracula, A Mystery Story","Bram Stoker","Not available (reason unspecified)","batch_ai"
"9781506708270","Dragon Age: Blue Wraith","Nunzio Defilippis","Not available (reason unspecified)","batch_ai"
"9780008517649","Dragon Rider (The Soulbound Saga, Book 1)","Taran Matharu","Not available (reason unspecified)","batch_ai"
"9780241467510","Dragon World","Tamara Macfarlane","Not available (reason unspecified)","batch_ai"
"9781784750909","Dragonfly In Amber: (Outlander 2)","Diana Gabaldon","Not available (reason unspecified)","batch_ai"
"9781781259368","Dramatic Exchanges: Letters of the National Theatre","Daniel Rosenthal","Not available, publisher indicates OP","batch_ai"
"9780374178055","The Draw: A Memoir","Lee Siegel","Not available (reason unspecified)","batch_ai"
"9780823085774","Draw 50 Animal 'Toons","L Ames","Not available (reason unspecified)","batch_ai"
"9781592539918","Draw 500 Fabulous Flowers: A Sketchbook for Artists, Designers, and Doodlers","Lisa Congdon","Not available, publisher indicates OP","batch_ai"
"9781631590900","Draw 500 Faces and Features","Cara Bean","Not available, publisher indicates OP","batch_ai"
"9781600611957","Draw Baby Animals","Jane Maday","Not available (reason unspecified)","batch_ai"
"9781631593376","Draw, Color, and Sticker Creative Lettering Sketchbook: An Imaginative Illustration Journal","Ms. Marissa Giambrone","Not available, publisher indicates OP","batch_ai"
"9781560100119","Drawing: How to Draw 1: Learn to draw step by step","William Powell","Not available, publisher indicates OP","batch_ai"
"9781560101567","Drawing: People with William F. Powell: Learn to paint step by step","Mr. William F. Powell","Not available, publisher indicates OP","batch_ai"
"9781560103455","Drawing: Trees with William F. Powell: Learn to paint step by step","Mr. William F. Powell","Not available, publisher indicates OP","batch_ai"
"9781600584329","Drawing: Dogs & Puppies: Learn to draw a variety of canine companions step by step","Cynthia Knox","Not available, publisher indicates OP","batch_ai"
"9780929261720","Drawing: Horses","Walter Foster","Not available, publisher indicates OP","batch_ai"
"9781506716886","Drawing Lines: An Anthology of Women Cartoonists","Joyce Carol Oates","Not available (reason unspecified)","batch_ai"
"9781600583346","Drawing Still Lifes: Learn to draw a variety of realistic still lifes in pencil","Steven Pearce","Not available, publisher indicates OP","batch_ai"
"9781250843074","Dream On","Shannon Hale","Cancelled","batch_ai"
"9781788708050","Dreams: The Many Lives of Fleetwood Mac","Mark Blake","Not available, publisher indicates OP","batch_ai"
"9780473642716","Drink, Smoke, Snort, Stroke","Willy de Wit","No longer supplied by the supplier","batch_ai"
"9781788887588","A Drinking Life","Jack London","Not available, publisher indicates OP","batch_ai"
"9780143774037","Driven: My Story","Hayden Paddon","Awaiting reissue","batch_ai"
"9781760789022","The Dry: Film Tie-In","Jane Harper","Cancelled","batch_ai"
"9780241615843","DK Top 10 Dublin","DK Travel","Not available (reason unspecified)","batch_ai"
"9780241664957","DK Top 10 Dubrovnik and the Dalmatian Coast","DK Travel","Not available (reason unspecified)","batch_ai"
"9780008473105","Duffy and Son","Damien Owens","Not available (reason unspecified)","batch_ai"
"9781782277798","Duino Elegies","Rainer Maria Rilke","Not available, publisher indicates OP","batch_ai"
"9781760687434","The Dumbest Guy at the Table","David Shein","Not available, publisher indicates OP","batch_ai"
"9781529347852","Dune: now a major blockbuster film","Frank Herbert","Not available, publisher indicates OP","batch_ai"
"9781761560941","Dusk","Robbie Arnott","Cancelled","batch_ai"
"9781529362657","Dust: The enormous impact of the planet's smallest particles","Jay Owens","Not available, publisher indicates OP","batch_ai"
"9781509893355","Dutch Light: Christiaan Huygens and the Making of Science in Europe","Hugh Aldersey-Williams","Not available, publisher indicates OP","batch_ai"
"9780994137807","Dylan Junkie: 2017","Jeffrey Paparoa Holman","Not available (reason unspecified)","batch_ai"
"9781869534158","Nga Tohu Tawhito: Early Maori Ornaments","Nigel Prickett","Not available (reason unspecified)","batch_ai"
"9780648947714","The Easiest Air Fryer Keto Book Ever","Kim McCosker","No longer supplied by the supplier","batch_ai"
"9780648947738","The Easiest One Pot Cookbook Ever!","Kim McCosker","Not available (reason unspecified)","batch_ai"
"9781787013704","Lonely Planet Eastern Europe","Lonely Planet","Not available (reason unspecified)","batch_ai"
"9780908319138","Easy Cooking from Scratch","Simon Holst","Not available (reason unspecified)","batch_aj"
"9780760373514","Easy Homemade Bread: 150 Recipes for the Beginning Baker","Beverly Hudson","Not available, publisher indicates OP","batch_aj"
"9781742116174","Easy Toilet Training","Janet Hall","Not available (reason unspecified)","batch_aj"
"9781628602739","Eat Rich, Live Long: Use the Power of Low-Carb and Keto for Weight Loss and Great Health","Ivor Cummins","No longer supplied by the supplier","batch_aj"
"9781869537333","Eat Smart Stay Well: Power foods that could save your life","Susanna Lyle","Not available (reason unspecified)","batch_aj"
"9781991006455","Eat Up New Zealand: The Bach Edition: Recipes and stories","Al Brown","Not available (reason unspecified)","batch_aj"
"9781982117023","Eat Your Mind: The Radical Life and Work of Kathy Acker","Jason McBride","Not available (reason unspecified)","batch_aj"
"9781787331242","Eating to Extinction: The World's Rarest Foods and Why We Need to Save Them","Dan Saladino","Not available (reason unspecified)","batch_aj"
"9781506736297","The EC Archives: Weird Fantasy Volume 3","Al Feldstein","Not available (reason unspecified)","batch_aj"
"9780892813865","Echinacea: Nature'S Immune Enhancer","Steven Foster","Not available (reason unspecified)","batch_aj"
"9780857526229","The Echo Chamber","John Boyne","Not available (reason unspecified)","batch_aj"
"9780330361279","Echo of an Angry God","Beverley Harper","Not available, publisher indicates OP","batch_aj"
"9781775592624","Echoes of Gallipoli: In the Words of New Zealand's Mounted Riflemen","Lieutenant-Colonel Terry Kinloch, MNZM","Not available, publisher indicates OP","batch_aj"
"9780711254633","The Eco Hero Handbook: Simple Solutions to Tackle Eco-Anxiety","Tessa Wardley","Not available, publisher indicates OP","batch_aj"
"9780241350386","The Ecology Book: Big Ideas Simply Explained","DK","Not available (reason unspecified)","batch_aj"
"9781784743246","Edda Mussolini: The Most Dangerous Woman in Europe","Caroline Moorehead","Not available (reason unspecified)","batch_aj"
"9781760877057","Egg Marks the Spot: Skunk and Badger 2","Amy Timberlake","Not available, publisher indicates OP","batch_aj"
"9781785787355","Eight Improbable Possibilities: The Mystery of the Moon, and Other Implausible Scientific Truths","John Gribbin","No longer supplied by the supplier","batch_aj"
"9781922310484","The Eighth Life: (For Brilka) The International Bestseller","Nino Haratischvili","Not available (reason unspecified)","batch_aj"
"9781250805379","Eli's Promise: A Novel","Ronald H. Balson","No longer supplied by the supplier","batch_aj"
"9780736073868","Elite Soccer Drills","Michael J. Matkovich","Not available (reason unspecified)","batch_aj"
"9781787333260","Elixir: In the Valley at the End of Time","Kapka Kassabova","Not available (reason unspecified)","batch_aj"
"9780734411419","Ella Kazoo Will Not Go To Sleep","Lee Fox","Awaiting reissue","batch_aj"
"9781101939949","Elmo's Mother Goose Rhymes (Sesame Street)","Constance Allen","Not available (reason unspecified)","batch_aj"
"9781776191857","Elon Musk: Risking It All","Michael Vlismas","No longer supplied by the supplier","batch_aj"
"9781524771126","The Elves and the Shoemaker","Eric Suben","Not available (reason unspecified)","batch_aj"
"9781787636729","Embrace the Chaos: 52 Tactics to Make Every Day Count","Jason Fox","Not available (reason unspecified)","batch_aj"
"9781787636736","Embrace the Chaos: 52 Tactics to Make Every Day Count","Jason Fox","Not available (reason unspecified)","batch_aj"
"9780349713151","Emerald Flower (Nature's Grace) Midi Lined Hardcover Journal (Elastic Band Closure)","Paperblanks","Awaiting reissue","batch_aj"
"9780349713182","Emerald Flower (Nature's Grace) Mini Unlined Hardcover Journal (Elastic Band Closure)","Paperblanks","Awaiting reissue","batch_aj"
"9781444015133","Emily Windsnap and the Land of the Midnight Sun: Book 5","Liz Kessler","Not available, publisher indicates OP","batch_aj"
"9780007250929","The Emperor of All Maladies","Siddhartha Mukherjee","Not available (reason unspecified)","batch_aj"
"9781776920228","Empire City: Wellington Becomes the Capital of New Zealand","John Martin","Not available, publisher indicates OP","batch_aj"
"9781856754736","Empire of Ants: The hidden worlds and extraordinary lives of Earth's tiny conquerors","Olaf Fritsche","Not available, publisher indicates OP","batch_aj"
"9781526662323","Empires of the Steppes: The Nomadic Tribes Who Shaped Civilisation","Kenneth W. Harl","Not available, publisher indicates OP","batch_aj"
"9781440354724","Encaustic Workshop, Revised: Artistic Techniques for Working with Wax: 10th Anniversary","Patricia Baldwin Seggebruch","Not available (reason unspecified)","batch_aj"
"9781631593888","Scratch & Create: Enchanted Forest: 20 original art postcards","Kailey Whitman","Not available, publisher indicates OP","batch_aj"
"9781922790736","The End and Everything Before It","Finegan Kruckemeyer","Awaiting reissue","batch_aj"
"9780864735959","The End of Atlantic City","David Beach","Not available, publisher indicates OP","batch_aj"
"9781783788644","The End of Bias: How We Change Our Minds","Jessica Nordell","Not available, publisher indicates OP","batch_aj"
"9780241523421","The End of Enlightenment: Empire, Commerce, Crisis","Richard Whatmore","Not available (reason unspecified)","batch_aj"
"9781911709503","The End of Reality: How four billionaires are selling out our future","Jonathan Taplin","Not available (reason unspecified)","batch_aj"
"9781869401245","End of the Dry","Janet Charman","Not available, publisher indicates OP","batch_aj"
"9781786495846","Endell Street: The Women Who Ran Britain's Trailblazing Military Hospital","Wendy Moore","Not available, publisher indicates OP","batch_aj"
"9781529031744","Endurance: SAS Soldier. Polar Adventurer. Decorated Leader","Louis Rudd","No longer supplied by the supplier","batch_aj"
"9781786578044","Lonely Planet England","Lonely Planet","Not available (reason unspecified)","batch_aj"
"9780241315668","England Your England","George Orwell","Not available (reason unspecified)","batch_aj"
"9780008284374","English Dictionary Complete and Unabridged: More than 725,000 words meanings and phrases (Collins Complete and Unabridged)","Collins Dictionaries","Not available (reason unspecified)","batch_aj"
"9780241501214","English Pastoral: An Inheritance - The Sunday Times bestseller from the author of The Shepherd's Life","James Rebanks","Not available (reason unspecified)","batch_aj"
"9781684056422","Enola Holmes: The Case of the Bizarre Bouquets","Serena Blasco","Not available (reason unspecified)","batch_aj"
"9780141365510","The Enormous Crocodile","Roald Dahl","Not available (reason unspecified)","batch_aj"
"9781847925206","Entangled Life: How Fungi Make Our Worlds, Change Our Minds and Shape Our Futures","Merlin Sheldrake","Not available (reason unspecified)","batch_aj"
"9780857527004","Enter the Aardvark: 'Deliciously astute, fresh and terminally funny' GUARDIAN","Jessica Anthony","Not available (reason unspecified)","batch_aj"
"9781869411312","The Envoy From Mirror City","Janet Frame","Not available (reason unspecified)","batch_aj"
"9781760877972","Eric","Shaun Tan","Not available (reason unspecified)","batch_aj"
"9780141365480","Esio Trot","Roald Dahl","Not available (reason unspecified)","batch_aj"
"9781631061714","The Essential Grimm's Fairy Tales: Volume 30","Brothers Grimm","Not available, publisher indicates OP","batch_aj"
"9781838937928","Essex Dogs","Dan Jones","Not available, publisher indicates OP","batch_aj"
"9781788167451","Essex Girls: For Profane and Opinionated Women Everywhere","Sarah Perry","Not available, publisher indicates OP","batch_aj"
"9780008129361","Eureka!: An Infographic Guide to Science","Tom Cabot","Not available (reason unspecified)","batch_aj"
"9780008403973","Collins Map of Europe","Collins Maps","Not available (reason unspecified)","batch_aj"
"9780008319762","2020 Collins Map of Europe","Collins Maps","Not available (reason unspecified)","batch_aj"
"9780241612897","DK Europe","DK Travel","Not available (reason unspecified)","batch_aj"
"9781787013711","Lonely Planet Europe","Lonely Planet","Not available (reason unspecified)","batch_aj"
"9781529151244","Eve: How The Female Body Drove 200 Million Years of Human Evolution","Cat Bohannon","Not available (reason unspecified)","batch_aj"
"9781838952716","Everest 1922: The Epic Story of the First Attempt on the World's Highest Mountain","Mick Conefrey","Not available, publisher indicates OP","batch_aj"
"9780241663332","Every Body Should Know This: The Science of Eating for a Lifetime of Health","Dr Federica Amati","Not available (reason unspecified)","batch_aj"
"9781035024575","Every Living Thing","James Herriot","Cancelled","batch_aj"
"9780241514559","Every Species is a Masterpiece","Edward O. Wilson","Not available (reason unspecified)","batch_aj"
"9781471185137","Every Tool's A Hammer: Life Is What You Make It","Adam Savage","Not available (reason unspecified)","batch_aj"
"9781761221460","Everyday Air Fryer","The Australian Women's Weekly","Not available (reason unspecified)","batch_aj"
"9781684620579","Everyday Art Exercises: Daily Activities to Boost Your Creativity","Jane Maday","No longer supplied by the supplier","batch_aj"
"9781577152279","Everyday Grammar Made Easy: A Quick Review of What You Forgot You Knew: Volume 1","Rod Mebane","Not available, publisher indicates OP","batch_aj"
"9784805310052","Everyday Life in Traditional Japan","Charles J. Dunn","Not available (reason unspecified)","batch_aj"
"9781577152224","Everyday Mathematics Made Easy: A Quick Review of What You Forgot You Knew: Volume 2","Tom Begnal","Not available, publisher indicates OP","batch_aj"
"9781577152262","Everyday Philosophy Made Easy: A Quick Review of What You Forgot You Knew: Volume 4","Cyrus McGoldrick","Cancelled","batch_aj"
"9781440338434","Everyday Survival Kits: Exactly What You Need for Constant Preparedness","Mark Puhaly","Not available (reason unspecified)","batch_aj"
"9781529961430","Everything Is Tuberculosis: The History and Persistence of Our Deadliest Infection","John Green","Not available (reason unspecified)","batch_aj"
"9780718186289","Evolution (A Ladybird Expert Book)","Professor Steve Jones","Not available (reason unspecified)","batch_aj"
"9781869419912","Ewe Zealand Made","Colin Langmead","Not available (reason unspecified)","batch_aj"
"9781787635814","The Exile","Patrick Worrall","Not available (reason unspecified)","batch_aj"
"9781838950361","Existential Physics: A Scientist's Guide to Life's Biggest Questions","Sabine Hossenfelder","Not available, publisher indicates OP","batch_aj"
"9781619305663","Explore Makerspace!: With 25 Great Projects","Alicia Z Klepeis","No longer supplied by the supplier","batch_ak"
"9781789895803","100 Facts Extinct","Steve Parker","No longer supplied by the supplier","batch_ak"
"9781787738904","ExtraOrdinary Anniversary Edition (Signed)","Enid Balam","No longer supplied by the supplier","batch_ak"
"9780007242603","The Eye Book (Beginner Books)","Dr. Seuss","Not available (reason unspecified)","batch_ak"
"9781509860036","Eye of the Needle","Ken Follett","Cancelled","batch_ak"
"9781787835160","F*ck You're Old: For My Favourite Old-Timer","Summersdale Publishers","Not available, publisher indicates OP","batch_ak"
"9780571376650","Faber Poetry Diary 2023","Various Poets","Not available, publisher indicates OP","batch_ak"
"9781781257067","Fabric: The Hidden History of the Material World","Victoria Finlay","Not available, publisher indicates OP","batch_ak"
"9780007302161","Skulduggery Pleasant (3) - The Faceless Ones","Derek Landy","Not available (reason unspecified)","batch_ak"
"9780241389379","The Facemaker: One Surgeon's Battle to Mend the Disfigured Soldiers of World War I","Lindsey Fitzharris","Not available (reason unspecified)","batch_ak"
"9781409535768","Baby's Very First Black and White Book Faces","Stella Baggott","Not available (reason unspecified)","batch_ak"
"9781988547596","Facing the Haka","Andy Burt","Not available, publisher indicates OP","batch_ak"
"9780552574839","Monster Blood Tattoo: Factotum: Book Three","D M Cornish","Not available (reason unspecified)","batch_ak"
"9780857302915","Fade to Grey","John Lincoln","No longer supplied by the supplier","batch_ak"
"9780947518851","Fair Borders?: Migration Policy in the Twenty-First Century","","Not available (reason unspecified)","batch_ak"
"9780674238602","The Fairest of Them All: Snow White and 21 Tales of Mothers and Daughters","Maria Tatar","Not available (reason unspecified)","batch_ak"
"9781035909278","Fairy Shopping: A beautiful gift book from the award-winning author of I, Coriander","Sally Gardner","Not available, publisher indicates OP","batch_ak"
"9783836583275","The Fairy Tales: Grimm & Andersen 2 in 1. 40th Ed.","Brothers Grimm","Not available, publisher indicates OP","batch_ak"
"9781922458773","Faith, Hope and Carnage","Nick Cave","Not available (reason unspecified)","batch_ak"
"9781802795905","Fake Heroes: Ten False Icons and How they Altered the Course of History","Otto English","Not available, publisher indicates OP","batch_ak"
"9780008302801","The Fall of Gondolin","J. R. R. Tolkien","Not available (reason unspecified)","batch_ak"
"9781775533030","The Fall of Light","Sarah Laing","Not available (reason unspecified)","batch_ak"
"9781848859562","Falling for Icarus: A Journey Among the Cretans","Rory MacLean","Not available (reason unspecified)","batch_ak"
"9781785766145","The Familiars: The dark, captivating Sunday Times bestseller and original break-out witch-lit novel","Stacey Halls","Not available, publisher indicates OP","batch_ak"
"9781761067310","Family of Liars","E. Lockhart","Not available, publisher indicates OP","batch_ak"
"9780008297480","The Family Tree","Sairish Hussain","Not available (reason unspecified)","batch_ak"
"9781648230684","Family Values: Kurt Cobain, Courtney Love & Frances Bean","Guzman","No longer supplied by the supplier","batch_ak"
"9781444942859","Famous Five 5-Book Collection","Enid Blyton","Awaiting reissue","batch_ak"
"9780143777816","Fanatic Heart","Tom Keneally","Not available (reason unspecified)","batch_ak"
"9780062269737","Fancy Nancy: Nancy Clancy, Late-Breaking News!","Jane O'Connor","Not available (reason unspecified)","batch_ak"
"9781526654755","Fantastic Beasts - The Secrets of Dumbledore: Movie Magic","Jody Revenson","Not available, publisher indicates OP","batch_ak"
"9780393081015","The Fantastic Laboratory of Dr. Weigl: How Two Brave Scientists Battled Typhus and Sabotaged the Nazis","Arthur Allen","Not available (reason unspecified)","batch_ak"
"9780141365442","Fantastic Mr Fox","Roald Dahl","Not available (reason unspecified)","batch_ak"
"9781440354250","Fantasy Mapmaker: How to Draw RPG Cities for Gamers and Fans","Jared Blando","No longer supplied by the supplier","batch_ak"
"9781847925893","The Double Life of Bob Dylan Volume 2: 1966-2021: 'Far away from Myself'","Clinton Heylin","Not available (reason unspecified)","batch_ak"
"9780330404426","Far Horizon","Tony Park","Not available, publisher indicates OP","batch_ak"
"9781785789366","The Far Land: 200 Years of Murder, Mania and Mutiny in the South Pacific","Brandon Presser","No longer supplied by the supplier","batch_ak"
"9781444961799","A Faraway Tree Adventure: Faraway Tree Adventures x10 Copy slipcase","Enid Blyton","Awaiting reissue","batch_ak"
"9780143138822","A Farewell to Arms","Ernest Hemingway","Cancelled","batch_ak"
"9780063158337","A Farewell to Gabo and Mercedes: A Son's Memoir of Gabriel Garcia Marquez and Mercedes Barcha","Rodrigo Garcia","Not available (reason unspecified)","batch_ak"
"9780500021392","Fashion Photography: The Story in 180 Pictures","Eugenie Shinkle","Not available, publisher indicates OP","batch_ak"
"9780500516355","Fashion Spectacles, Spectacular Fashion: Eyewear Styles and Shapes from Vintage to 2020","Simon Murray","Not available, publisher indicates OP","batch_ak"
"9780143011897","Fast and Fun Family Food","Alison Holst","Not available (reason unspecified)","batch_ak"
"9780143778196","The Fault in Our Stars","John Green","Not available (reason unspecified)","batch_ak"
"9781474620253","Fault Lines: Shortlisted for the 2021 Costa First Novel Award","Emily Itami","Not available, publisher indicates OP","batch_ak"
"9781805220022","Fear","Robert Peckham","Not available, publisher indicates OP","batch_ak"
"9781529156065","The Fear Index: From the Sunday Times bestselling author","Robert Harris","Not available (reason unspecified)","batch_ak"
"9780143773306","Feed Me Feed Me: Delicious recipes from the creators of Winona Forever, Sugar, Major Tom, Rude Boy, Hello Friends + Allies...","Fran Mazza","Not available (reason unspecified)","batch_ak"
"9780008376062","The Fellowship of the Ring (The Lord of the Rings, Book 1)","J. R. R. Tolkien","Not available (reason unspecified)","batch_ak"
"9780008537722","The Fellowship of the Ring (The Lord of the Rings, Book 1)","J. R. R. Tolkien","Not available (reason unspecified)","batch_ak"
"9781785784903","Feminism: A Graphic Guide","Cathia Jenainati","No longer supplied by the supplier","batch_ak"
"9780711237780","Ferment, Pickle, Dry: Ancient Methods, Modern Meals","Simon Poffley","Not available, publisher indicates OP","batch_ak"
"9780760368985","Ferns: Indoors - Outdoors - Growing - Crafting","Mobee Weinstein","Not available, publisher indicates OP","batch_ak"
"9781922351852","Festive: Recipes for Advent","Julia Stix","Not available, publisher indicates OP","batch_ak"
"9781408724521","Fever Beach","Carl Hiaasen","Awaiting reissue","batch_ak"
"9781529008074","The Field","Robert Seethaler","No longer supplied by the supplier","batch_ak"
"9781529008067","The Field","Robert Seethaler","Not available, publisher indicates OP","batch_ak"
"9781931686792","Field Guide to Tools: How to Identify and Use Virtually Every Tool at the Hardward Store","John Kelsey","Not available (reason unspecified)","batch_ak"
"9781572843189","Fieldwork: A Forager's Memoir","Iliana Regan","Not available, publisher indicates OP","batch_ak"
"9781783127931","FIFA World Cup 2022 Kids' Handbook","Kevin Pettman","Not available, publisher indicates OP","batch_ak"
"9781439101636","The Fifties: An Underground History","James R. Gaines","Not available (reason unspecified)","batch_ak"
"9781910787946","Fifty-four Conceits: A Collection of Epigrams and Epitaphs Serious and Comic","Martin Armstrong","Not available (reason unspecified)","batch_ak"
"9780947503130","Fight for the Forests","Paul Bensemann","Not available (reason unspecified)","batch_ak"
"9780715325971","Figure: How to Draw and Paint the Figure with Impact","Sharon Pinsker (Author)","Not available (reason unspecified)","batch_ak"
"9781788706988","Filterworld: How Algorithms Make Everything the Same","Kyle Chayka","Not available, publisher indicates OP","batch_ak"
"9781529004311","Find Them Dead","Peter James","Not available, publisher indicates OP","batch_ak"
"9780008582012","Finding Bear","Hannah Gold","Not available (reason unspecified)","batch_ak"
"9781837731060","Finding Endurance: Shackleton, My Father and a World Without End","Darrel Bristow-Bovey","No longer supplied by the supplier","batch_ak"
"9780995102972","Finding Frances Hodgkins","Mary Kisler","Not available, publisher indicates OP","batch_ak"
"9780143794141","Finding Francois","Gus Gordon","Awaiting reissue","batch_ak"
"9780241389355","Finding the Mother Tree: Uncovering the Wisdom and Intelligence of the Forest","Suzanne Simard","Not available (reason unspecified)","batch_ak"
"9780007269747","Fine Just the Way It Is: Wyoming Stories 3","Annie Proulx","Not available (reason unspecified)","batch_ak"
"9780008349080","Fing","David Walliams","Not available (reason unspecified)","batch_ak"
"9781925866834","Fire Grill Smoke","The Australian Women's Weekly","Not available (reason unspecified)","batch_ak"
"9780062278265","The Fire Never Goes Out: A Memoir in Pictures, A Graphic Memoir","ND Stevenson","Not available (reason unspecified)","batch_ak"
"9781624140181","Fire Your Gym!: Simplified High-Intensity Workouts You Can Do At Home","Andy Petranek","Not available, publisher indicates OP","batch_ak"
"9781408763216","Firebird (Birds of Happiness) A6 Dot-Grid Cahier","Paperblanks","Awaiting reissue","batch_ak"
"9781408763193","Firebird (Birds of Happiness) A6 Lined Cahier","Paperblanks","Awaiting reissue","batch_ak"
"9781405959919","Firebrand","Elizabeth Fremantle","Cancelled","batch_ak"
"9781982115241","The First: How to Think About Hate Speech, Campus Speech, Religious Speech, Fake News, Post-Truth, and Donald Trump","Stanley Fish","Not available (reason unspecified)","batch_ak"
"9781990003899","A First Book of NZ Backyard Bird Songs","Fred Van Gessel","Not available, publisher indicates OP","batch_ak"
"9781776940370","First Book of Unique NZ Bird Songs, A","Fred Van Gessel","Not available, publisher indicates OP","batch_ak"
"9780143794981","First Children's Dictionary: First Reference","DK Australia","Not available (reason unspecified)","batch_ak"
"9781631061318","A First Course in Cheese: Bedford Cheese Shop","Charlotte Kamin","Not available, publisher indicates OP","batch_ak"
"9780241439579","First Emotions: I Feel Happy","DK","Not available (reason unspecified)","batch_ak"
"9780199111008","First Italian Words","David Melling","Not available (reason unspecified)","batch_ak"
"9781472962942","First Light: Switching on Stars at the Dawn of Time, revised edition","Emma Chapman","Not available, publisher indicates OP","batch_ak"
"9781596437227","First the Egg","Laura Vaccaro Seeger","Not available, publisher indicates OP","batch_ak"
"9781631599538","First Time Chicken Keeping: An Absolute Beginner's Guide to Keeping Chickens - A Step-by-Step Manual to Getting Started with Chickens: Volume 12","Andy Schneider","Not available, publisher indicates OP","batch_ak"
"9780593523087","Firsts and Lasts: 16 Stories from Our World...and Beyond!","Laura Silverman","Not available (reason unspecified)","batch_ak"
"9781804366493","The Fisherman: A chilling supernatural horror epic","John Langan","No longer supplied by the supplier","batch_ak"
"9781869537968","Fishing the Remote Coast: Land-based Fishing Experiences in New Zealand","Andy Macleod","Not available (reason unspecified)","batch_ak"
"9781776560615","Fits and Starts","Johnston Andrew","Not available, publisher indicates OP","batch_ak"
"9781786482266","Five Give Up the Booze","Bruno Vincent","Not available, publisher indicates OP","batch_ak"
"9781471193040","The Fix","Michelle P. King","Not available (reason unspecified)","batch_ak"
"9780192739018","Flambards in Summer","K.M. Peyton (, Chelmsford, Essex, UK)","Not available (reason unspecified)","batch_ak"
"9780008270407","Flash Crash: A Trading Savant, a Global Manhunt and the Most Mysterious Market Crash in History","Liam Vaughan","Not available (reason unspecified)","batch_ak"
"9781787335134","Flashlight","Susan Choi","Not available (reason unspecified)","batch_ak"
"9781605291666","Flat Belly Diet! For Men","LIZ VACCARIELLO","No longer supplied by the supplier","batch_ak"
"9781800815537","A Flaw in the Design: 'A psychological thriller par excellence' Guardian","Nathan Oates","Not available, publisher indicates OP","batch_al"
"9780711266674","Fledgling","Hannah Bourne-Taylor","Not available, publisher indicates OP","batch_al"
"9780241298039","Flight: The Complete History of Aviation","R.G. Grant","Not available (reason unspecified)","batch_al"
"9781406397628","Flora & Ulysses","Kate DiCamillo","Not available, publisher indicates OP","batch_al"
"9781684620425","Floral Wonderland: A Blooming Coloring Retreat","Rachel Reinert","No longer supplied by the supplier","batch_al"
"9781787016248","Lonely Planet Pocket Florence & Tuscany","Lonely Planet","Not available (reason unspecified)","batch_al"
"9781783783168","A Florence Diary","Diana Athill","Not available, publisher indicates OP","batch_al"
"9780241623183","DK Florida","DK Travel","Not available (reason unspecified)","batch_al"
"9780847831302","Flower Sense: The Art of Decorating with Flowers","Tricia Guild","Not available (reason unspecified)","batch_al"
"9781637742419","Flowers of Fire: The Inside Story of South Korea's Feminist Movement and What It Means for Women's Rights Worldwide","Hawon Jung","No longer supplied by the supplier","batch_al"
"9781988538259","Fly-Fishing in New Zealand: What you NEED to Know","Derek Grzelewski","Not available (reason unspecified)","batch_al"
"9781760980535","Flyaway","Kathleen Jennings","Not available, publisher indicates OP","batch_al"
"9781551565446","Foiled Grande Unlined Hardcover Journal","Paperblanks","Not available (reason unspecified)","batch_al"
"9780473688752","Folly Journal: Issue 1: 1: Annual publication","Emily Broadmore","Not available (reason unspecified)","batch_al"
"9781776920655","Fono: The Contest for the Governance of Samoa","Peter Swain","Not available, publisher indicates OP","batch_al"
"9781776890101","Food For Thought: A NZ-grown Cookbook from the BearLion Kitchen","Alesha Bilbrough-Collins","Not available (reason unspecified)","batch_al"
"9780008466725","Foolproof: Why We Fall for Misinformation and How to Build Immunity","Sander van der Linden","Not available (reason unspecified)","batch_al"
"9780008317874","Footprints","David Farrier","Not available (reason unspecified)","batch_al"
"9781760525354","For Small Creatures Such As We: Rituals and reflections for finding wonder","Sasha Sagan","Not available (reason unspecified)","batch_al"
"9780008332358","The Forever Horse","Stacy Gregg","Not available (reason unspecified)","batch_al"
"9781761065316","Formula One: The Australian and New Zealand Story","John Smailes","Not available, publisher indicates OP","batch_al"
"9781781319468","Formula One: The Champions: 70 years of legendary F1 drivers: Volume 2","Maurice Hamilton","Not available, publisher indicates OP","batch_al"
"9780711274204","Formula One: The Pinnacle: The pivotal events that made Formula 1 motorsport's greatest series: Volume 3","Tony Dodgins","Not available, publisher indicates OP","batch_al"
"9781925591385","A Fortunate Life: The Australian Classic","A B Facey","Not available (reason unspecified)","batch_al"
"9781472274786","Fortune Favours the Dead: A dazzling murder mystery set in 1940s New York","Stephen Spotswood","Not available, publisher indicates OP","batch_al"
"9780241642122","A Fortune Most Fatal","Jessica Bull","Not available (reason unspecified)","batch_al"
"9781472157157","Fortune's Bazaar: The Making of Hong Kong","Vaudine England","Not available, publisher indicates OP","batch_al"
"9780571255658","Foster: Now a major motion picture, The Quiet Girl","Claire Keegan","Not available, publisher indicates OP","batch_al"
"9781761048012","Foul Play: Book 5 in the thrilling DCI Jack Hawksworth series","Fiona McIntosh","Not available (reason unspecified)","batch_al"
"9780241556870","Four Points of the Compass: The Unexpected History of Direction","Jerry Brotton","Not available (reason unspecified)","batch_al"
"9781804188040","Four Ruined Realms: The hotly anticipated sequel to the sensational instant Sunday Times bestselling adventure fantasy Five Broken Blades","Mai Corland","Not available, publisher indicates OP","batch_al"
"9781509856961","The Four Swans","Winston Graham","Not available, publisher indicates OP","batch_al"
"9780241419564","The Fourfold Remedy: Epicurus and the Art of Happiness","John Sellars","Not available (reason unspecified)","batch_al"
"9781635765458","Fragile Bully: Understanding Our Destructive Affair With Narcissism in the Age of Trump","Laurie Helgoe, PhD","No longer supplied by the supplier","batch_al"
"9781785658501","The Fragile Threads of Power","V.E. Schwab","No longer supplied by the supplier","batch_al"
"9782067262317","France 2024 - Michelin National Map 721: Map","Michelin","Not available (reason unspecified)","batch_al"
"9780008313500","2019 Collins Map of France","Collins Maps","Not available (reason unspecified)","batch_al"
"9780241672976","DK France","DK Travel","Not available (reason unspecified)","batch_al"
"9781786573933","Lonely Planet Best of France","Lonely Planet","Not available (reason unspecified)","batch_al"
"9782080248503","Frank Gehry: The Masterpieces","Jean-Louis Cohen","Awaiting reissue","batch_al"
"9781607109457","Frankenstein","Mary Shelley","Not available (reason unspecified)","batch_al"
"9781910218457","Frankfurt PopOut Map","PopOut Maps","Not available (reason unspecified)","batch_al"
"9780241567265","Free: Coming of Age at the End of History","Lea Ypi","Not available (reason unspecified)","batch_al"
"9780349135380","Free Speech And Why It Matters","Andrew Doyle","Not available, publisher indicates OP","batch_al"
"9780008421816","Freedom","Sebastian Junger","Not available (reason unspecified)","batch_al"
"9781838951535","Freedom to Think: The Long Struggle to Liberate Our Minds","Susie Alegre","Not available, publisher indicates OP","batch_al"
"9781782062110","Freeze Frame: An engrossing instalment in the cold-case Enzo series (The Enzo Files Book 4)","Peter May","Not available, publisher indicates OP","batch_al"
"9781786574534","Lonely Planet French Phrasebook & Dictionary","Lonely Planet","Not available (reason unspecified)","batch_al"
"9780008257965","French School Dictionary: Trusted support for learning (Collins School Dictionaries)","Collins Dictionaries","Not available (reason unspecified)","batch_al"
"9781761065538","The Frenchman","Jack Beaumont","Not available, publisher indicates OP","batch_al"
"9781787555631","Frida Kahlo Blue (Foiled Journal)","Flame Tree Studio","Not available (reason unspecified)","batch_al"
"9781760556761","From the Inside: Chopper  1: TV Tie-In","Mark Brandon "Chopper" Read","Not available, publisher indicates OP","batch_al"
"9781509848171","Frost Fair","Carol Ann Duffy, DBE","Not available, publisher indicates OP","batch_al"
"9781761423413","The Frozen River: From the bestselling author of Code Name Helene","Ariel Lawhon","Not available (reason unspecified)","batch_al"
"9781922585264","Fulfillment: winning and losing in one-click America","Alec MacGillis","Not available (reason unspecified)","batch_al"
"9781776561049","Fully Clothed and So Forgetful","Mettner Hannah","Not available, publisher indicates OP","batch_al"
"9780711258457","Fungi: A Species Guide: Volume 2","Peter Roberts","Not available, publisher indicates OP","batch_al"
"9781838939021","Funny Ha, Ha: 80 of the Funniest Stories Ever Written","Paul Merton","Not available, publisher indicates OP","batch_al"
"9781529027648","Funny Weather: Art in an Emergency","Olivia Laing","Not available, publisher indicates OP","batch_al"
"9780593357323","Funny You Should Ask: A Novel","Elissa Sussman","Cancelled","batch_al"
"9781440319228","Furniture in the Southern Style: 27 Shop Drawings of Furniture from the Museum of Early Southern Decorative Arts","Robert W. Lang","Not available (reason unspecified)","batch_al"
"9781438050119","Furry Bunny","Annie Auerbach","No longer supplied by the supplier","batch_al"
"9781438050126","Furry Chick","Annie Auerbach","No longer supplied by the supplier","batch_al"
"9780241655894","The Future Loves You: How and Why We Should Abolish Death","Dr Ariel Zeleznikow-Johnston","Not available (reason unspecified)","batch_al"
"9781787636477","Future Stories: A user's guide to the future","David Christian","Not available (reason unspecified)","batch_al"
"9789492311627","The Futureproof Home: Design for Conscious Living","Lauren Grace Morris","Awaiting reissue","batch_al"
"9780760368749","The First-Time Gardener: Growing Plants and Flowers: All the know-how you need to plant and tend outdoor areas using eco-friendly methods: Volume 2","Sean McManus","Not available, publisher indicates OP","batch_al"
"9781982147167","Galileo: And the Science Deniers","Mario Livio","Not available (reason unspecified)","batch_al"
"9781509857036","Gallows View","Peter Robinson","Not available, publisher indicates OP","batch_al"
"9780241582725","Gambling Man: The Wild Ride of Japan's Masayoshi Son","Lionel Barber","Not available (reason unspecified)","batch_al"
"9780500284100","The Ganges","Raghubir Singh","Not available, publisher indicates OP","batch_al"
"9781529066678","The Garden Against Time: In Search Of A Common Paradise","Olivia Laing","Cancelled","batch_al"
"9781399411028","The Gardener of Lashkar Gah: The Afghans who Risked Everything to Fight the Taliban","Larisa Brown","Not available, publisher indicates OP","batch_al"
"9781869665647","Gardening in New Zealand Month by Month","Dennis Greville","Not available, publisher indicates OP","batch_al"
"9781611250220","Gardens of the Soul: Making Sacred and Shamanic Art","Ms Faith Nolton","Not available, publisher indicates OP","batch_al"
"9780425285640","Garfield: Life to the Fullest: His 34th Book","Jim Davis","Not available (reason unspecified)","batch_al"
"9780425287132","Garfield Complete Works: Volume 2: 1980-1981","Jim Davis","Not available (reason unspecified)","batch_al"
"9780425285695","Garfield Feeds the Kitty: His 35th Book","Jim Davis","Not available (reason unspecified)","batch_al"
"9780345518811","Garfield from the Trash Bin: Rescued Rejects & Outrageous Outtakes","Jim Davis","Not available (reason unspecified)","batch_al"
"9780345526021","Garfield Goes to His Happy Place: His 58th Book","Jim Davis","Not available (reason unspecified)","batch_al"
"9780345525840","Garfield Lard of the Jungle: His 52nd Book","Jim Davis","Not available (reason unspecified)","batch_al"
"9780345525987","Garfield Souped Up","Jim Davis","Not available (reason unspecified)","batch_al"
"9780425285169","Garfield Thinks Big: His 32nd Book","Jim Davis","Not available (reason unspecified)","batch_al"
"9780425285596","Garfield Throws His Weight Around: His 33rd Book","Jim Davis","Not available (reason unspecified)","batch_al"
"9781869403560","Gas Leak","Anna Jackson","Not available, publisher indicates OP","batch_al"
"9780593955970","The Gate of the Feral Gods: Dungeon Crawler Carl 4","Matt Dinniman","Not available (reason unspecified)","batch_al"
"9781761041877","Gathering Dark","Candice Fox","Not available (reason unspecified)","batch_al"
"9780864739261","Gathering Evidence","Caoilinn Hughes","Not available, publisher indicates OP","batch_al"
"9780007580071","The General: The Classic WWI Tale of Leadership","C. S. Forester","Not available (reason unspecified)","batch_al"
"9781474991872","General Knowledge Crosswords","Phillip Clarke","Not available (reason unspecified)","batch_al"
"9781526301055","Generation Code: I'm an HTML Web Page Builder","Max Wainewright","Not available, publisher indicates OP","batch_am"
"9781922585431","Generation Sleepless: why tweens and teens aren't sleeping enough and how we can help them","Heather Turgeon","Not available (reason unspecified)","batch_am"
"9781804548080","The Genetic Book of the Dead: A Darwinian Reverie","Richard Dawkins","Not available, publisher indicates OP","batch_am"
"9780691232935","The Genetic Lottery: Why DNA Matters for Social Equality","Kathryn Paige Harden","Not available, publisher indicates OP","batch_am"
"9781800814790","George: A Magpie Memoir","Frieda Hughes","Not available, publisher indicates OP","batch_am"
"9781419747946","George Michael: A Life","James Gavin","Not available, publisher indicates OP","batch_am"
"9780241638224","George VI and Elizabeth: The Marriage That Shaped the Monarchy","Sally Bedell Smith","Not available (reason unspecified)","batch_am"
"9780593188699","Get A Coach, Be A Coach","Connors","Not available (reason unspecified)","batch_am"
"9780143774808","Get Outdoors: Brilliant Boredom Busters for Kiwi Kids","Paul Adamson","Not available (reason unspecified)","batch_am"
"9781925914665","Get Your Tits Out for the Lads","Sally Freedman","No longer supplied by the supplier","batch_am"
"9781558321311","Getting To Dry: How to Help Your Child Overcome Bedwetting","Max Maizels","Not available, publisher indicates OP","batch_am"
"9781999642525","Ghost","Jason Reynolds","Not available, publisher indicates OP","batch_am"
"9780141399379","The Ghost Road","Pat Barker","Not available (reason unspecified)","batch_am"
"9781509825400","Ghost Stories","Charles Dickens","Not available, publisher indicates OP","batch_am"
"9780008271992","Ghostland: In Search of a Haunted Country","Edward Parnell","Not available (reason unspecified)","batch_am"
"9780571356843","Ghostly Stories: Faber Stories","Celia Fremlin","Not available, publisher indicates OP","batch_am"
"9781910821183","Ghosts","Malcolm Day","No longer supplied by the supplier","batch_am"
"9780689871320","A Giant Problem: Volume 2","Tony DiTerlizzi","Not available (reason unspecified)","batch_am"
"9781784878627","The Gilda Stories: The immortal cult classic","Jewelle Gomez","Not available (reason unspecified)","batch_am"
"9780349012995","Gilead: Hachette Essentials","Marilynne Robinson","Not available, publisher indicates OP","batch_am"
"9780241627907","Girl, Goddess, Queen: A Hades and Persephone fantasy romance from a growing TikTok superstar","Bea Fitzgerald","Not available (reason unspecified)","batch_am"
"9781921351105","Girl Meets Boy: The Myth of Iphis","Ali Smith","Not available (reason unspecified)","batch_am"
"9780571254316","The Girl Savage","Katherine Rundell","Not available, publisher indicates OP","batch_am"
"9781922387424","Girl with a Sniper Rifle: An Eastern Front Memoir","Yulia Zhukova","Not available (reason unspecified)","batch_am"
"9780241678121","The Girl with the Suitcase","Lesley Pearse","Not available (reason unspecified)","batch_am"
"9781119893783","Girls That Invest: Your Guide to Financial Independence through Shares and Stocks","Simran Kaur","Not available (reason unspecified)","batch_am"
"9781779523457","Batgirls Vol. 3: Girls to the Front","Becky Cloonan","Not available (reason unspecified)","batch_am"
"9781982153298","Giuliani: The Rise and Tragic Fall of America's Mayor","Andrew Kirtzman","Not available (reason unspecified)","batch_am"
"9781580089746","Give The Bitch Her Chocolate: The Feisty Foodie Edition","Ed Polish","Not available (reason unspecified)","batch_am"
"9780007263516","The Giver (HarperCollins Children's Modern Classics)","Lois Lowry","Not available (reason unspecified)","batch_am"
"9781509882816","The Glass Hotel","Emily St John Mandel","Not available, publisher indicates OP","batch_am"
"9780008701307","The Glassmaker","Tracy Chevalier","Not available (reason unspecified)","batch_am"
"9781869665258","Global Kitchen","Lindy Davis","Not available, publisher indicates OP","batch_am"
"9780241388648","The Global Merchants: The Enterprise and Extravagance of the Sassoon Dynasty","Joseph Sassoon","Not available (reason unspecified)","batch_am"
"9780241667224","Glorious Exploits","Ferdia Lennon","Not available (reason unspecified)","batch_am"
"9781405955195","Glow: The dark fantasy TikTok sensation that's sold over a million copies","Raven Kennedy","Not available (reason unspecified)","batch_am"
"9780805064841","Gluten-Free Gourmet","Bette Hagman","Not available, publisher indicates OP","batch_am"
"9781320923668","Go Clean & Lean with Carie","Carie Bolton","Not available (reason unspecified)","batch_am"
"9781509843176","The Go-Between","L. P. Hartley","Not available, publisher indicates OP","batch_am"
"9781509867356","God: An Anatomy - As heard on Radio 4","Francesca Stavrakopoulou","Not available, publisher indicates OP","batch_am"
"9780571370900","God and the Devil: The Life and Work of Ingmar Bergman","Peter Cowie","Not available, publisher indicates OP","batch_am"
"9780141187440","The God Boy","Ian Cross","Awaiting reissue","batch_am"
"9780241483480","The God Equation: The Quest for a Theory of Everything","Michio Kaku","Not available (reason unspecified)","batch_am"
"9780008556174","The God of Small Things (Collins Modern Classics)","Arundhati Roy","Not available (reason unspecified)","batch_am"
"9780141365558","Going Solo","Roald Dahl","Not available (reason unspecified)","batch_am"
"9781409508687","Going to the Dentist","Anne Civardi","Not available (reason unspecified)","batch_am"
"9781529090222","Going Zero","Anthony McCarten","Cancelled","batch_am"
"9780241695821","Goldfinch","Raven Kennedy","Not available (reason unspecified)","batch_am"
"9781510202504","Goldilocks: Wanted Dead or Alive","Chris Colfer","Not available, publisher indicates OP","batch_am"
"9781782406440","Golf Science: Optimum performance from tee to green","Mark F. Smith","Not available, publisher indicates OP","batch_am"
"9780711256750","Gone: A search for what remains of the world's extinct creatures","Michael Blencowe","Not available, publisher indicates OP","batch_am"
"9781869404420","Good Business","Ian Wedde","Not available, publisher indicates OP","batch_am"
"9781785763281","Good Friday: Before Prime Suspect there was Tennison - this is her story","Lynda La Plante","Not available, publisher indicates OP","batch_am"
"9781910254929","Good Gut, Great Health: The full guide to optimizing your energy and vitality","Vicki Edgson","Not available, publisher indicates OP","batch_am"
"9780241261408","Good Morning, Midnight","Jean Rhys","Not available (reason unspecified)","batch_am"
"9781922417916","Good Mornings: 50 delicious recipes to kick start your day","Deborah Kaloper","Awaiting reissue","batch_am"
"9781787330566","Good Pop, Bad Pop: The Sunday Times bestselling hit from Jarvis Cocker","Jarvis Cocker","Not available (reason unspecified)","batch_am"
"9780241430309","The Good, the Bad and the Little Bit Stupid","Marina Lewycka","Not available (reason unspecified)","batch_am"
"9780857527264","Goodbye Birdie Greenwing","Ericka Waller","Not available (reason unspecified)","batch_am"
"9780241524541","Goodnight Mister Tom","Michelle Magorian","Not available (reason unspecified)","batch_am"
"9781788168236","The Gospel of Wellness: Gyms, Gurus, Goop and the False Promise of Self-Care","Rina Raphael","Not available, publisher indicates OP","batch_am"
"9781761220470","Gourmet Traveller New Zealand: Inspired Escapes and Culinary Journeys","","Not available (reason unspecified)","batch_am"
"9780374280116","The Grammarians: A Novel","Cathleen Schine","Not available, publisher indicates OP","batch_am"
"9781035424177","Graveyard Shift: the highly anticipated new book by the author of the BookTok sensation If We Were Villains","M. L. Rio","Not available, publisher indicates OP","batch_am"
"9780241662908","DK Great Britain","DK Travel","Not available (reason unspecified)","batch_am"
"9782067244177","Great Britain & Ireland 2020 - Michelin National Map 713: Map","","Not available (reason unspecified)","batch_am"
"9783829767224","Great Britain & Ireland Map","Marco Polo","No longer supplied by the supplier","batch_am"
"9780857526816","Great Circle: The soaring and emotional novel shortlisted for the Women's Prize for Fiction 2022 and shortlisted for the Booker Prize 2021","Maggie Shipstead","Not available (reason unspecified)","batch_am"
"9780500515310","Great Family Wine Estates of France: Style * Tradition * Home","Solvi dos Santos","Not available, publisher indicates OP","batch_am"
"9781471195129","The Great Gatsby: The Graphic Novel","F. Scott Fitzgerald","Not available (reason unspecified)","batch_am"
"9781645173496","The Great Gatsby and Other Stories","F. Scott Fitzgerald","Not available (reason unspecified)","batch_am"
"9780571372812","Great Hatred: The Assassination of Field Marshal Sir Henry Wilson MP","Ronan McGreevy","Not available, publisher indicates OP","batch_am"
"9780241515846","Great Novels: The World's Most Remarkable Fiction Explored and Explained","DK","Not available (reason unspecified)","batch_am"
"9781460763568","The Great Race: 60 years of the Bathurst 1000","Aaron Noonan","Not available (reason unspecified)","batch_am"
"9781611856446","The Great Secret: The Classified World War II Disaster that Launched the War on Cancer","Jennet Conant","Not available, publisher indicates OP","batch_am"
"9780060586546","Great Short Works Of Herman Melville","Herman Melville","Not available (reason unspecified)","batch_am"
"9780711259133","Great Sites of the Ancient World","Paul G. Bahn","Not available, publisher indicates OP","batch_am"
"9780864735157","Great Sporting Moments: Best of Sport 1988-2004","Damien Wilkins","No longer supplied by the supplier","batch_am"
"9781529152623","Great-Uncle Harry: A Tale of War and Empire","Michael Palin","Not available (reason unspecified)","batch_am"
"9781927213636","Great Walks of New Zealand","Craig Potton","Not available (reason unspecified)","batch_am"
"9780994106544","Greatest Hits","David Cohen","Not available (reason unspecified)","batch_am"
"9780760349779","Greatest One-Percenter Myths, Mysteries, and Rumors Revealed","Bill Hayes","Not available, publisher indicates OP","batch_am"
"9780241567678","The Greatest Raid: St Nazaire, 1942: The Heroic Story of Operation Chariot","","Not available (reason unspecified)","batch_am"
"9780241664285","DK Greece, Athens and the Mainland","DK Travel","Not available (reason unspecified)","batch_an"
"9780500237779","Greek Gems and Finger Rings: Early Bronze Age to Late Classical","John Boardman","Not available, publisher indicates OP","batch_an"
"9780241664797","DK Top 10 Greek Islands","DK Travel","Not available (reason unspecified)","batch_an"
"9780241600276","Greek Lessons","Han Kang","Not available (reason unspecified)","batch_an"
"9781787333697","Greek Myths: A New Retelling, with drawings by Chris Ofili","Charlotte Higgins","Not available (reason unspecified)","batch_an"
"9780008373115","Green Eggs and Ham","Dr. Seuss","Not available (reason unspecified)","batch_an"
"9781800811492","The Green Man of Eshwood Hall","Jacob Kerr","Not available, publisher indicates OP","batch_an"
"9781787330559","Greenery: Journeys in Springtime","Tim Dee","Not available (reason unspecified)","batch_an"
"9780241676707","The Greenhouse Book: Make the Most of Your Greenhouse Throughout the Year","Tom Brown","No longer supplied by the supplier","batch_an"
"9781788163774","The Greywacke: How a Priest, a Soldier and a School Teacher Uncovered 300 Million Years of History","Nick Davidson","Not available, publisher indicates OP","batch_an"
"9781631065309","Grit and Grace: Uncommon Wisdom for Inspiring Leaders Designed to Make You Think: Volume 2","Quotabelle","Not available, publisher indicates OP","batch_an"
"9780947518400","The Ground Between: Navigating the Oil and Mining Debate in New Zealand: 2017","Sefton Darby","Not available (reason unspecified)","batch_an"
"9780241458617","Grow Eco-gardening: Essential Know-how and Expert Advice for Gardening Success","Zia Allaway","Not available (reason unspecified)","batch_an"
"9781591865513","Grow More With Less: Sustainable Garden Methods: Less Water - Less Work - Less Money","Vincent Simeone","Not available, publisher indicates OP","batch_an"
"9780241656853","Grow Where They Fall","Michael Donkor","Not available (reason unspecified)","batch_an"
"9780857845252","Grow Your Own Mushrooms: How to choose, grow and cook them","Folko Kullmann","No longer supplied by the supplier","batch_an"
"9781927277614","Growing Apart: Regional Prosperity in New Zealand","Shamubeel Eaqub","Not available (reason unspecified)","batch_an"
"9781529942682","Growing Wings: The inside story of Red Bull Racing","Ben Hunt","Not available (reason unspecified)","batch_an"
"9781509894130","The Gruffalo 20th Anniversary Edition","Julia Donaldson","Not available, publisher indicates OP","batch_an"
"9781509813766","Gruffalo, What Can You Hear?: Buggy Book","Julia Donaldson","Not available, publisher indicates OP","batch_an"
"9781606907962","Grumpy Cat: Misadventures","Ben McCool","Not available, publisher indicates OP","batch_an"
"9781444912777","Guardian Angel","Robert Muchamore","Not available, publisher indicates OP","batch_an"
"9781473684447","The Guardians: The Sunday Times Bestseller","John Grisham","Not available, publisher indicates OP","batch_an"
"9781447277989","Guardians of Magic","Chris Riddell","Not available, publisher indicates OP","batch_an"
"9781406391152","Guess How Much I Love You","Sam McBratney","Not available, publisher indicates OP","batch_an"
"9781406391169","Guess How Much I Love You","Sam McBratney","Not available, publisher indicates OP","batch_an"
"9780571355457","A Guest in the House: 'Vividly drawn and masterfully plotted.' Observer, GRAPHIC NOVEL OF THE MONTH","E.M. Carroll","Not available, publisher indicates OP","batch_an"
"9780008532574","2023 Guide to the Night Sky Southern Hemisphere: A month-by-month guide to exploring the skies above Australia, New Zealand and South Africa","Storm Dunlop","Not available (reason unspecified)","batch_an"
"9780008619619","2024 Guide to the Night Sky Southern Hemisphere: A month-by-month guide to exploring the skies above Australia, New Zealand and South Africa","Storm Dunlop","Not available (reason unspecified)","batch_an"
"9781869665517","The Guide to Travelling in New Zealand with the Family: Family friendly vacations and activities that all will enjoy","Gaye Miller","Not available, publisher indicates OP","batch_an"
"9781804183953","Guilty by Definition: The instant Sunday Times bestselling debut novel from Countdown's Susie Dent","Susie Dent","Not available, publisher indicates OP","batch_an"
"9781785516092","Guinness: A Family Succession: The True Story of the Struggle to Create the World's Largest Brewery","Arthur Edward Guinness","No longer supplied by the supplier","batch_an"
"9780241371718","Guitar","Earl Slick","Not available (reason unspecified)","batch_an"
"9781843430858","The Gulag Archipelago","Aleksandr Solzhenitsyn","Not available (reason unspecified)","batch_an"
"9781839647338","Adult Jigsaw Puzzle Gustav Klimt: The Tree of Life (500 pieces): 500-Piece Jigsaw Puzzles","Flame Tree Studio","Not available (reason unspecified)","batch_an"
"9781439750315","Parabole Grande Unlined Hardcover Journal","Paperblanks","Not available (reason unspecified)","batch_an"
"9780856409981","Guy Martin: Road Racer","Stephen Davison","Not available, publisher indicates OP","batch_an"
"9781785786259","Hacking the Code of Life: How gene editing will rewrite our futures","Nessa Carey","No longer supplied by the supplier","batch_an"
"9781439798898","Hafiz's Peacocks (Sangorski & Sutcliffe) Midi Lined Hardcover Journal (Elastic Band Closure)","Paperblanks","Awaiting reissue","batch_an"
"9780008626655","Hagstone","Sinead Gleeson","Not available (reason unspecified)","batch_an"
"9780143306153","Hairy Maclary From Donaldson's Dairy","Lynley Dodd","Awaiting reissue","batch_an"
"9780143309017","Hairy Maclary Treasury: The Complete Adventures of Hairy Maclary","Lynley Dodd","Not available (reason unspecified)","batch_an"
"9780857506672","The Half King","Melissa Landers","Not available (reason unspecified)","batch_an"
"9781776890118","Tarquin the Honest: The Hand of Glodd","Gareth Ward","Not available (reason unspecified)","batch_an"
"9781788167802","The Handshake: A Gripping History","Ella Al-Shamahi","Not available, publisher indicates OP","batch_an"
"9781626862593","Hans Christian Andersen Tales","Hans Christian Andersen","Not available (reason unspecified)","batch_an"
"9780947503857","Hapata: Te kuri maia o te moana","Robyn Belton","Not available (reason unspecified)","batch_an"
"9781910695838","Happening","Annie Ernaux","Not available, publisher indicates OP","batch_an"
"9780571371488","Happiness Falls: 'I loved this book.' Gabrielle Zevin","Angie Kim","Not available, publisher indicates OP","batch_an"
"9781803512457","The Happiness of Dogs","Mark Rowlands","Not available, publisher indicates OP","batch_an"
"9780908988907","The Happiness Trap","Russ Harris","Not available (reason unspecified)","batch_an"
"9781936096701","Happy Feet: Unique Knits to Knock Your Socks Off","Cathy Carron","Not available (reason unspecified)","batch_an"
"9781440350931","Happy Hand Lettering: Simple Calligraphy Techniques to Bring Your Words to Life","Jen Wagner","Not available (reason unspecified)","batch_an"
"9781781259375","The Happy Traitor: Spies, Lies and Exile in Russia: The Extraordinary Story of George Blake","Simon Kuper","Not available, publisher indicates OP","batch_an"
"9781506731094","Hard Boiled (Second Edition)","Frank Miller","Not available (reason unspecified)","batch_an"
"9781647229047","Harry Potter: Back to Hogwarts Travel Set","Insight Editions","Not available (reason unspecified)","batch_an"
"9781526618337","Harry Potter and the Deathly Hallows - Ravenclaw Edition","J.K. Rowling","Not available, publisher indicates OP","batch_an"
"9780747591092","Harry Potter and the Deathly Hallows","J.K. Rowling","Not available, publisher indicates OP","batch_an"
"9781911682479","Harry Potter Watercolour Magic: 32 step-by-step enchanting projects for painters of all skill levels","Tugce (Ozdemir) Audoir","Not available (reason unspecified)","batch_an"
"9781647222574","Harry Potter: Slytherin Elastic Band Bookmark","Insight Editions","Not available (reason unspecified)","batch_an"
"9781776572199","Harsu and the Werestoat","Barbara Else","Not available, publisher indicates OP","batch_an"
"9780735213203","Hatching: Experiments in Motherhood and Technology","Jenni Quilter","Not available (reason unspecified)","batch_an"
"9780241352632","Have You Eaten Grandma?","Gyles Brandreth","Not available (reason unspecified)","batch_an"
"9780143776314","Have You Seen Tomorrow?","Kyle Mewburn","Awaiting reissue","batch_an"
"9780241651711","Haywire: A Political History of Britain since 2000","Andrew Hindmoor","Not available (reason unspecified)","batch_an"
"9780143775249","He Wa Moe, Kiwi Pakupaku","Bob Darroch","Awaiting reissue","batch_an"
"9781509851263","Heads You Win","Jeffrey Archer","Not available, publisher indicates OP","batch_an"
"9781624142291","Healing Bone Broth Recipes","Sharon Brown","Not available, publisher indicates OP","batch_an"
"9781856753050","Healing Touch for Children: Massage, acupressure and reflexology routines for children aged 4 -12","Mary Atkinson","Not available (reason unspecified)","batch_an"
"9781782405641","The Health and Beauty Botanical Handbook","Pip Waller","Not available, publisher indicates OP","batch_an"
"9780300171174","Health for Sale: Posters from the William H. Helfand Collection","William H. Helfand","Not available (reason unspecified)","batch_an"
"9781988538815","Healthy Kelsi","Kelsi Boocock","Not available (reason unspecified)","batch_an"
"9781398525122","Heart Bones","Colleen Hoover","Not available (reason unspecified)","batch_an"
"9781837262380","The Heart in Winter","Kevin Barry","Not available, publisher indicates OP","batch_an"
"9781761067600","Heartbake: A bittersweet memoir","Charlotte Ree","No longer supplied by the supplier","batch_an"
"9780241662878","Heartbreak Geeks","Anam Iqbal","Not available (reason unspecified)","batch_an"
"9780995109599","Heartland Strong: How rural New Zealand can change and thrive","Bill Kaye-Blake","Not available, publisher indicates OP","batch_an"
"9781444968927","Heartstopper Volume 1: Boy meets boy in the phenomenal graphic novel series, also on Netflix!","Alice Oseman","Awaiting reissue","batch_an"
"9781784743529","Heavy Light: A Journey Through Madness, Mania and Healing","Horatio Clare","Not available (reason unspecified)","batch_an"
"9781775540809","He'll Be OK: Growing Gorgeous Boys Into Good Men 10th Anniversary Edition","Celia Lashlie","Not available (reason unspecified)","batch_an"
"9781682633243","Hell Followed with Us","Andrew Joseph White","No longer supplied by the supplier","batch_an"
"9781837840694","Hell Followed With Us","Andrew Joseph White","No longer supplied by the supplier","batch_an"
"9781506725246","Hellboy Universe: The Secret Histories","Mike Mignola","Not available (reason unspecified)","batch_an"
"9781506725031","Hellboy Universe Essentials: Hellboy","Mike Mignola","Not available (reason unspecified)","batch_an"
"9781760760366","Hello, New Zealand!","Mckean Megan","Not available, publisher indicates OP","batch_an"
"9780063081390","Helping Hospital: A Community Helpers Book","Lindsay Ward","Not available (reason unspecified)","batch_an"
"9780760365199","Hemi Muscle 70 Years: Chrysler, Dodge & Plymouth High Performance","Darwin Holmstrom","Not available, publisher indicates OP","batch_an"
"9781839946004","Hen in the Bed","Katrina Charman","Not available, publisher indicates OP","batch_an"
"9780809095377","Henry Kissinger and American Power: A Political Biography","Thomas A. Schwartz","Not available, publisher indicates OP","batch_an"
"9780241655597","Hercules","Scott Bateman","Not available (reason unspecified)","batch_ao"
"9781787634879","The Herd: the unputdownable, thought-provoking must-read Richard & Judy book club pick","Emily Edwards","Not available (reason unspecified)","batch_ao"
"9781991006233","Here For a Good Time: Organised thoughts from a disorganised mind","Chris Parker","Not available (reason unspecified)","batch_ao"
"9780711277632","Here We Go Again...: Unpublished Letters to the Daily Telegraph","Kate Moore","Not available, publisher indicates OP","batch_ao"
"9780008355784","The Hero","Lee Child","Not available (reason unspecified)","batch_ao"
"9781787394926","Heroines of Olympus: The Women of Greek Mythology","Ellie Mackin Roberts","Not available, publisher indicates OP","batch_ao"
"9781787302167","The Hero's Way: Walking with Garibaldi from Rome to Ravenna","Tim Parks","Not available (reason unspecified)","batch_ao"
"9781742976594","Hey Jack Crazy Colouring Fun!","Sally Rippin","Not available (reason unspecified)","batch_ao"
"9781804441657","Hicky's Bengal Gazette: The Untold Story of India's First Newspaper","Andrew Otis","Not available, publisher indicates OP","batch_ao"
"9780762439737","Hidden Images: Dinosaurs: The Ultimate Coloring Experience","Roger Burrows","Not available (reason unspecified)","batch_ao"
"9781509851348","Hidden in Plain Sight","Jeffrey Archer","Cancelled","batch_ao"
"9781509851324","Hidden in Plain Sight","Jeffrey Archer","Not available, publisher indicates OP","batch_ao"
"9781471140556","Hidden Killers","Lynda La Plante","Not available (reason unspecified)","batch_ao"
"9780753560051","Hidden Potential: The Science of Achieving Greater Things","Adam Grant","Not available (reason unspecified)","batch_ao"
"9781838770662","The Hideout: The tense new thriller from the award-winning, international bestselling author","Camilla Grebe","Not available, publisher indicates OP","batch_ao"
"9781472294777","High Caucasus: A Mountain Quest in Russia's Haunted Hinterland","Tom Parfitt","Awaiting reissue","batch_ao"
"9781800750098","The High House","Jessie Greengrass","Not available, publisher indicates OP","batch_ao"
"9780008601430","The High Mountain Court (The Five Crowns of Okrith, Book 1)","A.K. Mulford","Not available (reason unspecified)","batch_ao"
"9781787635289","Higher Expectations: Intimate Stories and Advice from Britain's Best Loved Athlete","Sir Mo Farah","Not available (reason unspecified)","batch_ao"
"9780806540573","The Highly Sensitive Person: How To Thrive When The World Overwhelms You","Elaine N. Phd Aron","No longer supplied by the supplier","batch_ao"
"9781761067013","Highway 13","Fiona McFarlane","Not available, publisher indicates OP","batch_ao"
"9780008410964","Hillbilly Elegy: A Memoir of a Family and Culture in Crisis","J. D. Vance","Not available (reason unspecified)","batch_ao"
"9789163972034","Hilma af Klint: Visionary: Visionary","Tracey Bashkoff","No longer supplied by the supplier","batch_ao"
"9789189069268","Hilma af Klint: Geometric series and other works 1917-1920","Hilma af Klint","No longer supplied by the supplier","batch_ao"
"9780995118447","Hinemihi:Te Hokinga - The Return","Hamish Coney","Not available (reason unspecified)","batch_ao"
"9783836591935","Hiroshige. One Hundred Famous Views of Edo. 40th Ed.","Melanie Trede","Cancelled","batch_ao"
"9781869539863","Historic New Zealand Racing Cars","Holmes Steve","Not available (reason unspecified)","batch_ao"
"9781760402600","Historium Poster Book","R. Wilkinson","No longer supplied by the supplier","batch_ao"
"9781761047213","A History of New Zealand in 100 Objects","Jock Phillips","Awaiting reissue","batch_ao"
"9780241304556","The History of Philosophy","A. C. Grayling","Not available (reason unspecified)","batch_ao"
"9781800754805","The History of Sound: Now a major movie starring Paul Mescal and Josh O'Connor","Ben Shattuck","Not available, publisher indicates OP","batch_ao"
"9781471189326","The History of Speed","Martin Roach","Not available (reason unspecified)","batch_ao"
"9780947503390","Hit & Run: The New Zealand SAS in Afghanistan and the Meaning of Honour","Nicky Hager","Not available (reason unspecified)","batch_ao"
"9781838956004","A Hitch in Time: Writings from the London Review of Books","Christopher Hitchens","Not available, publisher indicates OP","batch_ao"
"9781509808311","The Hitchhiker's Guide to the Galaxy","Douglas Adams","Not available (reason unspecified)","batch_ao"
"9780008483852","Hitler, Stalin, Mum and Dad: A Family Memoir of Miraculous Survival","Daniel Finkelstein","Not available (reason unspecified)","batch_ao"
"9781789544695","The Hitler Years: Triumph 1933-1939","Frank McDonough","Not available, publisher indicates OP","batch_ao"
"9781922615558","Hitler's Hangmen: The Secret German Plot to Kill Churchill","Brian Lett","Not available (reason unspecified)","batch_ao"
"9781785216886","HMS Victory (Icon)","Peter Goodwin","Not available (reason unspecified)","batch_ao"
"9780261102668","The Hobbit","J. R. R. Tolkien","Not available (reason unspecified)","batch_ao"
"9781776890859","Hog, Dogs & A Rifle","Kim Swan","Not available (reason unspecified)","batch_ao"
"9780241699287","Hold Still: A Memoir with Photographs","Sally Mann","Not available (reason unspecified)","batch_ao"
"9781869539719","Holden A Kiwi Passion","Steve Holmes","Not available (reason unspecified)","batch_ao"
"9781922615503","Holden our own: The Holden Family's Story","William James Holden","Not available (reason unspecified)","batch_ao"
"9781788163514","Hollow in the Land","James Clarke","Not available, publisher indicates OP","batch_ao"
"9780241388709","The Holocaust: An Unfinished History","Dan Stone","Not available (reason unspecified)","batch_ao"
"9781447202196","Holy Orders: Quirke Mysteries Book 6","Benjamin Black","Not available, publisher indicates OP","batch_ao"
"9780500514498","Holy Places, Sacred Sites:A Journey to the World's Most Spiritual: A Journey to the World's Most Spiritual Locations","Eduardo Mendez","Not available, publisher indicates OP","batch_ao"
"9781784876562","Homage to Catalonia","George Orwell","Not available (reason unspecified)","batch_ao"
"9781838950569","The Home Stretch: Why the Gender Revolution Stalled at the Kitchen Sink","Sally Howard","Not available, publisher indicates OP","batch_ao"
"9781760630485","Homecoming","Kate Morton","Not available, publisher indicates OP","batch_ao"
"9781847926623","Homelands: A Personal History of Europe","Timothy Garton Ash","Not available (reason unspecified)","batch_ao"
"9780571366453","Homo Irrealis","Andre Aciman","Not available, publisher indicates OP","batch_ao"
"9781781124758","Honey and Me","Karen McCombie","No longer supplied by the supplier","batch_ao"
"9781529053647","Honeybee","Campbell Books","Cancelled","batch_ao"
"9781786574121","Lonely Planet Hong Kong City Map","Lonely Planet","Not available (reason unspecified)","batch_ao"
"9780241560495","The Hong Kong Diaries","Chris Patten","Not available (reason unspecified)","batch_ao"
"9781925811629","Hong Kong Local: Cult recipes from the streets that make the city","ArChan Chan","Not available, publisher indicates OP","batch_ao"
"9781925927597","Hook: The Idea Behind Why Ideas Catch on","Pat Langton","No longer supplied by the supplier","batch_ao"
"9780753556337","Hooked: How Processed Food Became Addictive","Michael Moss","Not available (reason unspecified)","batch_ao"
"9781471193286","Hope in Hell: A decade to confront the climate emergency","Jonathon Porritt","Not available (reason unspecified)","batch_ao"
"9780994135469","Hopes Dashed?: The Economics of Gender Inequality","Prue Hyman","Not available (reason unspecified)","batch_ao"
"9780349011394","Hormonal: A Conversation About Women's Bodies, Mental Health and Why We Need to Be Heard","Eleanor Morgan","Not available, publisher indicates OP","batch_ao"
"9780007323081","The Horse and His Boy (The Chronicles of Narnia, Book 3)","C. S. Lewis","Not available (reason unspecified)","batch_ao"
"9781869537357","The Horse in New Zealand: Attitude & Heart","Carolyn Mincham","Not available (reason unspecified)","batch_ao"
"9781789892802","100 Facts Horses and Ponies","Camilla De La Bedoyere","No longer supplied by the supplier","batch_ao"
"9780007455942","Horton Hears a Who (Dr. Seuss)","Dr. Seuss","Not available (reason unspecified)","batch_ao"
"9781838952495","Hot Air: The Inside Story of the Battle Against Climate Change Denial","Peter Stott","Not available, publisher indicates OP","batch_ao"
"9781988538969","Hot Rods Downunder","Larry O Toole","Not available (reason unspecified)","batch_ao"
"9781782693772","Hotel Magnifique","Emily J. Taylor","Not available, publisher indicates OP","batch_ao"
"9781846974366","The Hothouse by the East River","Muriel Spark","Not available, publisher indicates OP","batch_ao"
"9781849311380","Hound of the Baskervilles","Arthur Conan Doyle","No longer supplied by the supplier","batch_ao"
"9781909621749","The Hound of the Baskervilles & The Valley of Fear","Arthur Conan Doyle","Not available, publisher indicates OP","batch_ao"
"9781405280846","The House at Pooh Corner (Winnie-the-Pooh - Classic Editions)","A. A. Milne","Not available (reason unspecified)","batch_ao"
"9781529077193","A House for Mr Biswas","V.S. Naipaul","Not available, publisher indicates OP","batch_ao"
"9781471198564","House of Correction: A twisty and shocking thriller from the master of psychological suspense","Nicci French","Not available (reason unspecified)","batch_ao"
"9781838858308","The House of Doors","Tan Twan Eng","Not available, publisher indicates OP","batch_ao"
"9780008519193","The House of Footsteps","Mathew West","Not available (reason unspecified)","batch_ao"
"9781803287416","House of Snow: An Anthology of the Greatest Writing About Nepal","Ellen Parnavelas","Not available, publisher indicates OP","batch_ao"
"9781631598838","Creative Houseplant Projects: Easy Crafts and Growing Tips for Indoor Plants","Lisa Eldred Steinkopf","Not available, publisher indicates OP","batch_ao"
"9781922779311","How Do Fish Hear: An A-Z of Animal Acoustics","Oonagh Macken","Not available (reason unspecified)","batch_ao"
"9781786332073","How Do We Know We're Doing It Right?: the Sunday Times bestseller","Pandora Sykes","Not available (reason unspecified)","batch_ao"
"9781529026306","How I Built This: The Unexpected Paths to Success From the World's Most Inspiring Entrepreneurs","Guy Raz","No longer supplied by the supplier","batch_ao"
"9781785787652","How Iceland Changed the World: The Big History of a Small Island","Egill Bjarnason","No longer supplied by the supplier","batch_ao"
"9780711256781","How it All Works: All scientific laws and phenomena illustrated & demonstrated","Adam Dant","Not available, publisher indicates OP","batch_ao"
"9780300269307","How States Think: The Rationality of Foreign Policy","John J. Mearsheimer","Not available (reason unspecified)","batch_ao"
"9780241145395","How the World Works","Noam Chomsky","Not available (reason unspecified)","batch_ao"
"9780241448304","How to Avoid a Climate Disaster: The Solutions We Have and the Breakthroughs We Need","Bill Gates","Not available (reason unspecified)","batch_ao"
"9780008536459","How to Be Confident: The new book from the international number 1 bestselling author","James Smith","Not available (reason unspecified)","batch_ao"
"9781776570300","How to be Famous","Michal Shalev","Not available, publisher indicates OP","batch_ao"
"9781776564064","How to Be Happy Though Human: New and Selected Poems","KATE CAMP","Not available, publisher indicates OP","batch_ao"
"9781529928617","How To Build a Body That Lasts: Exercises for Longevity, Strength and Health","Adam Richardson","Not available (reason unspecified)","batch_ao"
"9781446304938","How to Choose Fabrics: 350 Fabrics Swatches to Inspire Your Sewing Projects","Sophie Helene (Author)","Not available (reason unspecified)","batch_ao"
"9780600627579","How to Coach a Soccer Team: Professional Advice on Building a Winning Team","Tony Carr","Not available, publisher indicates OP","batch_ao"
"9781760892982","How to Create Your Garden: Ideas & Advice for Transforming Your Outdoor Space","DK Australia","Not available (reason unspecified)","batch_ao"
"9781788167130","How to Deal With Idiots: (and stop being one yourself)","Maxime Rovere","Not available, publisher indicates OP","batch_ao"
"9781910258910","How to Design a Garden","John Brookes MBE","No longer supplied by the supplier","batch_ao"
"9781922351760","How to Draw Cute Stuff from Around the World","Angela Nguyen","Not available (reason unspecified)","batch_ao"
"9781922310170","How to Eat: All your food and diet questions answered","Mark Bittman","Not available (reason unspecified)","batch_ao"
"9781776890019","How to Go Boating and Where OP","Rendle Mike","Not available (reason unspecified)","batch_ap"
"9781869538767","How to Go Boating and Where: The Complete Kiwi Guide","Mike Rendle","Not available (reason unspecified)","batch_ap"
"9781529900033","How to Keep House While Drowning: A gentle approach to cleaning and organising","KC Davis","Not available (reason unspecified)","batch_ap"
"9780241670293","How To Know a Person: The Art of Seeing Others Deeply and Being Deeply Seen","David Brooks","Not available (reason unspecified)","batch_ap"
"9780994140715","How to Mend a Kea: & other fabulous fix-it tales from Wildbase Hospital","Janet Hunt","Not available, publisher indicates OP","batch_ap"
"9781783256006","How to Overcome Trauma and Find Yourself Again: Seven Steps to Grow from Pain","Dr Jessamy Hibberd","Not available, publisher indicates OP","batch_ap"
"9781782214199","How to Paint Water in Watercolour","Joe Dowden","Not available (reason unspecified)","batch_ap"
"9780760328286","How To Raise Chickens: Everything You Need To Know","Christine Heinrichs","Not available, publisher indicates OP","batch_ap"
"9780760331576","How to Raise Goats","Carol A. Amundson","Not available, publisher indicates OP","batch_ap"
"9781838954925","How to Read Now","Elaine Castillo","Not available, publisher indicates OP","batch_ap"
"9781474619967","How to Read Numbers: A Guide to Statistics in the News (and Knowing When to Trust Them)","Tom Chivers","Not available, publisher indicates OP","batch_ap"
"9781742116310","How to Stop Bed Wetting","Janet Hall","Not available (reason unspecified)","batch_ap"
"9781529056624","How to Survive a Pandemic","Michael Greger","Cancelled","batch_ap"
"9781783789801","How to Think Like a Philosopher: Essential Principles for Clearer Thinking","Julian Baggini","Not available, publisher indicates OP","batch_ap"
"9781804710005","How to Think Like a Woman: Four Women Philosophers Who Taught Me How to Love the Life of the Mind","Regan Penaluna","Not available, publisher indicates OP","batch_ap"
"9781529071269","How to Train Your Dad","Gary Paulsen","Not available, publisher indicates OP","batch_ap"
"9781844769131","How to Use Yoga","Mira Mehta","Not available (reason unspecified)","batch_ap"
"9781988547206","How to Walk a Dog","Mike White","Not available, publisher indicates OP","batch_ap"
"9780749475734","How to Write Reports and Proposals","Patrick Forsyth","Not available (reason unspecified)","batch_ap"
"9781399809498","How Tyrants Fall: And How Nations Survive","Marcel Dirsus","Not available, publisher indicates OP","batch_ap"
"9781760890124","HRT: Husband Replacement Therapy","Kathy Lette","Not available (reason unspecified)","batch_ap"
"9780473386658","Reo Pepi Rua 2 Boxed Set","Kitty Brown","Not available, publisher indicates OP","batch_ap"
"9781805462415","Hum: The thrilling, feminist speculative novel","Helen Phillips","Not available, publisher indicates OP","batch_ap"
"9780753446409","The Human Body Factory: A Guide To Your Insides","Dan Green","No longer supplied by the supplier","batch_ap"
"9781786894038","The Human Cosmos: A Secret History of the Stars","Jo Marchant","Not available, publisher indicates OP","batch_ap"
"9780711256675","The Human Race","Sean Callery","Not available, publisher indicates OP","batch_ap"
"9780947492748","Human Rights in New Zealand: A Turning Point","Margaret Wilson","Not available (reason unspecified)","batch_ap"
"9780099458265","Human Traces","Sebastian Faulks","Not available (reason unspecified)","batch_ap"
"9781784745172","Humanly Possible: The great humanist experiment in living","Sarah Bakewell","Not available (reason unspecified)","batch_ap"
"9781801292528","Humble: The Quiet Power of an Ancient Virtue","Daryl R. Van Tongeren","Not available, publisher indicates OP","batch_ap"
"9780007198566","Hunches in Bunches","Dr. Seuss","Not available (reason unspecified)","batch_ap"
"9781909263536","Hungry Roscoe","David J Plant","No longer supplied by the supplier","batch_ap"
"9781800750746","A Hunter-Gatherer's Guide to the 21st Century: Evolution and the Challenges of Modern Life","Heather Heying","Not available, publisher indicates OP","batch_ap"
"9780143771685","The Hunters: The Precarious Lives of New Zealand's Birds of Prey","Debbie Stewart","Not available (reason unspecified)","batch_ap"
"9781529006957","The Hunting of the Snark","Chris Riddell","No longer supplied by the supplier","batch_ap"
"9781789294880","Hurricane: The Plane that Won the War","Jacky Hyams","Not available (reason unspecified)","batch_ap"
"9781626920941","I Am Alice: Body Swap in Wonderland Vol 2","Ayumi Kanou","Not available (reason unspecified)","batch_ap"
"9781988538006","I Am More Than Just My Tits - Surviving Breast Cancer","Karin Horen","Not available (reason unspecified)","batch_ap"
"9781788169820","I Came All This Way to Meet You: Writing Myself Home","Jami Attenberg","Not available, publisher indicates OP","batch_ap"
"9781460758915","I Catch Killers: The Life and Many Deaths of a Homicide Detective","Gary Jubelin","Not available (reason unspecified)","batch_ap"
"9781846048364","I Decided to Live as Me: How to Stop Comparing Yourself to Others So You Can Learn to Love Yourself","Kim Suhyun","Not available (reason unspecified)","batch_ap"
"9781509816286","I Follow You","Peter James","Not available, publisher indicates OP","batch_ap"
"9780007175154","I Had Trouble in Getting to Solla Sollew: Yellow Back Book (Dr. Seuss - Yellow Back Book)","Dr. Seuss","Not available (reason unspecified)","batch_ap"
"9780908321773","I Have in My Arms Both Ways: Migrant Women Talk About Their Lives","Adrienne Jansen","Not available (reason unspecified)","batch_ap"
"9781419733871","I Heart Art:: Work We Love from The Metropolitan Museum of Art","The Metropolitan Museum of Art","Not available, publisher indicates OP","batch_ap"
"9780143779506","I Love My Stupid Life: Eat Lit Food And Other Tasty Exploits","Albert Cho","Not available (reason unspecified)","batch_ap"
"9781471196867","Dork Diaries: I Love Paris!: Jokes, drama and BFFs in the global hit series: Volume 15","Rachel Renee Russell","Not available (reason unspecified)","batch_ap"
"9781847927705","I Love Russia: Reporting from a Lost Country","Elena Kostyuchenko","Not available (reason unspecified)","batch_ap"
"9781800782471","I Think You're on Mute: A Foolproof Guide to Living Your Best Online Life (results may vary)","Ellie Ross","Not available, publisher indicates OP","batch_ap"
"9781783445448","I Want My Potty!","Tony Ross","Not available, publisher indicates OP","batch_ap"
"9780008244095","I Was Born for This: TikTok made me buy it! From the YA Prize winning author and creator of Netflix series HEARTSTOPPER","Alice Oseman","Not available (reason unspecified)","batch_ap"
"9780241441565","Ice","Anna Kavan","Not available (reason unspecified)","batch_ap"
"9781869665364","Ice Breaker","Maria Gill","Not available, publisher indicates OP","batch_ap"
"9780241467688","Ice Rivers","Jemma Wadham","Not available (reason unspecified)","batch_ap"
"9781471182747","Icebound","Andrea Pitzer","Not available (reason unspecified)","batch_ap"
"9781471182761","Icebound","Andrea Pitzer","Not available (reason unspecified)","batch_ap"
"9780711251717","Iconic Tarot Decks: The History, Symbolism and Design of over 50 Decks","Sarah Bartlett","Not available, publisher indicates OP","batch_ap"
"9780241514412","An Idea Can Go Extinct","Bill McKibben","Not available (reason unspecified)","batch_ap"
"9781529032383","If I Can't Have You","Charlotte Levin","No longer supplied by the supplier","batch_ap"
"9781529391541","If It Bleeds: A riveting, dark story collection featuring 'The Life of Chuck'","Stephen King","Not available, publisher indicates OP","batch_ap"
"9781406385618","The Iliad","Gillian Cross","Not available, publisher indicates OP","batch_ap"
"9780785841814","The Iliad","Homer","Not available, publisher indicates OP","batch_ap"
"9782080203915","An Illustrated History of Equestrian Sports: Dressage, Jumping, Eventing","Marie de Pellegar","Awaiting reissue","batch_ap"
"9781646431861","The Illustrated Treasury of Classic Children's Stories: Featuring the artwork of acclaimed illustrator, Charles Santore","Charles Santore","Not available (reason unspecified)","batch_ap"
"9781838741655","Imelda and the Goblin King","Briony May Smith","No longer supplied by the supplier","batch_ap"
"9781847926098","An Immense World: How Animal Senses Reveal the Hidden Realms Around Us (THE SUNDAY TIMES BESTSELLER)","Ed Yong","Not available (reason unspecified)","batch_ap"
"9781925946963","Immortals of Australian Horse Racing: Track enthusiasts endlessly debate who are the best racehorses across different eras.","Alan Whiticker","Not available (reason unspecified)","batch_ap"
"9781489298737","The Imperfects","Amy Meyerson","Not available (reason unspecified)","batch_ap"
"9781785788833","Impossible, Possible, and Improbable: Science Stranger Than Fiction","John Gribbin","No longer supplied by the supplier","batch_ap"
"9781542032339","An Impossible Return: A Novel","Caroline Laurent","No longer supplied by the supplier","batch_ap"
"9781529037401","The Imposter","Anna Wharton","Not available, publisher indicates OP","batch_ap"
"9780062493071","Impressions of Paris: An Artist's Sketchbook","Cat Seto","Not available (reason unspecified)","batch_ap"
"9781761101366","The Improbable Life of Ricky Bird","Diane Connell","Not available (reason unspecified)","batch_ap"
"9781787634954","In a Place of Darkness","Stuart MacBride","Not available (reason unspecified)","batch_ap"
"9781838956257","In Ascension: Winner of the Arthur C. Clarke Award 2024","Martin MacInnes","Not available, publisher indicates OP","batch_ap"
"9781577152637","In Focus Dreams: Your Personal Guide: Volume 17","Angela Mogridge","Not available, publisher indicates OP","batch_ap"
"9781577152620","In Focus Wicca: Your Personal Guide: Volume 16","Tracie Long","Not available, publisher indicates OP","batch_ap"
"9780571370504","In Good Hands: The Making of a Modern Conductor","Alice Farnham","Not available, publisher indicates OP","batch_ap"
"9781954220829","In Love with Spoons: A Spiritual Journey for Art Lovers and Food Enthusiasts","Patti Grabel","Not available (reason unspecified)","batch_ap"
"9781480367470","In Performance: Contemporary Monologues for Men and Women Late Twenties to Thirties","JV Mercanti","No longer supplied by the supplier","batch_ap"
"9781786499158","In Search of Us: Adventures in Anthropology","Lucy Moore","Not available, publisher indicates OP","batch_ap"
"9781784876364","In the Absence of Men","Philippe Besson","Not available (reason unspecified)","batch_ap"
"9780008422264","In the Thick of It: The Private Diaries of a Minister","Alan Duncan","Not available (reason unspecified)","batch_ap"
"9781761049200","In This Body","Ruby Jones","Awaiting reissue","batch_ap"
"9780857505606","In Too Deep: (Jack Reacher 29)","Lee Child","Not available (reason unspecified)","batch_ap"
"9780356525655","The Incandescent","Emily Tesh","Awaiting reissue","batch_ap"
"9780857524270","Incomplete Shakespeare: Much Ado About Nothing","John Crace","Not available (reason unspecified)","batch_ap"
"9780241374238","Index, A History of the","Dennis Duncan","Not available (reason unspecified)","batch_ap"
"9781787013698","Lonely Planet India","Lonely Planet","Not available (reason unspecified)","batch_ap"
"9781741794809","Lonely Planet India Phrasebook & Dictionary","Lonely Planet","Not available (reason unspecified)","batch_ap"
"9780500513651","India Contemporary","","Not available, publisher indicates OP","batch_ap"
"9781788684361","Lonely Planet Indonesia","Lonely Planet","Not available (reason unspecified)","batch_ap"
"9781786574770","Lonely Planet Indonesia","Lonely Planet","Not available (reason unspecified)","batch_ap"
"9780760369029","Indoor Kitchen Gardening Handbook: Projects & Inspiration to Grow Food Year-Round - Herbs, Salad Greens, Mushrooms, Tomatoes & More","Elizabeth Millard","Not available, publisher indicates OP","batch_ap"
"9781398507142","Infinite Country: A Reese Witherspoon Book Club Pick","Patricia Engel","Not available (reason unspecified)","batch_ap"
"9780061241895","influence: The Psychology of Persuasion","Robert B Cialdini, PhD","Not available (reason unspecified)","batch_aq"
"9781785042379","Influence is Your Superpower: How to Get What You Want Without Compromising Who You Are","Zoe Chance","Not available (reason unspecified)","batch_aq"
"9780571329090","The Inheritors","William Golding","Not available, publisher indicates OP","batch_aq"
"9781509852987","Injury Time","Clive James","No longer supplied by the supplier","batch_aq"
"9781524871123","Inkubator Crosswords: 100 Audacious Puzzles by Women and Nonbinary Creators","Tracy Bennett","Not available (reason unspecified)","batch_aq"
"9780099277095","The Innocent","Ian McEwan","Not available (reason unspecified)","batch_aq"
"9781838954352","The Insect Crisis: The Fall of the Tiny Empires that Run the World","Oliver Milman","Not available, publisher indicates OP","batch_aq"
"9781784877002","The Inseparables: The newly discovered novel from Simone de Beauvoir","Simone de Beauvoir","Not available (reason unspecified)","batch_aq"
"9780241694701","Inspector Imanishi Investigates","Seicho Matsumoto","Not available (reason unspecified)","batch_aq"
"9780008374075","Inspire: Life Lessons from the Wilderness","Ben Fogle","Not available (reason unspecified)","batch_aq"
"9781847925725","The Interest: How the British Establishment Resisted the Abolition of Slavery","Michael Taylor","Not available (reason unspecified)","batch_aq"
"9780241681237","The Interpretation of Cats: And Their Owners","Claude Beata","Not available (reason unspecified)","batch_aq"
"9781405951326","The Interpreter's Daughter: A remarkable true story of feminist defiance in 19th Century Singapore","Teresa Lim","Not available (reason unspecified)","batch_aq"
"9780241434321","An Intimate History of Evolution: The Story of the Huxley Family","Alison Bashford","Not available (reason unspecified)","batch_aq"
"9780241505656","Into the Clear Blue Sky: The Path to Restoring Our Atmosphere","Rob Jackson","Not available (reason unspecified)","batch_aq"
"9781783965069","Into The Tangled Bank: In Which Our Author Ventures Outdoors to Consider the British in Nature","Lev Parikian","Not available (reason unspecified)","batch_aq"
"9781761069826","Into the Wild: Wolf Girl 1 Full Colour Edition","Anh Do","Not available, publisher indicates OP","batch_aq"
"9780995110717","The Invading Sea: Coastal hazards and climate change in 21st-century New Zealand","Neville Peat","Not available (reason unspecified)","batch_aq"
"9781787635487","Invasion","Frank Gardner","Not available (reason unspecified)","batch_aq"
"9780241412466","Inventors: Incredible stories of the world's most ingenious inventions","Robert Winston","Not available (reason unspecified)","batch_aq"
"9780908884759","Invisible Families: a New Zealand Resource for Parents of Lesbian and Gay Children","Terry Stewart","Not available (reason unspecified)","batch_aq"
"9780300252583","Invisible Ink: A Novel","Patrick Modiano","Not available (reason unspecified)","batch_aq"
"9781785652509","The Invisible Life of Addie LaRue","V. E. Schwab","No longer supplied by the supplier","batch_aq"
"9780241672990","DK Ireland","DK Travel","Not available (reason unspecified)","batch_aq"
"9781787015807","Lonely Planet Ireland","Lonely Planet","Not available (reason unspecified)","batch_aq"
"9780746003831","Irish for Beginners","Angela Wilkes","Not available (reason unspecified)","batch_aq"
"9780241355565","Iron and Blood: A Military History of the German-speaking Peoples Since 1500","Peter H. Wilson","Not available (reason unspecified)","batch_aq"
"9780310536987","Irresistible: Reclaiming the New that Jesus Unleashed for the World","Andy Stanley","Not available (reason unspecified)","batch_aq"
"9780241624814","Is a River Alive?","Robert Macfarlane","Not available (reason unspecified)","batch_aq"
"9781788169523","Is Maths Real?: How Simple Questions Lead Us to Mathematics' Deepest Truths","Eugenia Cheng","Not available, publisher indicates OP","batch_aq"
"9781529136180","Island in the Sun","Katie Fforde","Not available (reason unspecified)","batch_aq"
"9781529008821","The Island of Adventure","Enid Blyton","Cancelled","batch_aq"
"9780241435007","The Island of Missing Trees: Shortlisted for the Women's Prize for Fiction 2022","Elif Shafak","Not available (reason unspecified)","batch_aq"
"9781788705745","The Islander: My Life in Music and Beyond","Chris Blackwell","Not available, publisher indicates OP","batch_aq"
"9781775538462","Islands: A New Zealand Journey","Bruce Ansley","Not available (reason unspecified)","batch_aq"
"9780008329778","Islands of Abandonment: Life in the Post-Human Landscape","Cal Flyn","Not available (reason unspecified)","batch_aq"
"9781398550490","Isola","Allegra Goodman","Not available (reason unspecified)","batch_aq"
"9780241662656","DK Eyewitness Top 10 Israel and the Palestinian Territories","DK Travel","Not available (reason unspecified)","batch_aq"
"9780241617724","DK Top 10 Istanbul","DK Travel","Not available (reason unspecified)","batch_aq"
"9780995143104","It Takes a Village: A guide to Matakana and its surrounding districts","Lauraine Jacobs","Not available, publisher indicates OP","batch_aq"
"9781787302143","Italian Life: A Modern Fable of Loyalty and Betrayal","Tim Parks","Not available (reason unspecified)","batch_aq"
"9781787015845","Lonely Planet Italy","Lonely Planet","Not available (reason unspecified)","batch_aq"
"9780241483602","Italy Reborn: From Fascism to Democracy","Mark Gilbert","Not available (reason unspecified)","batch_aq"
"9781401272883","It's A Bird...(New Edition)","Steven T. Seagle","Not available (reason unspecified)","batch_aq"
"9780593808368","It's All Love: Reflections for Your Heart & Soul","Jenna Ortega","Not available (reason unspecified)","batch_aq"
"9781529000566","It's Mine!","Rod Campbell","Not available, publisher indicates OP","batch_aq"
"9781760526474","It's Owl Good: The Super Adventures of Ollie and Bea 1","Renee Treml","Not available (reason unspecified)","batch_aq"
"9781760762605","Iwantja: An exuberant new movement in contemporary Indigenous art","","Awaiting reissue","batch_aq"
"9781760641818","Jacinda Ardern: A New Kind of Leader","Madeleine Chapman","Not available (reason unspecified)","batch_aq"
"9781509898169","Jack & Bet","Sarah Butler","Not available, publisher indicates OP","batch_aq"
"9781250276216","Jackie: Public, Private, Secret","J. Randy Taraborrelli","No longer supplied by the supplier","batch_aq"
"9781035031245","James: Shortlisted for the Booker Prize 2024","Percival Everett","Cancelled","batch_aq"
"9780300117134","James 'Athenian' Stuart: The Rediscovery of Antiquity","Susan Weber","Not available (reason unspecified)","batch_aq"
"9781869539870","James Cook - The Voyages","William Frame","Not available (reason unspecified)","batch_aq"
"9781435163652","Jane Eyre","Charlotte Bronte","Awaiting reissue","batch_aq"
"9780241673195","DK Japan","DK Travel","Not available (reason unspecified)","batch_aq"
"9781835410370","Jaws: Memories from Martha's Vineyard: Revised & Updated Edition","Matt Taylor","No longer supplied by the supplier","batch_aq"
"9781419725753","Jelly, Garbage + Toys: Making Pictures with Vik Muniz","Vik Muniz","Not available, publisher indicates OP","batch_aq"
"9780241662526","DK Eyewitness Jerusalem, Israel and the Palestinian Territories","DK Eyewitness","Not available (reason unspecified)","batch_aq"
"9781572841802","Jewish Slow Cooker Recipes: 120 Holiday and Everyday Dishes Made Easy","Laura Frankel","Not available, publisher indicates OP","batch_aq"
"9780995117426","Jiffy,Cat Detective","Catherine Chidgey","No longer supplied by the supplier","batch_aq"
"9781776890378","Jiffy's Greatest Hits","Catherine Chidgey","Not available (reason unspecified)","batch_aq"
"9781775591306","A Job To Do: New Zealand Soldiers of 'The Div' Write About Their World War Two","John Gordon","Not available, publisher indicates OP","batch_aq"
"9781787550094","Johannes Vermeer: Young Woman with a Water Pitcher (Foiled Journal)","Flame Tree Studio","Not available, publisher indicates OP","batch_aq"
"9780300219302","John Singer Sargent and the Art of Allusion","Bruce Redford","Not available (reason unspecified)","batch_aq"
"9781775592020","Johnny Enzed: The New Zealand Soldier in the First World War 1914-1918","Glyn Harper","Not available (reason unspecified)","batch_aq"
"9780143569916","Jonah and Co.","Dornford Yates","Not available (reason unspecified)","batch_aq"
"9781847926920","The Journey of Humanity: The Origins of Wealth and Inequality","Oded Galor","Not available (reason unspecified)","batch_aq"
"9781786751379","The Joy of Bridge: Everything You Need to Know to Enjoy Your Game","Paul Mendelson","No longer supplied by the supplier","batch_aq"
"9780008323769","The Times: The Joy of Railways: Remembering the golden age of trainspotting","Julian Holland","Not available (reason unspecified)","batch_aq"
"9781909621954","Julius Caesar","William Shakespeare","Not available, publisher indicates OP","batch_aq"
"9781787303119","Juno Loves Legs","Karl Geary","Not available (reason unspecified)","batch_aq"
"9781529939958","Just Good Manners: A Quintessential Guide to Courtesy, Charm, Grace and Decorum","William Hanson","Not available (reason unspecified)","batch_aq"
"9780008514365","Just So Stories (HarperCollins Children's Classics)","Rudyard Kipling","Not available (reason unspecified)","batch_aq"
"9781869341275","Just to Let You Know I'm Still Alive: Postcards from New Zealanders During the First World War","Glenn Reddiex","Not available (reason unspecified)","batch_aq"
"9781401250461","Justice League 3000 Vol. 1","Keith Giffen","Not available (reason unspecified)","batch_aq"
"9781576871386","Juvenile: Youth Offenders in Silicon Valley","Joseph Rodriguez","No longer supplied by the supplier","batch_aq"
"9781509808694","Kane and Abel","Jeffrey Archer","Not available, publisher indicates OP","batch_aq"
"9780143771098","Kapai and the Highway Robbers","Uncle Anzac","Not available (reason unspecified)","batch_aq"
"9780143771081","Kapai and the Mountain Legend","Uncle Anzac","Not available (reason unspecified)","batch_aq"
"9780143771104","Kapai Bungy Jumps","Uncle Anzac","Not available (reason unspecified)","batch_aq"
"9781869413088","Kapai In The City Of Sails","Uncle Anzac","Not available (reason unspecified)","batch_ar"
"9781783785391","Karachi Vice: Life and Death in a Contested City","Samira Shackle","Not available, publisher indicates OP","batch_ar"
"9780500025123","Karl Lagerfeld: A Life in Fashion - A Financial Times Book of the Year","Alfons Kaiser","Not available, publisher indicates OP","batch_ar"
"9780241714911","Karla's Choice: A  John le Carre Novel","Nick Harkaway","Not available (reason unspecified)","batch_ar"
"9781785120367","Karma: My Autobiography: 'The most entertaining music memoir since Elton John' Observer","Boy George","Not available, publisher indicates OP","batch_ar"
"9780007267002","Kaspar: Prince of Cats","Michael Morpurgo","Not available (reason unspecified)","batch_ar"
"9781869665296","Kauri:Witness to a Nations History","Joanna Orwin","Not available, publisher indicates OP","batch_ar"
"9781877566158","Keen as Mustard","Graham May","Not available (reason unspecified)","batch_ar"
"9781472274212","Keep Sharp: Build a Better Brain at Any Age - As Seen in The Daily Mail","Dr Sanjay Gupta","Not available, publisher indicates OP","batch_ar"
"9780062240309","The Keeper Of Secrets: A Novel","Julie Thomas","Not available (reason unspecified)","batch_ar"
"9781398507821","Keeper of the Lost Cities x 8 box set","Shannon Messenger","Not available (reason unspecified)","batch_ar"
"9781775593805","Keepers of History: New Zealand Centenarians Tell Their Stories","Renee Hollis","Not available (reason unspecified)","batch_ar"
"9780947503444","Keeping Your Children Safe Online: A guide for New Zealand parents","John Parsons","Not available (reason unspecified)","batch_ar"
"9780995146587","Kei te aha nga kararehe? What are the animals doing?","Te Ataakura Pewhairangi","Not available, publisher indicates OP","batch_ar"
"9781869539498","The Kenny Smith Scrapbook: Kiwi Motorsport Legend","Michael Clark","Not available (reason unspecified)","batch_ar"
"9781646430413","Keto Desserts: Over 100 Decadent Desserts for the Keto Diet","Cider Mill Press","Not available (reason unspecified)","batch_ar"
"9781592338689","The Keto For One Cookbook: 100 Delicious Make-Ahead, Make-Fast Meals for One (or Two) That Make Low-Carb Simple and Easy: Volume 8","Dana Carpender","Not available, publisher indicates OP","batch_ar"
"9781646430406","Keto Snacks: Over 50 Guilt-Free Keto-Friendly Snacks","Cider Mill Press","Not available (reason unspecified)","batch_ar"
"9781495011764","Kids' Comedic Monologues That Are Actually Funny","Alisha Gaddis","No longer supplied by the supplier","batch_ar"
"9781761220760","Kids Cook","The Australian Women's Weekly","Not available (reason unspecified)","batch_ar"
"9780823026227","Kids Draw Manga Shoujo","C Hart","Not available (reason unspecified)","batch_ar"
"9781925866438","Kids Love to Cook","The Australian Women's Weekly","Not available (reason unspecified)","batch_ar"
"9781529021226","Kika & Me: How One Extraordinary Guide Dog Changed My World","Amit Patel","Not available, publisher indicates OP","batch_ar"
"9781439744383","Kikka Ultra Lined Softcover Flexi Journal (240 pages)","Paperblanks","No longer supplied by the supplier","batch_ar"
"9781471181382","Kill the King","Sandrone Dazieri","Not available (reason unspecified)","batch_ar"
"9781471184789","The Killing in the Consulate: Investigating the Life and Death of Jamal Khashoggi","Jonathan Rugman","Not available (reason unspecified)","batch_ar"
"9781909621824","Kim","Rudyard Kipling","Not available, publisher indicates OP","batch_ar"
"9781471181016","King: The Life of Martin Luther King","Jonathan Eig","Not available (reason unspecified)","batch_ar"
"9781909621930","King Henry V","William Shakespeare","Not available, publisher indicates OP","batch_ar"
"9781909621923","King Lear","William Shakespeare","Not available, publisher indicates OP","batch_ar"
"9780007554782","King of the North Wind: The Life of Henry II in Five Acts","Claudia Gold, MD","Not available (reason unspecified)","batch_ar"
"9781447289555","King of the World: Muhammad Ali and the Rise of an American Hero","David Remnick","Cancelled","batch_ar"
"9781869694234","King Potatau: An Account of the Life of Potatau Te Wherowhero the First Maori King","Pei Te Hurinui Jones","Not available (reason unspecified)","batch_ar"
"9781909621947","King Richard III","William Shakespeare","Not available, publisher indicates OP","batch_ar"
"9781925865912","Kitchen Hacks and Recipes","The Australian Women's Weekly","Not available (reason unspecified)","batch_ar"
"9781789466133","Kitty's Salon: Sex, Spying and Surveillance in the Third Reich","Nigel Jones","Not available, publisher indicates OP","batch_ar"
"9781869539528","Kiwi Man Cave Manual","Steve Hale","Not available (reason unspecified)","batch_ar"
"9781869538972","Kiwi Mustangs","S. Holmes","Not available (reason unspecified)","batch_ar"
"9780143505495","Kiwi Play With Me","Helen Taylor","Awaiting reissue","batch_ar"
"9781869538729","Kiwi Vintage Car Collections","Steve Reid","Not available (reason unspecified)","batch_ar"
"9780571364879","Klara and the Sun: The Times and Sunday Times Book of the Year","Kazuo Ishiguro","Not available, publisher indicates OP","batch_ar"
"9781787636828","Knife Skills for Beginners","Orlando Murrin","Not available (reason unspecified)","batch_ar"
"9781910231609","Knitted Toys: Animals, dolls and teddies for all ages","Sandra Polley","Not available (reason unspecified)","batch_ar"
"9781869538095","Knitting Everyday Finery: Practical Designs for Dressing Up in Little Ways","Mel Clark","Not available (reason unspecified)","batch_ar"
"9781869538101","Knitting Gifts for Baby","Mel Clark","Not available (reason unspecified)","batch_ar"
"9781869660987","Know Your New Zealand Trees","Lawrie Metcalf","Not available, publisher indicates OP","batch_ar"
"9780008484392","Knowing What We Know: The Transmission of Knowledge: From Ancient Wisdom to Modern Magic","Simon Winchester","Not available (reason unspecified)","batch_ar"
"9781801100649","The Known Unknowns: The Unsolved Mysteries of the Cosmos","Lawrence M. Krauss","Not available, publisher indicates OP","batch_ar"
"9781644407400","Ko Toku Whanau  My Family OP","K Roberts N. Kool","Not available (reason unspecified)","batch_ar"
"9780995123052","Ko wai kei te papa takaro? Who is at the playground?","Te Ataakura Pewhairangi","Not available, publisher indicates OP","batch_ar"
"9780733643323","Kokomo","Victoria Hannan","Not available, publisher indicates OP","batch_ar"
"9781631599019","Kombucha, Kefir, and Beyond: A Fun and Flavorful Guide to Fermenting Your Own Probiotic Beverages at Home","Alex Lewin","Not available (reason unspecified)","batch_ar"
"9780947503499","La Boca Loca: Mexican cooking for New Zealanders","Lucas Putnam","Not available (reason unspecified)","batch_ar"
"9780857525871","Ladies Can't Climb Ladders: The Pioneering Adventures of the First Professional Women","Jane Robinson","Not available (reason unspecified)","batch_ar"
"9781741145892","Lady Friday","Garth Nix","Not available, publisher indicates OP","batch_ar"
"9781838850326","Laidlaw","William McIlvanney","Not available, publisher indicates OP","batch_ar"
"9780241612507","DK Top 10 Lake District","DK Travel","Not available (reason unspecified)","batch_ar"
"9780552571906","Monster Blood Tattoo: Lamplighter: Book Two","D M Cornish","Not available (reason unspecified)","batch_ar"
"9780857337177","Lancaster: The Inside Story","David Curnock","Not available (reason unspecified)","batch_ar"
"9781838957858","Land Between the Rivers: A 5000-Year History of Iraq","Bartle Bull","Not available, publisher indicates OP","batch_ar"
"9781760760380","The Land Gardeners: Cut Flowers","Bridget Elworthy","Not available, publisher indicates OP","batch_ar"
"9781510201941","Land of Stories 6 book Boxset","Chris Colfer","Awaiting reissue","batch_ar"
"9780241648001","Landbridge: Life in Fragments","Y-Dang Troeung","Not available (reason unspecified)","batch_ar"
"9781787331945","Languages of Truth: Essays 2003-2020","Salman Rushdie","Not available (reason unspecified)","batch_ar"
"9781910218693","Las Vegas PopOut Map: Handy pocket size pop up city map of Las Vegas","PopOut Maps","Not available (reason unspecified)","batch_ar"
"9780007323142","The Last Battle (The Chronicles of Narnia, Book 7)","C. S. Lewis","Not available (reason unspecified)","batch_ar"
"9780008411282","The Last Bear","Hannah Gold","Not available (reason unspecified)","batch_ar"
"9781787467866","The Last Duel: Now a major film starring Matt Damon, Adam Driver and Jodie Comer","Eric Jager","Not available (reason unspecified)","batch_ar"
"9781869718183","The Last Guests","J.P. Pomare","Awaiting reissue","batch_ar"
"9781637589304","The Last Night on the Titanic: Unsinkable Drinking, Dining, and Style","Veronica Hinke","Not available (reason unspecified)","batch_ar"
"9780008475529","The Last Train: A Family History of the Final Solution","Peter Bradley","Not available (reason unspecified)","batch_ar"
"9781922267238","Late Sonata","Bryan Walpert","No longer supplied by the supplier","batch_ar"
"9781789096491","Later","Stephen King","No longer supplied by the supplier","batch_ar"
"9780241478349","Latitude: The astonishing adventure that shaped the world","Nicholas Crane","Not available (reason unspecified)","batch_ar"
"9780806541839","Law & Disorder: Inside the Dark Heart of Murder with the FBI's Legendary Mindhunter","John Douglas","No longer supplied by the supplier","batch_ar"
"9781542000178","Layla","Colleen Hoover","No longer supplied by the supplier","batch_ar"
"9780241542002","Leadership: Six Studies in World Strategy","Henry Kissinger","Not available (reason unspecified)","batch_ar"
"9789189696983","Leadership and Statecraft: Studies in Power","Kurt Almqvist","No longer supplied by the supplier","batch_ar"
"9781922417435","Leaf Supply Deck of Plants: 50 Indoor Plant Profiles","Lauren Camilleri","Not available, publisher indicates OP","batch_ar"
"9780593200186","The League Of Gentlewomen Witches: Dangerous Damsels #2","India Holton","Not available (reason unspecified)","batch_ar"
"9780008204914","Lean Fall Stand","Jon McGregor","Not available (reason unspecified)","batch_ar"
"9781788007658","Leap Frog","Jane Clarke","Not available, publisher indicates OP","batch_ar"
"9781637956694","Learn Te Reo My First Animals OP","Kool, katie","Not available (reason unspecified)","batch_ar"
"9781637956687","Learn Te Reo My First Numbers OP","Kool, Katie","Not available (reason unspecified)","batch_ar"
"9781637956540","Learn Te Reo My First Words OP","Kool, Katie","Not available (reason unspecified)","batch_ar"
"9781869538026","Learn to Spin with Anne Field: Spinning Basics","Anne Field","Not available (reason unspecified)","batch_ar"
"9781838856274","Learwife","J.R. Thorp","Not available, publisher indicates OP","batch_ar"
"9781847921062","Legacy of Violence: A History of the British Empire","Caroline Elkins","Not available (reason unspecified)","batch_as"
"9781838772246","Legacy of War: The bestselling story of courage and bravery from global sensation author Wilbur Smith","Wilbur Smith","Not available, publisher indicates OP","batch_as"
"9780785834793","The Legendary Muscle Car: A guide to the iconic, high-performance automobile","Jim Glastonbury","Not available (reason unspecified)","batch_as"
"9780241357590","LEGO Star Wars Build Your Own Adventure Galactic Missions: With LEGO Star Wars Minifigure and Exclusive Model","DK","Not available (reason unspecified)","batch_as"
"9781775541813","The Leonard Girls","Deborah Challinor","Not available (reason unspecified)","batch_as"
"9781685799458","LES MISERABLES (Omnibus) Vol. 7-8","Takahiro Arai","Awaiting reissue","batch_as"
"9780143772354","Let's Get Lost: Great New Zealand Road Trips","Nicola McCloy","Not available (reason unspecified)","batch_as"
"9781785788093","Let's Get Physical: How Women Discovered Exercise and Reshaped the World","Danielle Friedman","No longer supplied by the supplier","batch_as"
"9780593174623","Let's Go to the Beach!","Lori Haskins Houran","Not available (reason unspecified)","batch_as"
"9781782690269","The Letter for the King","Tonke Dragt (Author)","Not available, publisher indicates OP","batch_as"
"9781401232924","The Unwritten Vol. 4: Leviathan","Mike Carey","Not available (reason unspecified)","batch_as"
"9780241706152","A Thousand Perfect Lies","Monica Murphy","Cancelled","batch_as"
"9781800810082","Liberalism and Its Discontents","Francis Fukuyama","Not available, publisher indicates OP","batch_as"
"9781789093179","The Library of the Unwritten","A. J. Hackwith","No longer supplied by the supplier","batch_as"
"9781988538679","Life Hacks For Cats: Or How To Train Your Human","Grant Dyson","Not available (reason unspecified)","batch_as"
"9780760355640","The Life Harley-Davidson","Darwin Holmstrom","Not available, publisher indicates OP","batch_as"
"9781781576427","Life in 50mm: The Photographer's Lens","Tanya Nagar","Not available, publisher indicates OP","batch_as"
"9780241461839","Life on a Knife's Edge: A Brain Surgeon's Reflections on Life, Loss and Survival","Dr Rahul Jandial","Not available (reason unspecified)","batch_as"
"9781529108279","A Life on Our Planet: My Witness Statement and a Vision for the Future","David Attenborough","Not available (reason unspecified)","batch_as"
"9781760295691","Lifel1k3: Lifel1k3 1 (Lifelike: Lifelike 1)","Jay Kristoff","Not available, publisher indicates OP","batch_as"
"9781529069433","Life's Edge: The Search for What It Means to Be Alive","Carl Zimmer","No longer supplied by the supplier","batch_as"
"9781988538211","A Lifetime in Galapagos","Tui De Roy","Not available (reason unspecified)","batch_as"
"9781760858285","The Light After the War","Anita Abriel","Not available (reason unspecified)","batch_as"
"9780995109216","Light Cones","Peter Rawnsley","Not available (reason unspecified)","batch_as"
"9780008445355","The Light Eaters: The New Science of Plant Intelligence","Zoe Schlanger","Not available (reason unspecified)","batch_as"
"9782080201751","Light French Recipes: A Parisian Diet Cookbook","Jean-Michel Cohen","Not available, publisher indicates OP","batch_as"
"9781526647405","The Light in Everything: Shortlisted for the Yoto Carnegie Medal 2023","Katya Balen","Not available, publisher indicates OP","batch_as"
"9781788542524","Light It Up","Nick Petrie","Not available (reason unspecified)","batch_as"
"9780571336487","Light Perpetual: 'Heartbreaking . . . a boundlessly rich novel.' Telegraph","Francis Spufford (author)","Not available, publisher indicates OP","batch_as"
"9780571368730","Light Perpetual","Francis Spufford","Not available, publisher indicates OP","batch_as"
"9781913172664","The Light Pours Out of Me: The Authorised Biography of John McGeoch","Rory Sullivan-Burke","Not available (reason unspecified)","batch_as"
"9780241621240","The Light We Carry: Overcoming In Uncertain Times","Michelle Obama","Not available (reason unspecified)","batch_as"
"9780008332693","The Lightness","Emily Temple","Not available (reason unspecified)","batch_as"
"9780241468296","Like, Comment, Subscribe: Inside YouTube's Chaotic Rise to World Domination","Mark Bergen","Cancelled","batch_as"
"9781786896964","Like Flies from Afar","K. Ferrari","Not available, publisher indicates OP","batch_as"
"9781529073447","Lily's Promise: How I Survived Auschwitz and Found the Strength to Live","Lily Ebert","Not available, publisher indicates OP","batch_as"
"9781401960520","Limitless: Upgrade Your Brain, Learn Anything Faster, and Unlock Your Exceptional Life","Jim Kwik","Not available (reason unspecified)","batch_as"
"9780007323128","The Lion, the Witch and the Wardrobe (The Chronicles of Narnia, Book 2)","C. S. Lewis","Not available (reason unspecified)","batch_as"
"9781398534773","The Lion Women of Tehran: The life-affirming BBC Radio 2 Book Club pick","Marjan Kamali","Not available (reason unspecified)","batch_as"
"9780241676165","DK Top 10 Lisbon","DK Travel","Not available (reason unspecified)","batch_as"
"9780241612156","DK Lisbon","DK Travel","Not available (reason unspecified)","batch_as"
"9781529153309","The List of Suspicious Things","Jennie Godfrey","Not available (reason unspecified)","batch_as"
"9780008435448","Listen: How to Find the Words for Tender Conversations","Kathryn Mannix","Not available (reason unspecified)","batch_as"
"9781910709535","Little","Edward Carey","No longer supplied by the supplier","batch_as"
"9781474927468","Little Ballerina Dancing Book","Fiona Watt","Not available (reason unspecified)","batch_as"
"9780008259419","Little Black Book","Otegha Uwagba","Cancelled","batch_as"
"9780008245115","Little Black Book","Otegha Uwagba","Not available (reason unspecified)","batch_as"
"9781800070981","The Little Book for Plant Parents: Simple Tips to Help You Grow Your Own Urban Jungle","Felicity Hart","Not available, publisher indicates OP","batch_as"
"9781782811923","The Grand National","Julian Seaman","No longer supplied by the supplier","batch_as"
"9781800693401","The Little Book of Kiwiana","Orange Hippo!","No longer supplied by the supplier","batch_as"
"9780711253933","The Little Book of Orchids: Gems of Nature","Mark Chase","Not available, publisher indicates OP","batch_as"
"9782812313318","The Little Book of Paris","Dominique Foufelle","Not available (reason unspecified)","batch_as"
"9780711252691","The Little Book of Shells: Gems of Nature","M. G. Harasewych","Not available, publisher indicates OP","batch_as"
"9780593096000","The Little Engine That Could","Watty Piper","No longer supplied by the supplier","batch_as"
"9780593426432","The Little Engine That Could","Watty Piper","Not available (reason unspecified)","batch_as"
"9780300143324","A Little History of the World","E. H. Gombrich","Not available (reason unspecified)","batch_as"
"9781869715540","The Little Lambs' Great New Zealand Christmas Activity Book","Yvonne Mes","Awaiting reissue","batch_as"
"9781869714789","The Little Lambs' Great New Zealand Christmas Rescue","Yvonne Mes","Awaiting reissue","batch_as"
"9780008305741","Little Monsters","David Walliams","Not available (reason unspecified)","batch_as"
"9781836000808","Little People, BIG DREAMS: Advent Calendar Book Collection","Maria Isabel Sanchez Vegara","Not available, publisher indicates OP","batch_as"
"9781402714542","A Little Princess","Frances Hodgson Burnett","Not available (reason unspecified)","batch_as"
"9780141321127","A Little Princess","Frances Hodgson Burnett","Not available (reason unspecified)","batch_as"
"9781631062506","A Little Princess: Volume 8","Frances Hodgson Burnett","Not available, publisher indicates OP","batch_as"
"9781788162609","Lives of the Stoics: The Art of Living from Zeno to Marcus Aurelius","Ryan Holiday","Not available, publisher indicates OP","batch_as"
"9780947503901","Living Big in a Tiny House","Bryce Langston","Not available (reason unspecified)","batch_as"
"9780500501191","Living in the Landscape","Anna Johnson","Not available, publisher indicates OP","batch_as"
"9781988538129","Living on Shaky Ground: The Science and Story Behind New Zealand's Earthquakes Expanded and Updated Edition: 2019","Matthew Wright","Not available (reason unspecified)","batch_at"
"9780008477851","Living Planet: The Web of Life on Earth","David Attenborough","Not available (reason unspecified)","batch_at"
"9781760899967","The Living Sea of Waking Dreams","Richard Flanagan","Not available (reason unspecified)","batch_at"
"9780008551216","Living the Beatles Legend: On the Road with the Fab Four - The Mal Evans Story","Kenneth Womack","Not available (reason unspecified)","batch_at"
"9781460757178","Living With It: A Survivor's Guide to Overcoming Panic and Anxiety","Bev Aisbett","Not available (reason unspecified)","batch_at"
"9780241250365","Hannibal","Livy","Not available (reason unspecified)","batch_at"
"9781782409571","Lizards of the World: A Guide to Every Family","Mark O'Shea","No longer supplied by the supplier","batch_at"
"9781409577904","Llamas in Pyjamas","Russell Punter","Not available (reason unspecified)","batch_at"
"9781474950565","Llamas in Pyjamas","Russell Punter","Not available (reason unspecified)","batch_at"
"9780857335128","Lockheed F-117A Nighthawk Manual: 1981 to present","Paul F. Crickmore","Not available (reason unspecified)","batch_at"
"9781787015401","Lonely Planet Best of London 2020","Lonely Planet","Not available (reason unspecified)","batch_at"
"9780241619285","DK London","DK Travel","Not available (reason unspecified)","batch_at"
"9780241676301","DK Top 10 London","DK Travel","Not available (reason unspecified)","batch_at"
"9780241621059","DK Top 10 London","DK Travel","Not available (reason unspecified)","batch_at"
"9781910821084","London At War","Stephen Halliday","No longer supplied by the supplier","batch_at"
"9781786641168","London by Lamplight (Foiled Journal)","Flame Tree Studio","Not available (reason unspecified)","batch_at"
"9781888451986","London Noir","Cathi Unsworth","No longer supplied by the supplier","batch_at"
"9781847806895","London Through Time","Angela McAllister","Not available, publisher indicates OP","batch_at"
"9781988516097","Lone Wolf: How Emirates Team New Zealand stunned the world","Richard Gladwell","Not available, publisher indicates OP","batch_at"
"9781869402235","The Long Road to Teatime","Anna Jackson","Not available, publisher indicates OP","batch_at"
"9781474988766","Look and Find Puzzles Dinosaurs","Kirsteen Robson","Not available (reason unspecified)","batch_at"
"9780008358280","Look Up: Our story with the stars","Sarah Cruddas","Not available (reason unspecified)","batch_at"
"9781529151855","Looking After: A Portrait of My Autistic Brother","Caroline Elton","Cancelled","batch_at"
"9781787304161","Loot: An epic historical novel of plundered treasure and lasting love","Tania James","Not available (reason unspecified)","batch_at"
"9781035022380","The Lord God Made Them All","James Herriot","Cancelled","batch_at"
"9780008537760","The Lord of the Rings","J. R. R. Tolkien","Not available (reason unspecified)","batch_at"
"9780008537753","The Lord of the Rings Boxed Set","J. R. R. Tolkien","Not available (reason unspecified)","batch_at"
"9780241664803","DK Top 10 Los Angeles","DK Travel","Not available (reason unspecified)","batch_at"
"9781529000528","Lost & Found: Reflections on Grief, Gratitude and Happiness","Kathryn Schulz","Not available, publisher indicates OP","batch_at"
"9781471164910","The Lost City of Z: A Legendary British Explorer's Deadly Quest to Uncover the Secrets of the Amazon","David Grann","Not available (reason unspecified)","batch_at"
"9780995113664","Lost Gold: Ornithology of the subantarctic Auckland Islands","Colin Miskelly","Not available, publisher indicates OP","batch_at"
"9781250830166","The Lost Manuscript: A Novel","Cathy Bonidan","No longer supplied by the supplier","batch_at"
"9781405951289","The Lost Paths: A History of How We Walk From Here To There","Jack Cornish","Not available (reason unspecified)","batch_at"
"9780857524959","The Lost Pianos of Siberia: A Sunday Times Book of 2020","Sophy Roberts","Not available (reason unspecified)","batch_at"
"9780062991133","The Lost Shtetl: A Novel","Max Gross","Not available (reason unspecified)","batch_at"
"9781780899084","Lost Souls","Jonathan Kellerman","Not available (reason unspecified)","batch_at"
"9781781319222","Loud and Proud: LGBTQ+ Speeches that Empower and Inspire","Tea Uglow","Not available, publisher indicates OP","batch_at"
"9780008342623","Loud Black Girls: 20 Black Women Writers Ask: What's Next?","Yomi Adegoke","Not available (reason unspecified)","batch_at"
"9780857551931","Love Is My Favourite Thing: A Plumdog Story","Emma Chichester Clark","Not available (reason unspecified)","batch_at"
"9780645497212","Love, Oil And The Fortunes Of War","Paul Ashford Harris","Not available (reason unspecified)","batch_at"
"9781761221477","Love to Bake","The Australian Women's Weekly","Not available (reason unspecified)","batch_at"
"9780241505700","Love Triangle: The Life-changing Magic of Trigonometry","Matt Parker","Not available (reason unspecified)","batch_at"
"9781529019032","Lovecraft Country: TV Tie-In","Matt Ruff","No longer supplied by the supplier","batch_at"
"9780008304966","Lowly Worm's ABC","Richard Scarry","Not available (reason unspecified)","batch_at"
"9781529090444","Luckiest Girl Alive","Jessica Knoll (Author)","Not available, publisher indicates OP","batch_at"
"9780008654276","Lula Dean's Little Library of Banned Books","Kirsten Miller","Not available (reason unspecified)","batch_at"
"9781529073393","Luster","Raven Leilani","Not available, publisher indicates OP","batch_at"
"9781909621886","Macbeth","William Shakespeare","Not available, publisher indicates OP","batch_at"
"9781916316560","Macedonia - The Cookbook: Recipes from the Balkan Peninsula","Katarina Nitsou","Not available (reason unspecified)","batch_at"
"9781761221361","Made from Scratch","The Australian Women's Weekly","Not available (reason unspecified)","batch_at"
"9781529928570","Made Up, But Still True","Donald Sutherland","Cancelled","batch_at"
"9780241622322","DK Top 10 Madeira","DK Travel","Not available (reason unspecified)","batch_at"
"9781805301424","Madly, Deeply: The Alan Rickman Diaries","Alan Rickman","Not available, publisher indicates OP","batch_at"
"9780241566060","DK Madrid","DK Travel","Not available (reason unspecified)","batch_at"
"9781787017412","Lonely Planet Pocket Madrid","Lonely Planet","Not available (reason unspecified)","batch_at"
"9781838691905","Lonely Planet Pocket Madrid","Lonely Planet","Not available (reason unspecified)","batch_at"
"9780241615935","DK Top 10 Madrid","DK Travel","Not available (reason unspecified)","batch_at"
"9781847926111","Magdalena: River of Dreams","Wade Davis","Not available (reason unspecified)","batch_at"
"9781760875817","Magic Beach 30th Anniversary Edition","Alison Lester","Not available, publisher indicates OP","batch_at"
"9781405293600","The Magic Faraway Tree Collection (The Magic Faraway Tree)","Enid Blyton","Not available (reason unspecified)","batch_at"
"9780141365404","The Magic Finger","Roald Dahl","Not available (reason unspecified)","batch_at"
"9781761501142","The Magical Christmas Cookbook: Create the sparkle of European Christmas markets at home with 75 festive recipes","Murdoch Books","Not available (reason unspecified)","batch_at"
"9781631595134","Scratch & Create Magical Tarot: Scratch and Reveal 78 Original Art Tarot Cards","Marenthe Otten","Not available, publisher indicates OP","batch_at"
"9780007323135","The Magician's Nephew (The Chronicles of Narnia, Book 1)","C. S. Lewis","Not available (reason unspecified)","batch_at"
"9780571361441","Magnetic Field: The Marsden Poems","Simon Armitage","Not available, publisher indicates OP","batch_at"
"9780500420454","Magnum Photos: Travel Journal","Magnum Photos","Not available, publisher indicates OP","batch_at"
"9780008374952","Magpie","Elizabeth Day","Not available (reason unspecified)","batch_at"
"9780008435738","The Maid (A Molly the Maid mystery, Book 1)","Nita Prose","Not available (reason unspecified)","batch_at"
"9781869718282","Make It Make Sense: From Shit You Should Care About's Lucy Blakiston and Bel Hawkins","Bel Hawkins","Not available, publisher indicates OP","batch_at"
"9781783781553","Make It Scream, Make It Burn","Leslie Jamison","Not available, publisher indicates OP","batch_at"
"9781982157463","Make Russia Great Again: A Novel","Christopher Buckley","Not available (reason unspecified)","batch_at"
"9780804137638","Make Some Beer: Small-Batch Recipes from Brooklyn to Bamberg","Erica Shea","Not available (reason unspecified)","batch_at"
"9781869537111","Making Babies: The New Zealand Guide to Getting Pregnant","Dr. Mary Birdsall","Not available (reason unspecified)","batch_at"
"9781788161848","The Making of You: A Journey from Cell to Human","Katharina Vestre","Not available, publisher indicates OP","batch_at"
"9780241201978","Making Sense of Chaos: A Better Economics for a Better World","J. Doyne Farmer","Not available (reason unspecified)","batch_at"
"9781786574800","Lonely Planet Malaysia, Singapore & Brunei","Lonely Planet","Not available (reason unspecified)","batch_at"
"9781786331533","Malibu Rising: THE SUNDAY TIMES BESTSELLER AS SEEN ON TIKTOK","Taylor Jenkins Reid","Not available (reason unspecified)","batch_at"
"9781838691875","Lonely Planet Mallorca","Lonely Planet","Not available (reason unspecified)","batch_at"
"9781838777661","The Man in the Bunker: The bestselling spy thriller that asks what if Hitler had survived?","Rory Clements","Not available, publisher indicates OP","batch_at"
"9781914515279","Manchester PopOut Map","PopOut Maps","Not available (reason unspecified)","batch_at"
"9780008196035","Mandarin Chinese Pocket Dictionary: The perfect portable dictionary (Collins Pocket)","Collins Dictionaries","Not available (reason unspecified)","batch_at"
"9780241621936","Upcoming Title","Frederik L. Schodt","Not available (reason unspecified)","batch_at"
"9781250324115","Mangatopia: Cupcakes and Kitties","Maddie Morales","No longer supplied by the supplier","batch_at"
"9781888451955","Manhattan Noir","Lawrence Block","No longer supplied by the supplier","batch_at"
"9781933354576","Manhattan Noir 2","Lawrence Block","No longer supplied by the supplier","batch_at"
"9780008658687","Mania","Lionel Shriver","Not available (reason unspecified)","batch_at"
"9780241534991","Manifesto: A radically honest and inspirational memoir from the Booker Prize winning author of Girl, Woman, Other","Bernardine Evaristo","Not available (reason unspecified)","batch_at"
"9781869416560","Mansfield","C. K. Stead","Not available (reason unspecified)","batch_at"
"9781776560691","Mansfield and Me","Laing Sarah","Not available, publisher indicates OP","batch_at"
"9781626869738","Mansfield Park","Jane Austen","Not available (reason unspecified)","batch_at"
"9780732280079","The Manual of the Warrior of Light","Paulo Coelho","No longer supplied by the supplier","batch_au"
"9780063043220","Mapping Sam","Joyce Hesselberth","Not available (reason unspecified)","batch_au"
"9781529069372","Maps of Our Spectacular Bodies","Maddie Mortimer","No longer supplied by the supplier","batch_au"
"9781409157762","Maradona: The Boy. The Rebel. The God.","Guillem Balague","Awaiting reissue","batch_au"
"9781775537236","Marae - Te Tatau Pounamu: A Journey Around New Zealand's Meeting Houses","Muru Walters","Not available (reason unspecified)","batch_au"
"9781927305591","The Marae Visit","Rebecca Beyer","Not available (reason unspecified)","batch_au"
"9781529925654","Marigold Mind Laundry","Jungeun Yun","Not available (reason unspecified)","batch_au"
"9781607103165","Mark Twain: Five Novels","Mark Twain","Not available (reason unspecified)","batch_au"
"9781785788130","The Marmalade Diaries: The True Story of an Odd Couple","Ben Aitken","No longer supplied by the supplier","batch_au"
"9780008467319","Marple: Twelve New Stories","Agatha Christie","Not available (reason unspecified)","batch_au"
"9781617754739","Marrakech Noir","Yassin Adnan","No longer supplied by the supplier","batch_au"
"9781910218822","Marrakesh PopOut Map: Handy pocket size pop up city map of Marrakesh","PopOut Maps","Not available (reason unspecified)","batch_au"
"9780241447178","The Marriage Question: George Eliot's Double Life","Clare Carlisle","Not available (reason unspecified)","batch_au"
"9781626720831","The Mars Challenge","Alison Wilgus","No longer supplied by the supplier","batch_au"
"9781035026074","Martyr!","Kaveh Akbar","No longer supplied by the supplier","batch_au"
"9780785835448","Marvel: The Expanding Universe Wall Chart","Michael Mallory","Not available, publisher indicates OP","batch_au"
"9780241357552","Marvel Encyclopedia","Stephen Wiacek","Not available (reason unspecified)","batch_au"
"9781471197000","Masked Prey: Lucas Davenport 29","John Sandford","Not available (reason unspecified)","batch_au"
"9781509870530","The Master","Colm Toibin","Not available, publisher indicates OP","batch_au"
"9781684620203","The Master Guide to Drawing Anime: 5-Minute Characters: Super-Simple Lessons from the Best-Selling Series","Christopher Hart","No longer supplied by the supplier","batch_au"
"9781684620364","The Master Guide to Drawing Anime: Expressions & Poses: Figure Drawing Essentials for the Aspiring Artist","Christopher Hart","No longer supplied by the supplier","batch_au"
"9781936096862","The Master Guide to Drawing Anime: How to Draw Original Characters from Simple Templates","Christopher Hart","No longer supplied by the supplier","batch_au"
"9781684620012","Master Guide to Drawing Anime, The: Romance: How to Draw the Popular Character Types Step by Step","Christopher Hart","No longer supplied by the supplier","batch_au"
"9781640210233","The Master Guide to Drawing Anime: Tips & Tricks: Over 100 Essential Techniques to Sharpen Your Skills","Christopher Hart","No longer supplied by the supplier","batch_au"
"9781804183632","Master Slave Husband Wife: An epic journey from slavery to freedom - WINNER OF THE PULITZER PRIZE FOR BIOGRAPHY","Ilyon Woo","Not available, publisher indicates OP","batch_au"
"9781646693931","Mastering Maths Basics Book 1 Wipe Clean OP","Kool Katie","Not available (reason unspecified)","batch_au"
"9781646693948","Mastering Maths Basics Book 2 Wipe Clean OP","Kool Katie","Not available (reason unspecified)","batch_au"
"9780749024031","The Mathematical Bridge: A Cambridge Wartime Mystery","Jim Kelly (Author)","Not available, publisher indicates OP","batch_au"
"9780141361604","Matilda","Roald Dahl","Not available (reason unspecified)","batch_au"
"9781849762984","Tate Introductions: Matisse","Juliette Rizzi","Not available, publisher indicates OP","batch_au"
"9781761043406","Maude Horton's Glorious Revenge","Lizzie Pook","Awaiting reissue","batch_au"
"9780995113626","Maui's Taonga Tales: A Treasury of Stories from Aotearoa and the Pacific","David Brechin-Smith","Not available, publisher indicates OP","batch_au"
"9780141379661","Max the Brave","Ed Vere","Not available (reason unspecified)","batch_au"
"9781785789199","Max Verstappen: Born to Race: A Biography","James Gray","No longer supplied by the supplier","batch_au"
"9781785788574","Max Verstappen: A Biography. New edition covering Verstappen's World Championship victory","James Gray","No longer supplied by the supplier","batch_au"
"9781439726532","Maya Blue Address Book","Paperblanks","Not available (reason unspecified)","batch_au"
"9780007482856","Maya's Notebook","Isabel Allende","Not available (reason unspecified)","batch_au"
"9781788884389","The Mayor of Casterbridge","Thomas Hardy","Not available, publisher indicates OP","batch_au"
"9781529916782","Me vs Brain: An Overthinker's Guide to Life","Hayley Morris","Not available (reason unspecified)","batch_au"
"9781529038972","The Meaning of Mariah Carey","Mariah Carey","Not available, publisher indicates OP","batch_au"
"9780198835400","The Meaning of Travel: Philosophers Abroad","Emily Thomas (Associate Professor, Durham University)","Not available (reason unspecified)","batch_au"
"9780571228935","Meanwhile in Dopamine City: Shortlisted for the Goldsmiths Prize 2020","DBC Pierre","Not available, publisher indicates OP","batch_au"
"9781988550077","Medical Cannabis: A Brief Guide For New Zealanders","Shaun Dr Holt","Not available (reason unspecified)","batch_au"
"9781592336265","Meditate, A Guided Journal: Beat Stress, Improve Health, and Create Happiness","Martin Hart","Not available, publisher indicates OP","batch_au"
"9780785839989","Meditations","Marcus Aurelius","Not available, publisher indicates OP","batch_au"
"9780241723791","Meetings With Remarkable Animals","Martin Clunes","Not available (reason unspecified)","batch_au"
"9780008499723","Megamonster","David Walliams","Not available (reason unspecified)","batch_au"
"9780731932290","Melbourne City Pocket Map 360 18th ed","UBD Gregory's","Not available (reason unspecified)","batch_au"
"9781838951320","Memorial","Bryan Washington","Not available, publisher indicates OP","batch_au"
"9780374207922","Men on Horseback: The Power of Charisma in the Age of Revolution","David A. Bell","Not available, publisher indicates OP","batch_au"
"9781471152269","Men Who Hate Women: From incels to pickup artists, the truth about extreme misogyny and how it affects us all","Laura Bates","Not available (reason unspecified)","batch_au"
"9781909397422","Merchant & Mills Workbook: A collection of versatile sewing patterns for an elegant all season wardrobe","Merchant & Mills","Not available (reason unspecified)","batch_au"
"9781909621893","The Merchant of Venice","William Shakespeare","Not available, publisher indicates OP","batch_au"
"9781800750692","Mercia's Take: Winner of the Betty Trask Prize 2023","Daniel Wiles","Not available, publisher indicates OP","batch_au"
"9781529005134","The Mercies","Kiran Millwood Hargrave","Not available, publisher indicates OP","batch_au"
"9780241670460","The Met Collector's Sticker Anthology","DK","Cancelled","batch_au"
"9781800812741","Metamorphoses: In Search of Franz Kafka","Karolina Watroba","Not available, publisher indicates OP","batch_au"
"9780241514764","Metamorphosis: Selected Stories","Penelope Lively","Not available (reason unspecified)","batch_au"
"9780008321208","Metazoa: Animal Minds and the Birth of Consciousness","Peter Godfrey-Smith","Not available (reason unspecified)","batch_au"
"9781951709044","Miami Midnight","Alex Segura","No longer supplied by the supplier","batch_au"
"9781910218082","Miami PopOut Map","PopOut Maps","Not available (reason unspecified)","batch_au"
"9788874390366","Michelangelo","Paul Joannides","Not available (reason unspecified)","batch_au"
"9781398709430","Midnight and Blue: The Instant Number 1 Sunday Times bestseller - 'Unmissable' (Mick Herron)","Ian Rankin","Not available, publisher indicates OP","batch_au"
"9780008450663","Midnight in Everwood","M.A. Kuzniar","Not available (reason unspecified)","batch_au"
"9781786892720","The Midnight Library","Matt Haig","Not available, publisher indicates OP","batch_au"
"9781447218432","The Midnight Rose","Lucinda Riley","No longer supplied by the supplier","batch_au"
"9780241552117","The Midnighters","Hana Tooke","Not available (reason unspecified)","batch_au"
"9781302954284","Mighty Marvel Masterworks: Daredevil Vol. 3 - Unmasked","Stan Lee","Not available (reason unspecified)","batch_au"
"9781576877760","Mike Tyson: 1981-1991","Lori Grinker","No longer supplied by the supplier","batch_au"
"9780553241600","Mila 18: A Novel","Leon Uris","Not available (reason unspecified)","batch_au"
"9781665930949","Miles Morales Suspended: A Spider-Man Novel","Jason Reynolds","Not available (reason unspecified)","batch_au"
"9781838950583","Milk Blood Heat","Dantiel W. Moniz","Not available, publisher indicates OP","batch_au"
"9781837731015","The Milky Way Smells of Rum and Raspberries: ...And Other Amazing Cosmic Facts","Jillian Scudder","No longer supplied by the supplier","batch_au"
"9781785789267","The Milky Way Smells of Rum and Raspberries: ...And Other Amazing Cosmic Facts","Jillian Scudder","No longer supplied by the supplier","batch_au"
"9781529066319","Milo Imagines The World","Matt de la Pena","Not available, publisher indicates OP","batch_au"
"9780008585846","Skulduggery Pleasant (16) - A Mind Full of Murder","Derek Landy","Not available (reason unspecified)","batch_au"
"9780711252875","Mindful Thoughts for Artists: Finding flow & creating calm","Georgina Hooper","Not available, publisher indicates OP","batch_au"
"9781782407706","Mindfulness & the Art of Drawing: A Creative Path to Awareness","Wendy Ann Greenhalgh","Not available, publisher indicates OP","batch_au"
"9781782407584","The Mindfulness in Knitting: Meditations on Craft and Calm","Rachael Matthews","Not available, publisher indicates OP","batch_au"
"9781782409977","Mindfulness in Sound: Tune in to the world around us","Mark Tanner","Not available, publisher indicates OP","batch_au"
"9781405294522","Minecraft for Beginners","Mojang AB","Not available (reason unspecified)","batch_au"
"9781509828036","The Ministry of Fear","Graham Greene","Not available, publisher indicates OP","batch_au"
"9780008310578","The Miracle of Vinegar: 150 easy recipes and uses for home, health and beauty","Emma Marsden","Not available (reason unspecified)","batch_au"
"9781760894320","Mirror Man","Fiona McIntosh","Not available (reason unspecified)","batch_au"
"9780063047518","Mirror to Mirror","Rajani LaRocca","Not available (reason unspecified)","batch_au"
"9780008439910","Mirrors of Greatness: Churchill and the Leaders Who Shaped Him","David Reynolds","Not available (reason unspecified)","batch_au"
"9781785120770","Misbelief: What Makes Rational People Believe Irrational Things","Dan Ariely","Not available, publisher indicates OP","batch_au"
"9781529148251","Misfits: A Personal Manifesto - by the creator of 'I May Destroy You'","Michaela Coel","Not available (reason unspecified)","batch_au"
"9780857521996","Miss Benson's Beetle: An uplifting story of female friendship against the odds","Rachel Joyce","Not available (reason unspecified)","batch_au"
"9780241610657","Miss Peregrine's Museum of Wonders: An Indispensable Guide to the Dangers and Delights of the Peculiar World for the Instruction of New Arrivals","Ransom Riggs","Not available (reason unspecified)","batch_au"
"9780241586921","The Missing Family","Tim Weaver","Not available (reason unspecified)","batch_au"
"9781838852320","Missionaries","Phil Klay","Not available, publisher indicates OP","batch_au"
"9781529075649","The Misunderstandings of Charity Brown","Elizabeth Laird","No longer supplied by the supplier","batch_av"
"9781419726620","Mitten Handbook: Knitting Recipes to Make Your Own","Mary Scott Huff","Not available, publisher indicates OP","batch_av"
"9781626860575","Moby-Dick","Herman Melville","Not available (reason unspecified)","batch_av"
"9780241672457","The Modern Fairies","Clare Pollard","Not available (reason unspecified)","batch_av"
"9781787135383","The Modern Preserver's Kitchen: Cooking with Jam, Chutney, Pickles and Ferments","Kylee Newton","Not available (reason unspecified)","batch_av"
"9780008311872","A Modern Way to Eat: Over 200 satisfying vegetarian recipes that will make you feel amazing","Anna Jones","Not available (reason unspecified)","batch_av"
"9780823448319","Monarch Butterfly (New & Updated)","Gail Gibbons","Not available (reason unspecified)","batch_av"
"9781847927514","Moneta: A History of Ancient Rome in Twelve Coins","Gareth Harney","Not available (reason unspecified)","batch_av"
"9781838951337","Money: The True Story of a Made-Up Thing","Jacob Goldstein","Not available, publisher indicates OP","batch_av"
"9781787635050","Money Men: A Hot Startup, A Billion Dollar Fraud, A Fight for the Truth","Dan McCrum","Not available (reason unspecified)","batch_av"
"9781804440506","Mongrel: 'So beautiful ... It must be read' - LISA TADDEO","Hanako Footman","Not available, publisher indicates OP","batch_av"
"9781529027785","Monkey Puzzle 20th Anniversary Edition","Julia Donaldson","Not available, publisher indicates OP","batch_av"
"9781787416895","Monstrous Book Of Monsters","Jonny Duddle","Not available, publisher indicates OP","batch_av"
"9781922539052","Moo: A book of happiness for cow lovers","Angus St. John Galloway","Not available, publisher indicates OP","batch_av"
"9781760631611","Moo and Moo and Can You Guess Who?","Jane Millton","Not available, publisher indicates OP","batch_av"
"9781869621056","Moody Bitch: Poems of the Last Two Decades","Stephanie Johnson","Not available (reason unspecified)","batch_av"
"9780241718896","More and More and More: An All-Consuming History of Energy","Jean-Baptiste Fressoz","Not available (reason unspecified)","batch_av"
"9781405266734","More and More Ant and Bee (Ant and Bee)","Angela Banner","Not available (reason unspecified)","batch_av"
"9781776890392","More Retro Caravans: Vantastic Kiwi Collections","Don Jessen","Not available (reason unspecified)","batch_av"
"9781923004023","More than Holden Our Own: 75 Year Anniversary Edition","William James Holden","Not available (reason unspecified)","batch_av"
"9780861546763","Morgan Is My Name: The sensational retelling of Arthurian legend","Sophie Keetch","Not available, publisher indicates OP","batch_av"
"9781408762967","Morris Windrush (William Morris) A4 Unlined Cahier","Paperblanks","Awaiting reissue","batch_av"
"9781408763032","Morris Windrush (William Morris) A6 Dot-Grid Cahier","Paperblanks","Awaiting reissue","batch_av"
"9781408763018","Morris Windrush (William Morris) A6 Lined Cahier","Paperblanks","Awaiting reissue","batch_av"
"9781408763025","Morris Windrush (William Morris) A6 Unlined Cahier","Paperblanks","Awaiting reissue","batch_av"
"9781788702942","Mortimer & Whitehouse: Gone Fishing: The Comedy Classic","Bob Mortimer","Not available, publisher indicates OP","batch_av"
"9781800754096","Moscow X","David McCloskey","Not available, publisher indicates OP","batch_av"
"9781787634541","Mosquito: The RAF's Legendary Wooden Wonder and its Most Extraordinary Mission","Rowland White","Not available (reason unspecified)","batch_av"
"9780500510872","The Most Beautiful Country Towns of Provence","Helena Attlee","Not available, publisher indicates OP","batch_av"
"9780500019351","The Most Beautiful Villages of Brittany","James Bentley","Not available, publisher indicates OP","batch_av"
"9780500510728","The Most Beautiful Villages of Normandy","Hugh Palmer","Not available, publisher indicates OP","batch_av"
"9780241514597","The Most Dammed Country in the World","Dai Qing","Not available (reason unspecified)","batch_av"
"9781529019582","The Most Precious of Cargoes: A Fable of the Holocaust","Jean-Claude Grumberg","No longer supplied by the supplier","batch_av"
"9781847923561","A Most Remarkable Creature: The Hidden Life and Epic Journey of the World's Smartest Bird of Prey","Jonathan Meiburg","Not available (reason unspecified)","batch_av"
"9781776890170","Motherfood: The Science, Art and Practice of  Nourishing Maternal Foodways","Vanessa Clarkson","Not available (reason unspecified)","batch_av"
"9781035025015","A Mother's Courage: How I survived the Holocaust - a remarkable story of bravery, kindness and hope","Malka Levine","No longer supplied by the supplier","batch_av"
"9780241651421","The Motorbike Book: The Definitive Visual History","DK","Not available (reason unspecified)","batch_av"
"9781405394406","The Motorbike Book: The Definitive Visual History","DK","No longer supplied by the supplier","batch_av"
"9781838666569","The Motorcycle: Design, Art, Desire","Charles M Falco","Awaiting reissue","batch_av"
"9781743547397","The Mountain Shadow","Gregory David Roberts","Not available, publisher indicates OP","batch_av"
"9781838853686","A Mouse Called Miika","Matt Haig","Not available, publisher indicates OP","batch_av"
"9781788164610","Move!: The New Science of Body Over Mind","Caroline Williams","Not available, publisher indicates OP","batch_av"
"9780994117236","Mr Clean & the Junkie","Jennifer Compton","No longer supplied by the supplier","batch_av"
"9780241454671","Mr Wilder and Me","Jonathan Coe","Not available (reason unspecified)","batch_av"
"9780008421724","Mrs March","Virginia Feito","Not available (reason unspecified)","batch_av"
"9780241638552","Mrs Quinn's Rise to Fame","Olivia Ford","Not available (reason unspecified)","batch_av"
"9780733649042","Mrs Winterbottom Takes a Gap Year","Joanna Nell","Not available, publisher indicates OP","batch_av"
"9780241558249","Mrs Wordsmith Vocabularious Card Game. Ages 7-11 (Key Stage 2) (UK): + 3 Months of Word Tag Video Game","Mrs Wordsmith","Not available (reason unspecified)","batch_av"
"9781419710124","Much Loved","Mark Nixon","Not available, publisher indicates OP","batch_av"
"9781529003390","Mum & Dad","Joanna Trollope","Not available, publisher indicates OP","batch_av"
"9781439763926","Mumtaz Mini Lined Hardcover Journal","Paperblanks","Awaiting reissue","batch_av"
"9781787467996","Munich","Robert Harris","Not available (reason unspecified)","batch_av"
"9780241612484","DK Top 10 Munich","DK Travel","Not available (reason unspecified)","batch_av"
"9780571381166","Munichs: 'Absolutely gripping.' The Times, 'Best books of 2024'","David Peace (Author)","Not available, publisher indicates OP","batch_av"
"9781538161289","Muppets in Moscow: The Unexpected Crazy True Story of Making Sesame Street in Russia","Natasha Lance Rogoff","No longer supplied by the supplier","batch_av"
"9780241733448","Murder in the Dressing Room","Holly Stars","Not available (reason unspecified)","batch_av"
"9780008538767","Murder in the Family","Cara Hunter","Not available (reason unspecified)","batch_av"
"9781838776190","Murder Most Royal: The royally brilliant murder mystery from the author of THE WINDSOR KNOT","Sophia Bennett","Not available, publisher indicates OP","batch_av"
"9781529902204","Murder on Lake Garda","Tom Hindle","Not available (reason unspecified)","batch_av"
"9781250372864","Murder Rewind: Death at Blockbuster: Minute Mysteries Set in the 1990s","S. K. Doyle","Cancelled","batch_av"
"9781472291684","Murder Under Her Skin: an irresistible murder mystery from the acclaimed author of Fortune Favours the Dead","Stephen Spotswood","Not available, publisher indicates OP","batch_av"
"9781368043885","#murderfunding","Gretchen McNeil","Not available (reason unspecified)","batch_av"
"9780241651346","Murtagh: The World of Eragon","Christopher Paolini","Not available (reason unspecified)","batch_av"
"9781474918985","Musical Nursery Rhymes","Felicity Brooks","Not available (reason unspecified)","batch_av"
"9781784745370","My Battle of Hastings: Chronicle of a Year by the Sea","Xiaolu Guo","Not available (reason unspecified)","batch_av"
"9780500651582","My Dad is My Uncle's Brother","Joe Lyward","Not available, publisher indicates OP","batch_av"
"9780143775645","My Elephant Is Blue","Melinda Szymanik","Awaiting reissue","batch_av"
"9780785839101","My Father's Life: Dad, I Want to Know Everything About You - Give to Your Father to Fill in with His Memories and Return to You as a Keepsake: Volume 11","Editors of Chartwell Books","Not available, publisher indicates OP","batch_av"
"9781786178657","My First Book of Bedtime Stories","Belinda Gallagher","Not available, publisher indicates OP","batch_av"
"9781474943604","My First Computer Coding Book Using ScratchJr","Rosie Dickins","Not available (reason unspecified)","batch_av"
"9780711275218","My First Dinosaurs","Margaux Carpentier","Not available, publisher indicates OP","batch_av"
"9781786032584","Ella Fitzgerald: My First Ella Fitzgerald: Volume 11","Maria Isabel Sanchez Vegara","Not available, publisher indicates OP","batch_av"
"9780711275232","My First Farm Animals","Margaux Carpentier","Not available, publisher indicates OP","batch_av"
"9780008445584","My Fourth Time, We Drowned: Seeking Refuge on the World's Deadliest Migration Route","Sally Hayden","Not available (reason unspecified)","batch_av"
"9781846047442","My Friend Anne Frank: The Inspiring and Heartbreaking True Story of Best Friends Torn Apart and Reunited Against All Odds","Hannah Pick-Goslar","Not available (reason unspecified)","batch_av"
"9781849750899","My Gardening Journal","Ryland Peters & Small (Ryland Peters & Small)","Not available (reason unspecified)","batch_av"
"9781925865646","My Indian Kitchen","Sarah Todd","Not available (reason unspecified)","batch_av"
"9780947503680","My Indian Kitchen: Delicious recipes for New Zealand cooks","Ashia Ismail-Singer","Not available (reason unspecified)","batch_av"
"9781869714581","My Kiwi Christmas","Donovan Bixley","Awaiting reissue","batch_av"
"9780008339678","My Life as a Rat","Joyce Carol Oates","Not available (reason unspecified)","batch_av"
"9781474618250","My Life in Red and White: The Sunday Times Number One Bestselling Autobiography","Arsene Wenger","Not available, publisher indicates OP","batch_av"
"9780785840374","My Life Story - Second Edition: My Memories of the Past, Present, and Thoughts for the Future: Volume 35","Editors of Chartwell Books","Not available, publisher indicates OP","batch_av"
"9781647228156","My Little Bento Box: Colors, Shapes, Numbers","Insight Kids","Not available (reason unspecified)","batch_av"
"9780571365890","My Mess Is a Bit of a Life: Adventures in Anxiety","Georgia Pritchett","Not available, publisher indicates OP","batch_av"
"9781988538167","My Mini Could Tow That!: A Collection of Teardrops and Tiny Caravans","Don Jessen","Not available (reason unspecified)","batch_av"
"9781988547213","My Mother and Other Secrets","Wendyl Nissen","Not available, publisher indicates OP","batch_av"
"9780648256724","My Shining Star","Robina Haines","No longer supplied by the supplier","batch_av"
"9781633220843","My Sunflower: Watch me bloom, from seed to sunflower, a pop-up book","Martin Taylor","Not available, publisher indicates OP","batch_av"
"9780241632321","My Very Important Lift-the-Flap Book: Animals: With More Than 80 Flaps to Lift","DK","Not available (reason unspecified)","batch_av"
"9781849754477","My Wedding Journal: A Bride's Keepsake to Treasure","Ryland Peters & Small (Ryland Peters & Small)","Not available (reason unspecified)","batch_av"
"9780500650905","My Worst Book Ever!","Allan Ahlberg","Not available, publisher indicates OP","batch_aw"
"9780785838364","Mysteries in History: A Journey Through the Great Unanswered Questions of Our Time","Editors of Chartwell Books","Not available, publisher indicates OP","batch_aw"
"9781781319581","Mystical Places: Volume 4","Sarah Baxter","Not available, publisher indicates OP","batch_aw"
"9781785042720","The Myth of Normal: Trauma, Illness & Healing in a Toxic Culture","Gabor Mate","Not available (reason unspecified)","batch_aw"
"9780785838418","Mythology: Who's Who in Greek and Roman Mythology","E.M. Berens","Not available, publisher indicates OP","batch_aw"
"9780241296929","Myths, Legends, and Sacred Stories: A Children's Encyclopedia","DK","Not available (reason unspecified)","batch_aw"
"9781529327991","Nala's World: One man, his rescue cat and a bike ride around the globe","Dean Nicholson","Not available, publisher indicates OP","batch_aw"
"9780062084194","Fancy Nancy: Nancy Clancy, Super Sleuth","Jane O'Connor","Not available (reason unspecified)","batch_aw"
"9780143790747","The Narrow Road to the Deep North","Richard Flanagan","Not available (reason unspecified)","batch_aw"
"9780760373149","NASA Missions to Mars: A Visual History of Our Quest to Explore the Red Planet","Piers Bizony","Not available, publisher indicates OP","batch_aw"
"9780994106568","Native Bird","Bryan Walpert","Not available (reason unspecified)","batch_aw"
"9781912081431","A Naturalist's Guide to the Birds of New Zealand","Oscar Thomas","Not available (reason unspecified)","batch_aw"
"9781637740347","Nature Wants Us to Be Fat: The Surprising Science Behind Why We Gain Weight and and How We Can Prevent - and Reverse - It","Richard Johnson","No longer supplied by the supplier","batch_aw"
"9781473603349","The Navigator's Children: The epic conclusion to the groundbreaking Last King of Osten Ard series","Tad Williams","Not available, publisher indicates OP","batch_aw"
"9781936096909","Neck Effects: 30 Scarves, Wraps, & Cowls to Knit for Now Featuring Cascade Yarns (R) Heritage","Sixth&Spring Books","Not available (reason unspecified)","batch_aw"
"9781921966101","The Nek: A Gallipoli Tragedy","Peter Burness (Senior Historian, Australian War Memorial)","Not available, publisher indicates OP","batch_aw"
"9781787550605","Nel Whatmore: Tender Loving Care (Foiled Pocket Journal)","Flame Tree Studio","Not available, publisher indicates OP","batch_aw"
"9780241396568","Ness","Robert Macfarlane","Not available (reason unspecified)","batch_aw"
"9780734418999","Nevermoor: The Trials of Morrigan Crow: Nevermoor 1","Jessica Townsend","Awaiting reissue","batch_aw"
"9781800753914","The New China Playbook: Beyond Socialism and Capitalism","Keyu Jin","Not available, publisher indicates OP","batch_aw"
"9780241352465","The New Complete Book of Self-Sufficiency: The Classic Guide for Realists and Dreamers","John Seymour","Not available (reason unspecified)","batch_aw"
"9780241618608","DK New England","DK Travel","Not available (reason unspecified)","batch_aw"
"9781444932157","CHERUB: New Guard: Book 17","Robert Muchamore","Not available, publisher indicates OP","batch_aw"
"9781617755415","New Haven Noir: Akashic Noir","Amy Bloom","No longer supplied by the supplier","batch_aw"
"9780241554951","The New Leviathans: Thoughts After Liberalism","John Gray","Not available (reason unspecified)","batch_aw"
"9780241662632","DK New Orleans","DK Travel","Not available (reason unspecified)","batch_aw"
"9780241662670","DK Top 10 New Orleans","DK Travel","Not available (reason unspecified)","batch_aw"
"9781776561889","The New Ships","Kate Duignan","Not available, publisher indicates OP","batch_aw"
"9780241676318","DK Top 10 New York City","DK Travel","Not available (reason unspecified)","batch_aw"
"9781786570673","Lonely Planet New York City","Lonely Planet","Not available (reason unspecified)","batch_aw"
"9781250757685","The New York Times Hello, My Name Is Sunday: 50 Sunday Crossword Puzzles","The New York Times","Not available, publisher indicates OP","batch_aw"
"9781910218662","New York Transit PopOut Map","PopOut Maps","Not available (reason unspecified)","batch_aw"
"9780241675083","DK New Zealand","DK Travel","Not available (reason unspecified)","batch_aw"
"9780241365410","DK New Zealand","","Not available (reason unspecified)","batch_aw"
"9781786570796","Lonely Planet New Zealand","Lonely Planet","Not available (reason unspecified)","batch_aw"
"9781787016033","Lonely Planet New Zealand","Lonely Planet","Not available (reason unspecified)","batch_aw"
"9780947503598","New Zealand - Rob Suisted Pkt","Rob Suisted","Not available (reason unspecified)","batch_aw"
"9781869664916","New Zealand Adventures by Rail","Denis Dwyer","Not available, publisher indicates OP","batch_aw"
"9781990003714","New Zealand at the Beach","Terry Moyle","Not available, publisher indicates OP","batch_aw"
"9781869662356","New Zealand Birds To Read, Colour & Keep","Dave Gunson","Not available, publisher indicates OP","batch_aw"
"9781988538495","New Zealand Coastlines","Darryl Torckler","Not available (reason unspecified)","batch_aw"
"9780864735485","New Zealand in World Affairs IV: 1990-2005","Roderic Alley (ed.)","Not available, publisher indicates OP","batch_aw"
"9781869664633","New Zealand On Canvas (Compact Edition)","Denis Robinson","Not available, publisher indicates OP","batch_aw"
"9781869402976","New Zealand Painting: A Concise History","Michael Dunn","Not available, publisher indicates OP","batch_aw"
"9781869404253","New Zealand Sculpture: A History Updated","Michael Dunn","Not available, publisher indicates OP","batch_aw"
"9781786570833","Lonely Planet New Zealand's North Island","Lonely Planet","Not available (reason unspecified)","batch_aw"
"9781786570826","Lonely Planet New Zealand's South Island","Lonely Planet","Not available (reason unspecified)","batch_aw"
"9781988550312","New Zealands Backyard Birds HB","Ned Barraud","Not available (reason unspecified)","batch_aw"
"9781786570888","Lonely Planet New Zealand's Best Trips","Lonely Planet","Not available (reason unspecified)","batch_aw"
"9780143771432","New Zealand's Great Walks: The Complete Guide","Paul Hersey","Not available (reason unspecified)","batch_aw"
"9780063011953","News of the World Movie Tie-in: A Novel","Paulette Jiles","Not available (reason unspecified)","batch_aw"
"9780008474324","Next in Line (William Warwick Novels)","Jeffrey Archer","Not available (reason unspecified)","batch_aw"
"9780994117168","Nga Ahua: 2017","Sharon Holt","Not available (reason unspecified)","batch_aw"
"9780143504825","Nga Taniwha i te Whanga-nui-a-tara","Moira Wairama","Awaiting reissue","batch_aw"
"9781910218570","Nice & Cannes PopOut Map","PopOut Maps","Not available (reason unspecified)","batch_aw"
"9780714862262","Nicholas and the Gang","Rene Goscinny","No longer supplied by the supplier","batch_aw"
"9780008389666","Nick and Charlie: TikTok made me buy it! The teen bestseller from the YA Prize winning author and creator of Netflix series HEARTSTOPPER (A Heartstopper novella)","Alice Oseman","Not available (reason unspecified)","batch_aw"
"9781869662097","Nics New Zealand Nature: Invaders","Nic Vallance & Rod Morris","Not available, publisher indicates OP","batch_aw"
"9781612198125","Nietzsche and the Burbs","Lars Iyer","Not available (reason unspecified)","batch_aw"
"9781509882212","The Night Before Christmas in Wonderland","Carys Bexington","No longer supplied by the supplier","batch_aw"
"9781471171543","The Night I Met Father Christmas: The Christmas classic from bestselling author Ben Miller","Ben Miller","Not available (reason unspecified)","batch_aw"
"9781920727765","The Night Letters","Denise Leith","Not available (reason unspecified)","batch_aw"
"9780241337219","The Night Manager","John le Carre","Not available (reason unspecified)","batch_aw"
"9781529075083","Night Night Sleep Tight: Farm Animals","Lucy Rowland","No longer supplied by the supplier","batch_aw"
"9781529075090","Night Night Sleep Tight: Jungle Animals","Lucy Rowland","No longer supplied by the supplier","batch_aw"
"9781529435863","The Night of the Scourge: The Sister Bells Trilogy Vol. 3","Lars Mytting","Awaiting reissue","batch_aw"
"9781805221210","Night Swimmers: The Irish cult hit novel of 2025 for fans of Claire Keegan","Roisin Maguire","Not available, publisher indicates OP","batch_aw"
"9781784877767","Night Train to the Stars: beloved, enigmatic Japanese folk tales","Kenji Miyazawa","Not available (reason unspecified)","batch_aw"
"9781785852930","Rivers of London Volume 2: Night Witch","Ben Aaronovitch","No longer supplied by the supplier","batch_aw"
"9781529010398","Nightshift","Kiare Ladner","Not available, publisher indicates OP","batch_aw"
"9780241436523","Nineteen Eighty-Four: The Graphic Novel","George Orwell","Not available (reason unspecified)","batch_aw"
"9781913123161","Ning and the Night Spirits","Adriena Fong","No longer supplied by the supplier","batch_aw"
"9780689871313","The Nixie's Song: Volume 1","Holly Black","Not available (reason unspecified)","batch_aw"
"9780701636296","No Big Drama: Short Drama Scripts for Junior Secondary: Short Playscripts for Junior Secondary","Richard Yaxley","Not available (reason unspecified)","batch_aw"
"9780143137504","No Longer Human: (Penguin Classics Deluxe Edition)","Osamu Dazai","Not available (reason unspecified)","batch_aw"
"9781786899972","No One Round Here Reads Tolstoy: Memoirs of a Working-Class Reader","Mark Hodkinson","Not available, publisher indicates OP","batch_aw"
"9780753553664","No Rules Rules: Netflix and the Culture of Reinvention","Reed Hastings","Not available (reason unspecified)","batch_aw"
"9781592339914","No-Waste Save-the-Planet Vegan Cookbook: 100 Plant-Based Recipes and 100 Kitchen-Tested Tips for Waste-Free Meatless Cooking","Celine Steen","Not available, publisher indicates OP","batch_aw"
"9781804090558","No Worries: How to live a stress free financial life","Jared Dillian","No longer supplied by the supplier","batch_aw"
"9781760995072","Nock Loose: Game of Thrones meets Wake in Fright meets Kill Bill meets The Simpsons","Patrick Marlborough","Not available (reason unspecified)","batch_aw"
"9781439722053","Nocturnelle Grande Lined Hardcover Journal","Paperblanks","Awaiting reissue","batch_aw"
"9780008309008","Noise","Daniel Kahneman","Not available (reason unspecified)","batch_aw"
"9780241522318","Nomad Century: How to Survive the Climate Upheaval","Gaia Vince","Not available (reason unspecified)","batch_aw"
"9780008601713","Normal Women: 900 Years of Making History","Philippa Gregory","Not available (reason unspecified)","batch_ax"
"9781406361841","Norse Myths: Tales of Odin, Thor and Loki","Kevin Crossley-Holland","Not available, publisher indicates OP","batch_ax"
"9781471151262","The North Water: 'A tour de force' - Hilary Mantel","Ian McGuire","Not available (reason unspecified)","batch_ax"
"9781909621671","Northanger Abbey","Jane Austen","Not available, publisher indicates OP","batch_ax"
"9780553538632","The Nose Book","Al Perkins","Not available (reason unspecified)","batch_ax"
"9781761500206","Not Just Jam: The Fat Pig Farm book of preserves, pickles & sauces","Matthew Evans","Not available (reason unspecified)","batch_ax"
"9780241753699","Not Quite Dead Yet","Holly Jackson","Not available (reason unspecified)","batch_ax"
"9780061374050","Not Quite What I Was Planning Six-Word Memoirs by Writers Famous and Obs cure","Larry Smith","Not available (reason unspecified)","batch_ax"
"9781784745011","Not the End of the World: How We Can Be the First Generation to Build a Sustainable Planet","Hannah Ritchie","Not available (reason unspecified)","batch_ax"
"9781846974359","Not to Disturb","Muriel Spark","Not available, publisher indicates OP","batch_ax"
"9781783786374","Notes from an Apocalypse: A Personal Journey to the End of the World and Back","Mark O'Connell, LCSW","Not available, publisher indicates OP","batch_ax"
"9780008470302","Notes on Grief","Chimamanda Ngozi Adichie","Not available (reason unspecified)","batch_ax"
"9781509851300","Nothing Ventured","Jeffrey Archer","Cancelled","batch_ax"
"9781509851294","Nothing Ventured","Jeffrey Archer","Not available, publisher indicates OP","batch_ax"
"9781869539689","The Nourished Baby: A Step by Step Guide to Introducing Solids","Julie Bhosale","No longer supplied by the supplier","batch_ax"
"9781911215387","Novelist as a Vocation: An exploration of a writer's life from the Sunday Times bestselling author","Haruki Murakami","Not available (reason unspecified)","batch_ax"
"9781847924803","November 1942: An Intimate History of the Turning Point of the Second World War","Peter Englund","Not available (reason unspecified)","batch_ax"
"9781405281294","Now We Are Six (Winnie-the-Pooh - Classic Editions)","A. A. Milne","Not available (reason unspecified)","batch_ax"
"9781405280860","Now We Are Six (Winnie-the-Pooh - Classic Editions)","A. A. Milne","Not available (reason unspecified)","batch_ax"
"9781529342741","The Number Bias: How numbers dominate our world and why that's a problem we need to fix","Sanne Blauw","Not available, publisher indicates OP","batch_ax"
"9781788708340","Numbercrunch: A Mathematician's Toolkit for Making Sense of Your World","Professor Oliver Johnson","Not available, publisher indicates OP","batch_ax"
"9781577151999","In Focus Numerology: Your Personal Guide","Sasha Fenton (Sasha Fenton)","Not available, publisher indicates OP","batch_ax"
"9781558327306","The Nursing Mother's Breastfeeding Diary","Kathleen Huggins","Not available, publisher indicates OP","batch_ax"
"9781398531451","Oathbound: Volume 3","Tracy Deonn","Not available (reason unspecified)","batch_ax"
"9781776890903","Tarquin The Honest: Ocian's Elven","Gareth Ward","Not available (reason unspecified)","batch_ax"
"9780785839910","The Odyssey","Homer","Not available, publisher indicates OP","batch_ax"
"9781631061509","The Odyssey: Volume 21","Homer","Not available, publisher indicates OP","batch_ax"
"9781529069044","The Office of Historical Corrections: A Novella and Stories","Danielle Evans","Not available, publisher indicates OP","batch_ax"
"9781988561325","Road Code 2019/20 OP","","Not available (reason unspecified)","batch_ax"
"9780478445329","The Official New Zealand Road Code for MotorCyclists 2016","","Not available (reason unspecified)","batch_ax"
"9781988561448","Motorcyclists Road Code 2019/20 2ed OP","","Not available (reason unspecified)","batch_ax"
"9780375724008","United States Chess Federation's Official Rules of Chess, Sixth Edition","U.S. Chess Federation","Not available (reason unspecified)","batch_ax"
"9780008271909","Oh, Baby, The Places You'll Go! (Dr. Seuss)","Dr. Seuss","Not available (reason unspecified)","batch_ax"
"9781509870325","Oh Dear!: A lift-the-flap book","Rod Campbell","Not available, publisher indicates OP","batch_ax"
"9780008385156","Oh, The Places You'll Go!","Dr. Seuss","Not available (reason unspecified)","batch_ax"
"9781644230589","Oh, To Be a Painter!","Virginia Woolf","Awaiting reissue","batch_ax"
"9781988538501","Okay, Boomer: New Zealand In The Swinging Sixties","Ian Chapman","Not available (reason unspecified)","batch_ax"
"9781844884889","OK, Let's Do Your Stupid Idea","Patrick Freyne","Not available (reason unspecified)","batch_ax"
"9781447274001","Old Hat","Emily Gravett","Not available, publisher indicates OP","batch_ax"
"9780001712812","Old Hat New Hat (Bright and Early Books)","Stan Berenstain","Not available (reason unspecified)","batch_ax"
"9781787006515","Old MacDonald Had a Farm (and it was very noisy!)","Susie Linn","Not available, publisher indicates OP","batch_ax"
"9781788005548","Old Macdonald's Things That Go","Jane Clarke","Not available, publisher indicates OP","batch_ax"
"9780571268979","Old Possum's Book of Practical Cats","T S Eliot","Not available, publisher indicates OP","batch_ax"
"9780143794639","Older But Better, But Older","Caroline de Maigret","Awaiting reissue","batch_ax"
"9781786898029","Oligarchy","Scarlett Thomas","Not available, publisher indicates OP","batch_ax"
"9781439765098","Olive Fairy (Lang's Fairy Books) Pencil Case","Paperblanks","Not available (reason unspecified)","batch_ax"
"9781439765043","Olive Fairy Ultra Unlined Hardcover Journal (Elastic Band Closure)","Paperblanks","Awaiting reissue","batch_ax"
"9781988538990","Olive Tree In My Kitchen The","Helen Melser","Not available (reason unspecified)","batch_ax"
"9780908321117","On Coming Home","Paula Morris","Not available (reason unspecified)","batch_ax"
"9780571354023","On Connection: 'Powerful' MATT HAIG","Kae Tempest","Not available, publisher indicates OP","batch_ax"
"9780733643866","On Experience","David Malouf","Awaiting reissue","batch_ax"
"9781760642808","On Pandemics; Deadly Diseases from Bubonic Plague to Coronavirus","David Waltner-Towes","Not available (reason unspecified)","batch_ax"
"9780995126893","On the Farm: New Zealand's Invisible Women","David Hall","Cancelled","batch_ax"
"9781419722370","On the Loom: A Modern Weaver's Guide","Maryanne Moodie","Not available, publisher indicates OP","batch_ax"
"9781405984669","On Winter Hill: (Raynor Winn, 4)","Raynor Winn","Not available (reason unspecified)","batch_ax"
"9781398523661","Once Upon a Legend: a blockbuster adventure from the author of The Day I Fell into a Fairytale","Ben Miller","Not available (reason unspecified)","batch_ax"
"9781982178963","Once Upon a Time: The Captivating Life of Carolyn Bessette-Kennedy","Elizabeth Beller","Not available (reason unspecified)","batch_ax"
"9781837264186","One Day, Everyone Will Have Always Been Against This","Omar El Akkad","No longer supplied by the supplier","batch_ax"
"9780007158560","One Fish, Two Fish, Red Fish, Blue Fish: Blue Back Book (Dr. Seuss - Blue Back Book)","Dr. Seuss","Not available (reason unspecified)","batch_ax"
"9780241486764","One Hundred Steps: The Story of Captain Sir Tom Moore","Captain Tom Moore","Not available (reason unspecified)","batch_ax"
"9781250244499","One Last Stop","Casey McQuiston","Not available, publisher indicates OP","batch_ax"
"9780593298725","One Life","Megan Rapinoe","Not available (reason unspecified)","batch_ax"
"9781761221491","One Pan","The Australian Women's Weekly","Not available (reason unspecified)","batch_ax"
"9780008347086","One Year of Ugly","Caroline Mackenzie","Not available (reason unspecified)","batch_ax"
"9781789095296","The Only Good Indians","Stephen Graham Jones","No longer supplied by the supplier","batch_ax"
"9781509847563","Only Time Will Tell","Jeffrey Archer","No longer supplied by the supplier","batch_ax"
"9781529153088","Ootlin","Dr Jenni Fagan","Not available (reason unspecified)","batch_ax"
"9781845332754","Opera: The Great Artists, Composers, and their Masterworks","Joyce Bourne","Not available, publisher indicates OP","batch_ax"
"9780736081726","Optimal Muscle Training-Paper","Ken Kinakin","Not available (reason unspecified)","batch_ax"
"9781449463007","Optimism Sounds Exhausting: Volume 43","Scott Adams","Not available (reason unspecified)","batch_ax"
"9781787633827","The Oracle of Night: The history and science of dreams","Sidarta Ribeiro","Not available (reason unspecified)","batch_ax"
"9781839647604","Orange Artisan Sketch Book","Flame Tree Studio","Not available (reason unspecified)","batch_ax"
"9781936070039","Orange County Noir","Gary Phillips","No longer supplied by the supplier","batch_ax"
"9781597073905","Annoying Orange #2: Orange You Glad You're Not Me?","Mike Kazaleh","Not available (reason unspecified)","batch_ax"
"9781840915259","The Organic Kitchen Garden","Juliet Roberts","Not available, publisher indicates OP","batch_ax"
"9781910218792","Orlando PopOut Map: Handy pocket size pop up map of Orlando and Walt Disney World Resort","PopOut Maps","Not available (reason unspecified)","batch_ax"
"9781460763032","Orphia and Eurydicius: A beautiful compelling story of love and creativity to inspire readers of Jennifer Saint, Madeline Miller and Natalie Haynes","Elyse John","Not available (reason unspecified)","batch_ax"
"9781783788620","Orwell's Roses","Rebecca Solnit (Y)","Not available, publisher indicates OP","batch_ax"
"9780241535202","Osebol: Voices from a Swedish Village","Marit Kapla","Not available (reason unspecified)","batch_ax"
"9781988595610","Otari: Two hundred years of Otari-Wilton's Bush","Bee Dawson","No longer supplied by the supplier","batch_ax"
"9781909621916","Othello: The Moor of Venice","William Shakespeare","Not available, publisher indicates OP","batch_ax"
"9781509842032","The Other Bennet Sister","Janice Hadlow","Not available, publisher indicates OP","batch_ax"
"9780241567197","The Other Edie Trimmer","Jacqueline Wilson","Not available (reason unspecified)","batch_ay"
"9781838959630","The Other Valley: The beautiful time travel love story for 2025","Scott Alexander Howard","Not available, publisher indicates OP","batch_ay"
"9781911590323","The Other's Gold","Elizabeth Ames (Author)","Not available, publisher indicates OP","batch_ay"
"9781447277927","Ottoline and the Purple Fox","Chris Riddell","Not available, publisher indicates OP","batch_ay"
"9781988516981","Our Game: New Zealand Rugby at 150","Ron Palenski","Not available, publisher indicates OP","batch_ay"
"9780857535771","Our Girl","Anthony Browne","Not available (reason unspecified)","batch_ay"
"9780857529053","Our Hideous Progeny: A thrilling Gothic Adventure","C. E. McGill","Not available (reason unspecified)","batch_ay"
"9781783789351","Our Share of Night","Mariana Enriquez","Not available, publisher indicates OP","batch_ay"
"9781805301899","Our Strangers","Lydia Davis","Not available, publisher indicates OP","batch_ay"
"9781988538341","Our Vibrant Country Seasons Of New Zealand","Bob McCree","Not available (reason unspecified)","batch_ay"
"9781940743493","Our Voices: Indigeneity and Architecture","Rebecca Kiddle","No longer supplied by the supplier","batch_ay"
"9780571345335","Out of Darkness, Shining Light","Petina Gappah","Not available, publisher indicates OP","batch_ay"
"9781788169905","Out of The Sun: Essays at the Crossroads of Race","Esi Edugyan","Not available, publisher indicates OP","batch_ay"
"9781608867400","Out There Vol. 1: Volume 1","Brian Augustyn","Not available, publisher indicates OP","batch_ay"
"9781785785634","Outbreaks and Epidemics: Battling infection from measles to coronavirus","Meera Senthilingam","No longer supplied by the supplier","batch_ay"
"9781787631212","Outgrowing God: A Beginner's Guide","Richard Dawkins","Not available (reason unspecified)","batch_ay"
"9781805301127","The Outrun","Amy Liptrot","Not available, publisher indicates OP","batch_ay"
"9781780286426","Overcoming Asthma: The Complete Complementary Health Program","Dr Sarah Brewer","Not available (reason unspecified)","batch_ay"
"9781615647927","Overcoming Type 2 Diabetes","Carrie S. Swift, MS RD CDE","Not available (reason unspecified)","batch_ay"
"9780008562779","Overreach: The Inside Story of Putin's War Against Ukraine","Owen Matthews","Not available (reason unspecified)","batch_ay"
"9781645671534","The Owl Who Asks Why","Michelle Garcia Andersen","Cancelled","batch_ay"
"9780241333938","Owls of the Eastern Ice: The Quest to Find and Save the World's Largest Owl","Jonathan C. Slaght","Not available (reason unspecified)","batch_ay"
"9780199532957","Compact Oxford Thesaurus: Third edition revised","Oxford Languages","Not available (reason unspecified)","batch_ay"
"9780198606536","The Oxford Companion to the Book: 2 Volumes","Michael Suarez SJ (University of Virginia)","Not available (reason unspecified)","batch_ay"
"9780192800879","The Oxford Dictionary of English Grammar","Sylvia Chalker","Not available (reason unspecified)","batch_ay"
"9780192747082","Oxford Mini School Dictionary","Oxford Dictionaries","Not available (reason unspecified)","batch_ay"
"9780192743503","Oxford School Dictionary","Oxford Dictionaries","Not available (reason unspecified)","batch_ay"
"9781988538051","Pacific: An Ocean of Wonders","Philip Hatfield","Not available (reason unspecified)","batch_ay"
"9780857529299","Pageboy: A Memoir","Elliot Page","Not available (reason unspecified)","batch_ay"
"9781591470496","The Pain Survival Guide: How to Reclaim Your Life","Dennis C. Turk","Not available (reason unspecified)","batch_ay"
"9780855329006","Painting with Oils (SBSLA02)","Noel Gregory","Not available (reason unspecified)","batch_ay"
"9780855328993","Painting with Pastels (SBSLA04)","Peter Coombs","Not available (reason unspecified)","batch_ay"
"9781529004854","Palace of Palms: Tropical Dreams and the Making of Kew","Kate Teltscher","Not available, publisher indicates OP","batch_ay"
"9781529124712","The Palace Papers: The Sunday Times bestseller","Tina Brown","Not available (reason unspecified)","batch_ay"
"9781937994075","The Paleo Slow Cooker: Healthy, Gluten-Free Meals the Easy Way","Arsy Vartanian","Not available, publisher indicates OP","batch_ay"
"9781770463301","Palimpsest","Lisa Wool-Rim Sjoeblom","Not available, publisher indicates OP","batch_ay"
"9781869536985","Palmer's Manual of Trees, Shrubs & Climbers","Stanley Palmer","Not available (reason unspecified)","batch_ay"
"9781509873128","Pandora's Jar: Women in the Greek Myths","Natalie Haynes","Not available, publisher indicates OP","batch_ay"
"9781787632837","The Panic Years: 'Every millennial woman should have this on her bookshelf' Pandora Sykes","Nell Frizzell","Not available (reason unspecified)","batch_ay"
"9781787415768","Paper World: Space","Gail Armstrong","Not available, publisher indicates OP","batch_ay"
"9781787410411","Paper World: Planet Earth","Bomboland","Not available, publisher indicates OP","batch_ay"
"9780500285688","The Papered Wall: The History, Patterns and Techniques of Wallpaper","Lesley Hoskins","Not available, publisher indicates OP","batch_ay"
"9781529343977","Papyrus: THE MILLION-COPY GLOBAL BESTSELLER","Irene Vallejo","Not available, publisher indicates OP","batch_ay"
"9781787015432","Lonely Planet Best of Paris 2020","Lonely Planet","Not available (reason unspecified)","batch_ay"
"9780241619292","DK Paris","DK Travel","Not available (reason unspecified)","batch_ay"
"9780241676585","DK Top 10 Paris","DK Travel","Not available (reason unspecified)","batch_ay"
"9780241492963","Paris '44: The Shame and the Glory","Patrick Bishop","Not available (reason unspecified)","batch_ay"
"9780008385095","The Paris Apartment","Lucy Foley","Not available (reason unspecified)","batch_ay"
"9781460758144","The Paris Model","Alexandra Joel","Not available (reason unspecified)","batch_ay"
"9781760855901","Paris Never Leaves You","Ellen Feldman","Not available (reason unspecified)","batch_ay"
"9781786492661","Parisian Lives: Samuel Beckett, Simone de Beauvoir and Me - a Memoir","Deirdre Bair","Not available, publisher indicates OP","batch_ay"
"9781783786947","A Passage North","Anuk Arudpragasam","Not available, publisher indicates OP","batch_ay"
"9781782276845","The Passenger","Philip Boehm","Not available, publisher indicates OP","batch_ay"
"9781529047974","Passing","Christa Holm Vogelius","Not available, publisher indicates OP","batch_ay"
"9781787303188","Passiontide","Monique Roffey","Not available (reason unspecified)","batch_ay"
"9789189069343","Past and Present: To Learn from History","Erica Benner, Ph.D.","No longer supplied by the supplier","batch_ay"
"9781785786907","Past Mistakes: How We Misinterpret History and Why it Matters","David Mountain","No longer supplied by the supplier","batch_ay"
"9781785786624","Past Mistakes: How We Misinterpret History and Why it Matters","David Mountain","No longer supplied by the supplier","batch_ay"
"9781761220746","Pasta","The Australian Women's Weekly","Not available (reason unspecified)","batch_ay"
"9780300232882","Pasta for Nightingales: A 17th-Century Handbook of Bird-Care and Folklore","Giovanni Pietro Olina","Not available (reason unspecified)","batch_ay"
"9781869402617","Pastoral Kitchen","Anna Jackson","Not available, publisher indicates OP","batch_ay"
"9781911709060","Pathogenesis: How germs made history","Jonathan Kennedy","Not available (reason unspecified)","batch_ay"
"9781529912302","The Pathway to Flow: The New Science of Harnessing Creativity to Heal and Unwind the Body & Mind","Julia F. Christensen","Not available (reason unspecified)","batch_ay"
"9780008350628","Patrick O'Brian: A Very Private Life","Nikolai Tolstoy","Not available (reason unspecified)","batch_ay"
"9781922268150","Peace: The second book in the bestselling Australian crime series","Garry Disher","Not available (reason unspecified)","batch_ay"
"9781787742734","Peanuts: All This And Snoopy Too","Charles Schulz","No longer supplied by the supplier","batch_ay"
"9781787742697","Peanuts: Here's to You Charlie Brown","Charles M. Schulz","No longer supplied by the supplier","batch_ay"
"9781787742727","Peanuts: Snoopy and the Red Baron","Charles Schulz","No longer supplied by the supplier","batch_ay"
"9781439781364","Pear Garden (Peking Opera Embroidery) Ultra Lined Hardcover Journal","Paperblanks","Not available, publisher indicates OP","batch_ay"
"9781742611419","Pearl Girl: Arkie Sparkle Treasure Hunter 6","Petra James","Not available (reason unspecified)","batch_ay"
"9780143136927","The Penguin Book of Latina Writings","Gabriela Baeza Ventura","Not available (reason unspecified)","batch_ay"
"9780241563397","The Penguin Book of Polish Short Stories","Antonia Lloyd-Jones","Not available (reason unspecified)","batch_ay"
"9780241281451","The Penguin History of Modern Spain: 1898 to the Present","Nigel Townson","Not available (reason unspecified)","batch_ay"
"9780143567578","The Penguin History of New Zealand","Michael King","Not available (reason unspecified)","batch_ay"
"9780241659380","Peppa Pig: Easter at the Farm: A Touch-and-Feel Playbook","Peppa Pig","Awaiting reissue","batch_ay"
"9781409309284","Peppa Pig: Peppa and the Tooth Fairy","Peppa Pig","Not available (reason unspecified)","batch_ay"
"9780241381236","Peppa Pig: Peppa the Mermaid","Peppa Pig","Not available (reason unspecified)","batch_ay"
"9781911358718","Perfect Pruning","Simon Akeroyd","Not available (reason unspecified)","batch_ay"
"9781529146431","The Performance Paradox: How to Learn and Grow Without Compromising Results","Eduardo Briceno","Not available (reason unspecified)","batch_ay"
"9781856230919","Permaculture Design: A Step by Step Guide","Aranya","Not available (reason unspecified)","batch_ay"
"9781250283771","Personal Effects: What Recovering the Dead Teaches Me About Caring for the Living","Robert A. Jensen","Cancelled","batch_ay"
"9780593328965","Personality Isn't Permanent: Break Free from Self-Limiting Beliefs and Rewrite Your Story","Benjamin Hardy, Dr.","Not available (reason unspecified)","batch_ay"
"9789811287534","Perspectives Of Two Island Nations: Singapore-new Zealand","Anne-marie Schleich (S Rajaratnam School Of International Studies, Ntu, Singapore)","No longer supplied by the supplier","batch_ay"
"9780241472163","DK Peru","DK Travel","Not available (reason unspecified)","batch_ay"
"9781626863927","Peter Pan","J. M. Barrie","Not available (reason unspecified)","batch_ay"
"9780723270706","Peter Rabbit Bathtime Fun","Beatrix Potter","Not available (reason unspecified)","batch_ay"
"9780241248249","Peter Rabbit Cloth Book","","Not available (reason unspecified)","batch_ay"
"9780823451203","Peter's War: A Boy's True Story of Survival in World War II Europe","Karen Gray Ruelle","No longer supplied by the supplier","batch_ay"
"9781783785179","Pew","Catherine Lacey","Not available, publisher indicates OP","batch_ay"
"9781787017498","Lonely Planet Pocket Philadelphia","Lonely Planet","Not available (reason unspecified)","batch_az"
"9781936070633","Philadelphia Noir","Carlin Romano","No longer supplied by the supplier","batch_az"
"9780711253094","The Philosophers' Library: Books that Shaped the World","Dr. Adam Ferner","Not available, publisher indicates OP","batch_az"
"9780241523803","Philosophy and Life: Exploring the Great Questions of How to Live","A. C. Grayling","Not available (reason unspecified)","batch_az"
"9781786580405","The Phone Box at the Edge of the World","Laura Imai Messina","Not available, publisher indicates OP","batch_az"
"9781869662028","Photographic Guide To Mammals Of New Zealand","C King & R Morris","Not available, publisher indicates OP","batch_az"
"9780241363607","Photography: A Visual Companion","Tom Ang","Not available (reason unspecified)","batch_az"
"9781843405535","Photography","","Not available (reason unspecified)","batch_az"
"9781529053821","The Piano Tuner","Daniel Mason","Not available, publisher indicates OP","batch_az"
"9781925432947","The Picasso Century","Didier Ottinger","Not available, publisher indicates OP","batch_az"
"9780008484446","Pictures by J.R.R. Tolkien","Christopher Tolkien","Not available (reason unspecified)","batch_az"
"9781837650859","Pierre Boulez: Organised Delirium","Caroline Potter","No longer supplied by the supplier","batch_az"
"9781447273448","Tales From Acorn Wood: Hide-and-Seek Pig and Postman Bear","Julia Donaldson","Not available, publisher indicates OP","batch_az"
"9780746062128","Pig Gets Lost","Heather Amery","Not available, publisher indicates OP","batch_az"
"9781877256882","Pig Snort","Reg Carr","Not available (reason unspecified)","batch_az"
"9781877256929","Piggin'","Kim Swan","Not available (reason unspecified)","batch_az"
"9781988538440","Pigs In Sheds","Peter Millett","Not available (reason unspecified)","batch_az"
"9781626727434","Pigs Might Fly","Nick Abadzis","Not available, publisher indicates OP","batch_az"
"9780143567790","Pilgrimage: A Traveller's Guide to New Zealanders in Two World Wars","Garrie Hutchinson","Not available (reason unspecified)","batch_az"
"9780711239005","Pilgrimage: The Great Pilgrim Routes of Britain and Europe","Derry Brabbs","Not available, publisher indicates OP","batch_az"
"9781788165143","The Pink Line: The World's Queer Frontiers","Mark Gevisser","Not available, publisher indicates OP","batch_az"
"9780143774686","Pipi Kiwi","Helen Taylor","Awaiting reissue","batch_az"
"9781447293064","Pippo and Clara","Diana Rosie","Not available, publisher indicates OP","batch_az"
"9780241611401","Pirate Enlightenment, or the Real Libertalia","David Graeber","Not available (reason unspecified)","batch_az"
"9780753467657","Kingfisher Readers: Pirates (Level 4: Reading Alone)","Philip Steele","Not available, publisher indicates OP","batch_az"
"9781474921190","Pirates","Sam Taplin","Not available (reason unspecified)","batch_az"
"9781936070930","Pittsburgh Noir","Kathleen George","No longer supplied by the supplier","batch_az"
"9780008329730","A Place of Greater Safety (4th Estate Matchbook Classics)","Hilary Mantel","Not available (reason unspecified)","batch_az"
"9780823452460","A Place to Hang the Moon","Kate Albus","No longer supplied by the supplier","batch_az"
"9780062994547","Playing at the Border: A Story of Yo-Yo Ma","Joanna Ho","Not available (reason unspecified)","batch_az"
"9780007257058","Skulduggery Pleasant (2) - Playing With Fire","Derek Landy","Not available (reason unspecified)","batch_az"
"9781914198045","Please Miss: A Heartbreaking Work of Staggering Penis","Grace Lavery","Not available, publisher indicates OP","batch_az"
"9781529113419","The Plot Against America","Philip Roth","Not available (reason unspecified)","batch_az"
"9781623179342","The Pocket Atlas of Trigger Points: A User-Friendly Guide to Muscle Anatomy, Pain Patterns, and the Myofascial Network for Students, Practitioners, and Patients","Simeon Niel-Asher","Not available (reason unspecified)","batch_az"
"9780760372142","The Pocket Universal Methods of Design, Revised and Expanded: 125 Ways to Research Complex Problems, Develop Innovative Ideas, and Design Effective Solutions","Bruce Hanington","Not available, publisher indicates OP","batch_az"
"9781991016126","Poemas Moteatea Poems","Gabriela Mistral","Not available, publisher indicates OP","batch_az"
"9781846140334","Poems of John Milton","John Milton","Not available (reason unspecified)","batch_az"
"9780140424713","Poems of Thomas Hardy","Claire Tomalin","Not available (reason unspecified)","batch_az"
"9781509826803","Poems of Thomas Hardy: A New Selection","Thomas Hardy","Not available, publisher indicates OP","batch_az"
"9781471134906","Poems That Make Grown Men Cry: 100 Men on the Words That Move Them","Anthony Holden","Not available (reason unspecified)","batch_az"
"9781439746134","Poetry in Bloom Ultra Lined Hardcover Journal","Paperblanks","Awaiting reissue","batch_az"
"9781991151117","Poetry New Zealand Yearbook 2022","Tracey Slaughter","Not available, publisher indicates OP","batch_az"
"9781626863897","The Poetry of Emily Dickinson","Emily Dickinson","Not available (reason unspecified)","batch_az"
"9781789509687","The Poetry of Lewis Carroll","Lewis Carroll","Not available, publisher indicates OP","batch_az"
"9781789509717","The Poetry of Robert Browning","Robert Browning","Not available, publisher indicates OP","batch_az"
"9781788885201","The Poetry of William Wordsworth","William Wordsworth","Not available, publisher indicates OP","batch_az"
"9780861542611","Poison for Breakfast","Lemony Snicket","Not available, publisher indicates OP","batch_az"
"9781538130339","Poisoning the Pacific: The US Military's Secret Dumping of Plutonium, Chemical Weapons, and Agent Orange","Jon Mitchell","No longer supplied by the supplier","batch_az"
"9780525577645","The Poky Little Puppy and the Patchwork Blanket","Jean Chandler","Not available (reason unspecified)","batch_az"
"9781787335141","Politics On the Edge","Rory Stewart","Not available (reason unspecified)","batch_az"
"9781920727468","Poly: A novel","Paul Dalgarno","Not available (reason unspecified)","batch_az"
"9781877579660","Pom and Pim","Lena Landstroem","Not available, publisher indicates OP","batch_az"
"9781922351661","Pomegranates & Artichokes: Recipes and memories of a journey from Iran to Italy","Saghar Setareh","Not available (reason unspecified)","batch_az"
"9781869715625","Poppa's Workshop: A Christmas surprise","Chelsea Cresswell","Awaiting reissue","batch_az"
"9780241427262","Portable Magic: A History of Books and their Readers","Emma Smith","Not available (reason unspecified)","batch_az"
"9781933354798","Portland Noir","Kevin Sampsell","No longer supplied by the supplier","batch_az"
"9781788680455","Lonely Planet Pocket Porto","Lonely Planet","Not available (reason unspecified)","batch_az"
"9781911630425","The Portrait: From the author of THE GIRLS ARE GOOD","Ilaria Bernardini","Not available, publisher indicates OP","batch_az"
"9781509827732","A Portrait of the Artist as a Young Man","James Joyce","Not available, publisher indicates OP","batch_az"
"9781909932791","Portraits by Kate Friend: As Chosen By...","Olivia Laing","Not available (reason unspecified)","batch_az"
"9780241675533","DK Portugal","DK Travel","Not available (reason unspecified)","batch_az"
"9781838694739","Lonely Planet Experience Portugal","Lonely Planet","Not available (reason unspecified)","batch_az"
"9781529153620","The Possibility of Tenderness: A Jamaican memoir of plants and dreams","Jason Allen-Paisant","Not available (reason unspecified)","batch_az"
"9780908321070","The Post-Snowden Era: Mass Surveillance and Privacy in New Zealand","Kathleen Kuehn","Not available (reason unspecified)","batch_az"
"9781787705203","The Postcard","Anne Berest","Not available, publisher indicates OP","batch_az"
"9780008220532","Postcard From The Past","Tom Jackson","Not available (reason unspecified)","batch_az"
"9780571359868","Postcolonial Love Poem","Natalie Diaz","Not available, publisher indicates OP","batch_az"
"9780143010913","Pounamu Pounamu","Witi Ihimaera","Not available (reason unspecified)","batch_az"
"9780241543221","Poverty, by America","Matthew Desmond","Not available (reason unspecified)","batch_az"
"9780241547953","The Power","Naomi Alderman","Not available (reason unspecified)","batch_az"
"9781922175434","The Power of Beliefs: 7 Beliefs That Will Change Your Life","Rik Schnabel","Not available (reason unspecified)","batch_az"
"9781640954694","The Power of Persistence: How to Stop Quitting on Yourself and Achieve Your Goals","John Martin","No longer supplied by the supplier","batch_az"
"9781869665623","Power Surge","John Boshier","Not available, publisher indicates OP","batch_az"
"9780285642966","The Practice: Simple Tools for Managing Stress, Finding Inner Peace, and Uncovering Happiness","Barb Schmidt","Not available, publisher indicates OP","batch_az"
"9783956792847","Pre/architecture","Spyros Papapetros","Not available (reason unspecified)","batch_az"
"9781786644800","The Pre-Raphaelites","Michael Robinson","Not available (reason unspecified)","batch_az"
"9781529152838","Precipice","Robert Harris","Not available (reason unspecified)","batch_az"
"9781558321359","The Preemie Parents' Companion: The Essential Guide to Caring for Your Premature Baby in the Hospital, at Home, and Through the First Years","Susan Madden","Not available, publisher indicates OP","batch_az"
"9780571374830","The Premonitions Bureau: A Sunday Times bestseller","Sam Knight","Not available, publisher indicates OP","batch_az"
"9781911709770","Prequel: An American fight against fascism","Rachel Maddow","Not available (reason unspecified)","batch_az"
"9781529125672","The President's Daughter: the #1 Sunday Times bestseller","President Bill Clinton","Not available (reason unspecified)","batch_az"
"9781633222151","Pretty Patterns to Paint: More than 25 whimsical poster-size patterns to paint & color","Zeline Benitez","Not available, publisher indicates OP","batch_az"
"9781607105541","Pride and Prejudice","Jane Austen","Not available (reason unspecified)","batch_az"
"9781761262258","Prima Facie","Suzie Miller","Not available, publisher indicates OP","batch_az"
"9781529105834","Primitive Technology: A Survivalist's Guide to Building Tools, Shelters & More in the Wild","John Plant","Not available (reason unspecified)","batch_az"
"9780241517772","The Primrose Railway Children","Jacqueline Wilson","Not available (reason unspecified)","batch_az"
"9781838773342","A Prince and a Spy: The gripping novel from the master of the wartime spy thriller","Rory Clements","Not available, publisher indicates OP","batch_az"
"9781626860612","The Prince and Other Writings","Niccolo Machiavelli","Not available (reason unspecified)","batch_az"
"9780008332310","Prince of Ponies","Stacy Gregg","Not available (reason unspecified)","batch_az"
"9780008487584","The Prince Rupert Hotel for the Homeless: A True Story of Love and Compassion Amid a Pandemic","Christina Lamb","Not available (reason unspecified)","batch_az"
"9781509864058","Princess Mirror-Belle and the Dragon Pox: Book and CD Pack","Julia Donaldson","Not available, publisher indicates OP","batch_az"
"9780008385736","The Prison Doctor: Women Inside","Dr Amanda Brown","Not available (reason unspecified)","batch_az"
"9780008359386","A Problem from Hell: America and the Age of Genocide","Samantha Power","Not available (reason unspecified)","batch_az"
"9780241567159","Project Fairy: Discover a brand new magical adventure from Jacqueline Wilson","Jacqueline Wilson","Not available (reason unspecified)","batch_az"
"9781789095463","Unstoppable - Promises Stronger Than Darkness","Charlie Jane Anders","No longer supplied by the supplier","batch_az"
"9780241345696","RHS Propagating Plants: How to Create New Plants For Free","Alan Toogood","Not available (reason unspecified)","batch_az"
"9781785942242","Proper Healthy Food: Hearty vegan and vegetarian recipes for meat lovers","Nick Knowles","Not available (reason unspecified)","batch_ba"
"9780947503000","Protecting Paradise: 1080 and the Fight to Save New Zealand's Wildlife","Dave Hansford","Not available (reason unspecified)","batch_ba"
"9781617753527","Providence Noir","Ann Hood","No longer supplied by the supplier","batch_ba"
"9781405955935","Pru and Me: The Amazing Marriage of Prunella Scales and Timothy West","Timothy West","Cancelled","batch_ba"
"9780241282908","RHS Pruning and Training: Revised New Edition; Over 800 Plants; What, When, and How to Prune","Christopher Brickell","Not available (reason unspecified)","batch_ba"
"9780643095762","Pruning for Flowers and Fruit","Jane Varkulevicius","Not available, publisher indicates OP","batch_ba"
"9781846974335","The Public Image","Muriel Spark","Not available, publisher indicates OP","batch_ba"
"9781760897000","Puffin Little Cook: Snacks","Penguin Random House Australia","Not available (reason unspecified)","batch_ba"
"9781760897031","Puffin Little Scientist: The Solar System","Penguin Random House Australia","Not available (reason unspecified)","batch_ba"
"9781839644719","Purple Artisan Sketch Book","Flame Tree Studio","Not available (reason unspecified)","batch_ba"
"9780241991848","The Pursuit of Love: Now a major series on BBC and Prime Video directed by Emily Mortimer and starring Lily James and Andrew Scott","Nancy Mitford","Not available (reason unspecified)","batch_ba"
"9780892812035","Pyramid Prophecies","Max Toth","Not available (reason unspecified)","batch_ba"
"9781412973267","Quantitative Research in Education: A Primer","Wayne K. Hoy","Not available (reason unspecified)","batch_ba"
"9781472299888","Queen of Codes: The Secret Life of Emily Anderson, Britain's Greatest Female Code Breaker","Dr Jackie Ui Chionna","Awaiting reissue","batch_ba"
"9781529063424","Queen of Our Times: The Life of Elizabeth II","Robert Hardman","Cancelled","batch_ba"
"9781913634773","Queen of the Sky","Jackie Morris","No longer supplied by the supplier","batch_ba"
"9781760555351","The Queen's Tiger: Colonial Series Book 2","Peter Watt","Not available, publisher indicates OP","batch_ba"
"9780143776772","The Queen's Wife","Joanne Drayton","Awaiting reissue","batch_ba"
"9781788686044","Lonely Planet Queensland Planning Map","Lonely Planet","Not available (reason unspecified)","batch_ba"
"9781785780714","Queer: A Graphic History","Meg-John Barker","No longer supplied by the supplier","batch_ba"
"9781843654360","Quentin Blake's Magical Tales","John Yeoman","Not available (reason unspecified)","batch_ba"
"9780241545546","A Question of Guilt: The heart-pounding novel from the No. 1 bestseller now a major BBC4 show","Jorn Lier Horst","Not available (reason unspecified)","batch_ba"
"9781419734090","The Questioneers","Andrea Beaty","Not available, publisher indicates OP","batch_ba"
"9781399745420","Quicksilver: The utterly addictive enemies-to-lovers romantasy sensation","Callie Hart","Not available, publisher indicates OP","batch_ba"
"9781927277584","The Quiet War on Asylum","Tracey Barnett","Not available (reason unspecified)","batch_ba"
"9781988538921","Quirky New Zealand","Eleanor Black","Not available (reason unspecified)","batch_ba"
"9780473244033","R. A. Lawson: Victorian Architect of Dunedin","Norman Ledgerwood","Not available (reason unspecified)","batch_ba"
"9781787290532","The Race Against Time: Adventures in Late-Life Running","Richard Askwith","Not available (reason unspecified)","batch_ba"
"9780241958438","Rachel's Holiday","Marian Keyes","Not available (reason unspecified)","batch_ba"
"9781844886418","The Racket: On Tour with Tennis's Golden Generation - and the other 99%","Conor Niland","Not available (reason unspecified)","batch_ba"
"9781784744878","Radical: A Life of My Own","Xiaolu Guo","Not available (reason unspecified)","batch_ba"
"9780711276130","Rafa Nadal: The King of the Court","Dominic Bliss","Not available, publisher indicates OP","batch_ba"
"9781789466942","Ragged Edge: The brutal true story of the Isle of Man TT - the world's most dangerous race","Stuart Barker","Not available, publisher indicates OP","batch_ba"
"9780141321608","The Railway Children","Edith Nesbit","Not available (reason unspecified)","batch_ba"
"9780995133839","Railways Studios: How a Government Design Studio Helped Build New Zealand: 2020","Peter Alsop","Not available, publisher indicates OP","batch_ba"
"9781741177329","The Rainbow Atlas: A Guide to the World's 500 Most Colourful Places","Taylor Fuller","Not available (reason unspecified)","batch_ba"
"9780241687987","The Rainfall Market","You Yeong-Gwang","Not available (reason unspecified)","batch_ba"
"9780790011196","Rasing the Capital: An Illustrated History of 150 Years of the Wellington Regional Chamber of Commerce","Kynan Gentry","Not available (reason unspecified)","batch_ba"
"9781509843503","Range: How Generalists Triumph in a Specialized World","David Epstein","Not available, publisher indicates OP","batch_ba"
"9781509843527","Range: How Generalists Triumph in a Specialized World","David Epstein","Not available, publisher indicates OP","batch_ba"
"9781838951788","Rare Tongues: The Secret Stories of Hidden Languages","Lorna Gibb","Cancelled","batch_ba"
"9781035029402","Rassie: Stories of Life and Rugby","Rassie Erasmus","Not available, publisher indicates OP","batch_ba"
"9780241380284","Rationality: What It Is, Why It Seems Scarce, Why It Matters","Steven Pinker","Not available (reason unspecified)","batch_ba"
"9781447274438","Raven Black","Ann Cleeves","Not available, publisher indicates OP","batch_ba"
"9780571367740","The Reactor: A Book about Grief and Repair","Nick Blackburn","Not available, publisher indicates OP","batch_ba"
"9781529925630","Read Write Own: Building the Next Era of the Internet","Chris Dixon","Not available (reason unspecified)","batch_ba"
"9780007192076","Reading is Fun with Dr. Seuss","Dr. Seuss","Not available (reason unspecified)","batch_ba"
"9781847925626","README.txt: A Memoir","Chelsea Manning","Not available (reason unspecified)","batch_ba"
"9781529153712","Real Americans","Rachel Khong","Not available (reason unspecified)","batch_ba"
"9780994104175","Real Modern","Bronwyn Labrum","Not available, publisher indicates OP","batch_ba"
"9780571363001","Reality, and Other Stories","John Lanchester","Not available, publisher indicates OP","batch_ba"
"9780753449257","Really Big Questions For Daring Thinkers: Over 40 Bold Ideas about Philosophy","Stephen Law","Cancelled","batch_ba"
"9780374247850","The Reason for the Darkness of the Night: Edgar Allan Poe and the Forging of American Science","John Tresch","Not available, publisher indicates OP","batch_ba"
"9781782116820","Reasons to Stay Alive","Matt Haig","Not available, publisher indicates OP","batch_ba"
"9780008361891","Rebel Girl: My Life as a Feminist Punk","Kathleen Hanna","Not available (reason unspecified)","batch_ba"
"9781473613942","Rebel Ideas: The Power of Diverse Thinking","Matthew Syed","Not available, publisher indicates OP","batch_ba"
"9781473613928","Rebel Ideas: The Power of Diverse Thinking","Matthew Syed","Not available, publisher indicates OP","batch_ba"
"9781990003790","The Recipe","","Not available, publisher indicates OP","batch_ba"
"9781783785490","Recollections of My Non-Existence","Rebecca Solnit (Y)","Not available, publisher indicates OP","batch_ba"
"9781839644702","Red Artisan Sketch Book","Flame Tree Studio","Not available (reason unspecified)","batch_ba"
"9781405957908","Red Flags, Green Flags: Modern Psychology for Everyday Drama","Dr Ali Fenwick","Cancelled","batch_ba"
"9781783352654","Red Memory: Living, Remembering and Forgetting China's Cultural Revolution -- Shortlisted for the Bailie Gifford prize for Non-Fiction","Tania Branigan","Not available, publisher indicates OP","batch_ba"
"9781869799144","Red Rocks","Rachael King","Not available (reason unspecified)","batch_ba"
"9780857864246","Redeployment","Phil Klay","Not available, publisher indicates OP","batch_ba"
"9783836596213","Redoute: Roses","H. Walter Lack","Cancelled","batch_ba"
"9780241412879","Reference World Atlas: An Encyclopedia in an Atlas","DK","Not available (reason unspecified)","batch_ba"
"9781529154375","A Refiner's Fire","Donna Leon","Not available (reason unspecified)","batch_ba"
"9781577152002","In Focus Reflexology: Your Personal Guide: Volume 10","Tina Chantrey","Not available, publisher indicates OP","batch_ba"
"9781542016421","Regretting You","Colleen Hoover","No longer supplied by the supplier","batch_ba"
"9781786496676","The Reign - Life in Elizabeth's Britain: Part I: The Way It Was, 1952-79","Matthew Engel","Not available, publisher indicates OP","batch_ba"
"9781577151821","In Focus Reiki: Your Personal Guide: Volume 8","Des Hynes","Not available, publisher indicates OP","batch_ba"
"9780008759414","Rejection","Tony Tulathimutte","Not available (reason unspecified)","batch_ba"
"9781444124255","Religious Studies for Common Entrance Pupil's Book Second Edition","Susan Grenfell","Not available, publisher indicates OP","batch_ba"
"9781915798640","The Reluctant Sheriff: The new Mick Hardin novel","Chris Offutt","No longer supplied by the supplier","batch_ba"
"9781761101205","Remember: The Science of Memory and the Art of Forgetting","Lisa Genova","Not available (reason unspecified)","batch_ba"
"9781988538976","Remembering Kaikoura Earthquake","Andrew Spencer","Not available (reason unspecified)","batch_ba"
"9780062997555","The Removed: A Novel","Brandon Hobson","Not available (reason unspecified)","batch_ba"
"9781597267120","Repeat Photography: Methods and Applications in the Natural Sciences","Robert H. Webb","No longer supplied by the supplier","batch_ba"
"9781869409371","Reptiles and Amphibians of New Zealand: A Field Guide","Dylan van Winkel","Not available, publisher indicates OP","batch_ba"
"9781760760106","Resident Dog: Incredible Homes and the Dogs That Live There","Nicole England","Not available, publisher indicates OP","batch_ba"
"9780571388547","The Rest of Our Lives: Shortlisted for the Booker Prize 2025","Benjamin Markovits","Not available, publisher indicates OP","batch_ba"
"9780310092063","Restoration House: Creating a Space That Gives Life and Connection to All Who Enter","Kennesha Buycks","Not available (reason unspecified)","batch_ba"
"9781760687229","Resurrection Bay","Emma Viskic","Not available, publisher indicates OP","batch_ba"
"9781869538965","Retro and Vintage Boats: Kiwi Portraits","Don Jessen","Not available (reason unspecified)","batch_ba"
"9781761101847","Return to Berlin","Ellen Feldman","Not available (reason unspecified)","batch_ba"
"9780008509378","Returning Light: 30 Years of Life on Skellig Michael","Robert L. Harris","Not available (reason unspecified)","batch_ba"
"9781784876371","Revenge","Yoko Ogawa","Not available (reason unspecified)","batch_ba"
"9781788705868","Revenge: Meghan, Harry and the war between the Windsors.  The Sunday Times no 1 bestseller","Tom Bower","Not available, publisher indicates OP","batch_ba"
"9780300219296","Revival Type: Digital Typefaces Inspired by the Past","Paul Shaw (Assets Protection Publishing Madison Wisconsin)","Not available (reason unspecified)","batch_ba"
"9780141374123","Revolting Rhymes","Roald Dahl","Not available (reason unspecified)","batch_ba"
"9780241347669","Revolutionary Spring: Fighting for a New World 1848-1849","Christopher Clark","Not available (reason unspecified)","batch_ba"
"9780711255821","ReWild: The Art of Returning to Nature","Nick Baker","Not available, publisher indicates OP","batch_ba"
"9781785786273","Rewilding: The Radical New Science of Ecological Recovery","Cain Blythe","No longer supplied by the supplier","batch_ba"
"9780312655419","Rewilding the World","Caroline Fraser","Not available (reason unspecified)","batch_ba"
"9781787017511","Lonely Planet Pocket Reykjavik & Southwest Iceland","Lonely Planet","Not available (reason unspecified)","batch_ba"
"9780711238695","RHS A Gardener's Five Year Record Book","RHS","Not available, publisher indicates OP","batch_ba"
"9781612680194","Rich Dad Poor Dad: What the Rich Teach Their Kids About Money That the Poor and Middle Class Do Not!","Robert T. Kiyosaki","Not available, publisher indicates OP","batch_bb"
"9781612680170","Rich Dad Poor Dad: What the Rich Teach Their Kids About Money That the Poor and Middle Class Do Not!","Robert T. Kiyosaki","Not available, publisher indicates OP","batch_bb"
"9781775541332","Rich Enough?: A Laid-back Guide for Every Kiwi","Mary Holm","Not available (reason unspecified)","batch_bb"
"9781781258606","Richer, Wiser, Happier: How the World's Greatest Investors Win in Markets and Life","William Green","Not available, publisher indicates OP","batch_bb"
"9781933354989","Richmond Noir","Andrew Blossom","No longer supplied by the supplier","batch_bb"
"9781406379556","Ride the Wind","Nicola Davies","Not available, publisher indicates OP","batch_bb"
"9780760369753","The Riders: Motorcycle Adventurers, Cruisers, Outlaws, and Racers the World Over","Paul d'Orleans","Not available, publisher indicates OP","batch_bb"
"9780241711224","Righting Wrongs: Three Decades on the Front Lines Battling Abusive Governments","Kenneth Roth","Not available (reason unspecified)","batch_bb"
"9780241465448","The Ritual Effect: The Transformative Power of Our Everyday Actions","Michael Norton","Not available (reason unspecified)","batch_bb"
"9781447274506","Ritual Lighting: Laureate Poems","Carol Ann Duffy, DBE","Not available (reason unspecified)","batch_bb"
"9781529096491","Ritual of Fire: From The Crime Writers' Association Historical Dagger Winning Author","D. V. Bishop","Not available, publisher indicates OP","batch_bb"
"9780008518424","The River of Silver: Tales from the Daevabad Trilogy (The Daevabad Trilogy, Book 4)","Shannon Chakraborty","Not available (reason unspecified)","batch_bb"
"9780008313142","Collins Handy Road Atlas Europe","Collins Maps","Not available (reason unspecified)","batch_bb"
"9781529070699","A Robot Squashed My Teacher","Pooja Puri","Not available, publisher indicates OP","batch_bb"
"9781988550039","Rock Pools: A Guide for Kiwi Kids","Ned Barraud","Not available (reason unspecified)","batch_bb"
"9780753466094","Basher Science: Rocks and Minerals: FLASHCARDS","Dan Green","Not available, publisher indicates OP","batch_bb"
"9780008601461","The Rogue Crown (The Five Crowns of Okrith, Book 3)","A.K. Mulford","Not available (reason unspecified)","batch_bb"
"9780241675571","DK Rome","DK Travel","Not available (reason unspecified)","batch_bb"
"9780241676851","DK Top 10 Rome","DK Travel","Not available (reason unspecified)","batch_bb"
"9781788684088","Lonely Planet Pocket Rome","Lonely Planet","Not available (reason unspecified)","batch_bb"
"9780241784662","DK Rome Mini Map and Guide","DK Travel","Not available (reason unspecified)","batch_bb"
"9780571280599","Rooftoppers","Katherine Rundell","Not available, publisher indicates OP","batch_bb"
"9781529040838","Room on the Broom 20th Anniversary Edition","Julia Donaldson","Not available, publisher indicates OP","batch_bb"
"9781786897701","Rootbound: Rewilding a Life","Alice Vincent","Not available, publisher indicates OP","batch_bb"
"9780500516836","Roy Lichtenstein's ABC","Bob Adelman","Not available, publisher indicates OP","batch_bb"
"9781631591044","Rubber Band Engineer: Build Slingshot Powered Rockets, Rubber Band Rifles, Unconventional Catapults, and More Guerrilla Gadgets from Household Hardware","Lance Akiyama","Not available, publisher indicates OP","batch_bb"
"9781631597381","Rubber Band Engineer: All-Ballistic Pocket Edition: From a Slingshot Rifle to a Mousetrap Catapult, Build 10 Guerrilla Gadgets from Household Hardware","Lance Akiyama","Not available, publisher indicates OP","batch_bb"
"9781788160193","The Rules of Contagion: Why Things Spread - and Why They Stop","Adam Kucharski","Not available, publisher indicates OP","batch_bb"
"9781471157707","The Rules of Magic: Volume 2","Alice Hoffman","Not available (reason unspecified)","batch_bb"
"9780823451784","Rum Pum Pum","David L. Harrison","No longer supplied by the supplier","batch_bb"
"9781781258514","Rummage: A History of the Things We Have Reused, Recycled and Refused to Let Go","Emily Cockayne","Not available, publisher indicates OP","batch_bb"
"9781761424069","Run For Your Life: The remarkable true story of a family forced into hiding after leaking Russian secrets","Sue Williams","Not available (reason unspecified)","batch_bb"
"9781509887910","Runaway Robot","Frank Cottrell-Boyce","Cancelled","batch_bb"
"9781838741211","Rune: The Tale of a Thousand Faces: Waterstones Children's Book Prize category award winner","Carlos Sanchez","No longer supplied by the supplier","batch_bb"
"9781577152606","In Focus Runes: Your Personal Guide: Volume 14","Jan Budkowski","Not available, publisher indicates OP","batch_bb"
"9781838953829","A Runner's High: Older, Wiser, Slower, Stronger","Dean Karnazes","Not available, publisher indicates OP","batch_bb"
"9780736082303","Running Anatomy","Joseph Puleo","Not available (reason unspecified)","batch_bb"
"9781529042382","The Running Book: A Journey through Memory, Landscape and History","John Connell","Not available, publisher indicates OP","batch_bb"
"9781782406501","Running Science: Revealing the science of peak performance","John Brewer","Not available, publisher indicates OP","batch_bb"
"9781787631724","Running The World: My World-Record-Breaking Adventure to Run a Marathon in Every Country on Earth","Nick Butter","Not available (reason unspecified)","batch_bb"
"9780522879834","Russia's War Against Ukraine: The Whole Story","Mark Edele","No longer supplied by the supplier","batch_bb"
"9780241633526","The Russo-Ukrainian War: From the bestselling author of Chernobyl","Serhii Plokhy","Not available (reason unspecified)","batch_bb"
"9781988538075","RV There Yet?: A guide to owning and using a recreational vehicle in New Zealand","Don Jessen","Not available (reason unspecified)","batch_bb"
"9781847927101","Sacred Nature: How we can recover our bond with the natural world","Karen Armstrong","Not available (reason unspecified)","batch_bb"
"9781593720551","Sacred Spaces: Turkish Mosques & Tombs","Mary Cross","Not available (reason unspecified)","batch_bb"
"9789814779500","Sacred Waters","Meira Chand","No longer supplied by the supplier","batch_bb"
"9780330404457","Safari","Tony Park","Cancelled","batch_bb"
"9781439719039","Safavid Address Book","Paperblanks","Awaiting reissue","batch_bb"
"9781775538820","The Salted Air","Thom Conroy","Not available (reason unspecified)","batch_bb"
"9781869534141","Saltwater Fly Fishing in New Zealand","Sam Mossman","Not available (reason unspecified)","batch_bb"
"9780864736987","Same As, The","Joan Fleming","Not available, publisher indicates OP","batch_bb"
"9781925773996","Sand Talk: How Indigenous Thinking Can Save the World","Tyson Yunkaporta","Not available (reason unspecified)","batch_bb"
"9781617757228","Santa Fe Noir","Ariel Gore","No longer supplied by the supplier","batch_bb"
"9780241612910","DK Sardinia","DK Travel","Not available (reason unspecified)","batch_bb"
"9781398521209","The Satsuma Complex","Bob Mortimer","Not available (reason unspecified)","batch_bb"
"9780760382523","Saturday AM Annual 2024: A Celebration of Original Diverse Manga-Inspired Short Stories from Around the World: Volume 2","Saturday AM","Not available, publisher indicates OP","batch_bb"
"9781921888038","A Sausage Went For a Walk","Elisha Majid","Not available (reason unspecified)","batch_bb"
"9781509879182","Savage Kiss","Roberto Saviano","Not available, publisher indicates OP","batch_bb"
"9781398501409","Savage Road: Volume 2","Chris Hauty","Cancelled","batch_bb"
"9781787636699","The Savage Storm: The Brutal Battle for Italy 1943","James Holland","Not available (reason unspecified)","batch_bb"
"9781787636682","The Savage Storm: The Brutal Battle for Italy 1943","James Holland","Not available (reason unspecified)","batch_bb"
"9781624141416","Save the Bees with Natural Backyard Hives","Rob McFarland","Not available, publisher indicates OP","batch_bb"
"9781785789533","Saving Freud: A Life in Vienna and an Escape to Freedom in London","Andrew Nagorski","No longer supplied by the supplier","batch_bb"
"9780143770572","Saving the Snowy Brumbies","Kelly Wilson","Not available (reason unspecified)","batch_bb"
"9781847926852","Saving Time: Discovering a Life Beyond the Clock (THE NEW YORK TIMES BESTSELLER)","Jenny Odell","Not available (reason unspecified)","batch_bb"
"9781405953337","The Scandal of the Century","Lisa Hilton","Not available (reason unspecified)","batch_bb"
"9781509827961","The Scarlet Letter","Nathaniel Hawthorne","Not available, publisher indicates OP","batch_bb"
"9781529077629","Scary Smart: The Future of Artificial Intelligence and How You Can Save Our World","Mo Gawdat","Not available, publisher indicates OP","batch_bb"
"9781800960787","Scattershot: Life, Music, Elton and Me","Bernie Taupin","Not available, publisher indicates OP","batch_bb"
"9780071398732","Schaum's Easy Outline of Principles of Economics","Dominick Salvatore","Not available (reason unspecified)","batch_bb"
"9780071760577","Schaum's Easy Outline of Writing and Grammar, Second Edition","William Spruiell","Not available (reason unspecified)","batch_bb"
"9780241310946","The Science of Can and Can't: A Physicist's Journey Through the Land of Counterfactuals","Chiara Marletto","Not available (reason unspecified)","batch_bb"
"9781914902932","The Science of Compost: Life, Death and Decay in the Garden","Julian Doberski","No longer supplied by the supplier","batch_bb"
"9781914902093","The Science of Garden Biodiversity: The Living Garden","Julian Doberski","No longer supplied by the supplier","batch_bb"
"9780241415252","The Science of the Ocean: The Secrets of the Seas Revealed","DK","Not available (reason unspecified)","batch_bb"
"9781786496478","Scoff: A History of Food and Class in Britain","Pen Vogler","Not available, publisher indicates OP","batch_bb"
"9780760375563","The Scooter Bible: The Ultimate History and Encyclopedia","Eric Dregni","Not available, publisher indicates OP","batch_bb"
"9780008318741","2020 Collins Map of Scotland","Collins Maps","Not available (reason unspecified)","batch_bb"
"9780241675601","DK Scotland","DK Travel","Not available (reason unspecified)","batch_bb"
"9780008523916","SCRABBLE (TM) Dictionary: The official SCRABBLE (TM) solver - all playable words 2 - 9 letters in length","Collins Scrabble","Not available (reason unspecified)","batch_bb"
"9781631593895","Scratch & Create: Hand-Lettered Life: Design your own quotes with 16 scratch boards and 4 alphabet and ornament stencils","Ms. Shandra Smith","Not available, publisher indicates OP","batch_bb"
"9781988533285","Sea Change: Climate Politics and New Zealand: 2017","Bronwyn Hayward","Not available (reason unspecified)","batch_bb"
"9780008294786","The Sea is Not Made of Water: Life Between the Tides","Adam Nicolson","Not available (reason unspecified)","batch_bb"
"9781785787164","Sealand: The True Story of the World's Most Stubborn Micronation","Dylan Taylor-Lehman","No longer supplied by the supplier","batch_bc"
"9780908990498","Season of the Jew","Maurice Shadbolt","Not available (reason unspecified)","batch_bc"
"9780349713984","The Seasons (1900) (Mucha Collection) 1000 Piece Jigsaw Puzzle","Paperblanks","Awaiting reissue","batch_bc"
"9781933354804","Seattle Noir","Curt Colbert","No longer supplied by the supplier","batch_bc"
"9780571366699","Second Place: Longlisted for the Booker Prize 2021","Rachel Cusk","Not available, publisher indicates OP","batch_bc"
"9781597073615","Annoying Orange #1: Secret Agent Orange","Mike Kazelah","Not available (reason unspecified)","batch_bc"
"9781780677309","Secret Garden Artist's Edition: A Pull-Out & Frame Colouring Book","Johanna Basford","Awaiting reissue","batch_bc"
"9781419715808","Secret Gardens","Alain Le Toquin","Not available, publisher indicates OP","batch_bc"
"9780711252226","Secret Gardens of Somerset: A Private Tour: Volume 3","Abigail Willis","Not available, publisher indicates OP","batch_bc"
"9780008557379","The Secret Heart: John Le Carre: An Intimate Memoir","Suleika Dawson","Not available (reason unspecified)","batch_bc"
"9781838851132","The Secret History of Here: A Year in the Valley","Alistair Moffat","Not available, publisher indicates OP","batch_bc"
"9781789465556","The Secret History of the Five Eyes: The untold story of the shadowy international spy network, through its targets, traitors and spies","Richard Kerbaj","Not available, publisher indicates OP","batch_bc"
"9780500028179","The Secret Language of Plants: Art, Nature & Symbolism","Hope B. Werness","Awaiting reissue","batch_bc"
"9780571336777","The Secret Life of Cows","Rosamund Young","Not available, publisher indicates OP","batch_bc"
"9781800817784","The Secret Life of John le Carre","Adam Sisman","Not available, publisher indicates OP","batch_bc"
"9781838741174","The Secret Lives of Dragons: Expert Guides to Mythical Creatures","Professor Zoya Agnis","No longer supplied by the supplier","batch_bc"
"9780448489544","The Secret of the Old Mill #3","Franklin W. Dixon","Not available (reason unspecified)","batch_bc"
"9781782404927","Secrets of Ayurveda","Gopi Warrier","Not available, publisher indicates OP","batch_bc"
"9781782405733","Secrets of Numerology","Dr. Dawne Kovan","Not available, publisher indicates OP","batch_bc"
"9781760878962","The Secrets of Strangers","Charity Norman","Not available, publisher indicates OP","batch_bc"
"9781775541790","Secrets of the Sea: The Story of New Zealand's Native Sea Creatures","Robert Vennell","Not available (reason unspecified)","batch_bc"
"9781760641405","See What You Made Me Do: Power, Control and Domestic Abuse: Winner of the 2020 Stella Prize","Jess Hill","Not available (reason unspecified)","batch_bc"
"9781787302068","Seed to Dust: A Gardener's Story","Marc Hamer","Not available (reason unspecified)","batch_bc"
"9780571065103","Selected Poems","Robert Lowell","Not available, publisher indicates OP","batch_bc"
"9781776562183","Selected Poems - Brian Turner","Brian Turner","Not available, publisher indicates OP","batch_bc"
"9781645177432","Selected Works of H. G. Wells","H. G. Wells","Not available (reason unspecified)","batch_bc"
"9781401962388","Self-Care Wisdom Cards: A 52-Card Deck","Cheryl Richardson","Not available (reason unspecified)","batch_bc"
"9781761261145","self/less","AViVA","Cancelled","batch_bc"
"9781607105558","Sense and Sensibility","Jane Austen","Not available (reason unspecified)","batch_bc"
"9780593493793","Sentence: Ten Years and a Thousand Books in Prison","Daniel Genis","Not available (reason unspecified)","batch_bc"
"9781529030785","Sentient: What Animals Reveal About Our Senses","Jackie Higgins","Not available, publisher indicates OP","batch_bc"
"9781035040940","The Serpent and the Wings of Night","Carissa Broadbent","Not available, publisher indicates OP","batch_bc"
"9781503756649","Sesame Street Monster At The End Of This 10 Button Sound Book OP","P I Kids","Not available (reason unspecified)","batch_bc"
"9780008262693","Seuss-isms","Dr. Seuss","Not available (reason unspecified)","batch_bc"
"9780241472040","The Seven Ages of Death: 'Every chapter is like a detective story' Telegraph","Dr Richard Shepherd","Not available (reason unspecified)","batch_bc"
"9781529018639","Seven and a Half Lessons About the Brain","Lisa Feldman Barrett","Not available, publisher indicates OP","batch_bc"
"9781785788581","Seven Pillars of Science: The Incredible Lightness of Ice, and Other Scientific Surprises","John Gribbin","No longer supplied by the supplier","batch_bc"
"9780349437569","The Seven Rings (The Lost Bride Trilogy Book 3)","Nora Roberts","Awaiting reissue","batch_bc"
"9781398503618","Seven Ways to Change the World: How To Fix The Most Pressing Problems We Face","Gordon Brown","Not available (reason unspecified)","batch_bc"
"9781990003585","Sevens Sisters: How a people-first culture turned silver into gold","Rikki Swannell","Not available, publisher indicates OP","batch_bc"
"9780733649646","Seventeen Years Later: A shocking crime thriller","J.P. Pomare","Not available, publisher indicates OP","batch_bc"
"9780241663028","DK Seville and Andalucia","DK Travel","Not available (reason unspecified)","batch_bc"
"9781785786532","Sexuality: A Graphic Guide","Meg-John Barker","No longer supplied by the supplier","batch_bc"
"9781988547077","Sh*t Towns of New Zealand","","Not available, publisher indicates OP","batch_bc"
"9781988547237","Sh*t Towns of New Zealand Number Two","Rick Furphy","Not available, publisher indicates OP","batch_bc"
"9781988547770","Sh*t Towns of New Zealand: The Great Kiwi Tiki Tour","Rick Furphy","Not available, publisher indicates OP","batch_bc"
"9780241356722","Shackleton: Explorer. Leader. Legend.","Ranulph Fiennes","Not available (reason unspecified)","batch_bc"
"9780751576405","Shade: A Tale of Two Presidents","Pete Souza","Awaiting reissue","batch_bc"
"9781787304048","The Shadow","Ajay Chowdhury","Not available (reason unspecified)","batch_bc"
"9780008478568","The Shadow Cabinet","Juno Dawson","Not available (reason unspecified)","batch_bc"
"9781787302914","The Shadow Key","Susan Stokes-Chapman","Not available (reason unspecified)","batch_bc"
"9781838851392","The Shadow King","Maaza Mengiste","Not available, publisher indicates OP","batch_bc"
"9781783352050","Shadow State: Murder, Mayhem and Russia's Remaking of the West","Luke Harding","Not available, publisher indicates OP","batch_bc"
"9780008696283","The Shadow Work Journal","Keila Shaheen","Not available (reason unspecified)","batch_bc"
"9781869408411","Shaggy Magpie Songs","Murray Edmond","Not available, publisher indicates OP","batch_bc"
"9781800322585","Shake Loose the Border","Robert Low","No longer supplied by the supplier","batch_bc"
"9781529005035","Shakespeare for Every Day of the Year","Allie Esiri","Not available, publisher indicates OP","batch_bc"
"9780995482029","The Shakespeare Timeline Wallbook","Christopher Lloyd","Not available, publisher indicates OP","batch_bc"
"9781982171261","Shakespeare Was a Woman and Other Heresies: How Doubting the Bard Became the Biggest Taboo in Literature","Elizabeth Winkler","Not available (reason unspecified)","batch_bc"
"9781626869714","Shakespeare's Sonnets and Other Poems","William Shakespeare","Not available (reason unspecified)","batch_bc"
"9781447221845","Shall We Tell the President?","Jeffrey Archer","Not available, publisher indicates OP","batch_bc"
"9780241715192","Shaolin Spirit: The Way to Self-Mastery","Shi Heng Yi","Not available (reason unspecified)","batch_bc"
"9780241510452","Shape: The Hidden Geometry of Absolutely Everything","Jordan Ellenberg","Not available (reason unspecified)","batch_bc"
"9781988547138","A Sharp Left Turn: Notes on a life in music, from Split Enz to Play to Strange","Mike Chunn","Not available, publisher indicates OP","batch_bc"
"9780857528223","She and her Cat: for fans of Travelling Cat Chronicles and Convenience  Store Woman","Makoto Shinkai","Not available (reason unspecified)","batch_bc"
"9781529043396","She Who Became the Sun","Shelley Parker-Chan","Not available, publisher indicates OP","batch_bc"
"9781869404536","Shear Hard Work: A History of New Zealand Shearing","Hazel Riseborough","Not available, publisher indicates OP","batch_bc"
"9780571393817","She's Always Hungry","Eliza Clark","Not available, publisher indicates OP","batch_bc"
"9781869404871","Shift","Rhian Gallagher","Not available, publisher indicates OP","batch_bc"
"9789171265586","Shipwreck","Carl Douglas","No longer supplied by the supplier","batch_bc"
"9781988547626","Sh*t Moments in New Zealand Sport","Rick Furphy","Not available, publisher indicates OP","batch_bc"
"9781529106381","A Short History of Russia","Mark Galeotti","Not available (reason unspecified)","batch_bc"
"9780241379738","A Short History of Trains","Christian Wolmar","Not available (reason unspecified)","batch_bc"
"9781869419950","Show of Hands","Anthony McCarten","Not available (reason unspecified)","batch_bc"
"9781035013807","Shroud","Adrian Tchaikovsky","Cancelled","batch_bc"
"9781849838207","The Siberian Dilemma: Volume 9","Martin Cruz Smith","Not available (reason unspecified)","batch_bc"
"9780241664322","DK Sicily","DK Travel","Not available (reason unspecified)","batch_bc"
"9780241565971","DK Sicily","DK Travel","Not available (reason unspecified)","batch_bc"
"9781838956172","The Silence Project","Carole Hailey","Not available, publisher indicates OP","batch_bc"
"9780947492847","Silencing Science","Shaun Henry","Not available (reason unspecified)","batch_bc"
"9781940610719","Silent City: (Pete Fernandez Book 1)","Alex Segura","Not available, publisher indicates OP","batch_bc"
"9780330404372","Silent Predator","Tony Park","Cancelled","batch_bc"
"9781509815944","Silent Voices","Ann Cleeves","Not available, publisher indicates OP","batch_bc"
"9780349713434","Silk Sky (Guiding Star) Midi Lined Hardcover Journal (Elastic Band Closure)","Paperblanks","Awaiting reissue","batch_bc"
"9780349713410","Silk Sky (Guiding Star) Ultra Lined Hardcover Journal (Elastic Band Closure)","Paperblanks","Awaiting reissue","batch_bc"
"9781760632991","Silver","Chris Hammer","Not available, publisher indicates OP","batch_bc"
"9780857860804","Simon's Cat vs. The World!","Simon Tofield","Not available, publisher indicates OP","batch_bc"
"9781869404840","A Simple Nullity: The Wi Parata Case in New Zealand law and History","David  V. Williams","Not available, publisher indicates OP","batch_bc"
"9781913097554","Simple Passion","Annie Ernaux","Not available, publisher indicates OP","batch_bc"
"9781529019100","The Sin Eater","Megan Campisi","Not available, publisher indicates OP","batch_bd"
"9781788004428","Sing Along With Me! Hickory Dickory Dock","Yu-hsuan Huang","Not available, publisher indicates OP","batch_bd"
"9781529152647","Sing As We Go: Britain Between the Wars","Simon Heffer","Not available (reason unspecified)","batch_bd"
"9781786578433","Lonely Planet Pocket Singapore","Lonely Planet","Not available (reason unspecified)","batch_bd"
"9781529069280","The Singing Mermaid 10th Anniversary Edition","Julia Donaldson","Cancelled","batch_bd"
"9781922458278","A Single Rose","Muriel Barbery","Awaiting reissue","batch_bd"
"9781509847570","The Sins of the Father","Jeffrey Archer","Not available, publisher indicates OP","batch_bd"
"9780711237346","Sissinghurst: The Dream Garden","Tim Richardson","Not available, publisher indicates OP","batch_bd"
"9781843445906","Six Days of the Condor","James Grady","No longer supplied by the supplier","batch_bd"
"9781785787348","Six Impossible Things: The 'Quanta of Solace' and the Mysteries of the Subatomic World","John Gribbin","No longer supplied by the supplier","batch_bd"
"9780241507001","Size: How It Explains the World","Vaclav Smil","Not available (reason unspecified)","batch_bd"
"9781398533820","Skandar and the Chaos Trials: The INSTANT NUMBER ONE BESTSELLER in the biggest fantasy adventure series since Harry Potter: Volume 3","A.F. Steadman","Not available (reason unspecified)","batch_bd"
"9781398521070","Skandar and the Phantom Rider: the spectacular sequel to Skandar and the Unicorn Thief, the biggest fantasy adventure since Harry Potter: Volume 2","A.F. Steadman","Not available (reason unspecified)","batch_bd"
"9781398536111","Skandar and the Skeleton Curse: Volume 4","A.F. Steadman","Not available (reason unspecified)","batch_bd"
"9780593223475","Skate for Your Life","Leo Baker","Not available (reason unspecified)","batch_bd"
"9780785839194","Sketch - Large Black: Volume 17","Editors of Chartwell Books","Not available, publisher indicates OP","batch_bd"
"9780785839149","Sketch - Medium Black: Volume 13","Editors of Chartwell Books","Not available, publisher indicates OP","batch_bd"
"9780785842293","Sketchbook (Large Black)","Editors of Chartwell Books","Cancelled","batch_bd"
"9780995140769","Skinny Dip: Poetry","Susan Paris","Not available, publisher indicates OP","batch_bd"
"9780007241620","Skulduggery Pleasant (1) - Skulduggery Pleasant","Derek Landy","Not available (reason unspecified)","batch_bd"
"9781760525484","Skunk and Badger: Skunk and Badger 1","Amy Timberlake","Not available, publisher indicates OP","batch_bd"
"9781784874858","Slaughterhouse 5: 50th Anniversary Edition","Kurt Vonnegut","Not available (reason unspecified)","batch_bd"
"9781405941730","Sleeping Giants: Themis Files Book 1","Sylvain Neuvel","Not available (reason unspecified)","batch_bd"
"9780143769934","A Slice of Organic Life: Projects for Your Garden, Home and Community","DK Australia","Not available (reason unspecified)","batch_bd"
"9780008349141","Slime","David Walliams","Not available (reason unspecified)","batch_bd"
"9780143308485","Slinky Malinki Book & Toy Set","Lynley Dodd","Not available (reason unspecified)","batch_bd"
"9780143504627","Slinky Malinki's Christmas Crackers","Lynley Dodd","Awaiting reissue","batch_bd"
"9781869404628","Slip Stream","Paula Green","Not available, publisher indicates OP","batch_bd"
"9781761500930","Slow Cooking: Wholefood recipes | Every recipe for slow cooker and oven or stove","Olivia Andrews","Not available (reason unspecified)","batch_bd"
"9781877382970","Slow Food Fast","Simon Holst","Not available (reason unspecified)","batch_bd"
"9780008323103","A Small Revolution in Germany","Philip Hensher","Not available (reason unspecified)","batch_bd"
"9780008328269","The Smallest Lights In The Universe","Sara Seager","Not available (reason unspecified)","batch_bd"
"9781529074192","The Smartest Giant in Town Sticker Book","Julia Donaldson","Not available, publisher indicates OP","batch_bd"
"9781406392463","Chick and Brain: Smell My Foot!","Cece Bell","Not available, publisher indicates OP","batch_bd"
"9781846149443","Smoke and Mirrors: Cars, Photography and Dreams of the Open Road","Hoxton Mini Press","Not available (reason unspecified)","batch_bd"
"9781529017205","The Snail and the Whale Festive Edition","Julia Donaldson","Not available, publisher indicates OP","batch_bd"
"9781760360399","Snail's Crowded House","Sulan Tang","No longer supplied by the supplier","batch_bd"
"9781869714895","Snake Brought Cake: A New Zealand Birthday Zooprise!","Sam Smith","Awaiting reissue","batch_bd"
"9781784740818","Snakes and Ladders: The great British social mobility myth","Professor Selina Todd","Not available (reason unspecified)","batch_bd"
"9780571362684","Snow: The Sunday Times Top Ten Bestseller","John  Banville","Not available, publisher indicates OP","batch_bd"
"9780241533833","Snow Fall","Jorn Lier Horst","Not available, publisher indicates OP","batch_bd"
"9780008394653","Snow Widows: Scott's Fatal Antarctic Expedition Through the Eyes of the Women They Left Behind","Katherine MacInnes","Not available (reason unspecified)","batch_bd"
"9780008454661","The Snowflake: Book & CD","Benji Davies","Not available (reason unspecified)","batch_bd"
"9781869402686","Snowing Down South","Janet Charman","Not available, publisher indicates OP","batch_bd"
"9781529077254","So You've Been Publicly Shamed","Jon Ronson","No longer supplied by the supplier","batch_bd"
"9781787332058","The Social Instinct: How Cooperation Shaped the World","Nichola Raihani","Not available (reason unspecified)","batch_bd"
"9781982152093","The Socrates Express: In Search of Life Lessons from Dead Philosophers","Eric Weiner","Not available (reason unspecified)","batch_bd"
"9781923004788","Softly Softly: Capturing Hitler's Spies","Tony Matthews","Not available (reason unspecified)","batch_bd"
"9788874394937","Solomon Islands Art: The Conru Collection","Kevin Conru","Not available (reason unspecified)","batch_bd"
"9780864735881","Some Other Country: New Zealands Best Short Stories (fourth ed)","Manhire/Mcleod (eds.)","Not available, publisher indicates OP","batch_bd"
"9781804710067","Some People Need Killing: Longlisted for the Women's Prize for Non-Fiction","Patricia Evangelista","Not available, publisher indicates OP","batch_bd"
"9781489261540","Something to Talk About (Rose Hill, #2)","Rachael Johns","Not available (reason unspecified)","batch_bd"
"9781529028829","Somewhere Becoming Rain: Collected Writings on Philip Larkin","Clive James","Not available, publisher indicates OP","batch_bd"
"9781101908167","Sondheim: Lyrics: Edited by Peter Gethers with Russell Perreault","Stephen Sondheim","Not available (reason unspecified)","batch_bd"
"9781529063318","A Song of Gladness: A Story of Hope for Us and Our Planet","Michael Morpurgo","No longer supplied by the supplier","batch_bd"
"9781847925985","The Song of the Cell: An Exploration of Medicine and the New Human","Siddhartha Mukherjee","Not available (reason unspecified)","batch_bd"
"9781789467598","Songbird: An Intimate Biography of Christine McVie","Lesley-Ann Jones","Not available, publisher indicates OP","batch_bd"
"9780571373956","Sonic Life: The new memoir from the Sonic Youth founding member","Thurston Moore","Not available, publisher indicates OP","batch_bd"
"9780007350957","Sons and Lovers (Collins Classics)","D. H. Lawrence","Not available (reason unspecified)","batch_bd"
"9781529368017","Sooley: The edge-of-your-seat drama from the number 1 Sunday Times bestselling author","John Grisham","Awaiting reissue","batch_bd"
"9780062491596","Soon: An Overdue History of Procrastination, from Leonardo and Darwin to You and Me","Andrew Santella","Not available (reason unspecified)","batch_bd"
"9781668022641","Sorry, Sorry, Sorry: The Case for Good Apologies","Marjorie Ingall","Not available (reason unspecified)","batch_bd"
"9781869402761","A Sort of Conscience: The Wakefields","Philip Temple","Not available, publisher indicates OP","batch_bd"
"9781416936558","The Sound of Music: A Classic Collectible Pop-Up","Rodgers & Hammerstein","Not available (reason unspecified)","batch_bd"
"9781847926876","Sound Tracks: Uncovering Our Musical Past","Graeme Lawson","Not available (reason unspecified)","batch_bd"
"9781611802382","Sourdough: Recipes for Rustic Fermented Breads, Sweets, Savories, and More","Sarah Owens","Not available (reason unspecified)","batch_bd"
"9780760369227","Sous Vide Cooking Made Simple: Techniques, Ideas and Recipes to Cook at Home","Christina Wylie","Not available, publisher indicates OP","batch_bd"
"9781788686075","Lonely Planet South Australia Planning Map","Lonely Planet","Not available (reason unspecified)","batch_bd"
"9783829755740","Southern England and Wales Marco Polo Map","Marco Polo","Not available, publisher indicates OP","batch_bd"
"9780731930807","Southern Highlands & South Coast NSW Map 283/298 2nd ed","UBD Gregory's","Not available (reason unspecified)","batch_bd"
"9781789893854","Space (100 Facts)","Sue Becklake","No longer supplied by the supplier","batch_bd"
"9780008579944","SPACEBOY","David Walliams","Not available (reason unspecified)","batch_bd"
"9780241664513","DK Spain","DK Travel","Not available (reason unspecified)","batch_bd"
"9781838697662","Lonely Planet Experience Spain","Lonely Planet","Not available (reason unspecified)","batch_bd"
"9781787016576","Lonely Planet Spain","Lonely Planet","Not available (reason unspecified)","batch_bd"
"9781787014527","Lonely Planet Spain Planning Map","Lonely Planet","Not available (reason unspecified)","batch_bd"
"9781786575807","Lonely Planet Best Road Trips Spain & Portugal","Lonely Planet","Not available (reason unspecified)","batch_bd"
"9781922417909","Spanish at Home: Feasts from the Iberian Peninsula","Emma Warren","Awaiting reissue","batch_bd"
"9780071830416","Schaum's Outline of Spanish Grammar","Conrad Schmitt","Not available, publisher indicates OP","batch_bd"
"9780008142094","Easy Learning Spanish Verbs and Practice: Trusted support for learning (Collins Easy Learning)","Collins Dictionaries","Not available (reason unspecified)","batch_bd"
"9781991150806","Spark Hunter","Sonya Wilson","Not available (reason unspecified)","batch_bd"
"9780753559390","Speed, Aggression, Surprise: The Untold Secret Origins of the SAS","Tom Petch","Not available (reason unspecified)","batch_bd"
"9781035042333","The Spellshop: A heart-warming cottagecore fantasy about first loves and unlikely friendships","Sarah Beth Durst","Cancelled","batch_bd"
"9781782407508","Spiders of the World: A Natural History","Norman Platnick","No longer supplied by the supplier","batch_bd"
"9780473572310","Spirit: Conversations With Creative Women","Jannine Wilkinson","No longer supplied by the supplier","batch_bd"
"9780143571865","Spirit of the South","Andris Apse","Not available (reason unspecified)","batch_bd"
"9781480355460","The Spirituality of Bono","Nicholas Nigro","No longer supplied by the supplier","batch_bd"
"9781911630821","Splash!: 10,000 Years of Swimming","Howard Means","Not available, publisher indicates OP","batch_bd"
"9781783788910","Splinters: A Memoir","Leslie Jamison","Not available, publisher indicates OP","batch_bd"
"9780473686840","Spoiled Fruit: Queer Poetry from Aotearoa: 2023","Damien Levi","Not available (reason unspecified)","batch_bd"
"9781839763656","The Spoils of War: Power, Profit and the American War Machine","Andrew Cockburn","Not available, publisher indicates OP","batch_bd"
"9780723286424","Spot Goes Shopping","Eric Hill","Not available (reason unspecified)","batch_bd"
"9780723266990","Spot Goes to the Library","Eric Hill","Not available (reason unspecified)","batch_bd"
"9780723266525","Spot's First Colours","Eric Hill","Not available (reason unspecified)","batch_bd"
"9781911641629","Spring Light: The Anglepoise (R) Story","Jonathan Glancey","Not available (reason unspecified)","batch_be"
"9781787634022","The Spy who was left out in the Cold: The Secret History of Agent Goleniewski","Tim Tate","Not available (reason unspecified)","batch_be"
"9780571330652","Square Haunting: Five Women, Freedom and London Between the Wars","Francesca Wade","Not available, publisher indicates OP","batch_be"
"9781509815210","A Squash and a Squeeze: Book and CD Pack","Julia Donaldson","Not available, publisher indicates OP","batch_be"
"9781529097665","A Squash and a Squeeze 30th Anniversary Edition","Julia Donaldson","Not available, publisher indicates OP","batch_be"
"9781760526481","Squeals on Wheels: The Super Adventures of Ollie and Bea 2","Renee Treml","Not available (reason unspecified)","batch_be"
"9781617752988","St. Louis Noir","Scott Phillips","No longer supplied by the supplier","batch_be"
"9780349713755","St. Petersburg (Lentulov's Cityscapes) Mini Unlined Softcover Journal (Elastic Band Closure)","Paperblanks","Awaiting reissue","batch_be"
"9780099561361","Stalingrad","Vasily Grossman","Not available (reason unspecified)","batch_be"
"9781782278559","Stalking the Atomic City: Life Among the Decadent and the Depraved of Chornobyl","Markiyan Kamysh","Not available, publisher indicates OP","batch_be"
"9781922930392","The Star on the Grave: A novel inspired by the 'Japanese Schindler', written by a woman who owes him her life","Linda Margolin Royal","Not available (reason unspecified)","batch_be"
"9780241487464","The Star Trek Book New Edition","Paul J. Ruditis","Not available (reason unspecified)","batch_be"
"9780062371324","The Star Trek Encyclopedia, Revised and Expanded Edition: A Reference Guide to the Future","Michael Okuda","Not available (reason unspecified)","batch_be"
"9780241548493","Star Wars I Am Your Father: Lessons for Parents, Protectors, and Mentors","Dan Zehr","Not available (reason unspecified)","batch_be"
"9780008543228","Starry Messenger: Cosmic Perspectives on Civilisation","Neil deGrasse Tyson","Not available (reason unspecified)","batch_be"
"9781847925299","Stars and Spies: The story of Intelligence Operations...","Christopher Andrew","Not available (reason unspecified)","batch_be"
"9780241958223","Start With Why: How Great Leaders Inspire Everyone to Take Action","Simon Sinek","Not available (reason unspecified)","batch_be"
"9781408763476","Starter Pack (Pencils Mixed Pack) Pencil (64 Pack)","Paperblanks","Awaiting reissue","batch_be"
"9780571373338","The Stasi Poetry Circle: The Creative Writing Class that Tried to Win the Cold War","Philip Oltermann","Not available, publisher indicates OP","batch_be"
"9781617751295","Staten Island Noir","Patricia Smith","No longer supplied by the supplier","batch_be"
"9781471192654","The Stationery Shop of Tehran","Marjan Kamali","Not available (reason unspecified)","batch_be"
"9780008354640","The Status Game: On Human Life and How to Play It","Will Storr","Not available (reason unspecified)","batch_be"
"9781788161442","Steam Trains Today: Journeys Along Britain's Heritage Railways","Andrew Martin","Not available, publisher indicates OP","batch_be"
"9781576877036","Steampunk City","Manuel Sumberac","No longer supplied by the supplier","batch_be"
"9781419708985","The Steampunk User's Manual: An Illustrated Practical and Whimsical Guide to Creating Retro-futurist Dreams","Jeff VanderMeer","Not available, publisher indicates OP","batch_be"
"9781787734692","Shades of Magic: The Steel Prince: 1-3 Boxed Set","V E Schwab","No longer supplied by the supplier","batch_be"
"9781838741266","STEMville: The Bee Connection","Ben Newman","No longer supplied by the supplier","batch_be"
"9781847734112","Step-by-step Trompe L'oeil","Leonor Rieti","Not available (reason unspecified)","batch_be"
"9780241379790","Stephen Biesty's Cross-Sections Castle","Stephen Biesty","Not available (reason unspecified)","batch_be"
"9780241438091","Stephen Hawking: A Memoir of Friendship and Physics","Leonard Mlodinow","Not available (reason unspecified)","batch_be"
"9781613253731","Steve Magnante's 1001 Corvette Facts","Steve Magnante","No longer supplied by the supplier","batch_be"
"9780714877358","The Unguarded Moment: Thirty Years of Photographs","Steve McCurry","Awaiting reissue","batch_be"
"9781419735417","Sticker Yourself Calm: Makes 14 Sticker-by-Number Pictures: Remove the Pages to Create Ready-to-Frame Art!","Abrams Noterie","Not available, publisher indicates OP","batch_be"
"9781920785062","Still Caring: Supporting Older People","Lyndis Flynn","Not available (reason unspecified)","batch_be"
"9781471411373","The Stolen Heir: A Novel of Elfhame, The No 1 Sunday Times Bestseller 2023","Holly Black","Not available, publisher indicates OP","batch_be"
"9780947518110","The Stolen Island: Searching for 'Ata","Scott Hamilton","Not available (reason unspecified)","batch_be"
"9781804541807","Stone: A story of fathers and sons, magic and witchcraft","Finbar Hawkins","Not available, publisher indicates OP","batch_be"
"9781442238329","Stop Caretaking the Borderline or Narcissist: How to End the Drama and Get On with Life","Margalis Fjelstad","No longer supplied by the supplier","batch_be"
"9781988538174","Stop the Clock: A Memoir on Ageing with Dignity, Grace and Humour","Gordon McLauchlan","Not available (reason unspecified)","batch_be"
"9780522879810","Stopping Oil: Climate Justice and Hope","Sophie Bond","Not available (reason unspecified)","batch_be"
"9781398503748","Stories I Might Regret Telling You","Martha Wainwright","Not available (reason unspecified)","batch_be"
"9781405284691","Storm (The Huntress Trilogy)","Sarah Driver","Not available (reason unspecified)","batch_be"
"9780007548255","A Storm of Swords: Part 1 Steel and Snow (A Song of Ice and Fire, Book 3)","George R.R. Martin","Not available (reason unspecified)","batch_be"
"9781760525118","The Storm Within: The autobiography of a legend","Cameron Smith","Not available, publisher indicates OP","batch_be"
"9780908988570","Storms and Dreams: Louis de Bougainville: Soldier, Explorer, Statesman","John Dunmore","Not available, publisher indicates OP","batch_be"
"9781423645818","Story Garden: Cultivating Plants to Nurture Memories","Buchert Ellen","No longer supplied by the supplier","batch_be"
"9781784873080","The Story of a Life: Volumes 1-3","Konstantin Paustovsky","Not available (reason unspecified)","batch_be"
"9781776890774","Stranded","Linda Jane Keegan","Not available (reason unspecified)","batch_be"
"9781782277125","Strange Bliss: Essential Stories","Katherine Mansfield","Not available, publisher indicates OP","batch_be"
"9781839644764","The Strange Case of Dr Jekyll and Mr Hyde & Other Tales","Robert Louis Stevenson","Not available (reason unspecified)","batch_be"
"9780141195902","The Strange Crime of John Boulnois","G K Chesterton","Not available (reason unspecified)","batch_be"
"9781781620410","Strange Flowers: The Number One Bestseller","Donal Ryan","Not available (reason unspecified)","batch_be"
"9781838851118","Strange Loyalties","William McIlvanney","Not available, publisher indicates OP","batch_be"
"9780062133458","Streets of Fire: Bruce Springsteen in Photographs and Lyrics 1977-1979","Eric Meola","Not available (reason unspecified)","batch_be"
"9781617450976","Strips and Selvages Quilt Pattern","Jennifer Sampou","No longer supplied by the supplier","batch_be"
"9780241674857","The Struggle for Taiwan: A History","Sulmaan Wasif Khan","Not available (reason unspecified)","batch_be"
"9780571363506","The Stubborn Light of Things: A Nature Diary","Melissa Harrison","Not available, publisher indicates OP","batch_be"
"9782080203090","Suave in Every Situation: A Rakish Style Guide for Men","","Not available, publisher indicates OP","batch_be"
"9781740512640","The Submerged Cathedral","Charlotte Wood","No longer supplied by the supplier","batch_be"
"9781633228566","Success in Art: Drawing Hands & Feet: Techniques for mastering realistic hands and feet in graphite, charcoal, and Conte - 50+ Professional Artist Tips and Techniques","Ken Goldman","Not available, publisher indicates OP","batch_be"
"9781761047015","The Sugar Palace: The gripping historical romantic adventure from the bestselling author of The Pearl Thief","Fiona McIntosh","Not available (reason unspecified)","batch_be"
"9780947518301","Sugar, Rum and Tobacco: Taxes and Public Health in New Zealand: 2017","Mike Berridge","Not available (reason unspecified)","batch_be"
"9781788169653","The Sum of Us: What Racism Costs Everyone and How We Can Prosper Together","Heather McGhee","Not available, publisher indicates OP","batch_be"
"9780143774013","Summer with Simon Gault","Simon Gault","Not available (reason unspecified)","batch_be"
"9780241627686","From the World of Percy Jackson: The Sun and the Star (The Nico Di Angelo Adventures)","Rick Riordan","Not available (reason unspecified)","batch_be"
"9780994140777","Sunday Best: How the church shaped New Zealand and New Zealand shaped the church","Peter Lineham","Not available, publisher indicates OP","batch_be"
"9781635420456","A Sunday in Ville-d'Avray: A Novel","Dominique Barberis","Not available (reason unspecified)","batch_be"
"9780008537920","The Sunday Times Cryptic Crossword Book 2: 100 challenging crossword puzzles (The Sunday Times Puzzle Books)","The Times Mind Games","Not available (reason unspecified)","batch_be"
"9780008404239","The Sunday Times Jumbo General Knowledge Crossword Book 2: 50 general knowledge crosswords (The Sunday Times Puzzle Books)","The Times Mind Games","Not available (reason unspecified)","batch_be"
"9780008617967","The Sunday Times Teasers Book 2: Challenge yourself with 100 lateral-thinking puzzles (The Sunday Times Puzzle Books)","The Times Mind Games","Not available (reason unspecified)","batch_be"
"9781788169714","The Sunny Nihilist: How a meaningless life can make you truly happy","Wendy Syfret","Not available, publisher indicates OP","batch_be"
"9781803511238","A Sunny Place for Shady People","Mariana Enriquez","Not available, publisher indicates OP","batch_be"
"9781804171912","Sunny Yellow Artisan Sketch Book","Flame Tree Studio","Not available (reason unspecified)","batch_be"
"9781804960981","Super Agers: An Evidence-Based Approach to Longevity","Eric Topol, M.D.","Not available (reason unspecified)","batch_be"
"9780571345915","Super-Infinite: The Transformations of John Donne - Winner of the Baillie Gifford Prize for Non-Fiction 2022","Katherine Rundell","Not available, publisher indicates OP","batch_be"
"9781847943835","Supercommunicators: How to Unlock the Secret Language of Connection","Charles Duhigg","Not available (reason unspecified)","batch_be"
"9781741145908","Superior Saturday","Garth Nix","Not available, publisher indicates OP","batch_be"
"9781779514271","Superman: Action Comics Vol. 1: Warworld Rising","Phillip Kennedy Johnson","Not available (reason unspecified)","batch_be"
"9781472982278","Superspy Science: Science, Death and Tech in the World of James Bond","Kathryn Harkup","Not available, publisher indicates OP","batch_be"
"9780500022009","Supreme Glamour","Mary Wilson","Not available, publisher indicates OP","batch_be"
"9781668034712","Sure, I'll Join Your Cult: A Memoir of Mental Illness and the Quest to Belong Anywhere","Maria Bamford","Not available (reason unspecified)","batch_be"
"9780995133853","Surrealist Art at Te Papa | He Toi Pohewa: Masterpieces from Museum Boijmans Van Beuningen | He Toi Marupo o Muhiama o Boijmans Van Beuningen","Lizzie Bisley","Not available, publisher indicates OP","batch_be"
"9781787636309","The Survivor: How I Survived Six Concentration Camps and Became a Nazi Hunter - The Sunday Times Bestseller","Josef Lewkowicz","Not available (reason unspecified)","batch_be"
"9781776890347","Sustain: Plant-Based Food for Active People","Brooke Donoghue","Not available (reason unspecified)","batch_be"
"9781782278115","Swann in Love","Marcel Proust (Author)","Not available, publisher indicates OP","batch_be"
"9780241663073","DK Sweden","DK Travel","Not available (reason unspecified)","batch_be"
"9781509826797","Sweet Danger","Margery Allingham","Not available, publisher indicates OP","batch_be"
"9781529017076","Sweet Home","Wendy Erskine","Not available, publisher indicates OP","batch_be"
"9781786584366","The Swell: An utterly captivating and atmospheric dual-timeline mystery, set in Iceland","Kat Gordon","Not available, publisher indicates OP","batch_be"
"9781761065200","The Swift and the Harrier","Minette Walters","Not available, publisher indicates OP","batch_be"
"9780736054362","Swimming","David G. Thomas","Not available (reason unspecified)","batch_be"
"9780241664520","DK Switzerland","DK Travel","Not available (reason unspecified)","batch_be"
"9780731932283","Sydney City Streets & Suburbs Map 262 8th ed waterproof","UBD Gregory's","Not available (reason unspecified)","batch_bf"
"9781250339362","System Collapse","Martha Wells","Cancelled","batch_bf"
"9780241337233","The Tailor of Panama","John le Carre","Not available (reason unspecified)","batch_bf"
"9780241694299","The Taiwan Story: How a Small Island Will Dictate the Global Future","Kerry Brown","Not available (reason unspecified)","batch_bf"
"9781524860530","Pocket Posh Take Care: Inspired Activities for Calm","Andrews McMeel Publishing","Not available (reason unspecified)","batch_bf"
"9781524860547","Pocket Posh Take Care: Inspired Activities for Mindfulness","Andrews McMeel Publishing","Not available (reason unspecified)","batch_bf"
"9781524860554","Pocket Posh Take Care: Inspired Activities for Reflection","Andrews McMeel Publishing","Not available (reason unspecified)","batch_bf"
"9780241705384","The Tale of a Wall: Reflections on Hope and Freedom","Nasser Abu Srour","Not available (reason unspecified)","batch_bf"
"9780241324301","The Tale of Peter Rabbit: Gift Edition","Beatrix Potter","Not available (reason unspecified)","batch_bf"
"9780241364635","The Tale Of Peter Rabbit: Moon Landing Anniversary Edition","Beatrix Potter","Not available (reason unspecified)","batch_bf"
"9781509826698","Tales of Mystery and Imagination: A Collection of Edgar Allan Poe's Short Stories","Edgar Allan Poe","Not available, publisher indicates OP","batch_bf"
"9780552998765","Tales Of The City","Armistead Maupin","Not available (reason unspecified)","batch_bf"
"9781509826391","Tales of the Jazz Age","F. Scott Fitzgerald","Cancelled","batch_bf"
"9782080301321","Talk About Design","Elisabeth Couterier","Not available, publisher indicates OP","batch_bf"
"9780241741498","Tank: The 10 War Machines That Changed the World and the Remarkable Men Behind Them","Mark Urban","Not available (reason unspecified)","batch_bf"
"9788874399659","Tattooed History: The Story of Mokomokai","Robert Kirkwood Paterson","No longer supplied by the supplier","batch_bf"
"9781776890873","Tawa Tawa 1st XV","Hannah Abrams","Not available (reason unspecified)","batch_bf"
"9781869790561","Te Ara Tapu - Sacred Journeys: Whanganui Regional Museum Taonga Maori Collection","Whanganui Regional Museum","Not available (reason unspecified)","batch_bf"
"9780994136268","Te Papa: Reinventing New Zealand's National Museum 1998-2018","Conal McCarthy","Not available, publisher indicates OP","batch_bf"
"9781684543670","Te Taiao Huri Noa The World Around Us OP","K. Kool","Not available (reason unspecified)","batch_bf"
"9780143779469","Te Taniwha i Warewaretia/The Forgotten Taniwha","Robyn Kahukiwa","Not available (reason unspecified)","batch_bf"
"9780143775874","Te Tuna Watakirihi Me Nga Tamariki O Te Tiriti O Toa/Watercress Tuna and the Children of Champion Street","Patricia Grace","Awaiting reissue","batch_bf"
"9780995115422","A Teaching Life","Carol White","No longer supplied by the supplier","batch_bf"
"9781839643057","Teal Artisan Pocket Journal (Flame Tree Journals)","Flame Tree Studio","Not available, publisher indicates OP","batch_bf"
"9781869408657","Tears of Rangi","Salmon D Anne","Not available, publisher indicates OP","batch_bf"
"9781847927286","Technofeudalism: What Killed Capitalism","Yanis Varoufakis","Not available (reason unspecified)","batch_bf"
"9781629916026","Ariol #9: The Teeth of the Rabbit","Emmanuel Guibert","Not available (reason unspecified)","batch_bf"
"9781644450222","Telephone","Percival Everett","No longer supplied by the supplier","batch_bf"
"9781761069994","Tell No One","Brendan Watkins","Not available (reason unspecified)","batch_bf"
"9781529098945","A Tempest of Tea","Hafsah Faizal","Cancelled","batch_bf"
"9781783352418","Ten Birds That Changed the World","Stephen Moss","Not available, publisher indicates OP","batch_bf"
"9781785788345","Ten Days in Physics that Shook the World: How Physicists Transformed Everyday Life","Brian Clegg","No longer supplied by the supplier","batch_bf"
"9781847926982","Ten Trips: The New Reality of Psychedelics","Andy Mitchell","Not available (reason unspecified)","batch_bf"
"9781785908576","Ten Years To Save The West: Lessons from the only conservative in the room","Liz Truss","Not available, publisher indicates OP","batch_bf"
"9781509826377","Tender is the Night","F. Scott Fitzgerald","Not available, publisher indicates OP","batch_bf"
"9781788688703","Lonely Planet Pocket Tenerife","Lonely Planet","Not available (reason unspecified)","batch_bf"
"9780141397245","The Terrors of the Night","Thomas Nashe","Not available (reason unspecified)","batch_bf"
"9780008695477","Testimonies","Patrick O'Brian","Not available (reason unspecified)","batch_bf"
"9781787015487","Lonely Planet Best of Thailand","Lonely Planet","Not available (reason unspecified)","batch_bf"
"9781786570581","Lonely Planet Thailand","Lonely Planet","Not available (reason unspecified)","batch_bf"
"9781529118599","That Reminds Me: Winner of the Desmond Elliott Prize 2020","Derek Owusu","Not available (reason unspecified)","batch_bf"
"9781409506263","That's not my baby (boy).","Fiona Watt","Not available (reason unspecified)","batch_bf"
"9781409506256","That's not my baby (girl)...","Fiona Watt","Not available (reason unspecified)","batch_bf"
"9780746062609","That's not my fairy.","Fiona Watt","Not available (reason unspecified)","batch_bf"
"9781471162664","The Accomplice","Joseph Kanon","Not available (reason unspecified)","batch_bf"
"9781760895679","The Bluffs","Kyle Perry","Not available (reason unspecified)","batch_bf"
"9780785838609","The Book of Personality Tests: 25 Easy to Score Tests that Reveal the Real You: Volume 8","Haulwen Nicholas","Not available, publisher indicates OP","batch_bf"
"9781867205920","The Bookshop of Yesterdays","Amy Meyerson","Not available (reason unspecified)","batch_bf"
"9781529123838","The Boy from the Woods: From the #1 bestselling creator of the hit Netflix series The Stranger","Harlan Coben","Not available (reason unspecified)","batch_bf"
"9780008402792","The Brussels Sprout Cookbook: Over 60 Delicious Recipes to Sprout About","Heather Thomas","Not available (reason unspecified)","batch_bf"
"9781509856299","The Catholic School","Edoardo Albinati","Not available, publisher indicates OP","batch_bf"
"9780760365212","The Complete Book of Corvette: Every Model Since 1953 - Revised & Updated Includes New Mid-Engine Corvette Stingray","Mike Mueller","Not available, publisher indicates OP","batch_bf"
"9781784744212","The Courage to Care: A Call for Compassion","Christie Watson","Not available (reason unspecified)","batch_bf"
"9781922310217","The Expendables: How the middle class got screwed by globalisation","Jeff Rubin","Not available (reason unspecified)","batch_bf"
"9780857056375","The Girl Who Lived Twice: A Thrilling New Dragon Tattoo Story","David Lagercrantz","Not available, publisher indicates OP","batch_bf"
"9780733335266","The Golden Maze: A biography of Prague","Richard Fidler","Not available (reason unspecified)","batch_bf"
"9780753554500","The Good Ancestor: How to Think Long Term in a Short-Term World","Roman Krznaric","Not available (reason unspecified)","batch_bf"
"9781529010220","The Harpy","Megan Hunter","Not available, publisher indicates OP","batch_bf"
"9780008264536","The Killings at Kingfisher Hill: The New Hercule Poirot Mystery","Sophie Hannah","Not available (reason unspecified)","batch_bf"
"9781787300804","The Kingdom: The new thriller from the Sunday Times bestselling author of the Harry Hole series","Jo Nesbo","Not available (reason unspecified)","batch_bf"
"9781787301733","The Less Dead: Shortlisted for the COSTA Prize","Denise Mina","Not available (reason unspecified)","batch_bf"
"9781787633926","The Living Dead: A masterpiece of zombie horror","George A. Romero","Not available (reason unspecified)","batch_bf"
"9781647221256","The Lord is My Shepherd","Mandala Publishing","Not available (reason unspecified)","batch_bf"
"9781471162091","The Lost Book of the White","Cassandra Clare","Not available (reason unspecified)","batch_bf"
"9781787702400","The Lying Life of Adults: A SUNDAY TIMES BESTSELLER","Elena Ferrante","Not available, publisher indicates OP","batch_bf"
"9781785762970","The Mayfly: As Chilling as M. J. Arlidge","James Hazel","Not available, publisher indicates OP","batch_bf"
"9781760854478","The Mother Fault","Kate Mildenhall","Not available (reason unspecified)","batch_bf"
"9781780899046","The Museum of Desire","Jonathan Kellerman","Not available (reason unspecified)","batch_bf"
"9781760876012","The Night Fire: A Ballard and Bosch Thriller","Michael Connelly","Not available, publisher indicates OP","batch_bf"
"9781460755518","The Order","Daniel Silva","Not available (reason unspecified)","batch_bf"
"9781529001822","The Other End of the Line","Andrea Camilleri","Not available, publisher indicates OP","batch_bf"
"9781509840830","The Overnight Kidnapper","Andrea Camilleri","Not available, publisher indicates OP","batch_bf"
"9781838851095","The Papers of Tony Veitch","William McIlvanney","Not available, publisher indicates OP","batch_bf"
"9781529053838","The Psychology of Stupidity: Explained by Some of the World's Smartest People","Jean-Francois Marmion","No longer supplied by the supplier","batch_bf"
"9781760529420","The Satapur Moonstone","Sujata Massey","Not available, publisher indicates OP","batch_bf"
"9781760875893","The Scarecrow","Michael Connelly","Not available, publisher indicates OP","batch_bf"
"9780241459416","The Searcher: The mesmerising new mystery from the Sunday Times bestselling author","Tana French","Not available (reason unspecified)","batch_bf"
"9781849838191","The Siberian Dilemma: Volume 9","Martin Cruz Smith","Not available (reason unspecified)","batch_bf"
"9781529035612","The Sicilian Method","Andrea Camilleri","Not available, publisher indicates OP","batch_bf"
"9781529042436","The Snack Thief","Andrea Camilleri","Not available, publisher indicates OP","batch_bf"
"9780063057142","The Talented Miss Farwell: A Novel","Emily Gray Tedrowe","Not available (reason unspecified)","batch_bf"
"9781604339826","The Twelve Days of Christmas Cats: Celebrate the Holiday Season with 12 Playful Felines","Don Daily","Not available (reason unspecified)","batch_bf"
"9781760559083","The Two Lost Mountains: A Jack West Jr Novel 6","Matthew Reilly","Not available, publisher indicates OP","batch_bf"
"9780718187125","The Winter Agent","Gareth Rubin","Not available (reason unspecified)","batch_bf"
"9780712353465","The Woman in the Wardrobe","P. Shaffer","Not available, publisher indicates OP","batch_bf"
"9780008518981","The Theory of Everything Else","Dan Schreiber","Not available (reason unspecified)","batch_bf"
"9780241642566","A Therapeutic Journey: Lessons from the School of Life","Alain de Botton","Not available (reason unspecified)","batch_bf"
"9780241435021","There are Rivers in the Sky","Elif Shafak","Not available (reason unspecified)","batch_bf"
"9781805137634","There's a Bear on My Chair: 10th Anniversary Edition","Ross Collins","Not available, publisher indicates OP","batch_bf"
"9780241357781","There's a Superhero in Your Book","Tom Fletcher","Not available (reason unspecified)","batch_bf"
"9781776561957","There's No Place Like the Internet in Springtime","Erik Kennedy","Not available, publisher indicates OP","batch_bf"
"9781869710385","They're Not Bringing My Brain Out: Understanding and Working with Gifted and Talented Learners","Rosemary Cathcart","Not available, publisher indicates OP","batch_bg"
"9781473620919","Thing Explainer: Complicated Stuff in Simple Words","Randall Munroe","Not available, publisher indicates OP","batch_bg"
"9781405938327","Things My Son Needs to Know About The World","Fredrik Backman","Not available (reason unspecified)","batch_bg"
"9780008329693","The Things They Carried (4th Estate Matchbook Classics)","Tim O'Brien","Not available (reason unspecified)","batch_bg"
"9780857506115","Think Again","Jacqueline Wilson","Not available (reason unspecified)","batch_bg"
"9780753553893","Think Again: The Power of Knowing What You Don't Know","Adam Grant","Not available (reason unspecified)","batch_bg"
"9781640950191","Think and Grow Rich: The Legacy: How the World's Leading Entrepreneurs, Thought Leaders, & Cultural Icons Achieve Success","James Whittaker","No longer supplied by the supplier","batch_bg"
"9780008432287","Think of Me","Frances Liardet","Not available (reason unspecified)","batch_bg"
"9780330510554","The Third Reich","Roberto Bolano","Not available, publisher indicates OP","batch_bg"
"9780711266100","Thirteen Lessons that Saved Thirteen Lives: The Inside Story of the Thai Cave Rescue","John Volanthen","Not available, publisher indicates OP","batch_bg"
"9781788165488","This Book Will Make You Kinder: An Empathy Handbook","Henry James Garrett","Not available, publisher indicates OP","batch_bg"
"9781788165037","This is Pleasure","Mary Gaitskill","Not available, publisher indicates OP","batch_bg"
"9781529909456","This Is Why You Dream: What your sleeping brain reveals about your waking life","Rahul Jandial","Not available (reason unspecified)","batch_bg"
"9780241530795","This Is Your Mind On Plants: Opium-Caffeine-Mescaline","Michael Pollan","Not available (reason unspecified)","batch_bg"
"9781761343490","This Kingdom of Dust: The stunning new novel from the author of The Midnight Watch","David Dyer","Not available (reason unspecified)","batch_bg"
"9780008293437","This Naked Mind","Annie Grace","Not available (reason unspecified)","batch_bg"
"9781529152548","This Other Eden","Paul Harding","Not available (reason unspecified)","batch_bg"
"9781925240023","Those Who Leave and Those Who Stay: The Neapolitan Novels, Book Three","Elena Ferrante","Not available (reason unspecified)","batch_bg"
"9780947518066","Thought for Food: Why What We Eat Matters: 2018","John D. Potter","Not available (reason unspecified)","batch_bg"
"9781783789573","A Thread of Violence: A Story of Truth, Invention, and Murder","Mark O'Connell","Not available, publisher indicates OP","batch_bg"
"9781250207579","The Threat: How the FBI Protects America in the Age of Terror and Trump","Andrew G. McCabe","No longer supplied by the supplier","batch_bg"
"9780994135407","Three Cities","Rod Oram","Not available (reason unspecified)","batch_bg"
"9781784745769","Three Days in June","Anne Tyler","Cancelled","batch_bg"
"9781629914398","The Three Donkeys: Ariol #8","Emmanuel Guibert","Not available (reason unspecified)","batch_bg"
"9781474939577","Pop-up Three Little Pigs","Susanna Davidson","Not available (reason unspecified)","batch_bg"
"9781626860551","The Three Musketeers","Alexandre Dumas","Not available (reason unspecified)","batch_bg"
"9781800753044","Three Tales of My Father's Dragon","Ruth Stiles Gannett","Not available (reason unspecified)","batch_bg"
"9781922616265","Thrifty Gardening: Money-saving tips and know-how for a flourishing garden","Country Women's Association Victoria","Not available, publisher indicates OP","batch_bg"
"9781529094268","Through the Looking-glass and What Alice Found There Festive Edition","Lewis Carroll","No longer supplied by the supplier","batch_bg"
"9780241425459","The Thursday Murder Club: The Record-Breaking Sunday Times Number One Bestseller","Richard Osman","Not available (reason unspecified)","batch_bg"
"9781742200460","Lonely Planet Tibet","Lonely Planet","Not available (reason unspecified)","batch_bg"
"9781846045387","The Tibetan Book Of Living And Dying: 25th Anniversary Edition","Sogyal Rinpoche","Not available (reason unspecified)","batch_bg"
"9781509826780","The Tiger in the Smoke","Margery Allingham","No longer supplied by the supplier","batch_bg"
"9781529195712","Tiger, Tiger","James Patterson","Not available (reason unspecified)","batch_bg"
"9781913074753","Tiger Walk","Dianne Hofmeyr","Not available, publisher indicates OP","batch_bg"
"9781603208932","Time for Kids Big Book of Science Experiments: A Step-by-step Guide","Time Magazine","Not available (reason unspecified)","batch_bg"
"9781788549639","A Time for New Dreams","Ben Okri","Not available, publisher indicates OP","batch_bg"
"9781787333840","Time is a Mother: From the bestselling author of On Earth We're Briefly Gorgeous","Ocean Vuong","Not available (reason unspecified)","batch_bg"
"9780785841746","The Time Machine / The Invisible Man","H. G. Wells","Not available, publisher indicates OP","batch_bg"
"9781631064203","The Time Machine and The Invisible Man: Volume 45","H. G. Wells","Not available, publisher indicates OP","batch_bg"
"9780241352168","Time of the Magicians: The Great Decade of Philosophy, 1919-1929","Wolfram Eilenberger","Not available (reason unspecified)","batch_bg"
"9780099590750","A Time To Kill","John Grisham","Not available (reason unspecified)","batch_bg"
"9780241423677","Time to Sleep, Little One: A soothing rhyme for bedtime","DK","Not available (reason unspecified)","batch_bg"
"9780500022573","Timelines: The Events that Shaped History","John Haywood","Not available, publisher indicates OP","batch_bg"
"9780008195748","The Times Big Book of Cryptic Crosswords 2: 200 world-famous crossword puzzles (The Times Crosswords)","The Times Mind Games","Not available (reason unspecified)","batch_bg"
"9780008472696","The Times Big Book of Killer Su Doku book 2: 360 lethal Su Doku puzzles (The Times Su Doku)","The Times Mind Games","Not available (reason unspecified)","batch_bg"
"9780008409289","The Times Concise Atlas of the World: 14th Edition","Times Atlases","Not available (reason unspecified)","batch_bg"
"9780008241216","The Times Fiendish Su Doku Book 11: 200 challenging puzzles from The Times (The Times Su Doku)","The Times Mind Games","Not available (reason unspecified)","batch_bg"
"9780008342883","The Times Fiendish Su Doku Book 13: 200 challenging Su Doku puzzles (The Times Su Doku)","The Times Mind Games","Not available (reason unspecified)","batch_bg"
"9780008409333","The Times Great Quotations: Famous quotes to inform, motivate and inspire","James Owen","Not available (reason unspecified)","batch_bg"
"9780008285470","The Times Killer Su Doku Book 15: 200 challenging puzzles from The Times (The Times Su Doku)","The Times Mind Games","Not available (reason unspecified)","batch_bg"
"9780008173890","The Times Quick Crossword Book 21: 100 world-famous crossword puzzles from The Times2 (The Times Crosswords)","The Times Mind Games","Not available (reason unspecified)","batch_bg"
"9780008241193","The Times Ultimate Killer Su Doku Book 10: 200 challenging puzzles from The Times (The Times Su Doku)","The Times Mind Games","Not available (reason unspecified)","batch_bg"
"9780008320317","The Times Universal Atlas of the World","Times Atlases","Not available (reason unspecified)","batch_bg"
"9780008351786","The Times World Atlas Puzzle Book: Put your knowledge of the world to the ultimate test (The Times Puzzle Books)","Gareth Moore","Not available (reason unspecified)","batch_bg"
"9780241337158","Tinker Tailor Soldier Spy","John le Carre","Not available (reason unspecified)","batch_bg"
"9780593115053","The Tiny Chef: and da mishing weshipee blook","Rachel Larsen","Not available (reason unspecified)","batch_bg"
"9781440333163","Tiny House Living: Ideas for Building and Living Well in Less than 400 Square Feet","Ryan Mitchell","Not available (reason unspecified)","batch_bg"
"9781440592119","Tiny Houses Built with Recycled Materials: Inspiration for Constructing Tiny Homes Using Salvaged and Reclaimed Supplies","Ryan Mitchell","No longer supplied by the supplier","batch_bg"
"9780241542422","To Boldly Go Where No Book Has Gone Before: A Joyous Journey Through All of Science","Luke O'Neill","Not available (reason unspecified)","batch_bg"
"9780571340552","To Catch a Cloud","Elena de Roo","Not available, publisher indicates OP","batch_bg"
"9781529077476","To Paradise: From the author of A Little Life","Hanya Yanagihara","No longer supplied by the supplier","batch_bg"
"9781529077483","To Paradise: From the author of A Little Life","Hanya Yanagihara","No longer supplied by the supplier","batch_bg"
"9781529046502","To Sleep in a Sea of Stars","Christopher Paolini","Not available, publisher indicates OP","batch_bg"
"9781783783977","To the Lake: A Balkan Journey of War and Peace","Kapka Kassabova","Not available, publisher indicates OP","batch_bg"
"9780143776734","Toi Tu Toi Ora: Contemporary Maori Art","Nigel Borell","Awaiting reissue","batch_bg"
"9780241612460","DK Tokyo","DK Travel","Not available (reason unspecified)","batch_bg"
"9781786578488","Lonely Planet Tokyo","Lonely Planet","Not available (reason unspecified)","batch_bg"
"9781786578495","Lonely Planet Pocket Tokyo","Lonely Planet","Not available (reason unspecified)","batch_bg"
"9780241612194","DK Top 10 Tokyo","DK Travel","Not available (reason unspecified)","batch_bg"
"9780571359127","Tokyo Redux","David Peace (Author)","Not available, publisher indicates OP","batch_bg"
"9781786787347","The Toltec Legacy: Wisdom to Live by in the New Dawn","Michelle Rodriguez","Not available (reason unspecified)","batch_bg"
"9780473240653","Tom Hassler and the Giant Razor-Clawed Granioptrix of Ice Mountain","Doug Wilson","Not available (reason unspecified)","batch_bg"
"9780994103345","Tom Hassler and the Whale Killers","Doug Wilson","Not available (reason unspecified)","batch_bg"
"9780241651759","Too Late to Awaken: What Lies Ahead When There is No Future?","Slavoj Zizek","Not available (reason unspecified)","batch_bg"
"9780995142190","Topgun Lessons From The Sky: U.S. Navy","McKenzie Fletcher","No longer supplied by the supplier","batch_bg"
"9780241612477","DK Top 10 Toronto","DK Travel","Not available (reason unspecified)","batch_bg"
"9781933354507","Toronto Noir","Janine Armin","No longer supplied by the supplier","batch_bg"
"9780500252482","Total War: A People's History of the Second World War","Kate Clements","Not available, publisher indicates OP","batch_bg"
"9780099452294","Touching The Void","Joe Simpson","Not available (reason unspecified)","batch_bg"
"9781776890217","Touring Edwardian New Zealand","Paul Moon","Not available (reason unspecified)","batch_bg"
"9781473226135","The Tower of Fools: From the bestselling author of THE WITCHER series comes a new fantasy","Andrzej Sapkowski","Not available, publisher indicates OP","batch_bg"
"9780241681954","Tractatus Logico-Philosophicus: The New Translation","Ludwig Wittgenstein","Not available (reason unspecified)","batch_bg"
"9781624142796","Traditional Jewish Baking: Retro Recipes Your Grandma Would Make... If She Had a Mixer","Carine Goren","Not available, publisher indicates OP","batch_bg"
"9780241467961","Trafalgar","Angelica Gorodischer","Not available (reason unspecified)","batch_bg"
"9780553533408","Train to Timbuctoo","Margaret Wise Brown","Not available (reason unspecified)","batch_bg"
"9781925381504","The Traitor and the Thief","Gareth Ward","Not available, publisher indicates OP","batch_bh"
"9781788704830","Traitor King: The Scandalous Exile of the Duke and Duchess of Windsor: AS FEATURED ON CHANNEL 4 TV DOCUMENTARY","Andrew Lownie","Not available, publisher indicates OP","batch_bh"
"9781927213728","Tramping in New Zealand: 40 Great Tramping Trips","Shaun Barnett","Not available (reason unspecified)","batch_bh"
"9781988545738","Transforming the Welfare State: Towards a New Social Contract","Jonathan Boston","Not available (reason unspecified)","batch_bh"
"9780522879322","Transgender Australia: A History Since 1910","Noah Riseman","No longer supplied by the supplier","batch_bh"
"9781785152627","Transient Desires","Donna Leon","Not available (reason unspecified)","batch_bh"
"9780008351793","The Times Atlas of the World Travel Journal","Times Atlases","Not available (reason unspecified)","batch_bh"
"9780473182748","Tavellers Must be Content","Nell Watson","Not available (reason unspecified)","batch_bh"
"9780008477790","Treacle Walker","Alan Garner","Not available (reason unspecified)","batch_bh"
"9781838574642","A Treasury of Fairy Tales","Claire Philip","Not available, publisher indicates OP","batch_bh"
"9780486460161","Treasury of Ornamental Ironwork: 16th to 18th Centuries","Adalbert Roeper","No longer supplied by the supplier","batch_bh"
"9781447282716","A Treasury of Songs","Julia Donaldson","Not available (reason unspecified)","batch_bh"
"9781927131381","Treaty of Waitangi Settlements","Janine Hayward","Not available (reason unspecified)","batch_bh"
"9781835401514","Usborne Book and Jigsaw: Tree of Life","Alice James","No longer supplied by the supplier","batch_bh"
"9780008520779","Tremors in the Blood: Murder, Obsession and the Birth of the Lie Detector","Amit Katwala","Not available (reason unspecified)","batch_bh"
"9780008477899","The Trials of Life: A Natural History of Animal Behaviour","David Attenborough","Not available (reason unspecified)","batch_bh"
"9780241442319","Triflers Need Not Apply: Be frightened of her. Secretly root for her. And watch history's original female serial killer find her next victim.","Camilla Bruce","Not available (reason unspecified)","batch_bh"
"9781783786916","A Trillion Trees: How We Can Reforest Our World","Fred Pearce","Not available, publisher indicates OP","batch_bh"
"9781783788637","A Trillion Trees: How We Can Reforest Our World","Fred Pearce","Not available, publisher indicates OP","batch_bh"
"9781534450240","Trouble Island: Volume 22","Franklin  W. Dixon","Not available (reason unspecified)","batch_bh"
"9780241648711","The Troublemakers","Tamzin Merchant","Not available (reason unspecified)","batch_bh"
"9781869538255","The Trout Dreams: A True Romance of Fly-fishing in New Zealand","Derek Grzelewski","Not available (reason unspecified)","batch_bh"
"9781839942112","Make Tracks: Trucks","Johnny Dyrander","Not available, publisher indicates OP","batch_bh"
"9781250239495","True or False: A CIA Analyst's Guide to Spotting Fake News","Cindy L. Otis","No longer supplied by the supplier","batch_bh"
"9781760295707","Truel1f3: Lifel1k3 3 (Truelife: Lifelike 3)","Jay Kristoff","Not available, publisher indicates OP","batch_bh"
"9781869408633","Truth About Language","Corballis Michael","Not available, publisher indicates OP","batch_bh"
"9781789098242","Truth of the Divine (Export paperback)","Lindsay Ellis","No longer supplied by the supplier","batch_bh"
"9781847925800","The Truths We Hold: An American Journey","Kamala Harris","Not available (reason unspecified)","batch_bh"
"9781529913651","Tupac Shakur: The Authorized Biography","Staci Robinson","Not available (reason unspecified)","batch_bh"
"9780008270797","Turkish Gem Dictionary: The world's favourite mini dictionaries (Collins Gem)","Collins Dictionaries","Not available (reason unspecified)","batch_bh"
"9781509851386","Turn a Blind Eye","Jeffrey Archer","Not available, publisher indicates OP","batch_bh"
"9781760295875","The Turn of Midnight","Minette Walters","Not available, publisher indicates OP","batch_bh"
"9780714827599","Turner","William Gaunt","Not available, publisher indicates OP","batch_bh"
"9781398514508","The Turnglass: The Sunday Times Bestseller - turn the book, uncover the mystery","Gareth Rubin","Not available (reason unspecified)","batch_bh"
"9781439732120","Turquoise Chronicles Grande Unlined Journal","Paperblanks","Not available (reason unspecified)","batch_bh"
"9781439782279","Turquoise Chronicles Midi Unlined Journal","Paperblanks","Awaiting reissue","batch_bh"
"9780241477496","The Twat Files","Dawn French","Not available (reason unspecified)","batch_bh"
"9780521008204","Cambridge Student Guide to Twelfth Night","Rex Gibson (Dr)","Not available (reason unspecified)","batch_bh"
"9781529066562","Twelve Percent Dread","Emily McGovern","No longer supplied by the supplier","batch_bh"
"9781631065064","Twelve Years a Slave: Volume 55","Solomon Northup","Not available, publisher indicates OP","batch_bh"
"9781607105497","Twenty Thousand Leagues Under the Sea","Jules Verne","Not available (reason unspecified)","batch_bh"
"9780241419717","Twilight of Democracy: The Failure of Politics and the Parting of Friends","Anne Applebaum","Not available (reason unspecified)","batch_bh"
"9781617751615","Twin Cities Noir: The Expanded Edition","Steven Horwitz","No longer supplied by the supplier","batch_bh"
"9781789093285","The Twisted Ones","T. Kingfisher","No longer supplied by the supplier","batch_bh"
"9780141361628","The Twits","Roald Dahl","Not available (reason unspecified)","batch_bh"
"9780008376079","The Two Towers (The Lord of the Rings, Book 2)","J. R. R. Tolkien","Not available (reason unspecified)","batch_bh"
"9780008537739","The Two Towers (The Lord of the Rings, Book 2)","J. R. R. Tolkien","Not available (reason unspecified)","batch_bh"
"9781847923073","Two Wheels Good: The History and Mystery of the Bicycle (Shortlisted for the Sunday Times Sports Book Awards 2023)","Jody Rosen","Not available (reason unspecified)","batch_bh"
"9781838954437","Two Women in Rome","Elizabeth Buchan","Not available, publisher indicates OP","batch_bh"
"9781788162074","Two-Way Mirror: The Life of Elizabeth Barrett Browning","Fiona Sampson","Not available, publisher indicates OP","batch_bh"
"9780241536001","Typhoon","Mike Sutton","Not available (reason unspecified)","batch_bh"
"9780994117298","Udon by the Remarkables: 2016","Harvey Molloy","Not available (reason unspecified)","batch_bh"
"9780600619871","The Ultimate Garden Designer","Tim Newbury","Not available, publisher indicates OP","batch_bh"
"9780241471265","Ultimate Harley Davidson","Hugo Wilson","Not available (reason unspecified)","batch_bh"
"9781529903591","Ultra-Processed People: Why Do We All Eat Stuff That Isn't Food ... and Why Can't We Stop?","Chris van Tulleken","Not available (reason unspecified)","batch_bh"
"9780141996905","Uncanny and Improbable Events","Amitav Ghosh","Not available (reason unspecified)","batch_bh"
"9781038901170","The Uncharted Flight of Olivia West","Sara Ackerman","Not available (reason unspecified)","batch_bh"
"9780330523660","Uncle Tungsten: Memories of a Chemical Boyhood","Oliver Sacks","Not available (reason unspecified)","batch_bh"
"9780330419123","Under The Banner of Heaven: A Story of Violent Faith","Jon Krakauer","Not available, publisher indicates OP","batch_bh"
"9781474950541","Underpants for Ants","Russell Punter","Not available (reason unspecified)","batch_bh"
"9781869665548","Unexpected New Zealand","Peter Janssen","Not available, publisher indicates OP","batch_bh"
"9781838749477","The Unexplained: UFOs","Adam Allsuch Boardman","No longer supplied by the supplier","batch_bh"
"9781760641887","Unfinished Business: Notes of a Chronic Re-Reader","Vivian Gornick","Not available (reason unspecified)","batch_bh"
"9780241640692","The Unforgettable Loretta, Darling","Katherine Blake","Not available (reason unspecified)","batch_bh"
"9781621063049","Unfuck Your Brain: Using Science To Get Over Anxiety, Depression, Anger, Freak-Outs, and Triggers","Faith G. Harper","No longer supplied by the supplier","batch_bh"
"9781405968874","The Universal History of Us: A 13.8 billion year tale from the Big Bang to you","Tim Coulson","Not available (reason unspecified)","batch_bh"
"9780857528438","Unlawful Killings: Life, Love and Murder: Trials at the Old Bailey - The instant Sunday Times bestseller","Her Honour Wendy Joseph, QC","Not available (reason unspecified)","batch_bh"
"9781529080407","Unraveller","Frances Hardinge","Not available, publisher indicates OP","batch_bh"
"9781869403546","Unreal City: A Chinese Poet in Auckland","Hilary Chung","Not available, publisher indicates OP","batch_bh"
"9781405953184","Unruly","David Mitchell","Not available (reason unspecified)","batch_bh"
"9781529912852","Unscripted: The Epic Battle for a Hollywood Media Empire","James B. Stewart","Not available (reason unspecified)","batch_bh"
"9780241457450","Unsettled Ground: Winner of the Costa Novel Award 2021","Claire Fuller","Not available (reason unspecified)","batch_bh"
"9781761100758","Unsheltered","Clare Moleta","Not available (reason unspecified)","batch_bh"
"9780241667798","Unstoppable Us Volume 2: Why the World Isn't Fair","Yuval Noah Harari","Not available (reason unspecified)","batch_bh"
"9780823458844","Up Goes the Skyscraper (New & Updated)","Gail Gibbons","No longer supplied by the supplier","batch_bh"
"9781401963484","Upgrade Your Immunity with Herbs: Herbal Tonics, Broths, Brews, and Elixirs to Supercharge Your Immune System","Dr. Joseph Mercola","Not available (reason unspecified)","batch_bh"
"9781988595146","Upturned","Kay McKenzie Cooke","No longer supplied by the supplier","batch_bh"
"9781760760120","Urban Sanctuary: The New Domestic Outdoors (Compact Edition)","Anna Johnson","Not available, publisher indicates OP","batch_bh"
"9781740595407","Urban Photography","Richard I'Anson","Not available (reason unspecified)","batch_bh"
"9780744024494","USA National Parks: Lands of Wonder","DK Eyewitness","Not available (reason unspecified)","batch_bh"
"9781409546962","Usborne Illustrated Dictionary of Maths","Tori Large","Not available (reason unspecified)","batch_bh"
"9780008331931","Valentine","Elizabeth Wetmore","Not available (reason unspecified)","batch_bh"
"9781915998798","Valley: The Glacian Trilogy, Book III","Stacey McEwan","Not available (reason unspecified)","batch_bh"
"9781439782064","Van Gogh's Irises Slim Lined Hardcover Journal","Paperblanks","Awaiting reissue","batch_bh"
"9780241668566","DK Top 10 Vancouver and Vancouver Island","DK Travel","Not available (reason unspecified)","batch_bh"
"9780864734716","Vanilla Wine","Geoff Cochrane","Not available (reason unspecified)","batch_bh"
"9781509844395","Vanity Fair","William Makepeace Thackeray","Not available, publisher indicates OP","batch_bi"
"9781925811391","Vegan Junk Food: A down and dirty cookbook","Zacchary Bird","Not available, publisher indicates OP","batch_bi"
"9788412155020","Venice in Silence","Gaby Wagner","Not available (reason unspecified)","batch_bi"
"9781408727034","Verity: The thriller that will capture your heart and blow your mind, from the author of IT ENDS WITH US","Colleen Hoover","Not available, publisher indicates OP","batch_bi"
"9781615641833","Vertical Vegetable Gardening: Discover the Benefits of Growing Your Vegetables and Fruit Up Instead of Out","Chris McLaughlin","Not available (reason unspecified)","batch_bi"
"9780753559970","Vertigo: The Rise and Fall of Weimar Germany","Harald Jahner","Not available (reason unspecified)","batch_bi"
"9780241422311","The Very Hungry Caterpillar's Easter Sticker and Colouring Book","Eric Carle","Awaiting reissue","batch_bi"
"9781529060577","A (Very) Short History of Life On Earth: 4.6 Billion Years in 12 Chapters","Henry Gee","Not available, publisher indicates OP","batch_bi"
"9788854415751","Vespa: Style and Passion","Steano Cordara","Not available (reason unspecified)","batch_bi"
"9780063038011","Vessel: A Memoir","Chongda Cai","Not available (reason unspecified)","batch_bi"
"9781789094725","Unstoppable - Victories Greater Than Death","Charlie Jane Anders","No longer supplied by the supplier","batch_bi"
"9781786578075","Lonely Planet Pocket Vienna","Lonely Planet","Not available (reason unspecified)","batch_bi"
"9780241618752","DK Top 10 Vienna","DK Travel","Not available (reason unspecified)","batch_bi"
"9780143771845","View from the South","Owen Marshall","Not available (reason unspecified)","batch_bi"
"9781789895889","100 Facts Vikings","Fiona Macdonald","No longer supplied by the supplier","batch_bi"
"9781761264863","Vincent & Sien","Silvia Kwon","No longer supplied by the supplier","batch_bi"
"9781786645340","Vinegar: House & Home","Maria Costantino","Not available (reason unspecified)","batch_bi"
"9781869539146","Vintage Car Collections","S. Reid","Not available (reason unspecified)","batch_bi"
"9781620330548","Vintage Quilt Revival: 22 Modern Designs From Classic Blocks","Katie Clark Blakesley","Not available (reason unspecified)","batch_bi"
"9781408762837","Violet Fairy (Lang's Fairy Books) A6 Lined Cahier","Paperblanks","Awaiting reissue","batch_bi"
"9781439765159","Violet Fairy Mini Unlined Hardcover Journal","Paperblanks","Awaiting reissue","batch_bi"
"9780241537374","The Visionaries: Arendt, Beauvoir, Rand, Weil and the Salvation of Philosophy","Wolfram Eilenberger","Not available (reason unspecified)","batch_bi"
"9781877096396","The Vo Rogue Show","Lynlea Small","Not available (reason unspecified)","batch_bi"
"9780500024805","Vogue Paris: 100 Years","Sylvie Lecallier","Not available, publisher indicates OP","batch_bi"
"9781869403379","Voice Carried My Family","Robert Sullivan","Not available, publisher indicates OP","batch_bi"
"9781785787782","Voices From the Past: A year of great quotations - and the stories from history that inspired them","W.B. Marsh","No longer supplied by the supplier","batch_bi"
"9780241723609","Voices of the Fallen Heroes: And Other Stories","Yukio Mishima","Not available (reason unspecified)","batch_bi"
"9780713653588","Volleyball","English Volleyball Association","Not available, publisher indicates OP","batch_bi"
"9781439754771","Destiny Grande Unlined Hardcover Journal","Paperblanks","Awaiting reissue","batch_bi"
"9780241568255","The Voyage Home","Pat Barker","Not available (reason unspecified)","batch_bi"
"9780760348130","Voyage of the Beagle: The Definitive Illustrated History of Charles Darwin's Travel Memoir and Field Journal","Charles Darwin","Not available, publisher indicates OP","batch_bi"
"9780007323104","The Voyage of the Dawn Treader (The Chronicles of Narnia, Book 5)","C. S. Lewis","Not available (reason unspecified)","batch_bi"
"9781838930486","Voyagers: The Settlement of the Pacific","Nicholas Thomas","Not available, publisher indicates OP","batch_bi"
"9781801292252","Vroom, Vroom, Beep-Beep!: A Crash Course in Kindness","Lezlie Evans","Not available, publisher indicates OP","batch_bi"
"9781665917438","Wakers: Volume 1","Orson Scott Card","Not available (reason unspecified)","batch_bi"
"9780525581192","Waking Forest","Alyssa Wees","Not available (reason unspecified)","batch_bi"
"9781509874521","Walk the Wire","David Baldacci","Not available, publisher indicates OP","batch_bi"
"9780008430191","Walking The Invisible","Michael Stewart","Not available (reason unspecified)","batch_bi"
"9781846045578","Walks in the Wild: A guide through the forest with Peter Wohlleben","Peter Wohlleben","Not available (reason unspecified)","batch_bi"
"9781933354231","Wall Street Noir","Peter Spiegelman","No longer supplied by the supplier","batch_bi"
"9781869404581","Walls to Kick and Hills to Sing from: A Comedy with Interruptions","Murray Edmond","Not available, publisher indicates OP","batch_bi"
"9781787304567","Wandering Stars","Tommy Orange","Not available (reason unspecified)","batch_bi"
"9781529153422","Wandering Through Life: A Memoir","Donna Leon","Not available (reason unspecified)","batch_bi"
"9781682193716","War in Ukraine: Making Sense of a Senseless Conflict","Medea Benjamin","Not available, publisher indicates OP","batch_bi"
"9781529038552","The War of the Poor","Eric Vuillard","Not available, publisher indicates OP","batch_bi"
"9781839644795","The War of the Worlds & Other Tales","H.G. Wells","Not available (reason unspecified)","batch_bi"
"9781788160858","War on Wheels: Inside Keirin and Japan's Cycling Subculture","Justin McCurry","Not available, publisher indicates OP","batch_bi"
"9780141023113","War Talk: Pocket Penguins","Pat Barker","Not available (reason unspecified)","batch_bi"
"9781988516301","The Warm Sun on My Face: The Story of Women's Cricket in New Zealand","Trevor Auger","No longer supplied by the supplier","batch_bi"
"9780873497510","Warman's Fiesta Ware: Identification and Price Guide","Mark Moran","Not available (reason unspecified)","batch_bi"
"9781594749292","Warren the 13th and the Whispering Woods: A Novel","Tania del Rio","Not available (reason unspecified)","batch_bi"
"9781988538082","Warriors 25: Celebrating 25 Years of the New Zealand Warriors","Evans Will","Not available (reason unspecified)","batch_bi"
"9780241621288","DK Top 10 Washington DC","DK Travel","Not available (reason unspecified)","batch_bi"
"9780571351138","The Waste Land","T. S. Eliot","Not available, publisher indicates OP","batch_bi"
"9780804840958","The Water Margin: Outlaws of the Marsh: The Classic Chinese Novel","Shi Naian","Not available (reason unspecified)","batch_bi"
"9781591866442","Water-Smart Gardening: Save Water, Save Money, and Grow the Garden You Want","Diana Maranhao","Not available (reason unspecified)","batch_bi"
"9781440301315","Watercolor Basics: Learn to Solve the Most Common Painting Problems burst: North Light Classic Editions 10th Anniversary","Charles Reid","No longer supplied by the supplier","batch_bi"
"9780702259999","Waterhole","Fiona Bell","Not available (reason unspecified)","batch_bi"
"9780007575572","Waves Across the South: A New History of Revolution and Empire","Sujit Sivasundaram","Not available (reason unspecified)","batch_bi"
"9780008566524","Wayfarer: Love, loss and life on Britain's ancient paths","Phoebe Smith","Not available (reason unspecified)","batch_bi"
"9780241469651","Ways of Being: Animals, Plants, Machines: The Search for a Planetary Intelligence","James Bridle","Not available (reason unspecified)","batch_bi"
"9781838853341","We Are Electric: The New Science of Our Body's Electrome","Sally Adee","Not available, publisher indicates OP","batch_bi"
"9781787332522","We Are Free to Change the World: Hannah Arendt's Lessons in Love and Disobedience","Lyndsey Stonebridge","Not available (reason unspecified)","batch_bi"
"9781683691204","We Are Here Forever","Michelle Gish","Not available (reason unspecified)","batch_bi"
"9781760642495","We, Hominids: An Anthropological Detective Story","Frank Westerman","Not available (reason unspecified)","batch_bi"
"9781668001097","We Never Die: Secrets of the Afterlife","Matt Fraser","Not available (reason unspecified)","batch_bi"
"9781405953269","We Should Not Be Friends: The Story of An Unlikely Friendship","Will Schwalbe","Not available (reason unspecified)","batch_bi"
"9781785908149","We Were Blackwater: Life, death and madness in the killing fields of Iraq - an SAS veteran's explosive true story","Barrie "Baz" Rice","Not available, publisher indicates OP","batch_bi"
"9780241557655","We Were Never Here: The addictively twisty Reese Witherspoon Book Club thriller soon to be a major Netflix film","Andrea Bartz","Not available (reason unspecified)","batch_bi"
"9780785830016","Weapons of War Submarines 1776-1940: Volume 6","Michael Spilling","Not available (reason unspecified)","batch_bi"
"9781783784769","Weather","Jenny Offill","Not available, publisher indicates OP","batch_bi"
"9781783784776","Weather","Jenny Offill","Not available, publisher indicates OP","batch_bi"
"9781399622745","The Wedding People: The hilarious and moving Read With Jenna book club pick","Alison Espach","Not available, publisher indicates OP","batch_bi"
"9781507210765","Wedding Toasts 101: The Guide to the Perfect Wedding Speech","Pete Honsberger","Not available (reason unspecified)","batch_bi"
"9780908319077","Weekday Meals in Minutes","Alison Holst","Not available (reason unspecified)","batch_bi"
"9781643134161","Weird Women: Classic Supernatural Fiction by Groundbreaking Female Writers: 1852-1923","Leslie S. Klinger","Not available (reason unspecified)","batch_bi"
"9781846147968","The Weirdest People in the World: How the West Became Psychologically Peculiar and Particularly Prosperous","Joseph Henrich","Not available (reason unspecified)","batch_bi"
"9781927305836","Wekas Waiata Trilingual Ed -OP","Robinson Nikki","Not available (reason unspecified)","batch_bi"
"9780241619018","The Well-Lived Life: A 102-Year-Old Doctor's Six Secrets to Health and Happiness at Every Age","Dr Gladys McGarey","Not available (reason unspecified)","batch_bi"
"9781927277607","Wellbeing Economics: Future Directions for New Zealand","Paul Dalziel","Not available (reason unspecified)","batch_bi"
"9781406386769","We're Going on a Bear Hunt","Michael Rosen","Not available, publisher indicates OP","batch_bi"
"9781406391350","We're Going on a Bear Hunt: A sound book edition of the award-winning classic family favourite - the perfect present for babies and toddlers.","Michael Rosen","Not available, publisher indicates OP","batch_bi"
"9780711255999","Wes Anderson: The Iconic Filmmaker and his Work","Ian Nathan","Not available, publisher indicates OP","batch_bi"
"9781787013728","Lonely Planet Western Europe","Lonely Planet","Not available (reason unspecified)","batch_bi"
"9781837932733","Westport","James Comey","Not available, publisher indicates OP","batch_bi"
"9781472143501","The Whale in the Living Room: A Wildlife Documentary Maker's Unique View of the Sea","John Ruthven","Not available, publisher indicates OP","batch_bj"
"9780947503819","Whale Oil","Margie Thomson","Not available (reason unspecified)","batch_bj"
"9781877385711","Whales and Dolphins of Aotearoa New Zealand","Barbara Todd","Not available, publisher indicates OP","batch_bj"
"9781035033164","WHAT","John Cooper Clarke","Cancelled","batch_bj"
"9781473224346","What Abigail Did That Summer: A Rivers Of London Novella","Ben Aaronovitch","Not available, publisher indicates OP","batch_bj"
"9780349013671","What Are You Going Through: Now a Pedro Almodovar film - THE ROOM NEXT DOOR","Sigrid Nunez","Not available, publisher indicates OP","batch_bj"
"9780241521397","What Beauty There Is","Cory Anderson","Not available (reason unspecified)","batch_bj"
"9780008404598","What Can I Do?: The Truth About Climate Change and How to Fix It","Jane Fonda","Not available (reason unspecified)","batch_bj"
"9781984860347","What Color Is Your Parachute? 2022: Your Guide to a Lifetime of Meaningful Work and Career Success","Richard N. Bolles","Not available (reason unspecified)","batch_bj"
"9781529088533","What Dinosaur Am I? A Lift-the-Flap Book","Peter Curtis","Not available, publisher indicates OP","batch_bj"
"9781988550121","What Happened to the Moa PB","Barraud Ned","Not available (reason unspecified)","batch_bj"
"9781988550138","What Happened to the Moa HB","Ned Barraud","Not available (reason unspecified)","batch_bj"
"9781529068474","What Happened to You?: Conversations on Trauma, Resilience, and Healing","Oprah Winfrey","Not available, publisher indicates OP","batch_bj"
"9781783352609","What Just Happened?!: Dispatches from Turbulent Times (The Sunday Times Bestseller)","Marina  Hyde (Diarist)","Not available, publisher indicates OP","batch_bj"
"9781405271806","What Katy Did","Susan Coolidge","Not available (reason unspecified)","batch_bj"
"9780993019968","What on Earth? Wallbook Timeline of Nature","Christopher Lloyd","Not available, publisher indicates OP","batch_bj"
"9781529069495","What Strange Paradise","Omar El Akkad","Not available, publisher indicates OP","batch_bj"
"9781509862566","What the Ladybird Heard","Julia Donaldson","Not available, publisher indicates OP","batch_bj"
"9781035035199","What the Ladybird Heard 15th Anniversary Edition: with a shiny blue foil cover and bonus material from the creators!","Julia Donaldson","Cancelled","batch_bj"
"9781447275954","What the Ladybird Heard Next","Julia Donaldson","Not available, publisher indicates OP","batch_bj"
"9781591473145","What to Do When You Worry Too Much: A Kid's Guide to Overcoming Anxiety","Dawn Huebner, PhD","Not available (reason unspecified)","batch_bj"
"9780008252618","What Was I Scared Of?","Dr. Seuss","Not available (reason unspecified)","batch_bj"
"9780861544820","What We Owe The Future: The Sunday Times Bestseller","William MacAskill","Not available, publisher indicates OP","batch_bj"
"9780241595763","What Went Wrong With Capitalism","Ruchir Sharma","Not available (reason unspecified)","batch_bj"
"9780241459850","What's Eating the Universe?: And Other Cosmic Questions","Paul Davies","Not available (reason unspecified)","batch_bj"
"9780593176474","What's Inside A Flower?: And Other Questions About Science and Nature","Rachel Ignotofsky","Not available (reason unspecified)","batch_bj"
"9780241454985","What's that Rock or Mineral?","DK","Not available (reason unspecified)","batch_bj"
"9781927305676","When Darkness Stays: Hohepa Kereopa and a Tuhoe Oral History","Paul Moon","Not available (reason unspecified)","batch_bj"
"9780008454654","When Fishes Flew: The Story of Elena's War","Michael Morpurgo","Not available (reason unspecified)","batch_bj"
"9781509850976","When Grandad Was a Penguin","Morag Hood","No longer supplied by the supplier","batch_bj"
"9781847803795","When I Was Joe","Keren David","Not available, publisher indicates OP","batch_bj"
"9781869505356","When Lightning Strikes: An Illustrated Guide To Stroke Prevention And Recovery","Valery L. Feigin","Not available (reason unspecified)","batch_bj"
"9780062657930","When the Earth Had Two Moons: The Lost History of the Night Sky","Erik Asphaug","Not available (reason unspecified)","batch_bj"
"9781471192937","When Time Stopped: A Memoir of My Father's War and What Remains","Ariana Neumann","Not available (reason unspecified)","batch_bj"
"9780711268166","When We Went Wild","Isabella Tree","Not available, publisher indicates OP","batch_bj"
"9781405280853","When We Were Very Young (Winnie-the-Pooh - Classic Editions)","A. A. Milne","Not available (reason unspecified)","batch_bj"
"9781471412219","When Women Were Dragons: an enduring, feminist novel from New York Times bestselling author, Kelly Barnhill","Kelly Barnhill","Not available, publisher indicates OP","batch_bj"
"9781776571550","Where is Grandma?","Peter Schossow","Not available, publisher indicates OP","batch_bj"
"9781761347832","Where is the Green Sheep? Celebration Book","Mem Fox","Not available (reason unspecified)","batch_bj"
"9780522876826","Where the Water Ends: Seeking Refuge in Fortress Europe","Zoe Holman","No longer supplied by the supplier","batch_bj"
"9789401478335","Where We Work: Home Offices","An Bogaerts","Not available (reason unspecified)","batch_bj"
"9781640210448","Whimsical and Wild","Jane Davenport","No longer supplied by the supplier","batch_bj"
"9780349128863","The Whispers of Rock: Stories from the Earth","Anjana Khatwa","Awaiting reissue","batch_bj"
"9781398501973","White Feminism","Koa Beck","Not available (reason unspecified)","batch_bj"
"9780241628973","White Holes: Inside the Horizon","Carlo Rovelli","Not available (reason unspecified)","batch_bj"
"9781471157653","White Line Fever: Lemmy: The Autobiography","Lemmy Kilmister","Not available (reason unspecified)","batch_bj"
"9781742972961","Who Could That Be at This Hour?: Volume 1","Lemony Snicket","Not available (reason unspecified)","batch_bj"
"9780750982429","Who Made England?: The Saxon-Viking Race to Create a Country","Chip Colquhoun","Not available, publisher indicates OP","batch_bj"
"9780143771210","Who Stole the Rainbow?","Vasanti Unka","Not available (reason unspecified)","batch_bj"
"9780241992487","The Whole Truth: The new 'impossible to predict' detective thriller from the Richard and Judy Book Club Spring 2021","Cara Hunter","Not available (reason unspecified)","batch_bj"
"9780994120533","Wholehearted: Inspiring Real Food for Every Day","Kelly Gibney","Not available (reason unspecified)","batch_bj"
"9780241595824","Who's Afraid of Gender?","Judith Butler","Not available (reason unspecified)","batch_bj"
"9781927213612","Whose Beak is This?","Gillian Candler","Not available (reason unspecified)","batch_bj"
"9780947503321","Whose Feet are These?","Gillian Candler","Not available (reason unspecified)","batch_bj"
"9781782401285","Why Does My Cat Do That?: Answers to the 50 Questions Cat Lovers Ask","Catherine Davidson","Not available, publisher indicates OP","batch_bj"
"9780241407493","Why Empires Fall: Rome, America and the Future of the West","John Rapley","Not available (reason unspecified)","batch_bj"
"9780241461419","Why Is Blood Red?","DK","Not available (reason unspecified)","batch_bj"
"9780994146014","Why is That Lake So Blue?","Simon Pollard","Not available, publisher indicates OP","batch_bj"
"9780241517635","Why Politics Fails: The Five Traps of the Modern World & How to Escape Them","Ben Ansell","Not available (reason unspecified)","batch_bj"
"9780908321650","Why Science is Sexist","Nicola Gaston","Not available (reason unspecified)","batch_bj"
"9780241567609","Why War?","Richard Overy","Not available (reason unspecified)","batch_bj"
"9780241444511","Why We Fight: The Roots of War and the Paths to Peace","Christopher Blattman","Not available (reason unspecified)","batch_bj"
"9781948836982","Why We Get Sick: The Hidden Epidemic at the Root of Most Chronic Disease - and How to Fight It","Benjamin Bikman","No longer supplied by the supplier","batch_bj"
"9780241437339","The Wide Wide Sea","Hampton Sides","Not available (reason unspecified)","batch_bj"
"9781988547381","Wild at Heart: The Dangers and Delights of a Nomadic Life","Miriam Lancewood","Not available, publisher indicates OP","batch_bj"
"9781783781911","Wild Child: Coming Home to Nature","Patrick Barkham (Y)","Not available, publisher indicates OP","batch_bj"
"9781447278269","Wild Fire","Ann Cleeves","Not available, publisher indicates OP","batch_bj"
"9780224101660","Wild Houses","Colin Barrett","Not available (reason unspecified)","batch_bj"
"9780593618097","Wild Places: The Life of Naturalist David Attenborough","Hayley Rocco","Not available (reason unspecified)","batch_bj"
"9781776191123","A Wilder Life: Journey of an Adventuring Doctor","Joan Louwrens","No longer supplied by the supplier","batch_bj"
"9781398508651","The Wilderness Cure","Mo Wilde","Not available (reason unspecified)","batch_bj"
"9781869664008","Wildlife of New Zealand","Rob Suisted","Not available, publisher indicates OP","batch_bj"
"9781529124163","Will: The Sunday Times Bestselling Autobiography","Will Smith","Not available (reason unspecified)","batch_bj"
"9781474613408","Will My Cat Eat My Eyeballs?: Big Questions from Tiny Mortals About Death","Caitlin Doughty","Not available, publisher indicates OP","batch_bj"
"9781921272837","By the Picking of My Nose: Little Hare Books","Martin Chatterton","Not available (reason unspecified)","batch_bj"
"9781631062513","The Wind in the Willows: Volume 11","Kenneth Grahame","Not available, publisher indicates OP","batch_bj"
"9781786494191","Wings Over Water: The Story of the World's Greatest Air Race and the Birth of the Spitfire","Jonathan Glancey","Not available, publisher indicates OP","batch_bj"
"9780008353797","Winnie & Nelson: Portrait of a Marriage","Jonny Steinberg","Not available (reason unspecified)","batch_bj"
"9780192758248","Winnie Goes for Gold","Laura Owen","Not available (reason unspecified)","batch_bj"
"9781405281317","Winnie-the-Pooh (Winnie-the-Pooh - Classic Editions)","A. A. Milne","Not available (reason unspecified)","batch_bj"
"9780755500734","Winnie-the-Pooh: Once There Was a Bear (The Official 95th Anniversary Prequel): Tales of Before it all Began ...","Jane Riordan","Not available (reason unspecified)","batch_bj"
"9781529070415","Winnie-the-Pooh at the Palace: A Winnie-the-Pooh adventure in rhyme, featuring A.A Milne's and E.H Shepard's classic characters","Jeanne Willis","Cancelled","batch_bj"
"9781398501911","Winning: The Unforgiving Race to Greatness","Tim S. Grover","Not available (reason unspecified)","batch_bj"
"9781760850227","The Winter Dress","Lauren Chater","Not available (reason unspecified)","batch_bj"
"9780857637062","The Winter Fox","Timothy Knapman","Not available, publisher indicates OP","batch_bj"
"9780330460606","Winter of the World","Ken Follett","Not available (reason unspecified)","batch_bj"
"9781846047237","Wintering: The power of rest and retreat in difficult times","Katherine May","Not available (reason unspecified)","batch_bk"
"9781846344961","365 a Special Gift of Wisdom","","Not available (reason unspecified)","batch_bk"
"9781776561681","A Wise Adventure II","","Not available, publisher indicates OP","batch_bk"
"9781761066665","Wise Quackers: The Super Adventures of Ollie and Bea 3","Renee Treml","Not available (reason unspecified)","batch_bk"
"9780593200162","The Wisteria Society of Lady Scoundrels","India Holton","Not available (reason unspecified)","batch_bk"
"9780141365473","The Witches","Roald Dahl","Not available (reason unspecified)","batch_bk"
"9781869715250","The Witching Tide","Margaret Meyer","Not available, publisher indicates OP","batch_bk"
"9781529030327","Witchshadow","Susan Dennard","Not available, publisher indicates OP","batch_bk"
"9781787302273","Without Ever Reaching the Summit: A Himalayan Journey","Paolo Cognetti","Not available (reason unspecified)","batch_bk"
"9780994117281","Withstanding: 2016","Helen Jacobs","Not available (reason unspecified)","batch_bk"
"9781607109433","The Wizard of Oz","L. Frank Baum","Not available (reason unspecified)","batch_bk"
"9781805330943","The Wizard of the Kremlin","Giuliano da Empoli","Not available, publisher indicates OP","batch_bk"
"9781800750784","Woke Inc: Inside the Corporate Social Justice Scam","Vivek Ramaswamy","Not available, publisher indicates OP","batch_bk"
"9780008513429","Woke Up This Morning: The Definitive Oral History of The Sopranos","Michael Imperioli","Not available (reason unspecified)","batch_bk"
"9780994137821","Wolf: 2017","Elizabeth Morton","Not available (reason unspecified)","batch_bk"
"9780007230204","Wolf Hall: Winner of the Man Booker Prize (The Wolf Hall Trilogy)","Hilary Mantel","Not available (reason unspecified)","batch_bk"
"9781911358619","Wolf Hall Companion","Lauren Mackay","Not available (reason unspecified)","batch_bk"
"9780008530341","The Wolf Hall Picture Book","Hilary Mantel","Not available (reason unspecified)","batch_bk"
"9781785834684","The Wolf was Not Sleeping","Avril McDonald","No longer supplied by the supplier","batch_bk"
"9780008244453","The Wolf Within: The Astonishing Evolution of Man's Best Friend","Professor Bryan Sykes","Not available (reason unspecified)","batch_bk"
"9781302921828","Wolverine by Benjamin Percy Vol. 1","Benjamin Percy","Not available (reason unspecified)","batch_bk"
"9781787303355","The Wolves of Eternity","Karl Ove Knausgaard","Not available (reason unspecified)","batch_bk"
"9780571364671","The Woman in the Purple Skirt","Natsuko Imamura","Not available, publisher indicates OP","batch_bk"
"9780241536414","A Woman Like Me: A Memoir","Diane Abbott","Not available (reason unspecified)","batch_bk"
"9781035005680","The Women: The Instant Sunday Times Bestseller from the author of The Nightingale","Kristin Hannah","No longer supplied by the supplier","batch_bk"
"9781988547053","Women, Equality, Power: Selected speeches from a life of leadership","Helen Clark","Not available, publisher indicates OP","batch_bk"
"9781785786952","Women in the Picture: Women, Art and the Power of Looking","Catherine McCormack","No longer supplied by the supplier","batch_bk"
"9781914240485","Women Living Deliciously: THE LIFE-CHANGING BOOK EVERY WOMAN DESERVES","Florence Given","Not available, publisher indicates OP","batch_bk"
"9780994146007","Women Now: The Legacy of Female Suffrage","Bronwyn Labrum","Not available, publisher indicates OP","batch_bk"
"9780241427248","The Women of Troy: The Sunday Times Number One Bestseller","Pat Barker","Not available (reason unspecified)","batch_bk"
"9781775593645","Won by the Spade: How the Royal New Zealand Engineers Built a Nation","Peter Cooke","Not available (reason unspecified)","batch_bk"
"9780241368381","Wonder: The Complete Collection","R J Palacio","Not available (reason unspecified)","batch_bk"
"9781844036561","The Wonder Book of Things to Do: Indoors and Out of Doors","Ward Lock & Co Ltd","Not available, publisher indicates OP","batch_bk"
"9780552574747","Wonder Journal","R. J. Palacio","Not available (reason unspecified)","batch_bk"
"9781631060410","The Wonderful Wizard of Oz: Volume 12","L. Frank Baum","Not available, publisher indicates OP","batch_bk"
"9780857525796","Woodston: The Biography of An English Farm - The Sunday Times Bestseller","John Lewis-Stempel","Not available (reason unspecified)","batch_bk"
"9780241448816","The Word: On the Translation of the Bible","Dr John Barton","Not available (reason unspecified)","batch_bk"
"9781761263897","Word Puzzles: More than 600 puzzles","Macmillan","Not available, publisher indicates OP","batch_bk"
"9781608866809","Wordgirl Volume 3: Word Up","Anita Serwacki","Not available, publisher indicates OP","batch_bk"
"9781788166102","The Wordhord: Daily Life in Old English","Hana Videen","Not available, publisher indicates OP","batch_bk"
"9780898158090","The Wordless Travel Book: Point at These Pictures to Communicate with Anyone","Jonathan Meader","Not available (reason unspecified)","batch_bk"
"9781781319130","The World at Night: Spectacular photographs of the night sky","Babak Tafreshi","Not available, publisher indicates OP","batch_bk"
"9781411470965","World Map SparkCharts","SparkNotes","Not available (reason unspecified)","batch_bk"
"9780241400753","The World of Avatar: A Visual Exploration","Joshua Izzo","Not available (reason unspecified)","batch_bk"
"9781786030832","Sounds of Nature: World of Birds","Robert Frank Hunter","Not available, publisher indicates OP","batch_bk"
"9781399702294","A World of Curiosities: thrilling and page-turning crime fiction from the author of the bestselling Inspector Gamache novels","Louise Penny","Not available, publisher indicates OP","batch_bk"
"9781406381269","A World of Discovery","James Brown","Not available, publisher indicates OP","batch_bk"
"9781922785978","The World of Italian Folk Magic: Magical and herbal cures from the wise women of Italy","Rose Inserra","Not available (reason unspecified)","batch_bk"
"9781616555016","Dragon Age: The World of Thedas Volume 2","BioWare","Not available (reason unspecified)","batch_bk"
"9781788168908","World of Wonders: In Praise of Fireflies, Whale Sharks and Other Astonishments","Aimee Nezhukumatathil","Not available, publisher indicates OP","batch_bk"
"9781411470972","World Religions SparkCharts","SparkNotes","Not available (reason unspecified)","batch_bk"
"9781838958596","The World's Strongest Book: Ten Lessons in Strength and Resilience from the Legendary Strongman","Eddie Hall","Not available, publisher indicates OP","batch_bk"
"9781509852666","The World's Wife","Carol Ann Duffy, DBE","No longer supplied by the supplier","batch_bk"
"9780008197049","The World's Worst Children","David Walliams","Not available (reason unspecified)","batch_bk"
"9780008259679","The World's Worst Children 2","David Walliams","Not available (reason unspecified)","batch_bk"
"9780008524999","The Worst Girl Gang Ever: A Survival Guide for Navigating Miscarriage and Pregnancy Loss","Bex Gunn","Not available (reason unspecified)","batch_bk"
"9781844131037","The Worst Journey in the World","Apsley Cherry-Garrard","Not available (reason unspecified)","batch_bk"
"9780141349626","The Worst Witch All at Sea","Jill Murphy","Not available (reason unspecified)","batch_bk"
"9780141349633","The Worst Witch Saves the Day","Jill Murphy","Not available (reason unspecified)","batch_bk"
"9780141349640","The Worst Witch to the Rescue","Jill Murphy","Not available (reason unspecified)","batch_bk"
"9781250763655","Wounded Shepherd: Pope Francis and His Struggle to Convert the Catholic Church","Austen Ivereigh","Not available, publisher indicates OP","batch_bk"
"9781250119384","Wounded Shepherd: Pope Francis and His Struggle to Convert the Catholic Church","Austen Ivereigh","No longer supplied by the supplier","batch_bk"
"9781760993924","A Wreck of Seabirds: A deeply moving Australian gothic fiction novel","Karleah Olson","Not available (reason unspecified)","batch_bk"
"9781474950879","Write Your Own Poems","Jerome Martin","Not available (reason unspecified)","batch_bk"
"9781684122882","Wuthering Heights","Emily Bronte","Not available (reason unspecified)","batch_bk"
"9781785788086","Xi: A Study in Power","Kerry Brown","No longer supplied by the supplier","batch_bk"
"9781529032475","The Yellow Bird Sings","Jennifer Rosner","No longer supplied by the supplier","batch_bk"
"9781426337529","Yoga Animals: Playful Poses for Calming Your Wild Ones","National Geographic Kids","No longer supplied by the supplier","batch_bk"
"9781989555583","Yoko Ono: An Artful Life","Donald Brackett","No longer supplied by the supplier","batch_bk"
"9780062306999","York: The Map of Stars","Laura Ruby","Not available (reason unspecified)","batch_bk"
"9781529083569","You Are a Champion: How to Be the Best You Can Be","Marcus Rashford","Not available, publisher indicates OP","batch_bk"
"9781399725101","You Like It Darker: the Sunday Times number one bestseller (May 2024)","Stephen King","Not available, publisher indicates OP","batch_bk"
"9781471191886","You Love Me: The highly anticipated sequel to You and Hidden Bodies (YOU series Book 3)","Caroline Kepnes","Not available (reason unspecified)","batch_bk"
"9780571372676","You Made a Fool of Death With Your Beauty: THE HOTTEST SUMMER READ OF 2023","Akwaeke Emezi","Not available, publisher indicates OP","batch_bk"
"9781912914333","You Matter: The Human Solution","Delia Smith","Not available (reason unspecified)","batch_bk"
"9780008407483","You Will Get Through This Night","Daniel Howell","Not available (reason unspecified)","batch_bk"
"9781529068771","Young Mungo","Douglas Stuart","No longer supplied by the supplier","batch_bk"
"9781760528270","Youngbloods: Impostors 4","Scott Westerfeld","Not available (reason unspecified)","batch_bk"
"9781401944568","Your 3 Best Super Powers: Meditation, Imagination & Intuition","Sonia Choquette","Not available (reason unspecified)","batch_bk"
"9781805301202","Your Brain on Art: How the Arts Transform Us","Susan Magsamen","Not available, publisher indicates OP","batch_bk"
"9780571348213","Your House Will Pay: 'Elegant [and] suspenseful.' New York Times","Steph Cha","Not available, publisher indicates OP","batch_bk"
"9781439755891","Zahra Ultra Unlined Hardcover Journal (Elastic Band Closure)","Paperblanks","Awaiting reissue","batch_bl"
"9781250115683","Zendoodle Journaling: Creative Reflections: Color & Write for Mindfulness","Aimee Chase","Not available, publisher indicates OP","batch_bl"
"9780143796817","A Zero Waste Family: In thirty days","Anita Vandyke","Not available (reason unspecified)","batch_bl"
"9781800817906","ZOV: Inside Putin's Corrupt War on Ukraine - An Exiled Soldier's Story","Pavel Filatyev","Cancelled","batch_bl"
"9781910218556","Zurich PopOut Map","PopOut Maps","Not available (reason unspecified)","batch_bl"
