ISBN,Title,Author,Publisher,Department,Sell_Price,Stock_OnHand,WEBLIST_Status,Would_Sync_To_Shopify
9781838697068,Canada - Lonely Planet,LONELY PLANET,LONGLO,,44.99,1,active,YES
9781781318072,Classic FM Family Music Box - Hear Iconic Music From The Great Composers,LIHOREAU TIM,WHILIO,,34.99,1,active,YES
9781576871386,Juvenile,RODRIGUEZ JOSEPH,POWERH,,24.99,1,active,YES
9781838699048,Montreal And Quebec City - Lonely Planet Pocket,LONELY PLANET,LONGLO,,24.99,1,active,YES
8057094921768,Van Eyck - 2026 Bookmark Calendar,ALLALUNA,ALLALU,,9.99,1,active,YES
9781861269720,Yorkshire Dales - Landscape and Geology,WALTHAM TONY,CROWOO,,59.99,1,active,YES
9780789327246,1001 Bicycles to Dream of Riding,KESTEVEN GUY,UNIVER,,29.99,0,active,YES
9780349708171,2026 Blue Luxe (Luxe Design) Grande 12-month Vertical Hardcover Flexi Dayplanner 2026 (Elastic Band Closure),PAPERBLANKS,LITBR,,24.99,0,active,YES
9780349707693,"2026 Michelangelo, Handwriting (Embellished Manuscripts Collection) Midi 12-month Vertical Hardcover Flexi Dayplanner 2026 (Wrap Closure)",PAPERBLANKS,LITBR,,17.5,0,active,YES
9780349708010,"2026 Michelangelo, Handwriting (Embellished Manuscripts Collection) Ultra 12-month Horizontal Hardcover Flexi Dayplanner 2026 (Wrap Closure)",PAPERBLANKS,LITBR,,42.99,0,active,YES
9780349708089,2026 Pear Garden (Peking Opera Embroidery) Ultra 12-month Vertical Hardcover Flexi Dayplanner 2026 (Wrap Closure),PAPERBLANKS,LITBR,,21.5,0,active,YES
9780349707891,2026 Spinola Hours (Ancient Illumination) Maxi 12-month Horizontal Hardcover Flexi Dayplanner 2026 (Elastic Band Closure),PAPERBLANKS,LITBR,,36.99,0,active,YES
9781851499083,21st Century Jewellery Designers - An Inspired Style,ROCHEFOUCAULD JULIET WEIR-DE LA,ACCART,,160.0,0,active,YES
9780760334744,365 Motorcycles You Must Ride,GINGERELLI DAIN,MOTORB,,24.99,0,active,YES
9781446303498,9 Classic Quilt Blocks,EDWARDS LYNNE,DAVCHA,,18.99,0,active,YES
9781804660751,Absolutely Everything - Revised And Expanded - A History of Earth Dinosaurs Rulers Robots And Other Things Too Numerous,LLOYD CHRISTOPHER,WALKER,,47.99,0,active,YES
9781838957261,Anna - The Biography,ODELL AMY,ATLANT,,39.99,0,active,YES
9781683693550,Apocalypse - Worst Case Scenario Survival Handbook,PIVEN JOSHUA,QUIRKB,,48.0,0,active,YES
9781447278832,Armour Of Light - 4 Kingsbridge Novels,FOLLETT KEN,MACMIL,,59.99,0,active,YES
9781839641718,Arthurian Myths,JACKSON J,FLATRE,,21.99,0,active,YES
9788417656607,Atlas of Modern Clothing -  From the Trench Coat to the Sweatshirt,MADZHUGINA MARINA,HOAKI,,59.99,0,active,YES
9781529152982,Atmosphere,JENKINS REID TAYLOR,HUTHEI,,38.0,0,active,YES
9781797217505,Avengers - 100 Collectible Comic Book Cover Postcards,MARVEL,CHRONI,,49.99,0,active,YES
9780804846561,Ayurveda - Asian Secrets of Wellness Beauty and Balance,INGLIS KIM,TUTTLE,,29.99,0,active,YES
9781406394788,Babys First Encyclopedia,ARRHENIUS INGELA P.,WALKER,,29.99,0,active,YES
8052783613443,Bear - Erasable Pen,LEGAMI,LEGAMI,,5.5,0,active,YES
9780645069648,Bear and the Little Green Thing,DIANDIAN,SIMON,,32.99,0,active,YES
9781911658252,Before Rocket - The Steam Locomotive Up To 1829,DAWSON ANTHONY,GREASL,,37.99,0,active,YES
9781529193121,Bitter -  Flavour-packed recipes to impress,ANATOLE ALEXINA,SQUPEG,,70.0,0,active,YES
9781774021651,Black Beauty - Paper Mill Classics,SEWELL ANNA,PAPMIL,,24.99,0,active,YES
9781408763278,Black Edition - Grande Lined - Sin Cierre Closure,PAPERBLANKS,LITBR,,49.99,0,active,YES
9781783611300,Book Of Childrens Verse - A Gorgeous Anthology Of Poetry For Children Of All Ages,CHAFER E,FLATRE,,29.99,0,active,YES
9781797228938,Bucket List Journal -  Plan a Lifetime of Adventures and Memories,CHRONICLEBOOKS,CHRONI,,34.99,0,active,YES
9780241957721,Camp David,WALLIAMS DAVID,PENGUI,,30.0,0,active,YES
9781452114323,Card Catalog - 30 Notecards from the Library of Congress,LIBRARY OF CONGRESS,CHRONI,,29.99,0,active,YES
8052694032524,Carpe Diem - Small Daily Diary 2026 - Legami,LEGAMI,LEGAMI,,15.5,0,active,YES
9414740012611,Cat Stickers,,AVAINT,,0.0,0,active,YES
5014631022398,Cheese And Crackers Game,HOUSE OF MARBLES,HOUMAR,,49.99,0,active,YES
9781991103086,Chevalier And Gawayn,MANN PHILLIP,QUEWIL,,37.99,0,active,YES
9417601402125,Christmas Cards - Barnardos Charity - 12 Pack,WILLIAMS SUE,OXTED,,24.99,0,active,YES
9417601402132,Christmas Cards - Womens Refuge Charity - 12 Pack,WILLIAMS SUE,OXTED,,24.99,0,active,YES
9417601402064,Christmas Cards - Womens Refuge Charity - 12 Pack,WILLIAMS SUE,OXTED,,24.99,0,active,YES
9414740986370,Christmas Gift Tag Stickers - 160 Pieces,,TJWH,,3.5,0,active,YES
9781784877835,Classic Ghost Stories,VARIOUS,VINCLA,,26.0,0,active,YES
9781788791472,Coastal Blues -  Home Decorating Ideas Inspired by Seaside Living,HAYDEN SALLY,RYLAND,,44.99,0,active,YES
9780008210717,Collins New Zealand School Dictionary and Thesaurus,COLLINS,COLLIN,,26.99,0,active,YES
9780645724059,Commander Carrot,BAKER LISA,COTABL,,20.0,0,active,YES
9414740981146,Cool Stickers,,LEATOO,,2.5,0,active,YES
9781635575934,Core Of An Onion - Peeling the Rarest Common Food,KURLANSKY MARK,BLOOMS,,37.99,0,active,YES
9781838573751,Cranford,GASKELL ELIZABETH,ARCTUR,,14.99,0,active,YES
9781797220055,Dad Law - The Definitive Reference for All Things Dad,PROBST ALLY,CHRONI,,37.99,0,active,YES
9780500480717,Dante Gabriel Rossetti - Portraits of Women,MANCOFF DEBRA,THAMES,,35.0,0,active,YES
9781761346347,Deadly Dispute - 3 A Tea Ladies Mystery,HAMPSON AMANDA,PENAUS,,38.0,0,active,YES
8052694031800,Deep Graphite - Medium Daily Legami Diary 2026,LEGAMI,LEGAMI,,22.5,0,active,YES
9781776951291,Different Kind Of Power,ARDERN JACINDA,PENGNZ,,40.0,0,active,YES
9780908319541,Discover New Zealand - 2026 Diary,HYNDMAN STATIONARY,HYNDMA,,9.99,0,active,YES
9781797233604,Disney A Year of Animation 2026 Daily Calendar,DISNEY,CHRONI,,39.99,0,active,YES
9414740005569,Dog - Puffy Stickers,,AVAINT,,2.5,0,active,YES
9414740997949,Dog Stickers,,AVAINT,,2.5,0,active,YES
9780994450807,Dont - How using the right words will change your life,SELDEN BOB,LIONCR,,35.0,0,active,YES
9781626920040,Dragonar Academy Vol. 1,MIZUCHI SHIKI,SEVENS,,17.99,0,active,YES
9781626920163,Dragonar Academy Vol. 2,MIZUCH  SHIKI,SEVSEA,,17.99,0,active,YES
9798879542851,Dream Sisters,PICKERING JUSTINE,PRIPUB,,29.99,0,active,YES
9414740988398,Easter Bunny Stickers,,TJWH,,2.99,0,active,YES
9414740988435,Easter Bunny Stickers,,TJWH,,2.5,0,active,YES
9414740988442,Easter Chick Stickers,,TJWH,,2.5,0,active,YES
9780473757700,Eat Your Hormones,WILLIAMSON RENNIE,PRIPUB,,75.0,0,active,YES
9781787636729,Embrace the Chaos - 52 Tactics to Make Every Day Count,FOX JASON,BANTAM,,49.99,0,active,YES
9781839947919,Emergency - Make Tracks,,NOSCRO,,18.99,0,active,YES
9781250871633,Empire of Ice and Stone - The Disastrous and Heroic Voyage of the Karluk,LEVY BUDDY,GRIPRE,,39.99,0,active,YES
9780747599043,Epitaph of a Small Winner,ASSIS MACHADO DE,BLOOMS,,29.99,0,active,YES
9781788796149,Everyday Antiques  -  Inviting Homes Where Old Meets New,SORRELL KATHERINE,RYLAND,,84.99,0,active,YES
9781913097684,Exteriors,ERNAUX ANNIE,FITZCA,,27.99,0,active,YES
9781853261008,Fairy Tales,ANDERSEN HANS CHRISTIAN,WORDSW,,9.99,0,active,YES
9781788280532,Far From The Madding Crowd - Arcturus Classics,HARDY THOMAS,ARCTUR,,12.99,0,active,YES
9780753559574,Femina - A New History Of The Middle Ages Through The Women Written Out Of It,RAMIREZ JANINA,WHALLE,,40.0,0,active,YES
9781841813431,Feng Shui Life Coach,BROWN SIMON G,GODSFI,,29.99,0,active,YES
9781398518568,Field of Dreams - 100 Years of Wembley in 100 Matches,TASSELL NIGE,SIMON&,,29.99,0,active,YES
9780473601942,Final Call,SHIEFF JEN,MAREGA,,30.0,0,active,YES
9781840226614,Finnegans Wake - Wordsworth Classics,JOYCE JAMES,WORDSW,,13.99,0,active,YES
9781612120041,Five Plant Gardens,ONDRA NANCY J,STOPUB,,14.99,0,active,YES
9781915343147,Formula One Legends - The Greatest Drivers The Greatest Races,PEEL DAN,SONBOO,,59.99,0,active,YES
9780008194932,Freckles,AHERN CECELIA,HARCOL,,32.99,0,active,YES
9780007371464,Gangsta Granny,WALLIAMS DAVID,HARPCH,,18.99,0,active,YES
9781776920839,Garden Is A Long Time,HOPE-CROSS ANNEMARIE / BORNHOLDT JENNY,TEHERE,,50.0,0,active,YES
9781611250220,Gardens Of The Soul - Making Sacred And Shamanic Art,NOLTON FAITH,DIVART,,24.99,0,active,YES
9780425285640,Garfield - Life to the Fullest - His 34th Book,DAVIS JIM,BALLAN,,19.99,0,active,YES
9780425285695,Garfield Feeds the Kitty - His 35th Book,DAVIS JIM,BALBOO,,19.99,0,active,YES
9780345525840,Garfield Lard of the Jungle - His 52nd Book,DAVIS JIM,RANINC,,19.99,0,active,YES
9780345525987,Garfield Souped Up,DAVIS JIM,BALBOO,,19.99,0,active,YES
9780425285596,Garfield Throws His Weight Around - His 33rd Book,DAVIS JIM,BALBOO,,30.0,0,active,YES
9781785043949,Get Untamed - The Journal  - How to Quit Pleasing and Start Living,DOYLE GLENNON,VERMIL,,35.0,0,active,YES
9781509806928,Ghost Ship - 3 Joubert Family Chronicles,MOSSE KATE,MANTLE,,37.99,0,active,YES
9781800961333,Ghosts of the British Museum - A True Story of Colonial Loot and Restless Objects,ANGELL NOAH,MONORA,,39.99,0,active,YES
9781925791433,Girl They Left Behind,VELETZOS ROXANNE,SIMON&,,22.99,0,active,YES
9781922848383,Golden Days,BARRON CAROLINE,AFFPRE,,37.99,0,active,YES
9781761043673,Golden Doves,HALL KELLY MARTHA,MICJOS,,37.0,0,active,YES
9780241672044,Grandest Game - 1 Grandest Game,BARNES JENNIFER LYNN,PENGUI,,32.0,0,active,YES
9781856755627,Great Tree Story - How Forests Have Shaped Our World,WOOD LEVISON,GAIA,,39.99,0,active,YES
9780007650989,Greek Phrase Book CD Pack - Collins Gem,COLLINS GEM,COLLIN,,21.0,0,active,YES
9781465429803,Grow All You Can Eat In Three Square Feet - Inventive Ideas For Growing Food In A Small Space,DK,DK,,34.99,0,active,YES
824046019228,Guitar Virtuosos - Segovia And Williams,,GARDCD,,19.99,0,active,YES
9780063378643,Gut Check,GUNDRY STEVEN R,HARCUS,,39.99,0,active,YES
9781783788231,Handmade - Learning the Art of Chainsaw Mindfulness in a Norwegian Wood,HELLE SIRI,GRANTA,,24.99,0,active,YES
9780141397283,Hippo Banquet - 32 Penguin Little Black Classics,KINGSLEY MARY,PENGUI,,2.99,0,active,YES
9780473559465,"Hold The Line -  The Springbok tour of '81, a family, a love affair, a nation at war",HARRISON KERRY,CLOINK,,29.99,0,active,YES
9781452176895,Hollywood Book Club,REA STEVEN,CHRONI,,39.99,0,active,YES
9780143776215,How To Be A Bad Muslim - Essays,HASSAN MOHAMED,PENGNZ,,35.0,0,active,YES
9780008717629,How To Sleep Like A Caveman -  Ancient Wisdom For A Better Nights Rest,VAN DE LAAR MERIJN,WILCOL,,37.99,0,active,YES
9781781579862,"Ilex Introduction to Photography - Capturing the Moment Every Time, Whatever Camera You Have",KAMPS HAJE JAN,ILEX,,39.99,0,active,YES
9780995143760,In Hindsight - 50 Years of Deer Farming in New Zealand,GRAY LINDA,QUEWIL,,55.0,0,active,YES
9781472250216,In Our Mad And Furious City,GUNARATNE GUY,TINDER,,27.99,0,active,YES
9781805130574,In The Sky - Make Tracks,,NOSCRO,,18.99,0,active,YES
4031172118619,Insects - Art Game,FRIDOLIN,FRIDOL,,16.99,0,active,YES
9789189882157,"Intelligence and Contemporary Conflict - Communication in Diplomacy, Statecraft and War",HEFLER MATTHEW,STOLPE,,44.99,0,active,YES
9781401324414,Jamie Olivers Food Escapes - Over 100 Recipes From The Great Food Regions Of The World,OLIVER JAMIE,HYPERI,,39.99,0,active,YES
9781923106314,Joss - A History,YEE GRACE,GIRAMO,,32.99,0,active,YES
9780804851480,Judo Formal Techniques - A Basic Guide to Throwing and Grappling - The Essentials of Kodokan Free Practice Forms,DRAEGER DONN F,TUTTLE,,39.99,0,active,YES
9416458075155,Kepler Track - Fiordland National Park - Parkmap,GEOGRAPHIX MAPSMITHS,MAPGEO,,24.99,0,active,YES
8716951369593,Klimt - Magnet Box,BEKKING AND BLITZ,BEKKIN,,29.99,0,active,YES
9781368073141,Last Fallen Moon - 2 Gifted Clans Novel,KIM GRACI,DISNEY,,34.99,0,active,YES
9781926444178,Last Of The Mohicans - Paper Mill Classics,COOPER JAMES FENIM,PAPMIL,,24.99,0,active,YES
9781774584873,Lean Marketing -  More leads. More profit. Less marketing.,DIB ALLAN,PAGETW,,39.99,0,active,YES
9781988595412,Leaning Man,ANNE HARRE,CUBPRE,,37.0,0,active,YES
9781787396111,Life Lessons From Explorers - Learn how to weather life's storms from history's greatest explorers,ASTON FELICITY,WELBEC,,27.99,0,active,YES
9781839947346,Listen to the Birds,,NOSCRO,,24.99,0,active,YES
9781839947353,Listen to the Farm,,NOSCRO,,24.99,0,active,YES
9781805130543,Listen to the Four Seasons by Vivaldi,,NOSCRO,,26.99,0,active,YES
9780316449960,Literary Book Of Answers,BOLT CAROL,HACHET,,17.99,0,active,YES
9781800691926,Little Book of Shakespeare - Timeless Wit and Wisdom,ORANGE HIPPO,ORAHIP,,16.99,0,active,YES
9781853261824,Little Dorrit - Wordsworth Classics,DICKENS CHARLES,WORDSW,,13.99,0,active,YES
9781869665463,Lonely Islands,THOMSEN TERRY,NEWHOL,,45.0,0,active,YES
9781869467111,Macbeth - Essential Shakespeare Series,ROXBOROUGH TANIA - ED,NEWHOU,,19.0,0,active,YES
9781922585400,Magic Counting - Explore the world of numbers through the shapes and patterns around us,KHAN NABEEL,SCRIBE,,30.0,0,active,YES
9781529091731,Maiden,FOSTER KATE,MANTLE,,37.99,0,active,YES
9781529091748,Maiden,FOSTER KATE,PAN,,24.99,0,active,YES
9781869538675,Maori Art - History Architecture Landscape And Theory,PANOHO RANGIHIROA,BATEMA,,99.99,0,active,YES
9781853262050,Martin Chuzzlewit - Wordsworth Classics,DICKENS CHARLES,WORDSW,,13.99,0,active,YES
9780733651076,Memorial Days,BROOKS GERALDINE,HACAUS,,37.99,0,active,YES
9781761150050,Men Without Country - The True Story Of Exploration And Rebellion In The South Seas,CHRISTIAN HARRISON,ULTIM,,39.99,0,active,YES
9781761150456,Men Without Country - The True Story Of Exploration And Rebellion In The South Seas,CHRISTIAN HARRISON,HARGRA,,24.99,0,active,YES
9783961714308,Modern Glam - Glamorous Home Inspiration,TENEUES VERLAG,TENEUE,,59.99,0,active,YES
9783959295581,Modigliani - 2026 Wall Calendar,TUSHITA FINE ARTS,TUSHIT,,19.99,0,active,YES
9781804545621,Monk - 5 DS Cross,SULLIVAN TIM,HEADOF,,24.99,0,active,YES
9781776563104,Monsters In The Garden - An Anthology Of Aotearoa New Zealand Science Fiction And Fantasy,LARSEN DAVID (ED) / KNOX ELIZABETH (ED),VUP,,35.0,0,active,YES
9780473220969,More Than Water - The Story Of Lake Hood,BROWN NATHALIE,WATERS,,50.0,0,active,YES
9781035052066,Mourning Necklace,FOSTER KATE,MANTLE,,37.99,0,active,YES
9780947493387,Mulgan - A Novella About The Author Of Man Alone,SHEPHERD NOEL,STEELE,,25.0,0,active,YES
9780008561246,Murray The Viking - 1 Murray And Bun,STOWER ADAM,HARPCO,,17.99,0,active,YES
9781641780773,My Gardening Journal,EDITORS OF QUIET FOX DESIGNS,QUIETF,,27.99,0,active,YES
9781728205472,My Life With The Walter Boys,NOVAK ALI,SOURCE,,24.0,0,active,YES
9781839404795,Mysterious Affair At Styles,CHRISTIE AGATHA,ARC,,19.99,0,active,YES
9780241587331,Nero - 1 Nero Trilogy,IGGULDEN CONN,MICHJO,,38.0,0,active,YES
9780316436670,New Yorker Encyclopedia of Cartoons,MANKOFF ROBERT,LITBRO,,165.0,0,active,YES
9780987655417,New Zealand,MATTHEWS GRAEME,GRAMA,,20.0,0,active,YES
9780994146038,New Zealand Art At Te Papa,STOCKER MARK,TEPAPA,,75.0,0,active,YES
9798887965703,Nga Tae I Roto I Te Kete - Colours in the Kete,NEHA EDDIE,RAKAU,,21.99,0,active,YES
9781761265976,Night in Passchendaele,BENNETT SCOTT,MACAUS,,37.99,0,active,YES
9781990003370,Nine Lives -  New Zealand Writers on Notable New Zealanders,,UPSPRE,,39.99,0,active,YES
9780143795865,No Adults Allowed - 1 Super Sidekicks,THAN GAVIN AUNG,PUFAUS,,9.99,0,active,YES
9780241252246,Nun of Murano - 97 Penguin Little Black Classics,CASANOVA GIACOMO,PENCLA,,2.99,0,active,YES
9780593599457,Official Game of Thrones Cookbook -  Recipes from King's Landing to the Dothraki Sea,MONROE-CASSEL CHELSEA,RANINC,,70.0,0,active,YES
9781991068125,Official New Zealand Road Code For Motorcyclists 2023,WAKA KOTAHI,BATEMA,,25.5,0,active,YES
9780241691830,On Trial For Murder,DK,DK,,26.0,0,active,YES
9781509826568,Other Women,FLINT EMMA,PICADO,,24.99,0,active,YES
9780785836599,Our Family Tree - A History Of Our Family,,CRESTL,,30.0,0,active,YES
9781801107747,Patient - 3 DS Cross,SULLIVAN TIM,HEADOF,,28.99,0,active,YES
9781838415310,Perceptions Of A Renegade Mind,ICKE DAVID,DAVICK,,55.0,0,active,YES
9798890030559,Persian Kitchen Tale -  Discover Exciting Flavors Through 60 Simple Recipes,NIKOO HANIYEH,PAGSTR,,49.99,0,active,YES
9781774021743,Phantom Of The Opera - Paper Mill Classics,LEROUX GASTON,PAPMIL,,24.99,0,active,YES
9780415834339,Phenomenology of Perception,MERLEAU-PONTY MAURICE,ROUTLE,,84.99,0,active,YES
9781478032625,Pierre Bourdieu's Political Economy of Being,HAGE GHASSAN,WOODSL,,77.0,0,active,YES
9780760379295,Pink Floyd And The Dark Side of the Moon -  50 Years,POPOFF MARTIN,MOTORB,,110.0,0,active,YES
9780008526559,Polish Girl,ADLER MALKA,ONEMOR,,32.99,0,active,YES
9780810994072,Poolside With Slim Aarons,AARONS SLIM,ABRAMS,,130.0,0,active,YES
9781471195679,Poppy Wife,SCOTT CAROLINE,SIMON&,,22.99,0,active,YES
9781786644800,Pre-Raphaelites,ROBINSON MICHAEL,FLATRE,,45.0,0,active,YES
9780008626532,Proto - How One Ancient Language Went Global,SPINNEY LAURA,WILCOL,,39.99,0,active,YES
9781912650149,Rabbit Listened,DOERRFELD CORI,SCAPRE,,21.99,0,active,YES
9781035900046,Rebel's Clinic - The Revolutionary Lives of Frantz Fanon,SHATZ ADAM,APOLLO,,54.99,0,active,YES
9780063139183,Remarkably Ruby,LIBENSON TERRI,HARCOL,,19.99,0,active,YES
9781629584164,Researching Lived Experience - Human Science For An Action Sensitive Pedagogy,VAN MANEN MAX,LEFCOA,,93.99,0,active,YES
9780473487485,Rivers Ran Red,GRIERSON J,CLOINK,,34.99,0,active,YES
9781922810748,Rock N Roll Gallery - A Journey from Sheffield to Sydney 1983-2023,MOTT TONY,WILKPU,,117.99,0,active,YES
9781853261879,Rubaiyat Of Omar Khayyam,OMAR KHAYYAM,WORDSW,,13.99,0,active,YES
9781946064042,Say What - 670 Quotes That Should Never Have Been Said,CHILA-JONES DOREEN,DUOPRE,,12.99,0,active,YES
9781523530182,Searching for Seashells Mini Wall Calendar 2026,WORKMAN CALENDARS,WORCAL,,9.99,0,active,YES
9781853260650,Secret Agent - Wordsworth Classics,CONRAD JOSEPH,WORDSW,,13.99,0,active,YES
9781774021767,Secret Garden - Paper Mill Classics,BURNETT FRANCES HOGDSON,PAPMIL,,24.99,0,active,YES
9780241544129,Secret Lives of Numbers - A History of Mathematics and its Unsung Trailblazers,KITAGAWA KATE / REVELL TIMOTHY,VIKING,,40.0,0,active,YES
9781869715670,Siena Love Story,PELLEGRINO NICKY,ORIONP,,37.99,0,active,YES
9781035051779,Six Scorched Roses - 1.5 Crowns of Nyaxia,BROADBENT CARISSA,TORBRA,,34.99,0,active,YES
9780756690557,Small Plot Big Harvest,DK,POIBLA,,19.99,0,active,YES
9781844062003,Stamps Of The World,FORTY SANDRA,TAJBOO,,14.99,0,active,YES
9780995117570,Standing Strong House,KAHUKIWA ROBIN,ONETRE,,40.0,0,active,YES
9781452174891,Stargazing,NATARAJ NIRMALA,CHRONI,,79.99,0,active,YES
9781780674124,Stickerbomb Skate - 150 Classic Skateboard Stickers,ANDREWS CAROL,LAUREN,,44.99,0,active,YES
9780241251744,Stolen White Elephants - 88 Penguin Little Black Classics,TWAIN MARK,PENCLA,,2.99,0,active,YES
9781473226722,Stone And Sky - 10 Rivers of London,AARONOVITCH BEN,ORION,,37.99,0,active,YES
9798888975916,Story Of Philosophy - The Lives And Opinions Of The Greater Philosophers,DURANT WILL,MINTE,,39.99,0,active,YES
9781785302275,Summer Bird Blue,BOWMAN AKEMI DAWN,BONZAF,,22.99,0,active,YES
9781783786763,Surviving Autocracy,GESSEN MASHA,GRANTA,,32.99,0,active,YES
9780241967638,Sybil - The True Story Of A Woman Possessed By Sixteen Separate Personalities,SCHREIBER FLORA,PENGUI,,36.99,0,active,YES
9780473735128,Takoto ai te Marino - Selected Works 2018 - 2025,TUREI RAUKURA,******,,200.0,0,active,YES
9781905802395,Taming Poison Dragons - 1 Medieval China,MURGATROYD TIM,MYRMID,,27.99,0,active,YES
9781400349203,Taylor Swift - Unofficial Search And Find Biographies,MORAIS GUS,CIDERM,,34.99,0,active,YES
9781916745391,Teddys ABC,PRIDDY ROGER,PRIDDY,,17.99,0,active,YES
9781853260803,Thirty Nine Steps - Wordsworth Classics,BUCHAN JOHN,WORDSW,,13.99,0,active,YES
9781847926562,This Is What It Sounds Like - What the Music You Love Says About You,ROGERS SUSAN,BODLEY,,40.0,0,active,YES
9781838774592,Three Sisters - 3 Tattooist Of Auschwitz,MORRIS HEATHER,ZAFFRE,,35.0,0,active,YES
9781788167079,Tickets For The Ark - From Wasps to Whales - How do we choose what to save?,NESBIT REBECCA,PROFIL,,36.99,0,active,YES
9781447273998,Tidy,GRAVETT EMILY,TWOHOO,,24.99,0,active,YES
9780958267359,Tino Tabak Dreams and Demons of a New Zealand Cycling Legend,KENNETT JONATHAN,KENNET,,20.0,0,active,YES
9780241568620,Tomas Nevinson,MARIAS JAVIER,PENGUI,,37.0,0,active,YES
9780340840801,Tomorrows Promises,JACOBS ANNA,HODPAP,,29.99,0,active,YES
9781853262913,Tristram Shandy - Wordsworth Classics,STERNE LAURENCE,WORDSW,,13.99,0,active,YES
9781991103192,Turn On Old Time,BOHAN EDMUND,QUEWIL,,37.99,0,active,YES
9781529113655,Two Storm Wood,GRAY PHILIP,VINTUK,,26.0,0,active,YES
9781423657781,Typewriter Jiggie - Die-Cut 86-Piece Jigsaw Puzzle,GIBBS SMITH,GIBBS,,22.99,0,active,YES
9780473351281,U Boat In New Zealand Waters,SHONE GERALD,PDL,,40.0,0,active,YES
9781497104617,Ultimate Beatles Collection -  Your Complete Guide to the World's Greatest Band,MCIVER JOEL,FOXCHA,,45.0,0,active,YES
9781786033604,Ultimate Guide to Surviving in the Wild,GIFFORD CLIVE,FRALIC,,17.99,0,active,YES
9781838699253,Vancouver - Lonely Planet Pocket Guide,LONELY PLANET,LONGLO,,24.99,0,active,YES
9780600636953,Vegan Slow Cooker - Over 70 delicious recipes for stress-free meals,SIDEY SASKIA,HAMLYN,,24.99,0,active,YES
9781905864829,Walkers Anthology - Further Tales,MANLEY DEBORAH,TRAILB,,29.99,0,active,YES
9780063323155,"Wanderlust - An Eccentric Explorer, an Epic Journey - a Lost Age",MITENBULER REID,HARCUS,,39.99,0,active,YES
9781526657947,Want - Sexual Fantasies by Anonymous,ANDERSON GILLIAN,BLOOMS,,38.99,0,active,YES
9781853262692,Wessex Tales - Wordsworth Classics,HARDY THOMAS,WORDSW,,13.99,0,active,YES
9780473474973,What Is This - Ancient Questions For Modern Minds,BATCHELOR MARTINE,TUWHIR,,30.0,0,active,YES
9781781577158,What They Didnt Teach You In Photo School - What You Actually Need To Know To Succeed In The Industry,FORDHAM DEMETRIUS,ILEX,,14.99,0,active,YES
8716951381571,White Elegance - Hardcover A5 Journal Lined,BEKKING AND BLITZ,BEKKIN,,41.99,0,active,YES
9781781574546,Why Photographers Prefer Cloudy Days - And 61 Other Ideas For Creative Photography,KAMPS HAJE JAN,ILEX,,24.99,0,active,YES
9780008637965,Why Were Getting Poorer - A Realists Guide to the Economy and How We Can Fix It,MORAN CAHAL,WILCOL,,39.99,0,active,YES
9780854671441,Wise Words Of The Maori,RILEY MURDOCH,VIKSEV,,70.0,0,active,YES
9780762454594,Witches Love Spell Book - For Passion Romance And Desire,GREENLEAF CERRIDWEN,RUNMIN,,13.99,0,active,YES
9781489280985,Woman In The Green Dress,COOPER TEA,HQ,,19.99,0,active,YES
9780785840145,Women in History -  300 Word Search Puzzles - Volume 3,FALCON REBECCA,CHARTW,,16.99,0,active,YES
9780755501472,Wrong,FLOOD CIARA,FARSHO,,16.99,0,active,YES
9781250181985,You Cant Spell Truth Without Ruth - An Unauthorized Collection Of Witty And Wise Quotes From The Queen Of Supreme Ruth Bader Ginsburg,ZAIA MARY,STMART,,22.99,0,active,YES
9781781576533,You Will Be Able to Draw by the End of this Book - Ink,SPICER JAKE,ILEX,,34.99,0,active,YES
50MMDICE,Foam Dice 50mm  - Assorted Colours,,KOPLOW,,4.5,22,not in WEBLIST,no
9414740978610,Joyful Colour,,AVAINT,,7.99,6,not in WEBLIST,no
9781872970707,Sweat And Toil - The Building of New Zealand,MCLEAN JOHN,WINTER,,40.0,3,not in WEBLIST,no
9781872970400,Voyages Of The Pioneers To New Zealand 1839-85,MCLEAN JOHN,WINTER,,40.0,2,not in WEBLIST,no
9781872970486,Kingite Rebellion,ROBINSON JOHN,TROSS,,40.0,1,not in WEBLIST,no
9781911658009,One Size Does Not Fit All,JANSEN LISA,MORMED,,39.99,1,not in WEBLIST,no
9780099436720,Open Secret - The Autobiography of the Former Director-General of MI5,RIMINGTON STELLA,ARROW,,29.99,1,not in WEBLIST,no
9780957630888,Phantom Self - And How To Find The Real One,ICKE DAVID,DAVICK,,50.0,1,not in WEBLIST,no
9780198425618,!Claro! 2 Audio CDs,WESTON TONY,OXFORD,,350.99,0,not in WEBLIST,no
9780141989426,12 Rules For Life - An Antidote to Chaos AUDIO,PETERSON JORDAN B,PENGUI,,50.0,0,not in WEBLIST,no
9780744080803,15-Minute German - Learn In Just 12 Weeks,DK,DORLIN,,0.0,0,not in WEBLIST,no
9780349708393,2026 Foiled (Old Leather Collection) Midi 12-month Horizontal Softcover Flexi Dayplanner 2026 (Elastic Band Closure),PAPERBLANKS,LITBR,,17.5,0,not in WEBLIST,no
9780349707211,2026 Foiled (Old Leather Collection) Mini 12-month Day-at-a-Time Hardcover Flexi Dayplanner 2026 (Elastic Band Closure),PAPERBLANKS,LITBR,,17.5,0,not in WEBLIST,no
9780349707976,"2026 Renoir, Letter to Morisot (1892) (Embellished Manuscripts Collection) Ultra 12-month Day-at-a-Time Hardcover Flexi Dayplanner 2026 Renoir, Letter",PAPERBLANKS,LITBR,,22.5,0,not in WEBLIST,no
9780857500502,32 Programmes,ROBERTS DAVE,BANTAM,,32.0,0,not in WEBLIST,no
9781523529926,365 Cats Page A Day Calendar 2026,WORKMAN CALENDARS,WORCAL,,17.5,0,not in WEBLIST,no
9780593512296,48 Laws of Power - Special Power Edition,GREENE ROBERT,PENUSA,,0.0,0,not in WEBLIST,no
9781495069253,5-Minute Plays For Teens,HARBISON LAWRENCE,APPLAU,,41.51,0,not in WEBLIST,no
9781784783112,51 Day War - Ruin And Resistance In Gaza,BLUMENTHAL MAX,VERSO,,32.99,0,not in WEBLIST,no
9781797216591,52 Family Gardening Activities,CHRONICLE BOOKS,CHRONI,,9.99,0,not in WEBLIST,no
9780762414741,7 Habits of Highly Effective Teens - mini,COVEY SEAN,RUNMIN,,0.0,0,not in WEBLIST,no
9780979430237,9 Steps To Keep The Doctor Away - Simple Actions To Shift Your Body And Mind To Optimum Health For Greater Longevity,BUTTAR RASHID A,PUBLIK,,99.99,0,not in WEBLIST,no
9780007477159,A Game Of Thrones - 7 Book Box-set,MARTIN GEORGE RR,HARVOY,,110.0,0,not in WEBLIST,no
9780316573528,Abaddons Gate - 3 Expanse - Special Edition,COREY JAMES S A,LIONCR,,0.0,0,not in WEBLIST,no
9781108735599,Abortion And The Law In America - Roe v Wade To The Present,ZIEGLER MARY,CAMBRI,,45.95,0,not in WEBLIST,no
9781839976636,ADHD Teen Survival Guide - Your Launchpad To An Amazing Life,LAZARUS SOLI,JESSIC,,42.42,0,not in WEBLIST,no
9781912370184,Adult Puzzle Book -100 Assorted Puzzles - Volume 2,HOW2BECOME,HOW2B,,0.0,0,not in WEBLIST,no
9781492528920,Advances In Sport And Exercise Psychology,HORN THELMA S,HUMANK,,310.0,0,not in WEBLIST,no
9781926444352,Adventures of Huckleberry Finn - Paper Mill Classics,TWAIN MARK,PAPMIL,,24.99,0,not in WEBLIST,no
9780648118404,Adventures of Sherlock Holmes,DOYLE ARTHUR CONAN,SHEMOO,,0.0,0,not in WEBLIST,no
9781774021668,Adventures Of Sherlock Holmes - Paper Mill Classics,DOYLE ARTHUR CONAN,PAPMIL,,24.99,0,not in WEBLIST,no
9781926444369,Adventures Of Tom Sawyer - Paper Mill Classics,TWAIN MARK,PAPMIL,,24.99,0,not in WEBLIST,no
9781639081776,Aftermath - The Life-Changing Math That Schools Won't Teach You,DINTERSMITH TED,MISCEL,,0.0,0,not in WEBLIST,no
9780563536482,Agatha Christie Cards on the Table - Cd,CHRISTIE AGATHA,BBCAUD,,34.99,0,not in WEBLIST,no
9781853262166,Agnes Grey -  Wordsworth Classics,BRONTE ANNE,WORDSW,,13.99,0,not in WEBLIST,no
9780241472361,Aint I A Woman?,TRUTH SOJOURNER,PENCLA,,13.99,0,not in WEBLIST,no
9780958240161,Air Con - Climategate Edition,WISHART IAN,HOWLIN,,38.99,0,not in WEBLIST,no
9780837612492,Alex Zanardi - My Sweetest Victory - A Memoir of Racing Success Adversity And Courage,ZANARDI ALEX,BENTLE,,0.0,0,not in WEBLIST,no
9780953881024,Alice In Wonderland and the World Trade Center Disaster - Why the Official Story of 9/11 is a Monumental Lie,ICKE DAVID,BRILOV,,75.0,0,not in WEBLIST,no
9781786647825,Alices Adventures in Wonderland,CARROLL LEWIS,FLATRE,,59.99,0,not in WEBLIST,no
5056297205821,Alices Down The Rabbit Hole,PROFESSOR PUZZLE,PROPUZ,,49.99,0,not in WEBLIST,no
9781760654856,Alices Food A-Z,ZASLAVSKY ALICE,WALAUS,,26.99,0,not in WEBLIST,no
9781783290154,Alien - Official Movie Novelization,FOSTER ALAN DEAN,TITAN,,22.99,0,not in WEBLIST,no
9781783290178,Aliens - Official Movie Novelization,FOSTER ALAN DEAN,TITAN,,22.99,0,not in WEBLIST,no
9781405284899,Amazing Animal Homes,PACKHAM CHRIS,REDSHE,,19.99,0,not in WEBLIST,no
9781501135972,American Marxism,LEVIN MARK R,EMILY,,55.0,0,not in WEBLIST,no
9781785787058,American Sherlock - Murder Forensics And The Birth Of Crime Scene Investigation,DAWSON KATE WINKLER,ICON,,24.99,0,not in WEBLIST,no
9780375705199,Amy And Isabelle,STROUT ELIZABETH,VINTAG,,0.0,0,not in WEBLIST,no
9781537789118,Amygdalatropolis,CONNOLE EDIA,LIONCR,,0.0,0,not in WEBLIST,no
9781628736366,Anatomy Stretching And Training For Marathoners - A Step By Step Guide To Getting The Most From Your Running Workout,STRIANO PHILIP,SKYHOR,,24.99,0,not in WEBLIST,no
9780648287995,Andromeda Bond In Trouble Deep,FALKNER BRIAN,MISCEL,,0.0,0,not in WEBLIST,no
9781842120033,Anglo Saxon Chronicle,SWANTON MICHAEL,WEIDEN,,65.0,0,not in WEBLIST,no
9414740016817,Animal - Puffy Stickers,,AVAINT,,2.5,0,not in WEBLIST,no
9780140559965,Animalia,BASE GRAEME,PUFFIN,,26.0,0,not in WEBLIST,no
9781784284237,Anne of Green Gables,MONTGOMERY L M,ARCTUR,,12.99,0,not in WEBLIST,no
9780349428383,Annihilation Road,FEEHAN CHRISTINE,PIATKU,,24.99,0,not in WEBLIST,no
9781916025820,Answer,ICKE DAVID,PRIPUB,,85.0,0,not in WEBLIST,no
9414740016701,Aotearoa Bookmark,,TJWH,,3.5,0,inactive,no
9414740016725,Aotearoa Bookmark,,TJWH,,3.5,0,not in WEBLIST,no
9414740016732,Aotearoa Bookmark,,TJWH,,3.5,0,not in WEBLIST,no
9414740016749,Aotearoa Bookmark,,TJWH,,3.5,0,not in WEBLIST,no
9780833099679,Army Fires Capabilities For 2025 And Beyond,GORDON JOHN IV,RAND,,0.0,0,not in WEBLIST,no
9781804514429,"Army of the Kingdom of Italy 1805-1814 - Uniforms, Organisation, Campaigns (Revised Edition)",EDE-BORRETT STEPHEN,HELION,,0.0,0,not in WEBLIST,no
9781774021729,Around the World in Eighty Days - Paper Mill Classics,VERNE JULES,PAPMIL,,24.99,0,not in WEBLIST,no
9780768413007,Art Of Persuasion - Winning Without Intimidation,BURG BOB,MISCEL,,0.0,0,not in WEBLIST,no
9781640951198,Art of Persuasion - Winning Without Intimidation,BURG BOB,MISCEL,,90.14,0,not in WEBLIST,no
9781838575656,Art of War,TZU SUN,ARCTUR,,29.99,0,not in WEBLIST,no
9780062795557,Art Of Winnie The Pooh - How E. H. Shepard Illustrated an Icon,CAMPBELL JAMES,HARDES,,39.99,0,not in WEBLIST,no
9781452135205,"Artful Organizer - Eiffel Tower Stylish Storage for Your Pens, Pencils, and More!",CHRONICLE BOOKS,CHRONI,,24.99,0,not in WEBLIST,no
9780300107357,Arts Of China After 1620,WATSON WILLIAM / HO CHUIMEI,YALE,,124.0,0,not in WEBLIST,no
9781849051958,ASD Workbook - Understanding Your Autism Spectrum Disorder,KERSHAW PENNY,JESSIC,,43.99,0,not in WEBLIST,no
9780804849302,Asian Kites For Kids - Make And Fly Your Own Asian Kites,HOSKING WAYNE,TUTTLE,,16.99,0,not in WEBLIST,no
9780593535950,Asking - New And Selected Poems,HIRSHFIELD JANE,KNOPF,,0.0,0,not in WEBLIST,no
9781846043130,Astrology Decoded - a step by step guide to learning astrology,FAREBROTHER SUE MERLYN,RIDER,,49.99,0,not in WEBLIST,no
9780192733412,At Home With French,IRWIN JANET,OXFORD,,13.99,0,inactive,no
9780192734242,At Home With French,IRWIN JANET,OXFORD,,13.99,0,not in WEBLIST,no
9781481468343,Attack Of The Bayport Beast - 14,DIXON FRANKLIN W,SIMON,,0.0,0,not in WEBLIST,no
9781786030535,Audrey Hepburn - Little People Big Dreams,VEGARA MARIA ISABEL SANCHEZ,FRALIN,,22.99,0,not in WEBLIST,no
9781739608903,Avadhuta Gita - Song Of The Liberated Soul - Dattatreyas Classic Vedanta Text,MACKAY RORY B,BLUEST,,0.0,0,not in WEBLIST,no
8053610785852,Avocado - Pencil Sharpener with Eraser,LEGAMI,LEGAMI,,6.99,0,not in WEBLIST,no
9781839643040,Baby Pink Artisan Pocket Journal (Flame Tree Journals),FLAME TREE STUDIO,FLATRE,,19.99,0,not in WEBLIST,no
9780241439463,Baby Touch - My First Book,,LADYBI,,24.0,0,inactive,no
9780415118996,Bakhtinian Thought - Intro Read,DENTITH SIMON,ROUTLE,,86.99,0,not in WEBLIST,no
9781481400060,Battle Of Bayport - 6,DIXON FRANKLIN W,ALADDI,,0.0,0,not in WEBLIST,no
9781846015854,"Be A Narwhal - And Be cool, be confident, be in control",FORD SARAH,OCTOPU,,9.99,0,not in WEBLIST,no
9781506747200,Beasts of the Four Nations - Creatures from Avatar - The Last Airbender and The Legend of Korra,KONIETZKO BRYAN,DARKHO,,0.0,0,not in WEBLIST,no
9781925240238,Beauty Is A Wound,KURNIAWAN EKA,TEXT,,37.0,0,not in WEBLIST,no
9781454926689,Beginners Crossword Dictionary - Everything You Need to Know to Start Solving Crosswords with Confidence,NEWMAN STANLEY,STERLI,,30.0,0,inactive,no
9780781813815,Beginners Irish With Online Audio,ROSENSTOCK GABRIEL,HIPPOC,,0.0,0,not in WEBLIST,no
9781917509015,Being Bullied - Stories From Survivors,EASON SARAH,MISCEL,,29.99,0,not in WEBLIST,no
9781788684330,Belize - Lonely Planet,LONELY PLANET,LONGLO,,39.99,0,not in WEBLIST,no
9781506711980,Berserk Deluxe Volume 1,MIURA KENTARO,DARKHO,,100.0,0,not in WEBLIST,no
9781853267482,Best Of Sherlock Holmes - Wordsworth Classics,DOYLE ARTHUR CONAN,WORDSW,,13.99,0,not in WEBLIST,no
5050457093822,Best Of The Goon Shows - No 1,SECOMBE / SELLERS / MILLIGAN,GARDCD,,14.99,0,not in WEBLIST,no
5050457100124,Best Of The Goon Shows - No 2,SECOMBE / SELLERS / MILLIGAN,GARDCD,,14.99,0,not in WEBLIST,no
9781853261893,Best Short Stories - Wordsworth Classics,DE MAUPASSANT GUY,WORDSW,,13.99,0,not in WEBLIST,no
9781788492201,Best-Loved Irish Ballads - Great Songs from the Irish Folk Tradition,BYRNE EMMA,OBRIEN,,0.0,0,not in WEBLIST,no
9781785126406,Betrayal - Power Deceit And The Fight For The Future Of The Royal Family,BOWER TOM,BLIPUB,,0.0,0,not in WEBLIST,no
9781846043109,Beyond Religion - Ethics for a Whole World,LAMA DALAI,RIDER,,40.0,0,not in WEBLIST,no
9781786076489,Beyond The Sea,LYNCH PAUL,ONEWOR,,34.99,0,not in WEBLIST,no
9780648182726,Beyond The Stethoscope - Doctors Stories Of Reclaiming Hope Heart And Healing In Medicine,MAYES LUCY,HEAPRE,,36.99,0,not in WEBLIST,no
9781623364953,Bicycling Complete Book Of Road Cycling Skills,SUMNER JASON,RODALE,,7.99,0,not in WEBLIST,no
9780395329221,Big Bad Bruce,PEET BILL,LIONCR,,0.0,0,not in WEBLIST,no
9781628856842,Big Book of Awesome Activities,KIDSBOOKS,PUBLIK,,14.99,0,not in WEBLIST,no
9780451493507,Big Sister Little Sister Red Sister - Three Women at the Heart of Twentieth-Century China,CHANG JUNG,KNOPF,,24.99,0,not in WEBLIST,no
9780952614760,Biggest Secret - The Book That Will Change the World,ICKE DAVID,BRILOV,,65.0,0,not in WEBLIST,no
602527814544,Billy Connolly - Classic Comedy - Audio,CONNOLLY BILLY,GARDCD,,14.99,0,not in WEBLIST,no
9781991079633,Black Magic - The Inspiring Story Of Why Aotearoa Sports Teams Wear Black With A Silver Fern,RILEY DAVID,DAVRIL,,0.0,0,not in WEBLIST,no
9781839647123,Black Sci Fi Short Stories,SEMTNER CHRISTOPHER,FLATRE,,59.99,0,not in WEBLIST,no
9781853260827,Bleak House - Wordsworth Classics,DICKENS CHARLES,WORDSW,,8.99,0,not in WEBLIST,no
9781872970585,Blood And Tears,,PRIPUB,,30.0,0,not in WEBLIST,no
9780606145657,Blood Promise - Vampire Academy 4,MEAD RICHELLE,LIONCR,,0.0,0,not in WEBLIST,no
9781631069703,Blue Marble (2024 Planner),MAYO LULU,FABER&,,27.99,0,not in WEBLIST,no
9780864391940,Bonsai - Its Art Science History And Philosophy,KORESHOFF DEBORAH R,BOLAPR,,0.0,0,not in WEBLIST,no
9781789292268,Book Of Senior Moments,KLEIN SHELLEY,MICOMA,,0.0,0,not in WEBLIST,no
9783836578691,Bosch - The Complete Works,FISCHER STEFAN,TASCHE,,140.0,0,not in WEBLIST,no
8053608955588,Botanica - Small Calendar 2026,EDIZIONI DARTE,EDIZIO,,11.5,0,not in WEBLIST,no
9781915628305,Bound - A Memoir Of Making And Remaking,BALLARD MADDIE,******,,0.0,0,not in WEBLIST,no
9781481468312,Bound For Danger - 13,DIXON FRANKLIN W,ALADDI,,0.0,0,not in WEBLIST,no
9781608879212,Bowie - Album by Album,HEWITT PAOLO,INSEDI,,37.99,0,not in WEBLIST,no
9781452113272,Box World Adventures,,CHRONI,,19.99,0,not in WEBLIST,no
9781948836135,Boy Crisis - Why Our Boys Are Struggling and What We Can Do About It,FARRELL WARREN,BENBEL,,39.99,0,not in WEBLIST,no
9780762459773,Brain Dump - Doodles Activities And Journaling For The John,RUNNING PRESS,RUNNIN,,19.99,0,not in WEBLIST,no
9781640302785,Brain Games Trivia - Retro Trivia,PUBLICATIONS INTERNATIONAL LTD,PUBINT,,12.99,0,not in WEBLIST,no
9781789293388,"Brain Power - Everything You Need to Know for a Healthy, Happy Brain",LANGE CATHERINE DE,MICOMA,,36.99,0,not in WEBLIST,no
9781786647832,Bram Stoker Horror Stories,FLAME TREE STUDIO,FLATRE,,59.99,0,not in WEBLIST,no
9781683504450,Break Your Self Help Addiction - The 5 Keys To Total Personal Freedom,RIDGWAY BRIAN D,MORJAM,,0.0,0,not in WEBLIST,no
9781910505106,Brian Redman - Daring Drivers Deadly Tracks,REDMAN BRIAN,EVRO,,0.0,0,not in WEBLIST,no
9781611720785,Bridge Of Words - Views Across America and Japan,SATO HIROAKI,STOBRI,,49.99,0,not in WEBLIST,no
9781906672379,Britain At War,PA PHOTOS,AMMONI,,19.99,0,not in WEBLIST,no
9780099539735,Britains Royal Families - The Complete Genealogy,WEIR ALISON,VINTUK,,39.99,0,not in WEBLIST,no
9781838697013,British Columbia And The Canadian Rockies - Lonely Planet,LONELY PLANET,LONGLO,,39.99,0,inactive,no
9780812696479,Bruce Springsteen And Philosophy,,OPENCO,,19.99,0,not in WEBLIST,no
9798895650349,Builders Stone - How Jews And Christians Built The West - And Why Only They Can Save It,PHILLIPS MELANIE,LIONCR,,0.0,0,not in WEBLIST,no
6931681800457,Business Card Holder - Around The World In Eighty Days - Pink,PENGUIN MERCHANDISE,PENGUI,,34.99,0,not in WEBLIST,no
9780446673914,Caffeine Blues - Wake Up To The Hidden Dangers Of Americas Number 1 Drug,CHERNISKE STEPHEN,GRACEN,,39.99,0,not in WEBLIST,no
9780316573337,Calibans War - 2 Expanse - Special Edition,COREY JAMES S A,LIONCR,,0.0,0,not in WEBLIST,no
9780812996838,Call Sign Chaos - Learning to Lead,MATTIS JIM,BALLAN,,55.0,0,not in WEBLIST,no
9781668073315,Call To Deception - 5 Manticore Ascendant,WEBER DAVID,LIONCR,,0.0,0,not in WEBLIST,no
9781068479205,Camera Loves You Baby,JONES LUCAS,MISCEL,,0.0,0,not in WEBLIST,no
9781016770057,"Campaigns of Napoleon - Arcola, Marengo, Jena, Waterloo - The Campaign of Jena",THIERS LOUIS ADOLPHE MARIE JOSEPH,LIONCR,,0.0,0,not in WEBLIST,no
9781017587289,Campaigns of Napoleon Bonaparte of 1796-1797,FIEBEGER GUSTAV JOSEPH,LIONCR,,0.0,0,not in WEBLIST,no
9781925826494,Campus Meltdown - The Deepening Crisis In Australian Universities,COLEMAN WILLIAM O,CONCOU,,0.0,0,not in WEBLIST,no
9781398120679,Canal Boat Lives,SHAW GILL,AMBERL,,0.0,0,not in WEBLIST,no
9781872970370,Cannons Creek To Waitangi - Te Pakehas Treaty Claim For Equality,OAKLEY ANDY,WINTER,,30.0,0,not in WEBLIST,no
9414740990742,Card Games - NZ Themed,,LEATOO,,3.99,0,not in WEBLIST,no
9781529152135,Carrie Soto Is Back,JENKINS REID TAYLOR,HEINEM,,37.0,0,not in WEBLIST,no
9781445659695,Castle Douglas Through Time,SMITH MARY,AMBERL,,0.0,0,not in WEBLIST,no
9780765393623,Cat and Mouse,COYLE HAROLD,LIONCR,,0.0,0,not in WEBLIST,no
9781913074630,Cat Called Waverley,GLIORI DEBI,WALKER,,32.99,0,not in WEBLIST,no
797776039586,Cat Capers,SCHILMIL GAMES,SCHGAM,,36.99,0,not in WEBLIST,no
9781982111397,Catalogue of Shipwrecked Books - Christopher Columbus His Son And the Quest to Build the World's Greatest Library,WILSON-LEE EDWARD,SCRIBN,,24.99,0,not in WEBLIST,no
9780345513564,Cater Street Hangman - The First Charlotte and Thomas Pitt Novel,PERRY ANNE,RANINC,,0.0,0,not in WEBLIST,no
9781250164414,Caught In The Revolution,RAPPAPORT HELEN,STMARG,,24.99,0,not in WEBLIST,no
9781510776395,Cause Unknown - The Epidemic of Sudden Deaths In 2021 And 2022,DOWD ED,SKYHOR,,87.99,0,not in WEBLIST,no
9781761107269,Cautionary Tales For Excitable Girls,CASEY-HARDY ANNE,SCRIBN,,32.99,0,not in WEBLIST,no
9781788406215,Celebrating George - Three Decades Of George Michael Through The Lens,ARIS BRIAN,CASSEL,,100.0,0,not in WEBLIST,no
9781786647702,Celtic Myths And Tales - Epic Tales,JACKSON J.K,FLATRE,,39.99,0,not in WEBLIST,no
9780473361853,Champions Of Waikato Business,FOX ANDREA,PRIPUB,,39.9,0,not in WEBLIST,no
9781399603157,Chateau - Forever Home,STRAWBRIDGE DICK,SEVEND,,0.0,0,not in WEBLIST,no
9780357850671,Chemistry,DECOSTE DONALD J,BROOKS,,0.0,0,not in WEBLIST,no
9781460768013,Cher - The Memoir - Part Two,CHER,HARAUS,,55.0,0,not in WEBLIST,no
9781631069710,Cherry Blossom Spring (2024 Planner),MAYO LULU,FABER&,,27.99,0,not in WEBLIST,no
9781788286107,Childrens Human Body Encyclopedia,HIBBERT CLARE,ARCTUR,,22.99,0,not in WEBLIST,no
9781783613748,Chilling Horror Short Stories,TOWNSHEND DALE,FLATRE,,59.99,0,not in WEBLIST,no
9780714872247,China -The Cookbook,CHAN KEI LUM,PHAIDO,,70.0,0,not in WEBLIST,no
9781435169852,Chinese Myths and Folk Tales,BARNES & NOBLE,BARNES,,79.99,0,not in WEBLIST,no
9781786648013,Chords For Kids - Pick Up And Play - Quick Start Easy Diagrams,JACKSON JAKE,FLATRE,,24.99,0,not in WEBLIST,no
9417601402392,Christmas Cards - Heartkids Charity - 12 Pack,WILLIAMS SUE,OXTED,,24.99,0,not in WEBLIST,no
9781840227567,Christmas Carol - Wordsworth Classics,DICKENS CHARLES,WORDSW,,13.99,0,not in WEBLIST,no
9780712353106,Christmas Egg - A Seasonal Mystery,KELLY MARY,BRILCC,,26.99,0,not in WEBLIST,no
9414740986882,Christmas Gift Tag Stickers - Pad,,TJWH,,4.5,0,not in WEBLIST,no
9414740986912,Christmas Gift Tag Stickers - Pad,,TJWH,,4.5,0,not in WEBLIST,no
9414740034095,Christmas Label Stickers - 36 Labels,,AVAINT,,2.5,0,not in WEBLIST,no
9414740071274,Christmas Label Stickers - 60 Pieces With Glitter,,AVAINT,,3.99,0,not in WEBLIST,no
9414740994764,Christmas Stickers,,TJWH,,1.99,0,not in WEBLIST,no
9414740987032,Christmas Stickers - Stickers,,AVAINT,,1.99,0,not in WEBLIST,no
9781915770042,Class Coveted - 4,MURPHY SUSIE,SUSMU,,0.0,0,not in WEBLIST,no
9781915770028,Class Entwined - 2,MURPHY SUSIE,SUSMU,,0.0,0,not in WEBLIST,no
9781915770035,Class Forsaken - 3,MURPHY SUSIE,SUSMU,,0.0,0,not in WEBLIST,no
9420063306207,Coaster - Kowhai and Daisy,WOLFKAMP TANYA,TANWOL,,7.99,0,not in WEBLIST,no
9781910919989,Cognitive Behaviour Therapy Primer,BRANCH RHENA,PCCS,,0.0,0,not in WEBLIST,no
9781405275477,Comic Thunderbirds Brains Notebook,,MISCEL,,9.99,0,not in WEBLIST,no
9780307718280,Coming To My Senses - Making Of A Counterculture Cook,"WATERS, ALICE",CLARKS,,0.0,0,not in WEBLIST,no
9781250121844,Compass South - 1 Four Points,LARSON HOPE,SQUAR,,0.0,0,not in WEBLIST,no
9780751506679,Complete Alien Omnibus,FOSTER ALAN DEAN,SPHERE,,41.99,0,not in WEBLIST,no
9781787552739,Complete Beginners Chords For Guitar,JACKSON JAKE,FLATRE,,24.99,0,not in WEBLIST,no
9781473669185,Complete Esperanto - Learn To Read Write Speak And Understand Esperanto,OWEN TIM,JOHNMU,,102.0,0,not in WEBLIST,no
9781840221749,Complete Fairy Tales,GRIMM,WORDSW,,59.99,0,not in WEBLIST,no
9781849342322,Complete Poems and Songs of Robert Burns,BURNS ROBERT,GARDAR,,34.99,0,not in WEBLIST,no
9780241317761,Computer Coding Projects For Kids,VORDERMAN CAROL,DKCHIL,,51.99,0,not in WEBLIST,no
9781481490061,Con Artist In Paris - 15,DIXON FRANKLIN  W,ALADDI,,0.0,0,not in WEBLIST,no
9780465002054,Conflict of Visions - Ideological Origins of Political Struggles,SOWELL THOMAS,BASIC,,79.99,0,not in WEBLIST,no
9780618219087,Constantines Sword,CARROLL JAMES,HOUGHT,,0.0,0,not in WEBLIST,no
9781839643026,Copper Artisan Notebook - Flame Tree Journals,FLAME TREE STUDIO,FLATRE,,24.99,0,not in WEBLIST,no
9781557426666,Coral Island,BALLANTYNE ROBERT MICHAEL,WILSID,,0.0,0,not in WEBLIST,no
9781872970257,Corruption Of New Zealand Democracy - A Treaty Overview,ROBINSON JOHN,PRIPUB,,20.0,0,not in WEBLIST,no
9781521951910,Cosmic Egg - The Complete Theory Of A Living Universe And Everything,MUSIC IVAN,LIONCR,,0.0,0,not in WEBLIST,no
9781982176525,Countdown Bin Laden - The Untold Story Of The 247 Day Hunt to Bring the MasterMind of 9/11 to Justice,WALLACE CHRIS,SIMON&,,69.99,0,not in WEBLIST,no
9780593793466,Country of the Blind - Large Print Edition,LELAND ANDREW,DVP,,0.0,0,not in WEBLIST,no
9780473662356,Cousins,CHRISTENSEN ROBERT,CHROBE,,25.0,0,not in WEBLIST,no
9780395361719,Cowardly Clyde,PEET BILL,HOUGHT,,0.0,0,not in WEBLIST,no
9781400338801,Cowpuppy - An Unexpected Friendship And A Scientists Journey Into The Secret World Of Cows,BERNS GREGORY,HARHOR,,0.0,0,not in WEBLIST,no
9781597802314,Croning,BARRON LAIRD,NIGSHA,,34.99,0,not in WEBLIST,no
9798390948750,Crooked Cottage By The Sea,MILLER JOHN ANTHONY,LIONCR,,0.0,0,not in WEBLIST,no
9781529049893,Crow Trap - 1 Vera Stanhope,CLEEVES ANN,PAN,,24.99,0,not in WEBLIST,no
9781761341021,Cryptic Clue - 2,HAMPSON AMANDA,PENAUS,,38.0,0,not in WEBLIST,no
9780645724066,Cuddles The Cado,BAKER LISA,COTABL,,20.0,0,not in WEBLIST,no
9414740999158,Curious Kiwi Memory Game,,AVALON,,12.99,0,not in WEBLIST,no
9781481424752,Curse Of The Ancient Emerald - 9,DIXON FRANKLIN W,ALADDI,,17.99,0,not in WEBLIST,no
9781612007335,D-Day Training Pocket Manual 1944,MCNAB CHRIS,CASEMA,,29.99,0,inactive,no
9781582975894,Daily Reader - 366 Selections of Great Prose and Poetry to Inspire a Productive and Meaningful Writing Life,WHITE FRED,WRIDIG,,21.99,0,not in WEBLIST,no
9780684837895,Dangerous Summer,HEMINGWAY ERNEST,SIMON&,,0.0,0,not in WEBLIST,no
9781398720732,Dark Calories - How Vegetable Oils Destroy Our Health And How We Can Get It Back,SHANAHAN DR CATHERINE,ORISPR,,39.99,0,not in WEBLIST,no
9781783787258,Daughters of the Bamboo Grove - China's Stolen Children and a Story of Separated Twins,DEMICK BARBARA,GRANTA,,0.0,0,not in WEBLIST,no
9781681983660,David Buschs Nikon D850 Guide To Digital SLR Photography,BUSCH DAVID D,ROCNOO,,89.99,0,not in WEBLIST,no
9781509816378,Dead If You Don't - 14 Roy Grace,JAMES PETER,PAN,,19.99,0,not in WEBLIST,no
9780241623640,"Dear Dolly - On Love, Life and Friendship, Collected wisdom from her Sunday Times Style Column",ALDERTON DOLLY,FIGTRE,,40.0,0,not in WEBLIST,no
9781035036646,Death on the Lusitania - 1 Patrick Gallagher,GRAHAM R L,MACMIL,,37.99,0,not in WEBLIST,no
9781035920907,Death's End - 3 Three Body Problem - Special Edition,LIU CIXIN,HEADOF,,0.0,0,not in WEBLIST,no
9781481414067,Deception On The Set - 8,DIXON FRANKLIN W,ALADDI,,17.99,0,not in WEBLIST,no
9414740003138,Deck Of Cards - Choice,,AVAINT,,3.4,0,not in WEBLIST,no
9414740003145,Deck Of Cards - Haere Mai,,AVAINT,,3.4,0,not in WEBLIST,no
9414740003107,Deck Of Cards - Ka Pai,,AVAINT,,3.4,0,not in WEBLIST,no
9414740003114,Deck Of Cards - Kiwi As,,AVAINT,,3.4,0,not in WEBLIST,no
9414740003121,Deck Of Cards - Tiki Tour,,AVAINT,,3.4,0,not in WEBLIST,no
9780857385222,Deep Black - Death Wave,COONTS STEPHEN,QUER,,31.99,0,not in WEBLIST,no
9780702333026,Deluxe Hunger Games Collection - Boxset,COLLINS SUZANNE,SCHOLA,,0.0,0,not in WEBLIST,no
9780765808684,"Democracy - The God That Failed - The Economics And Politics Of Monarchy, Democracy And Natural Order",HOPPE HANS-HERMANN,TRANSP,,115.0,0,not in WEBLIST,no
9780571376476,Demon Copperhead,KINGSOLVER BARBARA,FABER&,,36.99,0,not in WEBLIST,no
9780738723457,Demonology of King James - Includes the Original Text of Daemonologie and News from Scotland,TYSON DONALD,LLEWEL,,48.0,0,not in WEBLIST,no
9780500016565,Derek Jarmans Garden,JARMAN DEREK,THAMES,,39.99,0,not in WEBLIST,no
9780987281029,Desert Walker - Outback Adventures With Denis Bartell,BARTELL DENIS,DOUGBA,,0.0,0,not in WEBLIST,no
9780349426730,Desolation Road,FEEHAN CHRISTINE,PIATKU,,24.99,0,not in WEBLIST,no
9781840226348,Desperate Remedies - Wordsworth Classics,HARDY THOMAS,WORDSW,,13.99,0,not in WEBLIST,no
9781789632460,Detective Deville - The Hilarious Memoirs Of A London Policeman,BUNDELL IVOR M,THECH,,0.0,0,not in WEBLIST,no
9781787556942,Detective Mysteries Short Stories,HERBERT ROSEMARY,FLATRE,,59.99,0,not in WEBLIST,no
9780994132802,Dharmas Diwali,MACGREGOR JILL,PURIRI,,25.0,0,not in WEBLIST,no
9781853262128,Diamond As Big As The Ritz And Other Stories,FITZGERALD F SCOTT,WORDSW,,13.99,0,not in WEBLIST,no
9414740013861,Diamond Gift Bag,,AVAINT,,3.5,0,not in WEBLIST,no
9780750685023,Dictionary Of Architecture And Building Construction,DAVIES NIKOLAS,ROUTLE,,282.0,0,not in WEBLIST,no
9414740011973,Dinosaur - Puffy Stickers,,AVAINT,,2.5,0,not in WEBLIST,no
9414740982792,Dinosaur - Roller Stamp,,AVAINT,,2.99,0,not in WEBLIST,no
9414740978207,Dinosaur - Stickers,,AVAINT,,3.5,0,not in WEBLIST,no
9414740014493,Dinosaur Gift Bag Large,,TJWH,,3.5,0,not in WEBLIST,no
9414740978269,Dinosaur Glow In The Dark - Stickers,,AVAINT,,3.5,0,not in WEBLIST,no
9414740015773,Dinosaur Stickers,,TJWH,,1.99,0,not in WEBLIST,no
9414740022320,Dinosaur Stickers,,TJWH,,2.5,0,not in WEBLIST,no
9414740978252,Dinosaur Stickers,,AVAINT,,2.99,0,not in WEBLIST,no
9781465454294,Dinosaurs - DK Findout,DK,DK,,17.99,0,not in WEBLIST,no
9781534414884,Disappearance - 18,DIXON FRANKLIN  W,ALADDI,,0.0,0,not in WEBLIST,no
9781772753523,Disney Beauty And The Beast Cinestory Comic - Collectors Edition,DISNEY,DISNEY,,29.99,0,not in WEBLIST,no
9780958240123,Divinity Code - The Explosive New Evidence,WISHART IAN,HOWLIN,,29.99,0,not in WEBLIST,no
9781405952293,Doctor Who Annual 2023,WHO DOCTOR,CBEEBE,,21.0,0,not in WEBLIST,no
9414740989579,Dogs - Puffy Stickers,,AVAINT,,2.99,0,not in WEBLIST,no
9414740994955,Dogs - Scratch And Sniff Stickers,,TJWH,,2.99,0,inactive,no
9781445186696,Dont Panic Its Puberty - A Guide for Boys,,FRANKL,,27.99,0,not in WEBLIST,no
9780060920470,Dove,GRAHAM ROBIN LEE,HARPER,,0.0,0,not in WEBLIST,no
9780099650812,Dr Dog,COLE BABETTE,REDFOX,,19.99,0,not in WEBLIST,no
9781926444345,Dracula - Paper Mill Classics,STOKER BRAM,PAPMIL,,24.99,0,not in WEBLIST,no
9780994149411,Driving For Music - The Orchestral Memoir,VAN DRIMMELEN PETER,WRIHIL,,35.0,0,not in WEBLIST,no
5055354419195,Driving Instructor - 20 Comedy Classics,ALTO,GARDCD,,19.99,0,not in WEBLIST,no
9780994137647,Drongo - A Kiwi Road Novel,RICHARDS IAN,ATUPRE,,38.0,0,not in WEBLIST,no
9781789500837,Dubliners,JOYCE JAMES,ARCTU,,14.99,0,not in WEBLIST,no
9781853260483,Dubliners - Wordsworth Classics,JOYCE JAMES,WORDSW,,13.99,0,not in WEBLIST,no
9781068693441,Duke,"MELCHIORRE, MATTEO",FOUNDR,,0.0,0,not in WEBLIST,no
9780593201886,Dune Saga - 6 Book Box-set,HERBERT FRANK,ACEBOO,,0.0,0,not in WEBLIST,no
9781787557819,Dying Planet - Short Stories,AIKMAN BARTON,FLATRE,,59.99,0,not in WEBLIST,no
9781783619986,Dystopia Utopia Short Stories,GOLDER DAVE,FLATRE,,59.99,0,not in WEBLIST,no
9414740982396,Easter Bunny Stickers,,TJWH,,3.5,0,not in WEBLIST,no
9414740988381,Easter Chick Puffy Stickers,,TJWH,,2.99,0,not in WEBLIST,no
9781435167728,Easy Crossword Omnibus - More Than 250 Fun Puzzles,BLINDAUER PATRICK,PUZWRI,,19.99,0,not in WEBLIST,no
9781839409073,Edgar Allan Poe Puzzles - Puzzles of Mystery and Imagination,MOORE DR GARETH,ARCTU,,19.99,0,not in WEBLIST,no
9780764960536,Edgar Payne the Scenic Journey,SHIELDS SCOTT,POMEGR,,0.0,0,not in WEBLIST,no
9781035031283,Eighteen - History Of Britain In 18 Young Lives,LOXTON ALICE,MACMIL,,49.99,0,not in WEBLIST,no
9781465482853,El Libro de la Mitologia - Mythology - Spanish Edition,DK,DK,,24.99,0,not in WEBLIST,no
9780241341292,Elizabeth And Her German Garden,ARNIM ELIZABETH VON,PENCLA,,17.99,0,not in WEBLIST,no
9781035097302,Elizabeth II - In Private. In Public. The Inside Story.,HARDMAN ROBERT,MACMIL,,0.0,0,not in WEBLIST,no
9781398523838,Elysian - 10 Keeper of the Lost Cities,MESSENGER SHANNON,SIMON&,,0.0,0,not in WEBLIST,no
9414740012239,Emergency Vehicle - Puffy Stickers,,AVAINT,,2.5,0,inactive,no
9414740998038,Emoji Puffy Stickers,,TJWH,,2.5,0,not in WEBLIST,no
9414740026304,Emoji Stickers,,AVAINT,,2.99,0,not in WEBLIST,no
9780304367115,Emperors Last Victory - Napoleon And The Battle Of Wagram,ROTHENBERG GUNTHER E,CASSEL,,77.0,0,not in WEBLIST,no
9414740999509,Encouragement Stickers - NZ,,AVAINT,,1.5,0,not in WEBLIST,no
9414740999516,Encouragement Stickers - NZ,,AVAINT,,1.5,0,not in WEBLIST,no
9414740999523,Encouragement Stickers - NZ,,AVAINT,,1.5,0,not in WEBLIST,no
9781782744733,Encyclopedia of Aircraft of World War II,EDEN PAUL,AMBBOO,,0.0,0,not in WEBLIST,no
9780007505432,English - Practice In The Basic Skills,COLLINS,COLLIN,,12.99,0,not in WEBLIST,no
9781857910360,English Irish Dictionary With Terminological Additions And Corrections,DE BHALDRAITHE TOMAS,RIAC,,100.0,0,not in WEBLIST,no
9780804846462,English Made Easy Volume Two,CRICHTON JONATHAN,TUTTLE,,29.99,0,not in WEBLIST,no
9780307700872,English Patient,ONDAATJE MICHAEL,EVELIB,,0.0,0,not in WEBLIST,no
9781787556935,Epic Fantasy Short Stories,SEMPER PHILIPPA,FLATRE,,39.99,0,not in WEBLIST,no
9781617134548,Eric Clapton FAQ - All Thats Left To Know About Slowhand,BOWLING DAVID,BACKBE,,19.99,0,not in WEBLIST,no
ETE,Ete Fixes The Glitch,LAFAELE ETEROA,PRIPUB,,0.0,0,not in WEBLIST,no
9781837651719,European Migrants In Eighteenth Century Ireland - The Great Palatine Migration Of 1709 And Its Aftermath,MCCORMICK CLAIRE,BOYDEL,,0.0,0,not in WEBLIST,no
5035393715014,Everlasting Address Book,,ARTICO,,44.95,0,not in WEBLIST,no
9784805310052,Everyday Life in Traditional Japan,DUNN CHARLES J,TUTTLE,,19.99,0,not in WEBLIST,no
9781857159318,Everyman Anthology Of Poetry For Children,AVERY GILLIAN,EVERYM,,0.0,0,not in WEBLIST,no
9781507214688,Everything Mindful Word Search Book - Volume 2,TIMMERMAN CHARLES,ADAMS,,19.99,0,not in WEBLIST,no
9781527207264,Everything You Need to Know but Have Never Been Told,ICKE DAVID,DAVICK,,65.0,0,not in WEBLIST,no
9780008421953,Ex Libris - 100+ Books To Read And Reread,KAKUTANI MICHIKO,WILCOL,,39.99,0,not in WEBLIST,no
9780525574972,Ex Libris - 100+ Books to Read and Reread,KAKUTANI MICHIKO,CLARKS,,19.99,0,not in WEBLIST,no
9798200724314,Exodus Revisited,URIS LEON,MISCEL,,0.0,0,not in WEBLIST,no
9414740005590,Exotic Animals - Puffy Stickers,,AVAINT,,2.5,0,not in WEBLIST,no
9780133892406,Experiential Learning - Experience as the Source of Learning and Development,KOLB DAVID,PEARSO,,0.0,0,not in WEBLIST,no
9781780555089,Explore - How To Explore Everything Everywhere,GANERI ANITA,BUSTER,,14.99,0,not in WEBLIST,no
9789529460588,Eye of the Stormlord - 1 Peter Blue,COLLESS LAUREL,LIONCR,,0.0,0,not in WEBLIST,no
9781839407574,F Scott Fitzgerald Collection,FITZGERALD F SCOTT,ARCTU,,49.99,0,not in WEBLIST,no
9781473881211,Falklands Gunner - A Day-By-Day Personal Account Of The Royal Artillery In The Falklands War,MARTIN TOM,FRONTL,,0.0,0,not in WEBLIST,no
9781575422091,Families Change - A Book for Children Experiencing Termination of Parental Rights,NELSON JULIE,FREESP,,0.0,0,not in WEBLIST,no
9781531935979,Fantasy Art of Royo 2024 16-month Wall Calendar,SELLERS PUBLISHING,SELPUB,,0.0,0,not in WEBLIST,no
9798459635218,Far End of a Long Road,ABBOT SANDY,PRIPUB,,0.0,0,not in WEBLIST,no
9781788009676,Farm - Make Tracks,,NOSCRO,,22.99,0,not in WEBLIST,no
9783836577915,Fashion History from the 18th to the 20th Century,KYOTO COSTUME INSTITUTE,TASCHE,,165.0,0,not in WEBLIST,no
9781037412035,Fever Dream,SCHWEBLIN SAMANTA,MACMIL,,0.0,0,not in WEBLIST,no
9780850668117,Field Artillery And Fire Power,BAILEY J B A,TAYLOR,,93.99,0,not in WEBLIST,no
9781912545247,Fig Tree,VOJNOVIC GORAN,ISTROS,,0.0,0,not in WEBLIST,no
5055354415043,Finest Hour - Winton Churchill,ALTO,GARDCD,,24.99,0,not in WEBLIST,no
9781494413408,Fire For Effect - Field Artillery And Close Air Support In The US Army,MCGRATH JOHN J,LIONCR,,0.0,0,not in WEBLIST,no
9789354300264,First Forty Nine Stories,HEMINGWAY ERNEST,LIONCR,,0.0,0,not in WEBLIST,no
9781789509809,First Men in the Moon,WELLS H G,ARCTU,,14.99,0,not in WEBLIST,no
9780593192429,First Survivors of Alzheimers - How Patients Recovered Life And Hope In Their Own Words,BREDESEN DALE,PENAUS,,53.0,0,not in WEBLIST,no
9414740991800,Fish Stickers,,TJWH,,2.5,0,not in WEBLIST,no
735850427539,Flaming Pyramids,CHEEKY PARROT,CHEEKY,,29.99,0,not in WEBLIST,no
793591395098,Flipology,CHEEKY PARROT,CHEEKY,,24.99,0,not in WEBLIST,no
8054320565956,Flora Oopps Eraser Pen,LEGAMI,LEGAMI,,5.99,0,not in WEBLIST,no
9780192783608,Flow With The Snow,TREGONING ROBERT,OXFORD,,0.0,0,not in WEBLIST,no
9414740982204,Flower Stickers,,LEATOO,,2.5,0,inactive,no
9414740013670,Foil Mini Star Stickers,,TJWH,,1.99,0,not in WEBLIST,no
9414740002117,Fold Up Shopper Bag,,AVAINT,,7.99,0,not in WEBLIST,no
9781554532759,Follow That Map - A First Book of Mapping Skills,RITCHIE SCOT,KIDSCA,,0.0,0,not in WEBLIST,no
9780473300272,Footloose and Faerie Free,OSULLIVAN ROWENA MAY,PUBLIK,,33.99,0,not in WEBLIST,no
9781982125257,Forced Perspectives,POWERS TIM,BAEN,,0.0,0,not in WEBLIST,no
9781788547390,Four Streets - 1,DORRIES NADINE,HEADOF,,19.99,0,not in WEBLIST,no
9783836585019,Frederic Chaubin Stone Age - Ancient Castles of Europe,CHAUBIN FREDERIC,TASCHE,,140.0,0,not in WEBLIST,no
9781991162243,Freestyle - The Israel Adesanya Story,RILEY DAVID,DAVRIL,,31.0,0,not in WEBLIST,no
9781409349396,"French Made Easy Ages 7-11 Confidence in Reading, Writing & Speaking",VORDERMAN CAROL,DKCHIL,,14.99,0,not in WEBLIST,no
9781784722982,Fress - Bold Fresh Flavours From A Jewish Kitchen,SPITZER EMMA,MITBEA,,37.99,0,not in WEBLIST,no
9781760650469,Front Desk,YANG KELLY,WALAUS,,19.99,0,not in WEBLIST,no
9780606089418,Frostbite - Vampire Academy 2,MEAD RICHELLE,LIONCR,,0.0,0,not in WEBLIST,no
9414740005880,Fruit And Veg Stickers,,TJWH,,1.99,0,not in WEBLIST,no
9781935703167,Garbage Flowers,LEWIS ERIC,POIBLA,,22.99,0,not in WEBLIST,no
9780345530585,Garfield Left Speechless - Comics Without Words,DAVIS JIM,RANINC,,24.99,0,not in WEBLIST,no
9780345526014,Garfield Tons Of Fun - His 29th Book,DAVIS JIM,BALLAN,,19.99,0,not in WEBLIST,no
9781872970240,Gathering Storm Over The Foreshore And Seabed - Why They Must Remain In Crown Ownership,BARR HUGH,PRIPUB,,20.0,0,not in WEBLIST,no
9783836566193,Gaudi - The Complete Works 40th Ed.,ZERBST RAINER,TASCHE,,49.99,0,not in WEBLIST,no
9781527271616,Gene Sharp - How To Start A Revolution,ARROW RUARIDH,LIONCR,,0.0,0,not in WEBLIST,no
9781399079051,German Breakthrough in Greece - The 1941 Battle of Pineios Gorge - Then and Now,PLOWMAN JEFFREY,PEN&SW,,0.0,0,not in WEBLIST,no
9781999859336,German Room,MALIANDI CARLA,CHARCO,,27.99,0,not in WEBLIST,no
9781844037902,Get Plucky With The Ukulele - How To Play Ukulele In Easy To Follow Steps,GROVE WHITE WILL,CASSEL,,19.99,0,not in WEBLIST,no
9780316411820,Girl In The Castle,PATTERSON JAMES,GRANDC,,0.0,0,not in WEBLIST,no
9781954289369,Go for Beginners - A Step-By-Step Guide to Learning the Game of Go,PRESS BARTON,LIONCR,,0.0,0,not in WEBLIST,no
9781496419835,God And Churchill - How The Great Leaders Sense Of Divine Destiny Changed His Troubled World And Offers Hope For Ours,SANDYS JONATHAN,LIONCR,,0.0,0,not in WEBLIST,no
9781539307501,God Loves Me And I Love Myself - Overcoming The Resistance To Loving Yourself,"DEJESUS, MARK",LIONCR,,0.0,0,not in WEBLIST,no
9781250295620,Gold Dust Woman - Biography Of Stevie Nicks,DAVIS STEPHEN,STMARG,,44.99,0,not in WEBLIST,no
9781529100938,Golden Enclaves - 3 Scholomance,NOVIK NAOMI,DELREY,,0.0,0,not in WEBLIST,no
9781804999110,Gone Tomorrow - 13 Jack Reacher,CHILD LEE,PENTRA,,28.0,0,not in WEBLIST,no
9780008680855,Good Girl Bad Blood - 2 A Good Girl's Guide to Murder - Collector's Edition,JACKSON HOLLY,ELEMON,,32.99,0,not in WEBLIST,no
9781539438151,Grand Inquisitor,DOSTOEVSKY FYODOR,LIONCR,,0.0,0,not in WEBLIST,no
799439051287,Granny Wars - A Game Of Tit For Tat,SCHILMIL GAMES,SCHGAM,,24.99,0,not in WEBLIST,no
8052694032043,Graphite - Large Daily Diary 2026 - Legami,LEGAMI,LEGAMI,,49.99,0,not in WEBLIST,no
9781534411500,Gray Hunters Revenge - 17,DIXON FRANKLIN  W,ALADDI,,0.0,0,not in WEBLIST,no
9783836578097,Great Escapes Mediterranean - The Hotel Book,TASCHEN ANGELIKA,TASCHE,,110.0,0,not in WEBLIST,no
9783836584319,Great Escapes USA - The Hotel Book,TASCHEN ANGELIKA,TASCHE,,110.0,0,not in WEBLIST,no
9781785996160,Great Expectations,CHARLES DICKENS,ARCTUR,,14.99,0,not in WEBLIST,no
9781785996139,Great Gatsby,FITZGERALD F SCOTT,ARCTUR,,14.99,0,not in WEBLIST,no
9781926444284,Great Gatsby - Paper Mill Classics,FITZGERALD F SCOTT,PAPMIL,,24.99,0,not in WEBLIST,no
9781853260414,Great Gatsby - Wordsworth Classics,FITZGERALD F SCOTT,WORDSW,,13.99,0,not in WEBLIST,no
9781952106996,"Great Patriot Protest and Boycott Book - The Priceless List for Conservatives, Christians, Patriots, and 80+ Million Trump Warriors to Cancel Cance",ROOT WAYNE ALLYN,PUBLIK,,47.0,0,not in WEBLIST,no
9781454927426,Great Wordplay Crosswords,PUZZLE WRIGHT,STERLI,,14.99,0,not in WEBLIST,no
9781844037933,Greatest Books Youll Never Read - Unpublished Masterpeices By The Worlds Greatest Writers,RICHARDS BERNARD,CASSEL,,49.99,0,not in WEBLIST,no
9781631069680,Green Gold Flower (2024 Planner),MAYO LULU,FABER&,,27.99,0,not in WEBLIST,no
9781910985526,Greenpeace Captain - Bizarre Wanderings On The Rainbow Warrior,WILCOX PETER,SANDST,,0.0,0,not in WEBLIST,no
9781529154191,Greta and Valdin - UK hardback edition,REILLY REBECCA,HUTHEI,,0.0,0,not in WEBLIST,no
9798218474836,Ground You Stand Upon - Life Of A Skytrooper In Vietnam,BOWE JOSHUA E,LIONCR,,0.0,0,not in WEBLIST,no
LIVEMORE,Guide To Live More Awesome,HUNT JIMI,PRIPUB,,0.0,0,not in WEBLIST,no
9781788280518,Gullivers Travels - Arcturus Classics,SWIFT JONATHAN,ARCTUR,,12.99,0,not in WEBLIST,no
9781853260278,Gullivers Travels - Wordsworth Classics,SWIFT JONATHAN,WORDSW,,13.99,0,not in WEBLIST,no
9780979423147,Guns Afloat - US Army Riverine Artillery In Vietnam,CARRICO JOHN M,LIONCR,,0.0,0,not in WEBLIST,no
9780679740636,Handbook Of Sailing - A Complete Guide to All Sailing Techniques and Procedures for the Beginner and the Experienced Sailor,BOND BOB,KNOPF,,30.0,0,not in WEBLIST,no
9781727656558,Hansel And Gretel,GRIMM BROTHERS,LIONCR,,0.0,0,not in WEBLIST,no
9781786032270,Harriet Tubman - Little People Big Dreams,SANCHEZ VEGARA MARIA ISABEL,FRALIN,,22.99,0,not in WEBLIST,no
9781787419568,Harry Potter - Courage - A Guided Journal For Cultivating Your Inner Gryffindor,,TEMPLA,,36.99,0,not in WEBLIST,no
9781451683219,Harvey Penick's Little Red Book,PENICK HARVEY,SIMONS,,0.0,0,not in WEBLIST,no
9781787552661,Haunted House Short Stories,JANICKER REBECCA,FLATRE,,59.99,0,not in WEBLIST,no
9781991353030,He Kete Kiwaha - A Practical Guide to Maori Idioms,BLACK HONA,ORATIA,,45.0,0,not in WEBLIST,no
9781872970769,He Puapua - Blueprint For Breaking Up New Zealand,ROBINSON JOHN,TROSS,,35.0,0,not in WEBLIST,no
9781335004048,Heated Rivalry - Deluxe Hardcover Edition,REID RACHEL,******,,0.0,0,not in WEBLIST,no
9780593902332,History Smashers - Ancient Egypt,MESSNER KATE,RANYON,,22.99,0,not in WEBLIST,no
799439888210,Hoard,SCHILMIL GAMES,SCHGAM,,36.99,0,not in WEBLIST,no
9780415640701,Holding and Psychoanalysis 2nd edition - A Relational Perspective,SLOCHOWER JOYCE ANNE,ROUTLE,,98.99,0,not in WEBLIST,no
9781339045900,Hooky Advanced Coloring Book,SCHOLASTIC,SCHUSA,,0.0,0,not in WEBLIST,no
9781907860096,Hopes And Wishes For You,STEPHENS HELEN,FROMYO,,24.99,0,not in WEBLIST,no
9781788285414,Horror Short Stories,BLYTHE JOANNA,SIRIUS,,29.99,0,not in WEBLIST,no
9781840224009,Hound Of The Baskervilles And The Valley Of Fear - Wordsworth Classics,DOYLE ARTHUR CONAN,WORDSW,,13.99,0,not in WEBLIST,no
9781529092158,House At Riverton,MORTON KATE,PAN,,0.0,0,not in WEBLIST,no
9780099528562,House Of The Spirits,ALLENDE ISABEL,VINCLA,,19.99,0,not in WEBLIST,no
8716951342343,Houseplants - A5 Notebook,BEKKING AND BKITZ,BEKKIN,,10.99,0,not in WEBLIST,no
9780715653364,How Not To Be A Doctor And Other Essays,LAUNER JOHN,DUCKWO,,33.99,0,not in WEBLIST,no
9780593471791,How To Be Old - Lessons In Living Boldly From The Accidental Icon,SLATER LYN,PLUME,,0.0,0,not in WEBLIST,no
9798217025824,How to Draw Avatar - The Last Airbender,RANDOM HOUSE,RANYON,,0.0,0,not in WEBLIST,no
9780823023530,How To Draw Cartoons For Comic Strips,HART CHRISTOPHER,WATSON,,39.99,0,not in WEBLIST,no
9781465457677,How to Play Chess,DK,DK,,22.99,0,not in WEBLIST,no
9781783619580,How To Play Piano And Keyboard,JACKSON JAKE,FLATRE,,29.99,0,not in WEBLIST,no
9781250210852,How To Stay In Love - Practical Wisdom From An Unexpected Source,SEXTON JAMES J,LIONCR,,0.0,0,not in WEBLIST,no
9781632173133,How To They / Them - A Visual Guide to Nonbinary Pronouns and the World of Gender Fluidity,GETTY STUART,SASQUA,,24.99,0,not in WEBLIST,no
9781138075832,Human Factors Of Fratricide,RAFFERTY LAURA A,CRCPRE,,125.0,0,not in WEBLIST,no
9780955997310,Human Race Get Off Your Knees - The Lion Sleeps No More,ICKE DAVID,MISCEL,,60.0,0,not in WEBLIST,no
9781608451517,Humanitarian Engineering,MITCHAM CARL,MORCLA,,105.0,0,not in WEBLIST,no
9781438012452,I Am Not an Egg Carton - 10 Amazing Things to Make with Egg Cartons,CARLTON PUBLISHING GROUP,BARRON,,11.99,0,not in WEBLIST,no
9781760878948,I Am NOT Fine Thanks,ANDERSON WIL,ALLEN&,,36.99,0,not in WEBLIST,no
9781839641497,I Ching - The Book of Changes,SCHILLING DENNIS,FLATRE,,59.99,0,not in WEBLIST,no
9780593807057,I See You - Avatar Little Golden Book,GOLDEN BOOKS,GOLBOO,,0.0,0,not in WEBLIST,no
9780143111061,Idiot,BATUMAN ELIF,PENUSA,,0.0,0,not in WEBLIST,no
9780473204266,If Persistence Was A Person - The Story Of Professor Swee Tan,OLDS HANA,PRIPUB,,20.0,0,not in WEBLIST,no
9780811234856,Illiterate,KRISTOF AGOTA,NEWDIR,,0.0,0,not in WEBLIST,no
9781409313731,Im A New Big Sister - A Princess Polly Book,,LADYBI,,17.99,0,inactive,no
9780099549321,Im Your Man - The Life Of Leonard Cohen,SIMMONS SYLVIE,VINTUK,,30.0,0,not in WEBLIST,no
9780765360076,Imager - 1 Imager Portfolio,MODESITT L E JR,TOR,,17.99,0,not in WEBLIST,no
9781328808653,Imagine,LENNON JOHN,PUBLIK,,24.99,0,not in WEBLIST,no
9781684818150,Immigrant Tongues - Exploring How Languages Have Evolved and Defined Us,FOOTE PATRICK,MANMED,,0.0,0,not in WEBLIST,no
9780281070176,Immortal Diamond - The Search For Our True Self,ROHR RICHARD,SPCK,,0.0,0,not in WEBLIST,no
9781487004163,In A Land Without Dogs The Cats Learn To Bark,GARFINKEL JONATHAN,LIONCR,,0.0,0,not in WEBLIST,no
9781509899340,In Love With The World - What A Monk Can Teach You About Living From Nearly Dying,RINPOCHE YONGEY MINGYUR,BLUEBI,,24.99,0,not in WEBLIST,no
9781788883252,Inferno,ALIGHIERI DANTE,ARCTUR,,14.99,0,not in WEBLIST,no
9781447288480,Inner Game of Golf,GALLWEY TIMOTHY W,PAN,,24.99,0,not in WEBLIST,no
9781763651043,Inspired Life Method,HUCKSTEP LEWIS,LIONCR,,0.0,0,not in WEBLIST,no
8052694034269,Inspiring Women -  Mini Calendar 2026,LEGAMI,LEGAMI,,19.99,0,not in WEBLIST,no
9798218560317,Into Africa - Visiting Four National Parks In Tanzania,ZACHER LAURA F,LIONCR,,0.0,0,not in WEBLIST,no
9781912916542,Into The Mountain - A Life Of Nan Shepherd,PEACOCK CHARLOTTE,GALPUB,,0.0,0,not in WEBLIST,no
9780593541456,Invisible Kingdom,O'ROURKE MEGHAN,BANTAM,,37.99,0,not in WEBLIST,no
9780722540459,Invitation,MOUNTAIN DREAMER ORIAH,HARCOL,,0.0,0,not in WEBLIST,no
9781788841849,Iranian Architecture - A Visual History,SARDASHTI SOHRAB,ACCART,,180.0,0,not in WEBLIST,no
9780349440262,Iron Flame - 2 The Empyrean Limited Edition,YARROS REBECCA,HACHET,,0.0,0,inactive,no
9780976422167,It Rained In the Desert - One Womans Story Of Spirit And Resilience,DETTLOFF JOCELYN,MISCEL,,0.0,0,not in WEBLIST,no
9780764133220,Italian Word Puzzles,DANESI MARCEL,BARRON,,12.99,0,not in WEBLIST,no
9781853262029,Ivanhoe - Wordsworth Classics,SCOTT WALTER,WORDSW,,13.99,0,not in WEBLIST,no
9781927242735,Jack - Celebrating Jack Body Composer,SHENNAN JENNIFER / WHITEHEAD GILLIAN (E),STEELE,,39.99,0,not in WEBLIST,no
9780645207132,Jack Gibson's Fur Coat - Rugby League Oddities and Artefacts,HUMPHRIES GLEN,GELDIN,,0.0,0,not in WEBLIST,no
9781844062690,Jackie,DIXON KATHRYN,TAJBOO,,17.99,0,not in WEBLIST,no
9781787015869,Jamaica - Lonely Planet Guide,LONELY PLANET,LONGLO,,39.99,0,not in WEBLIST,no
9781926444246,Jane Eyre - Paper Mill Classics,BRONTE CHARLOTTE,PAPMIL,,24.99,0,not in WEBLIST,no
9781628063929,Jane Goodall at 90 - Celebrating an Astonishing Lifetime of Science Advocacy Humanitarianism Hope and Peace,BEKOFF MARC,SAWM,,0.0,0,not in WEBLIST,no
9781872970561,Jaws Of The Dragon - How China Is Taking Over New Zealand And Australia,,TROSS,,35.0,0,not in WEBLIST,no
9780789348616,Jewish Calendar 2026,JEWISH HISTORICAL MUSEUM AMSTERDAM,UNIPUB,,45.0,0,not in WEBLIST,no
9780908708727,Johns Journey - NZ Dairying,WHITELOCK JOHN,PRIPUB,,60.0,0,not in WEBLIST,no
9781426213816,Journeys Home - Inspiring Stories Plus Tips And Strategies To Find Your Family History,MCCARTHY ANDREW,NATGEO,,14.99,0,not in WEBLIST,no
9781910368527,Joyful Path Of Good Fortune - The Complete Buddhist Path To Enlightenment,GYATSO GESHE KELSANG,THARPA,,57.95,0,not in WEBLIST,no
9780307119377,Just Me and My Puppy,MAYER MERCER,RANDOM,,17.99,0,not in WEBLIST,no
9781509261604,Just What the Doctor Hired,NELSON AMANDA,LIONCR,,0.0,0,not in WEBLIST,no
9781503613577,Justice for Some - Law and the Question of Palestine,ERAKAT NOURA,STANFO,,0.0,0,not in WEBLIST,no
9781617690167,Kaffe Fassett Quilts Shots And Stripes,FASSETT KAFFE,STEWAR,,39.99,0,not in WEBLIST,no
9788854420588,Kawaii Activity Fun - Super Cute Puzzles And Crazy Games,WHITE STAR,WHISTA,,35.0,0,not in WEBLIST,no
9781848450882,Keeper of the Light - 1 The Keeper Trilogy,CHAMBERLAIN DIANE,HARCOL,,33.99,0,not in WEBLIST,no
719239616202,Kiitos - Outwit With Cleverness,CHEEKY PARROT,CHEEKY,,29.99,0,not in WEBLIST,no
5060213015722,Killer - Fish Tales Bookmark,,THIGIF,,16.99,0,not in WEBLIST,no
9781787636668,Killer In The Kremlin,SWEENEY JOHN,BANPRE,,40.0,0,not in WEBLIST,no
9781473664630,Killing Hour,CLEAVE PAUL,MULHOL,,26.0,0,not in WEBLIST,no
9781681440835,Killing Room,MAY PETER,QUER,,24.99,0,not in WEBLIST,no
9781472214812,Kindred,BUTLER OCTAVIA E.,HEADLI,,27.99,0,not in WEBLIST,no
9781523399895,King Of Battle,DASTRUP B L,INDEPE,,0.0,0,not in WEBLIST,no
9781250158468,Knifes Edge - 2 Four Points,LARSON HOPE,SQUAR,,0.0,0,not in WEBLIST,no
9789526547305,Knights Unite - 3 Peter Blue,COLLESS LAUREL,LIONCR,,0.0,0,not in WEBLIST,no
9781399019620,Ladies of Magna Carta - Women of Influence in Thirteenth Century England,CONNOLLY SHARON BENNETT,PENSWO,,0.0,0,not in WEBLIST,no
9781788280501,Lady Chatterleys Lover,LAWRENCE D H,ARCTUR,,14.99,0,not in WEBLIST,no
9781489281012,Land Girls,PURMAN VICTORIA,HQFIC,,19.99,0,not in WEBLIST,no
9781492567363,Language Of Coaching - The Art And Science Of Teaching Movement,WINKELMAN NICK,HUMANK,,115.0,0,not in WEBLIST,no
9781398835801,Large Print Wordsearch - Over 250 Easy-to-Read Puzzles,SAUNDERS ERIC,ARCTU,,39.99,0,not in WEBLIST,no
9781368059633,Last Fallen Star - 1 Gifted Clans,KIM GRACI,MISCEL,,29.99,0,not in WEBLIST,no
9781788280594,Last of the Mohicans,COOPER JAMES FENIMORE,ARCTUR,,14.99,0,not in WEBLIST,no
9781471141676,Leader In Me - How Schools And Parents Around The World Are Inspiring Greatness One Child At A Time,COVEY STEPHEN R,SIMON&,,0.0,0,not in WEBLIST,no
9781849497534,Learn To Crochet Love to Crochet,WILKINSON ANNA,POIBLA,,26.99,0,not in WEBLIST,no
9789529447251,Legal Design Book - Doing Law In The 21st Century,KLEMOLA MEERA,LIONCR,,0.0,0,not in WEBLIST,no
9781782760801,Legend of Ragnarok - Dragons Riders of Berk,TITAN COMICS,TITAN,,19.99,0,not in WEBLIST,no
9781668073285,Liaden Universe Constellation - Volume VI,LEE SHARON,LIONCR,,0.0,0,not in WEBLIST,no
9782080255198,Lido - Feathers Jewels And Thrills,RACHLINE SONIA,FLAMMA,,0.0,0,not in WEBLIST,no
9780316300865,Life And Death - Twilight Reimagined,MEYER STEPHENIE,LIONCR,,0.0,0,not in WEBLIST,no
9781853261787,Lifes Little Ironies,HARDY THOMAS,WORDSW,,13.99,0,not in WEBLIST,no
822601400405,Lilburn - Michael Houston Music For Solo Piano,,MARBE,,37.99,0,not in WEBLIST,no
9780307463500,Lips Unsealed - A Memoir,CARLISLE BELINDA,THREER,,37.99,0,not in WEBLIST,no
9781856753616,Little Book Of Crystals,HALL JUDY,GAIA,,17.99,0,not in WEBLIST,no
9781507207390,Little Book Of Mahjong - Learn How To Play Score And Win,BROWN SETH,ADAMED,,12.99,0,not in WEBLIST,no
9781035422647,Little Guide to The Tour de France,ORANGE HIPPO!,OH,,19.99,0,inactive,no
9780395259382,Little House,BURTON VIRGINIA LEE,HOUGHT,,19.99,0,not in WEBLIST,no
9781423651161,Little Leonardos MakerLab Robots,KING BART,GIBBS,,22.99,0,not in WEBLIST,no
9781368077231,Little Mermaid Live Action Novelization,NOELLE FAITH,DISNEY,,0.0,0,not in WEBLIST,no
9781926444222,Little Women - Paper Mill Classics,ALCOTT LOUISA MAY,PAPMIL,,24.99,0,not in WEBLIST,no
9780593087398,Live Not By Lies - Manual For Christian Dissidents,DREHER ROD,BANTDE,,65.0,0,not in WEBLIST,no
9781783463275,Living on the Edge of Empire - The Objects and People of Hadrian's Wall,COLLINS ROB,PENSWO,,105.0,0,not in WEBLIST,no
8051739307290,Llama Click and Clack - 2 Colour Pen,LEGAMI,LEGAMI,,9.99,0,not in WEBLIST,no
9781988516097,Lone Wolf - How Emirates Team New Zealand Stunned The World,GLADWELL RICHARD,MOWER,,44.99,0,not in WEBLIST,no
9780859652773,Long Hard Road Out Of Hell,MANSON MARILYN,PLEXUS,,0.0,0,not in WEBLIST,no
9780711260696,Lore of the Wild -  Folklore and Wisdom from Nature: Volume 1,COCK-STARKEY CLAIRE,WIDEYE,,32.99,0,not in WEBLIST,no
9781853260766,Lorna Doone - Wordsworth Classics,BLACKMORE R D,WORDSW,,13.99,0,not in WEBLIST,no
9780061472817,Lost History Of Christianity - Thousand-Year Golden Age Of The Church In The Middle East Africa And Asia - And How It Died,JENKINS JOHN PHILIP,HARPON,,0.0,0,not in WEBLIST,no
9781616499099,Love First - A Familys Guide To Intervention,JAY JEFF,HAZELD,,0.0,0,not in WEBLIST,no
9781786143181,Love Frankie,WILSON JACQUELINE,AUDBOO,,17.99,0,not in WEBLIST,no
9781788881869,Madame Bovary - Arcturus Classics,FLAUBERT GUSTAVE,ARCTUR,,12.99,0,not in WEBLIST,no
9781853260780,Madame Bovary - Wordsworth Classics,FLAUBERT GUSTAVE,WORDSW,,13.99,0,not in WEBLIST,no
9781481438803,Madman Of Black Bear Mountain - 12,DIXON FRANKLIN W,ALADDI,,17.99,0,not in WEBLIST,no
9781912944897,Magic Jungle - Book + Glow-in-the-Dark Puzzle,CLIFF CYNTHIA,PRESTE,,39.99,0,not in WEBLIST,no
9780850525519,Major and Mrs.Holt's Battlefield Guide to Ypres Salient,HOLT TONIE,PEN&SW,,0.0,0,not in WEBLIST,no
9780593735718,Make Believe - Poems For Hoping Again,HUTCHINS VICTORIA,CONVER,,0.0,0,not in WEBLIST,no
9780764324741,Making Mobiles,FOX BRUCE CANA,SCHIFF,,0.0,0,not in WEBLIST,no
9781683365907,Making Rumours - The Inside Story Of The Classic Fleetwood Mac Album,CAILLAT KEN,TUPUBL,,0.0,0,not in WEBLIST,no
9781788283342,Man Who Would Be King And Other Stories,KIPLING RUDYARD,ARCTUR,,12.99,0,not in WEBLIST,no
9780994121769,Mana Wahine Reader - Volume 1,PIHAMA LEONIE (ED.),TEWA,,0.0,0,not in WEBLIST,no
9780995129009,Mana Wahine Reader - Volume 2,PIHAMA LEONIE (ED.),TEWA,,0.0,0,not in WEBLIST,no
9780473371296,Maori Weaving with Erenora Puketapu-Hetet,PUKETAPU-HETET ERENORA,MISCEL,,0.0,0,not in WEBLIST,no
9781844062676,Marilyn,,TAJBOO,,17.99,0,not in WEBLIST,no
9780316356428,Marvel Cinematic Universe Phase Two Box Set,IRVINE ALEX,MARVEL,,44.99,0,not in WEBLIST,no
9781840226898,Mary Barton - Wordsworth Classics,GASKELL ELIZABETH,WORDSW,,13.99,0,inactive,no
9780762415816,Master Stroke - 401 Proven Lessons for Mastering Every Shot,MASTRONI NICK,RUNNIN,,12.99,0,not in WEBLIST,no
9780786427352,Matt W Ransom Confederate General From North Carolina,MARLOW CLAYTON CHARLES,MCFARL,,0.0,0,not in WEBLIST,no
9781915770004,Matter Of Class Series Books 1-3,MURPHY SUSIE,SUSMU,,0.0,0,not in WEBLIST,no
9781775543152,Mauritau - A journal to find balance with the 12 states of mauri,GERBIC JESSICA,HARPNZ,,37.99,0,not in WEBLIST,no
9780228011392,May We Be Spared To Meet On Earth - Letters of the Lost Franklin Arctic Expedition,POTTER RUSSELL A,MCGILL,,0.0,0,not in WEBLIST,no
9780263245653,Maybe This Christmas - 3 ONeil Brothers,MORGAN SARAH,MILBOO,,0.0,0,not in WEBLIST,no
9781399822848,Me But Better - Science And Promise Of Personality Change,KHAZAN OLGA,JOHNMU,,60.0,0,not in WEBLIST,no
9780593086681,"Meditations With Cows -  What I've Learned from Daisy, the Dairy Cow Who Changed My Life",STOCKTON SHREVE,TARCHE,,49.99,0,not in WEBLIST,no
9780192786777,Meet The Strongest Girl In The World,LINDGREN ASTRID,OXFORD,,0.0,0,not in WEBLIST,no
9781292262956,Meet With Impact - 40 Visual Tools For Productive Meetings And Engaging Workshops,RUSSELL TOM,PEABUS,,0.0,0,not in WEBLIST,no
9781662959233,"MEN and me too - A Memoir About Power, Integrity, Love and Lust",MARSDEN LAURIE,LIONCR,,0.0,0,not in WEBLIST,no
8052461966021,Meow - Pencil Sharpener,LEGAMI,LEGAMI,,10.99,0,not in WEBLIST,no
9781839643064,Metallic Blue Artisan Pocket Journal (Flame Tree Journals),FLAME TREE STUDIO,FLATRE,,19.99,0,not in WEBLIST,no
9781665919586,Michael Vey - 10,EVANS RICHARD PAUL,LIONCR,,0.0,0,not in WEBLIST,no
9781665919531,Michael Vey - The Parasite - 8,EVANS RICHARD PAUL,LIONCR,,0.0,0,not in WEBLIST,no
9781665919562,Michael Vey - The Traitor - 9,EVANS RICHARD PAUL,LIONCR,,0.0,0,not in WEBLIST,no
9781788283359,Middlemarch,ELIOT GEORGE,ARCTUR,,14.99,0,not in WEBLIST,no
9781853260308,Midsummer Nights Dream - Wordsworth Classics,SHAKESPEARE WILLIAM,WORDSW,,13.99,0,not in WEBLIST,no
9781872970233,Mission Of Honour - The Royal Navy In The Pacific 1769 - 1997,MCLEAN JOHN,WINTER,,61.0,0,not in WEBLIST,no
9781926444307,Moby Dick - Paper Mill Classics,MELVILLE HERMAN,PAPMIL,,24.99,0,not in WEBLIST,no
9781838861919,Modern Artillery - 300 Artillery Pieces,HOGG IAN V,AMBBOO,,0.0,0,not in WEBLIST,no
9780473657215,Mokolife - Joni Brooking - Te Kanoi ote uhi - the female energies of the modern chisel,COOPER TRACEY,MISCEL,,50.0,0,not in WEBLIST,no
9351095041906,Monet A6 Journal,,ARTICO,,24.99,0,not in WEBLIST,no
9781911335993,Monkman And Seagull Quiz Book,MONKMAN ERIC,EYEWEA,,32.99,0,not in WEBLIST,no
9781908175816,Monsters from the Imagination - Best Creatures by Global Artists,DOPRESS BOOKS,CYPI,,30.0,0,not in WEBLIST,no
9781897299197,Moomin Book Two,JANSSON TOVE,DRAWN,,44.99,0,not in WEBLIST,no
9781787555815,Moomin Love - Foiled Pocket Journal,FLAME TREE STUDIO,FLATRE,,19.99,0,not in WEBLIST,no
9781529124354,Moonflower Murders - 2 Magpie Murders,HOROWITZ ANTHONY,CENTUR,,37.0,0,not in WEBLIST,no
656558754638,Morepork - Animal Replica,SCIENCE AND NATURE,SCINAT,,3.99,0,not in WEBLIST,no
9780907579335,Mosquito Victory,CURRIE JACK,GOODAL,,0.0,0,not in WEBLIST,no
9798372191532,Most Anticipated Space Images Ever - James Webb Telescopes First Cosmic Images,DONALD MARY,LIONCR,,0.0,0,not in WEBLIST,no
9781787117785,Motorcycle Racing With The Continental Circus 1920  to 1970,PEREIRA CHRIS,VELOCE,,39.99,0,not in WEBLIST,no
CD114069,Multiplication Chart,CREATIVE CLASSROOMS,CRECLE,,6.99,0,not in WEBLIST,no
9781783619870,Murder Mayhem Short Stories,SEMTNER CHRISTOPHER,FLATRE,,59.99,0,not in WEBLIST,no
9781626922358,Mushoku Tensei - 1 Jobless Reincarnation,MAGONOTE RIFUJIN NA,SEVSEA,,0.0,0,not in WEBLIST,no
9781626922440,Mushoku Tensei - 2 Jobless Reincarnation,MAGONOTE RIFUJIN NA,SEVSEA,,0.0,0,not in WEBLIST,no
9780755497997,My Busy Day - Sound Book,CASWELL KELLY,NORPAR,,13.0,0,not in WEBLIST,no
9781738583904,My Place - Cook Islands - Children Of The Pacific,MACGREGOR JILL,PURIPA,,25.0,0,not in WEBLIST,no
9781738583911,My Place - Samoa - Children Of The Pacific,MACGREGOR JILL,PURIPA,,25.0,0,not in WEBLIST,no
9780811234696,My Search For Warren Harding,PLUNKET ROBERT,NEWDIR,,35.99,0,not in WEBLIST,no
9780142401118,My Side Of The Mountain,GEORGE JEAN CRAIGHEAD,PUFFIN,,0.0,0,not in WEBLIST,no
9781534478077,Mystery On The Mayhem Express - 23,DIXON FRANKLIN  W,ALADDI,,0.0,0,not in WEBLIST,no
9781493090075,Naming Jack The Ripper - The Definitive Reveal,"EDWARDS,RUSSELL",GLOPEQ,,61.67,0,not in WEBLIST,no
9781916788909,Nancys And The Case Of The Missing Necklace - Volume 1,MCDONALD R W R,ORENDA,,0.0,0,not in WEBLIST,no
9780750960618,Narrow Boat,ROLT L T C,HISPRE,,0.0,0,not in WEBLIST,no
9781785005510,Narrow Boats - Ownership Care And Maintenance,STIMPSON MICHAEL,CROWPR,,0.0,0,not in WEBLIST,no
9798296675316,Natural Healing Handbook,BONNER JESSICA,LIONCR,,0.0,0,not in WEBLIST,no
9780857895929,New Girl,GREY S L,CORVUS,,27.99,0,not in WEBLIST,no
9780778317876,New Hope - 8 Thunder Point,CARR ROBYN,MIRA,,24.99,0,not in WEBLIST,no
9781250044860,New York Times Easy Crossword Puzzles Volume 15: 50 Monday Puzzles from the Pages of the New York Times,NEW YORK TIMES,STMART,,14.99,0,not in WEBLIST,no
9781559363709,Next to Normal,KITT TOM,MISCEL,,0.0,0,not in WEBLIST,no
9780473468798,Nga Aro-Takaro -  100 Maori Games Artefacts,BROWN HARKO,MISCEL,,0.0,0,not in WEBLIST,no
9781776712250,Nga Moteatea 4-Volume Set - NOT AVAILABLE TO RETAILERS,NGATA APIRANA / JONES PEI TE HURUNUI,AUP,,0.0,0,not in WEBLIST,no
9781529176926,Night Of Demons And Saints - 2,PRAAG MENNA VAN,TRAWOR,,26.0,0,not in WEBLIST,no
094637259429,Nightmare Before Christmas Movie CD,BURTON TIM,GARDCD,,22.99,0,not in WEBLIST,no
9781786647696,Norse Myths And Tales - Epic Tales,SCHORN BRITTANY,FLATRE,,39.99,0,not in WEBLIST,no
9781646862924,Nours Secret Library,TARNOWSKA WAFA,BARBOO,,24.99,0,not in WEBLIST,no
9781426217807,Novel Destinations,MCKENNA SCHMIDT SHANNON,NATGEO,,29.99,0,not in WEBLIST,no
9781450457309,NSCAs Essentials Of Tactical Strength And Conditioning,NSCA NATIONAL STRENGTH & CONDITIONING ASSOCIATION,HUMANK,,255.0,0,not in WEBLIST,no
9780736083300,NSCAs Essentials Of Training Special Populations,JACOBS PATRICK L.,HUMANK,,325.0,0,not in WEBLIST,no
9781742338422,Nursery Rhymes - Best Loved Rhymes For Little Ones - CD Audio,MACLEOD MARK,BOLIND,,40.0,0,not in WEBLIST,no
9781454922438,Odyssey - Retold,HOMER,STERLI,,29.99,0,not in WEBLIST,no
9781940410234,Old Ones Rising,IVEY SHANE,ARCDP,,0.0,0,not in WEBLIST,no
9781853260124,Oliver Twist - Wordsworth Classics,DICKENS CHARLES,WORDSW,,13.99,0,not in WEBLIST,no
9780275946739,On Artillery,GUDMUNDSSON BRUCE I,PRAEGE,,0.0,0,not in WEBLIST,no
9781917260107,On Earth As It Is Beneath,MAIA ANA PAULA,CHARCO,,0.0,0,not in WEBLIST,no
9781701932036,On Gunnery 2nd Edition - Field Artillery Cannon Gunnery From The Civil War To The 21st Century,GRICE MICHAEL DAVID,LIONCR,,0.0,0,not in WEBLIST,no
9780007487967,On The Front Line - Collected Journalism Of Marie Colvin,COLVIN MARIE,COLCLA,,0.0,0,not in WEBLIST,no
9780241484586,On Winter Hill,WINN RAYNOR,MICHJO,,55.0,0,not in WEBLIST,no
9780062221629,Once An Eagle,MYRER ANTON,HARPER,,39.99,0,not in WEBLIST,no
9781907860850,Only Bear For Me,MCPHILLIPS ROBERT,FROMYO,,24.99,0,not in WEBLIST,no
9780646515885,Only Two Seats Left - The Incredible Contiki Story,ANDERSON JOHN,MISCEL,,35.0,0,not in WEBLIST,no
9781847711465,Operation Julie - The Worlds Greatest LSD Bust,EBENEZER LYN,YLOLFA,,0.0,0,not in WEBLIST,no
9781869718831,Ordinary People Like Us,MOREY KELLY ANA,MOAPR,,37.99,0,not in WEBLIST,no
9784805309988,Origami Art - 15 Exquisite Folded Paper Designs,LAFOSSE MICHAEL G,TUTTLE,,49.99,0,not in WEBLIST,no
9781760688509,Outback - 1 DS Walker,WOLF PATRICIA,ECHOPU,,36.99,0,not in WEBLIST,no
9781452138060,"Paddle Against the Flow - Lessons on Life from Doers Creators, and Culture-Shakers",HUCK MAGAZINE,CHRONI,,14.99,0,not in WEBLIST,no
9780932863379,Palestine Palestinians And International Law,BOYLE FRANCIS A,******,,0.0,0,not in WEBLIST,no
9781911251521,Pani - The True Story Of Who I Am,WAETFORD SAL,REVPAR,,59.99,0,not in WEBLIST,no
9781565841635,Paradise,GURNAH ABDULRAZAK,NEWPRE,,49.99,0,not in WEBLIST,no
9780571404728,Partita,KINGSOLVER BARBARA,FABER&,,37.99,0,not in WEBLIST,no
9781786588821,Peck and Peck,GARMUS BONNIE,MANILA,,37.99,0,not in WEBLIST,no
5060213014916,Pencils - Line Marker Bookmark,,THIGIF,,8.99,0,not in WEBLIST,no
9780745341750,Peoples Green New Deal,AJL MAX,PLUTO,,0.0,0,not in WEBLIST,no
9780525644774,Perfect Horse - Daring Rescue of Horses Kidnapped During World War II,LETTS ELIZABETH,RANDOM,,19.99,0,not in WEBLIST,no
9780345544827,Perfect Horse - Daring US Mission To Rescue The Priceless Stallions Kidnapped By The Nazis,LETTS ELIZABETH,RANINC,,0.0,0,not in WEBLIST,no
9781680101690,Perfect Kitten - Pet Rescue,WEBB HOLLY,TIGTAL,,19.99,0,not in WEBLIST,no
9781442493957,Peril At Granite Peak - 5,DIXON FRANKLIN W,ALADDI,,0.0,0,not in WEBLIST,no
9781398837065,Periodic Table - Book and Fact Cards,BINGHAM JANET,ARCTU,,34.99,0,not in WEBLIST,no
9780908228010,Permaculture - A Designers Manual,MOLLISON BILL,TAGARI,,150.0,0,not in WEBLIST,no
9781446252536,PersonCentred Counselling in Action,"THORNE, BRIAN",SAGE,,96.0,0,not in WEBLIST,no
9781784284282,Peter Pan and Peter Pan in Kensington Gardens,BARRIE J M,ARCTUR,,12.99,0,not in WEBLIST,no
9781804291450,Pharmanomics - How Big Pharma Destroys Global Health,"DEARDEN, NICK",VERSO,,39.99,0,not in WEBLIST,no
9781032131931,Phenomenology Of Practice - Meaning-Giving Methods In Phenomenological Research And Writing,VAN MANEN MAX,ROUTLE,,93.99,0,not in WEBLIST,no
9781784978778,Philip And Alexander -  Kings and Conquerors,GOLDSWORTHY ADRIAN,HEADOF,,27.99,0,inactive,no
9781802271393,Pictorial Directory Of Scotlands Castles,HAY STEPHEN,LIONCR,,0.0,0,not in WEBLIST,no
9781774021699,Picture Of Dorian Grey - Paper Mill Classics,WILDE OSCAR,PAPMIL,,24.99,0,not in WEBLIST,no
9780395361726,Pinkish Purplish Bluish Egg,PEET BILL,LIONCR,,0.0,0,not in WEBLIST,no
9781786645562,Pirates And Ghosts Short Stories,GAFFORD SAM,FLATRE,,59.99,0,not in WEBLIST,no
9780385353656,Plagued by Fire - The Dreams and Furies of Frank Lloyd Wright,HENDRICKSON PAUL,KNOPF,,59.99,0,not in WEBLIST,no
9780600629962,Play Guitar in 10 Easy Lessons,BUCK JON,HAMLYN,,17.99,0,not in WEBLIST,no
9780374521608,Pleasure of the Text,BARTHES ROLAND,FARRAR,,0.0,0,not in WEBLIST,no
9781788287715,Poetry of Emily Dickinson,DICKINSON EMILY,ARCTUR,,14.99,0,not in WEBLIST,no
9780241802120,Polar Night Adventure - Grims Starlit Journey Across Svalbard,BLOMDAHL CECILIA,DKCHIL,,0.0,0,not in WEBLIST,no
9780007217106,Polgara the Sorceress,EDDINGS DAVID,HARVOY,,24.5,0,not in WEBLIST,no
9781913724306,Politics and the English Language,ORWELL GEORGE,RENPRE,,19.99,0,not in WEBLIST,no
9781913724320,Politics vs Literature,ORWELL GEORGE,RENPRE,,19.99,0,not in WEBLIST,no
9781760466794,"Politics, Pride and Perversion - The Rise and Fall of Frank Arkell",EKLUND ERIK,ANUPRE,,0.0,0,not in WEBLIST,no
9780241422113,Pollyanna,PORTER ELEANOR H.,PUFFIN,,30.0,0,not in WEBLIST,no
5022810921622,Popular Nursery Rhymes And Classic Stories,,GARDCD,,17.99,0,not in WEBLIST,no
5022810921721,Popular Nursery Rhymes And Classic Stories,,GARDCD,,17.99,0,not in WEBLIST,no
9781788283366,Portrait Of The Artist As A Young Man - Arcturus Classics,JOYCE JAMES,ARCTUR,,14.99,0,not in WEBLIST,no
9780473663254,Postie Mike - A Dogs Best Friend,PATERSON MIKE,MISCEL,,20.0,0,not in WEBLIST,no
9780241413555,Potiki - UK Edition,GRACE PATRICIA,PENCLA,,35.0,0,not in WEBLIST,no
9781910065167,Potters Book,LEACH BERNARD,UNICOR,,69.99,0,not in WEBLIST,no
9780670919963,Power,ALDERMAN NAOMI,PENGUI,,26.0,0,not in WEBLIST,no
9781922261984,Predators Paradise - A Journey Of Survival And Resilience,FISHER GLEN,LIONCR,,0.0,0,not in WEBLIST,no
9781398510623,Preloved,BRAVO LAUREN,SIMON&,,45.0,0,not in WEBLIST,no
9781913724313,Prevention of Literature,ORWELL GEORGE,RENPRE,,19.99,0,not in WEBLIST,no
9781926444239,Pride and Prejudice - Paper Mill Classics,AUSTEN JANE,PAPMIL,,24.99,0,not in WEBLIST,no
5060312813281,Pride And Prejudice - Popular Penguin Tote Bag,PENGUIN MERCHANDISE,POPPEN,,39.99,0,not in WEBLIST,no
9781837733071,Processed - How The Processed Meat Industry Is Killing Us With The Food We Love,MORRIS-MARR LUCIE,ICON,,29.99,0,not in WEBLIST,no
9783838398167,Project Relationship Management And The Stakeholder Circle,BOURNE LYNDA,LAMBER,,0.0,0,not in WEBLIST,no
9781788282406,Prophet - Arcturus Classics,GIBRAN KAHLIL,ARCTUR,,14.99,0,not in WEBLIST,no
9781593850098,Psychoanalytic Psychotherapy - A Practitioners Guide,MCWILLIAMS NANCY,GUILFO,,149.99,0,not in WEBLIST,no
9781138207882,Psychology of Gardening,GROSS HARRIET,ROUTLE,,23.99,0,not in WEBLIST,no
9781787558724,Purple Artisan Pocket Journal  - Flame Tree Journals,FLAME TREE STUDIO,FLATRE,,19.99,0,not in WEBLIST,no
9781982131562,"Puzzlesnacks - More Than 100 Clever, Bite-Size Puzzles for Every Solver",BERLIN ERIC,SIMON&,,12.99,0,not in WEBLIST,no
9781909741942,Queen Elizabeth II - Fashion And Style,DE GUITAUT CAROLINE,ROYCOL,,100.0,0,not in WEBLIST,no
9780770434120,Quilting On The Go - English Paper Piecing Projects You Can Take Anywhere,ALEXANDRAKIS JESSICA,POTTER,,34.99,0,not in WEBLIST,no
9781849535847,Quotable Shakespeare,MORRIS MAX,SUMMER,,24.99,0,not in WEBLIST,no
9780224100083,Racer - The Inside Story of Life on the Road,MILLAR DAVE,YELJER,,40.0,0,not in WEBLIST,no
609728261597,Raid The Pantry,SCHILMIL GAMES,SCHGAM,,32.99,0,not in WEBLIST,no
8051764529087,Rainbow Pen - 6 Colour,LEGAMI,LEGAMI,,7.99,0,not in WEBLIST,no
9781742758589,Rainbow Troops,HIRATA ANDREA,VINAUS,,37.99,0,not in WEBLIST,no
9780528025501,Rand McNally Easy To Fold - United States Laminated Map,RAND MCNALLY,LIONCR,,0.0,0,not in WEBLIST,no
9780528024597,Rand McNally Folded Map - Central United States Map,RAND MCNALLY,LIONCR,,0.0,0,not in WEBLIST,no
9780528024672,Rand McNally Folded Map - United States,RAND MCNALLY,LIONCR,,0.0,0,not in WEBLIST,no
9781607069454,Rat Queens Volume 1 - Sass & Sorcery,WIEBE KURTIS J,IMAGEC,,0.0,0,not in WEBLIST,no
9781632150400,Rat Queens Volume 2 - The Far Reaching Tentacles Of N'Rygoth,WIEBE KURTIS J,IMAGEC,,0.0,0,not in WEBLIST,no
9781526754547,Real George Eliott,TIPPINGS LISA,PEN&SW,,59.99,0,not in WEBLIST,no
9781840020793,Red Balloon,LAMORISSE ALBERT,OBERON,,0.0,0,not in WEBLIST,no
REDGOD,Red God - 7 Red Rising,BROWN PIERCE,HODSTO,,0.0,0,not in WEBLIST,no
9781407184326,Refugee,GRATZ ALAN,SCHOLA,,0.0,0,not in WEBLIST,no
9780192788313,Reggie Rabbit - Ghost Of Seagull Rock,REDDY SWAPNA,OXFORD,,0.0,0,not in WEBLIST,no
9780955997334,Remember Who You Are - Remember 'Where' You Are and Where You 'Come' From,ICKE DAVID,DAVICK,,85.0,0,not in WEBLIST,no
9781623156619,Renal Diet Cookbook - Low Sodium Low Potassium Healthy Kidney Cookbook,ZOGHEIB SUSAN,LIONCR,,0.0,0,not in WEBLIST,no
9789526524405,Renegale Tales - 2 Peter Blue,COLLESS LAUREL,LIONCR,,0.0,0,not in WEBLIST,no
9781914239649,Repair Shop - Life In The Bar - The Inside Stories From The Experts,BLADES JAY,KYLE,,0.0,0,not in WEBLIST,no
9781338053807,Restart,KORMAN GORDON,SCHUSA,,26.99,0,not in WEBLIST,no
9780995138513,Retro Reds To The Rescue,HURST TONY,NZRAIL,,30.0,0,not in WEBLIST,no
9781534441323,Return To Black Bear Mountain - 20,DIXON FRANKLIN  W,ALADDI,,0.0,0,not in WEBLIST,no
9780195288551,Revised Standard Version Catholic Bible,,OXFUSA,,71.0,0,not in WEBLIST,no
9789562913553,Richest Man Who Ever Lived - King Solomons Secrets To Success Wealth And Happiness - The Book Of Mishle-Proverbs,,******,,18.0,0,not in WEBLIST,no
9781529096064,Rise - Kobe Bryant And The Pursuit Of Immortality,SIELSKI MIKE,PAN,,0.0,0,not in WEBLIST,no
9780062889447,Rise - My Story,VONN LINDSEY,DEYSTR,,0.0,0,not in WEBLIST,no
9781761207945,Rise of the Earth Dragon - 1 Dragon Masters,WEST TRACEY,SCHAUS,,10.99,0,not in WEBLIST,no
9781594164071,Road To Ticonderoga - The Campaign Of 1758 In The Champlain Valley,LARAMIE MICHAEL G,WESTHO,,66.99,0,not in WEBLIST,no
9781784284305,Robin Hood,HENRY GILBERT,ARCTUR,,12.99,0,not in WEBLIST,no
9781785996214,Robinson Crusoe,DANIEL DEFOE,ARCTUR,,14.99,0,not in WEBLIST,no
9781853260452,Robinson Crusoe - Wordsworth Classics,DEFOE DANIEL,WORDSW,,13.99,0,not in WEBLIST,no
9780451450647,Robot Visions,ASIMOV ISAAC,ACEBOO,,0.0,0,not in WEBLIST,no
9780008849108,Roll The Calls - A Memoir,EMANUEL ARI,WILCOL,,39.99,0,not in WEBLIST,no
9351095041487,Rollerball Pen - Kilburn,,ARTICO,,16.99,0,not in WEBLIST,no
9780349429458,Romancing Mr Bridgerton - 4 Bridgerton,QUINN JULIA,PIATKU,,0.0,0,not in WEBLIST,no
9781840224337,Romeo And Juliet - Wordsworth Classics,SHAKESPEARE WILLIAM,WORDSW,,13.99,0,not in WEBLIST,no
9780330445047,Ronnie,WOOD RONNIE,PAN,,0.0,0,not in WEBLIST,no
9781442472693,Rooster Is Off to See the World - Ready To Read Reader,CARLE ERIC,SIMSPO,,7.99,0,not in WEBLIST,no
9780415340182,Routledge Dictionary Of Gods And Goddesses Devils And Demons,LURKER MANFRED,ROUTLE,,82.99,0,not in WEBLIST,no
9781782552413,Running Throughout Time - The Greatest Running Stories Ever Told,ROBINSON ROGER,MEYER,,0.0,0,not in WEBLIST,no
9780811801805,Sabines Notebook,BANTOCK NICK,CHRONI,,0.0,0,not in WEBLIST,no
9781872970226,Sailors And Settlers - The Migration Of Highlanders From Nova Scotia To New Zealand in the 1850s And The 1860s,MCLEAN JOHN,WINTER,,60.0,0,not in WEBLIST,no
9780190932947,Samurai - A Concise History,WERT MICHAEL,OXFUSA,,37.99,0,not in WEBLIST,no
9780063309661,Saved - War Reporters Mission To Make It Home,HALL BENJAMIN,HARPER,,75.0,0,not in WEBLIST,no
9781853260292,Scarlett Letter - Wordsworth Classics,HAWTHORNE NATHANIEL,WORDSW,,13.99,0,not in WEBLIST,no
9781493084074,Scenic Driving Atlantic Canada,ERNST CHLOE,GLOPEQ,,64.83,0,not in WEBLIST,no
9781783616503,Science Fiction Short Stories,SAWYER ANDY,FLATRE,,59.99,0,not in WEBLIST,no
9798379003517,Scotland Of Clan Douglas - Exploring The Buildings They Left Behind,DOUGLAS IAN,LIONCR,,0.0,0,not in WEBLIST,no
9781838575793,Seagull,CHEKHOV ANTON,ARCTUR,,14.99,0,not in WEBLIST,no
9781460768112,Secrets We Hide - 2 North Falls,SLAUGHTER KARIN,HARAUS,,0.0,0,not in WEBLIST,no
9791254600795,Seeds,BUTOR MICHEL,FIVCON,,99.99,0,not in WEBLIST,no
9781797221007,"Self Care Package - A Deck to Nourish Your Mind, Body & Spirit",CHRONICLE BOOKS,CHRONI,,24.99,0,not in WEBLIST,no
9780143130697,Self-Love Experiment  - Fifteen Principles For Becoming More Kind Compassionate And Accepting Of Yourself,KAISER SHANNON,TARCHE,,0.0,0,not in WEBLIST,no
9781435131804,Sense And Sensibility,AUSTEN JANE,BARNES,,39.99,0,not in WEBLIST,no
9781926444192,Sense and Sensibility - Paper Mill classics,AUSTEN JANE,PAPMIL,,24.99,0,not in WEBLIST,no
9781853260162,Sense And Sensibility - Wordsworth Classics,AUSTEN JANE,WORDSW,,13.99,0,not in WEBLIST,no
9780198858539,Sentience - The Invention of Consciousness,HUMPHREY NICHOLAS,OXFORD,,41.99,0,not in WEBLIST,no
9780646896984,Serpent Rising - A Journey of Spiritual Seduction,GARDEN MARY,MARGA,,0.0,0,not in WEBLIST,no
9780091938468,Seven Deadly Sins,TAYLOR COREY,EBURY,,0.0,0,not in WEBLIST,no
9780606089449,Shadow Kiss - Vampire Academy 3,MEAD RICHELLE,LIONCR,,0.0,0,not in WEBLIST,no
9781481400091,Shadows At Predator Reef - 7,DIXON FRANKLIN W,ALADDI,,0.0,0,not in WEBLIST,no
9789533515748,She Who Remains,KARABASH RENE,SANDOR,,0.0,0,not in WEBLIST,no
9780871403131,Shirley Jackson - A Rather Haunted Life,FRANKLIN RUTH,WWNORT,,29.99,0,not in WEBLIST,no
9781526303462,Short Histories - Mr Fawkes The King And The Gunpowder Plot,BRADMAN TOM,WAYLAN,,19.99,0,not in WEBLIST,no
9781481438773,Showdown At Widow Creek -11,DIXON FRANKLIN W,ALADDI,,0.0,0,not in WEBLIST,no
9781785031755,Shut Up Legs - My Wild Ride On and Off the Bike,VOIGT JENS,EBURY,,45.0,0,not in WEBLIST,no
9781524761837,Sibley - Week-at-a-Glance Diary,SIBLEY DAVID ALLEN,LISLIB,,35.0,0,not in WEBLIST,no
9781529049954,Silent Voices - 4 Vera Stanhope,CLEEVES ANN,PAN,,24.99,0,not in WEBLIST,no
9780472065219,Simulacra And Simulation,BAUDRILLARD JEAN,MICHIG,,0.0,0,not in WEBLIST,no
9781594206306,Sinner And The Saint - Dostoevsky And The Gentleman Murderer Who Inspired A Masterpiece,BIRMINGHAM KEVIN,PENGPR,,75.0,0,not in WEBLIST,no
9781402775123,Sit & Solve Fun & Easy Cryptograms,PAYNE TRIP,STERLI,,7.99,0,not in WEBLIST,no
9781781576540,Sketch Club Life Drawing,BERRY HESTER,ILEX,,27.99,0,not in WEBLIST,no
9780961641603,Skill With People,GIBLIN LES,MISCEL,,0.0,0,not in WEBLIST,no
9781473926592,Skills in Person-Centred Counselling and Psychotherapy,TOLAN JANET,SAGE,,100.0,0,not in WEBLIST,no
9781843401674,Skin Shows -The Tattoo Bible,WROBLEWSKI CHRIS,PORTIC,,24.99,0,not in WEBLIST,no
9781579129125,Skulls,WINCHESTER SIMON,BLACKD,,24.99,0,not in WEBLIST,no
9781465454287,Solar System - DK Findout,DK,POIBLA,,12.99,0,not in WEBLIST,no
9780712354738,Someone from the Past,BENNETT MARGOT,BRILCC,,0.0,0,not in WEBLIST,no
8051122265657,Something to Write - Typewriter Fridge Magnets,LEGAMI,LEGAMI,,16.99,0,not in WEBLIST,no
9780733624353,Souls Reckoning,BOWRING SAM,HACAUS,,24.99,0,not in WEBLIST,no
9321438001621,South West Western Australia Map,HEMA MAPS,MISCEL,,14.99,0,not in WEBLIST,no
9781999722760,Southerly,CONSIGLIO JORGE,CHARCO,,27.99,0,not in WEBLIST,no
9781526766298,Sovereign Of The Seas 1637 - A Reconstruction Of The Most Powerful Warship Of Its Day,MCKAY JOHN,SEAFOR,,0.0,0,not in WEBLIST,no
8051739307306,Space Click and Clack - 2 Colour Pen,LEGAMI,LEGAMI,,9.99,0,not in WEBLIST,no
9781786145437,Spare - Audio CD,PRINCE HARRY THE DUKE OF SUSSEX,RANDOM,,60.0,0,not in WEBLIST,no
9781739421229,Spent Light,PAWSON LARA,CBEDIT,,0.0,0,not in WEBLIST,no
9780470639962,Spin Greatest Hits,BROD DOUG,WILEY,,25.0,0,not in WEBLIST,no
9780606150675,Spirit Bound - Vampire Academy 5,MEAD RICHELLE,LIONCR,,0.0,0,not in WEBLIST,no
9781781859896,Spitfire Girl - My Life In The Sky,MOGGRIDGE JACKIE,HEADOF,,28.99,0,not in WEBLIST,no
9781617690792,Spoonflower Quick Sew Project Book,FRASER STEPHEN,STEWAR,,55.0,0,not in WEBLIST,no
9781405050524,Squash and A Squeeze - CD Audio,DONALDSON JULIA / SCHEFFLER AXEL,MACMIL,,19.0,0,not in WEBLIST,no
9780736435420,Star Wars - Little Golden Book The Phantom Menace,CARBONE COURTNEY,GOLBOO,,8.99,0,not in WEBLIST,no
9780275947507,Steel Wind - Colonel Georg Bruchmuller And The Birth Of Modern Artillery,ZABECKI DAVID T PHD,PRAEGE,,0.0,0,not in WEBLIST,no
9780500241462,Stencil Type,HELLER STEVEN,THAMES,,34.99,0,not in WEBLIST,no
9781399629461,Steps,STALLONE SYLVESTER,SEVEND,,39.99,0,not in WEBLIST,no
9783836575379,Steve McCurry - Animals,GOLDEN REUEL,TASCHE,,165.0,0,not in WEBLIST,no
9781481499668,Stolen Identity - 16,DIXON FRANKLIN  W,ALADDI,,0.0,0,not in WEBLIST,no
9780143111627,Stranger in a Strange Land,HEINLEIN ROBERT,PENCLA,,0.0,0,not in WEBLIST,no
9781260143836,Strategic Kaizen - Using Flow Synchronization And Leveling Assessment To Measure And Strengthen Operational Performance,IMAI MASAAKI,MCGHIL,,0.0,0,not in WEBLIST,no
9780822356653,Structure Of World History - From Modes Of Production To Modes Of Exchange,KARATANI KOJIN,DUKEUP,,0.0,0,not in WEBLIST,no
9780008749149,Sun Two-Speed Crossword Collection - 13,THE SUN,COLLIN,,22.99,0,not in WEBLIST,no
9780702349072,Sunrise on the Reaping,COLLINS SUZANNE,SCHOLA,,0.0,0,not in WEBLIST,no
9333290053489,Superproofs POS,,******,,0.0,0,not in WEBLIST,no
9780473623944,Surviving Marmite - A Memoir of Growing up Iranian in New Zealand,MACLEAN ANISA,MISCEL,,0.0,0,not in WEBLIST,no
9781940658971,Suspended in Dusk II,JONES STEPHEN GRAHAM,PUBLIK,,45.0,0,not in WEBLIST,no
9780142437964,Swanns Way - In Search of Lost Time - Volume 1,PROUST MARCEL,PENGCL,,0.0,0,not in WEBLIST,no
9781447883265,Swimming in the Cesspool,SMITH GREGG,PUBLIK,,120.0,0,not in WEBLIST,no
9780473641405,Table At Tangleby,HEAZLEWOOD SUE,AUCPUB,,65.0,0,not in WEBLIST,no
9780473625801,Tails Of Tangleby Gardens,HEAZLEWOOD SUE,AUCPUB,,50.0,0,not in WEBLIST,no
9781402785504,Take Five Word Puzzles,PUZZABILITY,STERLI,,7.99,0,not in WEBLIST,no
9781991162625,Taku Kuia E - Honouring Our Grandmothers,PIHAMA LEONIE,PRIPUB,,0.0,0,not in WEBLIST,no
9780316167864,Tale Of Magic - Complete Hardcover Gift Set,"COLFER, CHRIS",LITBYR,,0.0,0,not in WEBLIST,no
9780953881048,Tales from the Time Loop,ICKE DAVID,BRILOV,,75.0,0,not in WEBLIST,no
9781784284312,Tales of King Arthur,HENRY GILBERT,ARCTUR,,14.99,0,not in WEBLIST,no
9780473764388,Tangleby Everyday Recipes - Book II,HEAZLEWOOD SUE,AUCPUB,,49.95,0,not in WEBLIST,no
9781681374246,Tarka The Otter,WILLIAMSON HENRY,NYRB,,29.99,0,not in WEBLIST,no
9780241969557,Tea Planter's Wife,JEFFERIES DINAH,PENGUI,,28.0,0,not in WEBLIST,no
9781991095220,Teaching the world to read - my multi-million dollar story,PYE WENDY,MISCEL,,0.0,0,not in WEBLIST,no
9781787558649,Teal Artisan Notebook - Flame Tree Journals,FLAME TREE STUDIO,FLATRE,,24.99,0,not in WEBLIST,no
9781760466473,Team of Five Million - 2020 'Covid-19' New Zealand General Election,CURTIN JENNIFER,ANUPRE,,0.0,0,not in WEBLIST,no
9781480396791,Teen Boys Comedic Monologues That Are Actually Funny,GADDIS ALISHA,APPLAU,,36.77,0,not in WEBLIST,no
9781399622158,Tempest,AVEYARD VICTORIA,GOLLAN,,39.99,0,not in WEBLIST,no
9781788881890,Tess Of The DUrbervilles,HARDY THOMAS,ARCTUR,,14.99,0,not in WEBLIST,no
9781839643019,Textured Bronze Artisan Notebook (Flame Tree Journals),FLAME TREE STUDIO,FLATRE,,24.99,0,not in WEBLIST,no
9781780044446,Thai for your trip,,BERLIT,,14.99,0,not in WEBLIST,no
9780714865294,Thailand - The Cookbook,GABRIEL JEAN-PIERRE,PHAIDO,,59.99,0,not in WEBLIST,no
9783829767453,Thailand Vietnam Laos Cambodia - Marco Polo Maps,MARCO POLO,MAIRDU,,24.99,0,not in WEBLIST,no
9780712354639,Theft of the Iron Dogs - A Lancashire Mystery,LORAC E C R,BRILCC,,0.0,0,not in WEBLIST,no
9780805211658,Thinking Without A Banister - Essays In Understanding 1953-1975,ARENDT HANNAH,SCHOCK,,0.0,0,not in WEBLIST,no
9780751501117,Third Cadfael Omnibus,PETERS ELLIS,SPHERE,,57.0,0,not in WEBLIST,no
9780316536820,This Is Your Brain On Food,NAIDOO UMA,MISCEL,,0.0,0,not in WEBLIST,no
9780385373913,Thomas And The Runaway Pumpkins - Thomas & Friends Little Golden Book,"KLEINBERG, NAOMI",GOLBOO,,12.99,0,not in WEBLIST,no
9781292725901,Thomas Calculus - Early Transcendentals Fifteenth Edtion in SI Units - Global Edtion,HASS JOEL,PEARSO,,300.0,0,not in WEBLIST,no
9781915855336,Thrive In The Year Of The Snake - Chinese Horoscope 2025,"DEARSLEY, LINDA",LIONCR,,0.0,0,not in WEBLIST,no
9780473280147,Tiger And The Vanishing Seashell,ANG KHENG EE,PRIPUB,,17.5,0,not in WEBLIST,no
9798319274793,Time and Time Again,ANDREWS DAVID D,PRIPUB,,0.0,0,not in WEBLIST,no
9780995458963,"Time Before The Time To Come - i mua, a muri",JOHNSON JILL,OWNIT,,52.99,0,not in WEBLIST,no
9781788283373,Time Machine And Other Stories,WELLS H G,ARCTUR,,14.99,0,not in WEBLIST,no
9781786644633,Time Travel Short Stories,FLAME TREE STUDIO,FLATRE,,59.99,0,not in WEBLIST,no
9780330485449,Times Fool,MAXWELL GLYN,PICADO,,35.0,0,not in WEBLIST,no
9781635783988,Times Tables and Division,MATH HUMBLE,LIONCR,,0.0,0,not in WEBLIST,no
9781250762849,To Sleep In A Sea Of Stars -  1 Fractalverse,PAOLINI CHRISTOPHER,LIONCR,,0.0,0,not in WEBLIST,no
9781608013043,Tomorrow Brings Joy - Elysium,AMOUZEGAR MAHYAR,LIONCR,,0.0,0,not in WEBLIST,no
9781677493616,Tongan Dictionary - Tongan To English / English To Tongan,FISHER J T,LIONCR,,0.0,0,not in WEBLIST,no
9780449908006,Too Perfect - When Being In Control Gets Out Of Control,DEWYZE JEANNETTE,BALLAN,,41.0,0,not in WEBLIST,no
9781842300114,Tools For Conviviality,ILLICH IVAN,MARION,,0.0,0,not in WEBLIST,no
9780827606807,"Torah - The Five Books of Moses, the New Translation of the Holy Scriptures According to the Traditional Hebrew Text",JEWISH PUBLICATION SOCIETY,JEWPUB,,0.0,0,not in WEBLIST,no
9781787702073,Total Chaos - 1 Marseilles Trilogy,IZZO JEAN-CLAUDE,EUROPA,,33.0,0,not in WEBLIST,no
9780717174652,Tracing Your Irish Ancestors,GRENHAM JOHN,GILLBO,,0.0,0,not in WEBLIST,no
9780735201446,Trading In The Zone - Master The Market With Confidence Discipline And A Winning Attitude,DOUGLAS MARK,MISCEL,,120.0,0,not in WEBLIST,no
9781450283540,Transdermal Magnesium Therapy - New Modality For The Maintenance Of Health,SIRCUS DR MARK,LIONCR,,0.0,0,not in WEBLIST,no
9781435160644,Treasure Island,STEVENSON ROBERT LOUIS,STERLI,,19.99,0,not in WEBLIST,no
9781991151476,Tree Of Life - Story From The Pacific Nations - Children Of The Pacific,MACGREGOR JILL,PURIPA,,25.0,0,not in WEBLIST,no
9781526623331,Trespasses,KENNEDY LOUISE,BLOOMS,,32.99,0,not in WEBLIST,no
9781872970387,Tribes Treaty Money Power - A Guide To New Zealands Treaty Issues,BUTLER MIKE,WINTER,,20.0,0,not in WEBLIST,no
9781916025806,Trigger - The Lie That Changed The World,ICKE DAVID,DAVICK,,65.0,0,not in WEBLIST,no
9781481438742,Tunnel Of Secrets - 10,DIXON FRANKLIN W,ALADDI,,0.0,0,not in WEBLIST,no
9781797202037,Turtles Guide To Introversion,MAK TON,CHRONI,,24.99,0,not in WEBLIST,no
9781616893378,Tutti Frutti - 12 Pencil Set,FILI LOUISE,PRIARC,,19.99,0,not in WEBLIST,no
9781774021712,Twenty Thousand Leagues Under The Sea - Paper Mill Classics,VERNE JULES,PAPMIL,,24.99,0,not in WEBLIST,no
9780241196182,Twinkle Twinkle Little Star - Ladybird Touch and Feel Rhymes,,LADYBI,,22.99,0,not in WEBLIST,no
9781788424530,Two People,MILNE A A,FARRAG,,27.99,0,not in WEBLIST,no
9781419732744,Two Trains Leave Paris - Number Problems for Word People,FREY TAYLOR,THAMES,,24.99,0,not in WEBLIST,no
9781460761533,Ugliest Dog in the World - 30th Anniversary Edition,WHATLEY BRUCE,HARAUS,,29.99,0,not in WEBLIST,no
9784805315453,Ultimate Book Of Origami Animals - Easy To Fold Paper Animals,SHINGU FUMIAKI,TUTTLE,,24.99,0,not in WEBLIST,no
9788420459240,Una rival sin igual / A Rival Like No Other,PUTELLAS ALEXIA,PRIPUB,,40.0,0,not in WEBLIST,no
9781452172866,"Unconventional Vehicles - Forty-Five of the Strangest Cars, Trains, Planes, Submersibles, Dirigibles, and Rockets EVER",HEARST MICHAEL,CHRONI,,39.99,0,not in WEBLIST,no
9781668205877,Under Siege - My Family's Fight to Save Our Nation,TRUMP ERIC,SIMONS,,0.0,0,not in WEBLIST,no
9781925625080,United States Of America Deluxe,MAPS HEMA,HEMAMA,,21.95,0,not in WEBLIST,no
9781546059585,Unmasked - Inside Antifas Radical Plan to Destroy Democracy,NGO ANDY,CENTER,,44.99,0,not in WEBLIST,no
9781474616867,Unwell Women - A Journey Through Medicine And Myth In A Man Made World,CLEGHORN ELINOR,WEIDEN,,37.99,0,not in WEBLIST,no
9782067263055,USA Canada Mexico - 2025 A4-Spiral Road Atlas,MICHELIN,MICMAP,,75.99,0,not in WEBLIST,no
8053608955847,Vacanze Italiane - Calendar 2026,EDIZIONI DARTE,EDIZIO,,19.5,0,not in WEBLIST,no
9781648211898,"Vaccines - Mythology, Ideology, and Reality",LEAKE JOHN / MCCULLOUGH PETER,MISCEL,,0.0,0,not in WEBLIST,no
9781119611868,Valuation - Measuring And Managing The Value Of Companies University Edition,MCKINSEY & COMPANY INC.,WILEY,,161.99,0,not in WEBLIST,no
9781787013612,Vancouver - Lonely Planet Guide,LONELY PLANET,LONPLA,,34.99,0,not in WEBLIST,no
9781742687582,Vehicle Log Book,,SPANK,,14.99,0,not in WEBLIST,no
9780349423272,Vendetta Road,FEEHAN CHRISTINE,PIATKU,,24.99,0,not in WEBLIST,no
9780473757946,Versions - Tuaono,CAVE ARIANA / CHAPPLE ALISA,PNCL,,0.0,0,not in WEBLIST,no
9780140368376,Vicar of Nibbleswicke,DAHL ROALD,PENUSA,,25.0,0,not in WEBLIST,no
9781787559127,Vincent van Gogh Set of 3 Mini Notebooks,FLAME TREE STUDIO,FLATRE,,17.99,0,not in WEBLIST,no
9781472288868,Vine Street,NOLAN DOMINIC,HEADLI,,0.0,0,not in WEBLIST,no
9781789432619,"Virginia Woolf - Early Novels - The Voyage Out, Night And Day, Jacobs Room, Mrs Dalloway",WOOLF VIRGINIA,LIONCR,,0.0,0,not in WEBLIST,no
9798309034215,Voice for the Silenced - Stories from inside and outside the cells of Aotearoa/New Zealand,WALKER HARRY,LIONCR,,0.0,0,not in WEBLIST,no
9781582406190,Walking Dead - 1,KIRKMAN ROBERT,IMAGEC,,0.0,0,not in WEBLIST,no
9781855681163,Walks Around Windermere,GAMBLES ROBERT,DALES,,14.99,0,not in WEBLIST,no
9781789500868,War of the Worlds,WELLS H G,ARCTU,,14.99,0,not in WEBLIST,no
9780857895868,Ward,GREY S L,CORVUS,,27.99,0,not in WEBLIST,no
9781529936209,We Are Green And Trembling,CAMARA GABRIELA CABEZON,VINTUK,,0.0,0,not in WEBLIST,no
9781119038634,Web Design With HTML CSS JavaScript And jQuery Set,DUCKETT JON,WILEY,,142.99,0,not in WEBLIST,no
9781118907443,Web Design With HTML CSS JavaScript And jQuery Set,DUCKETT JON,WILEY,,110.99,0,not in WEBLIST,no
9781840224054,Well-Beloved With The Pursuit Of The Well-Beloved,HARDY THOMAS,WORDSW,,13.99,0,not in WEBLIST,no
9780473404277,Wellington My Home,FOX BRIAN / CUNNINGHAM MICHAEL,PRIPUB,,0.0,0,not in WEBLIST,no
4050538201611,Wellness - 2 Cds Of Gentle And Energising Music,,GARDCD,,0.0,0,not in WEBLIST,no
9780307126856,What A Bad Dream  - Little Critter,MAYER MERCER,GOLBOO,,9.99,0,not in WEBLIST,no
9780008353162,What Does Jeremy Think? - Jeremy Heywood and the Making of Modern Britain,HEYWOOD SUZANNE,WILCOL,,49.99,0,not in WEBLIST,no
9780571358311,What Happened to You?,CATCHPOLE JAMES,FABER&,,24.99,0,not in WEBLIST,no
9780753471210,What We Eat,STONES BRENDA,PUBLIK,,5.99,0,not in WEBLIST,no
9781908724649,When Punk Rocked,FRANCIS ANDY,WYMPUB,,24.99,0,not in WEBLIST,no
9781872970318,When Two Cultures Meet - The New Zealand Experiment,ROBINSON JOHN,PRIPUB,,40.0,0,not in WEBLIST,no
9780994123718,Where The Fish Grow - 2016,DONEY ISH,MAKARO,,25.0,0,not in WEBLIST,no
9780593097519,Who Is Queen Elizabeth II,STINE MEGAN,PENGWO,,15.99,0,not in WEBLIST,no
9780712354783,Who Killed Father Christmas? And Other Seasonal Mysteries,EDWARDS MARTIN,BRILCC,,0.0,0,not in WEBLIST,no
9780451532428,Who Was A A Milne,FABINY SARAH,PENGWO,,12.99,0,not in WEBLIST,no
9780448424965,Who Was Albert Einstein,BRALLIER JESS,PENGUI,,12.99,0,not in WEBLIST,no
9780448484235,Who Was Alexander The Great,WATERFIELD KATHRYN,PENGUI,,15.99,0,not in WEBLIST,no
9780448428567,Who Was Amelia Earhart,JEROME KATE BOEHM,PENGUI,,12.95,0,not in WEBLIST,no
9780448444826,Who Was Anne Frank,ABRAMSON ANN,PENGUI,,12.99,0,not in WEBLIST,no
9780448455860,Who Was Babe Ruth,HOLUB JOAN,PENGUI,,12.99,0,not in WEBLIST,no
9780448483054,Who Was Beatrix Potter,DEPAOLA TOMIE,PUBLIK,,24.99,0,not in WEBLIST,no
9780448488523,Who Was Benedict Arnold,BUCKLEY JAMES JR,PENGAU,,12.99,0,not in WEBLIST,no
9780448483085,Who Was Blackbeard,BUCKLEY JAMES JR,PENGUI,,12.99,0,not in WEBLIST,no
9780448489193,Who Was Bob Marley,ELLISON KATIE,GROSSE,,12.99,0,not in WEBLIST,no
9780399544309,Who Was Catherine The Great,POLLACK PAM,PENGWO,,12.99,0,not in WEBLIST,no
9780448463339,Who Was Christopher Columbus,BADER BONNIE,PENGUI,,12.99,0,not in WEBLIST,no
9780448449852,Who Was Claude Monet,WALDRON ANN,PENGUI,,12.99,0,not in WEBLIST,no
9781524788735,Who Was Confucius,BURGAN MICHAEL,PENGUI,,13.99,0,not in WEBLIST,no
9780448455853,Who Was Dr Seuss,PASCAL JANET B,PENGUI,,12.99,0,not in WEBLIST,no
9780448479859,Who Was Galileo,DEMUTH PATRICIA BRENNAN,PENGUI,,12.99,0,not in WEBLIST,no
9780448482354,Who Was Gandhi,RAU DANA MEACHEN,PENGAU,,12.99,0,not in WEBLIST,no
9780448482606,Who Was Genghis Khan,MEDINA NICO,PENGAU,,12.99,0,not in WEBLIST,no
9780448488547,Who Was Henry VIII,LABRECQUE ELLEN,PENGWO,,12.99,0,not in WEBLIST,no
9781524788001,Who Was History Of The World,MANZANERO PAULA K,PENGUI,,23.0,0,not in WEBLIST,no
9780448479132,Who Was Isaac Newton,PASCAL JANET B,PENGUI,,12.99,0,not in WEBLIST,no
9780448483023,Who Was J R R Tolkien,BELVISO MEG,GROSSE,,12.99,0,not in WEBLIST,no
9780448486987,Who Was Jacqueline Kennedy,BADER BONNIE,GROSSE,,15.99,0,not in WEBLIST,no
9780448482347,Who Was Jacques Cousteau,MEDINA NICO,PENGUI,,12.99,0,not in WEBLIST,no
9780448488639,Who Was Jane Austen,FABINY SARAH,PENGUI,,12.99,0,not in WEBLIST,no
9780448483078,Who Was Jesse Owens,BUCKLEY JAMES JR,GROSSE,,12.99,0,not in WEBLIST,no
9780448483047,Who Was Joan of Arc,BELVISO MEG,GROSSE,,24.99,0,not in WEBLIST,no
9780448437439,Who Was John F Kennedy,MCDONOUGH YONA ZELDIS,GROSSE,,5.0,0,not in WEBLIST,no
9780448439686,Who Was Johnny Appleseed,HOLUB JOAN,PENGUI,,12.99,0,not in WEBLIST,no
9780448488509,Who Was Jules Verne,BUCKLEY JAMES,PENGAU,,24.99,0,not in WEBLIST,no
9780448480831,Who Was Julius Caesar,MEDINA NICO,PENGUI,,12.99,0,not in WEBLIST,no
9780448443607,Who Was King Tut,EDWARDS ROBERTA,PENGUI,,11.95,0,not in WEBLIST,no
9780448488615,Who Was Leif Erikson,MEDINA NICO,PENGWO,,12.99,0,not in WEBLIST,no
9780448443010,Who Was Leonardo Da Vinci,EDWARDS ROBERTA,PENGUI,,11.95,0,not in WEBLIST,no
9780448433684,Who Was Louis Armstrong,MCDONOUGH YONA ZELDIS,PENGUI,,12.99,0,not in WEBLIST,no
9780448483030,Who Was Lucille Ball,POLLACK PAM,GROSSE,,12.99,0,not in WEBLIST,no
9780448483108,Who Was Marie Antoinette,RAU DANA MEACHEN,PENGAU,,12.99,0,not in WEBLIST,no
9780448433196,Who Was Mark Twain,PRINCE APRIL JONES,GROSSE,,12.99,0,not in WEBLIST,no
9780448488608,Who Was Napoleon,GIGLIOTTI JIM,PENGUI,,12.99,0,not in WEBLIST,no
9780448479330,Who Was Nelson Mandela,POLLACK PAM,PENGUI,,12.99,0,not in WEBLIST,no
9780448449876,Who Was Pablo Picasso,KELLEY TRUE,PENGUI,,12.99,0,not in WEBLIST,no
9780448484754,Who Was Pete Seeger,MACCARRY NOEL,GROSSE,,12.99,0,not in WEBLIST,no
9780448461465,Who Was Roald Dahl,KELLEY TRUE,PENGUI,,12.99,0,not in WEBLIST,no
9780448454429,Who Was Rosa Parks,MCDONOUGH YONA ZELDIS,PENGUI,,12.99,0,not in WEBLIST,no
9780448424859,Who Was Sacagawea,BLOOM FRADIN JUDITH,PENGUI,,12.99,0,not in WEBLIST,no
9780448479651,Who Was Sitting Bull,SPINNER STEPHANIE,PENGUI,,12.99,0,not in WEBLIST,no
9780448482361,Who Was Stan Lee,EDGERS GEOFF,PENGUI,,12.99,0,not in WEBLIST,no
9780451532480,Who Was Stephen Hawking,GIGLIOTTI JIM,PENGWO,,12.99,0,not in WEBLIST,no
9781338535563,Who Would Win - Ultimate Showdown,PALLOTTA JERRY,SCHUSA,,0.0,0,not in WEBLIST,no
9781760400781,Whos Had A Poo? And Lots Of Other Questions - Search And Find Differences,POITIER ANTON / COTTINGHAM TRACY,FIVMIL,,19.99,0,not in WEBLIST,no
9781913724290,Why I Write,ORWELL GEORGE,RENPRE,,19.99,0,not in WEBLIST,no
9781398117310,Widows of the Ice - The Women that Scott's Antarctic Expedition Left Behind,FLETCHER ANNE,AMBERL,,0.0,0,not in WEBLIST,no
9781608681785,Wild Mind - A Field Guide To The Human Psyche,PLOTKIN BILL,NEWWOR,,0.0,0,not in WEBLIST,no
WILDSEAS,Wild Seas to Greenland,HAYTER REBECCA,MISCEL,,0.0,0,not in WEBLIST,no
9781780396941,William H Pickering - Americas Deep Space Pioneer,MUDGWAY DOUGLAS J,BOKEX,,0.0,0,not in WEBLIST,no
9780099598886,Winners And How They Succeed,CAMPBELL ALASTAIR,ARROW,,30.0,0,not in WEBLIST,no
9781399762717,Winterset Hollow,DURHAM JONATHAN EDWARD,HODSTO,,37.99,0,not in WEBLIST,no
9781788887854,Wisdom Of Winston Churchill - Words Of War And Peace,LAMB SEAN,ARCTUR,,0.0,0,not in WEBLIST,no
9781800751422,Woke Racism - How A New Religion Has Betrayed Black America,MCWHORTER JOHN,PORTPE,,36.99,0,not in WEBLIST,no
WOLFIE,Wolfie - The Story Of Neil And Raewyn,TUCKER JIM,******,,0.0,0,not in WEBLIST,no
9781853260070,Women In Love,LAWRENCE D H,WORDSW,,13.99,0,not in WEBLIST,no
9781786708694,Wonders Of The World - Souvenir Photograpy In Tin,,IGLOO,,19.99,0,not in WEBLIST,no
9781035890781,Wonky Ponk Down Under - One Man's Journey Through Prostate Cancer,RIDDELL MIKE,AUSMAC,,0.0,0,not in WEBLIST,no
9780473742614,World,BARR JANE,LIONCR,,0.0,0,not in WEBLIST,no
794712535461,World Changers,CHEEKY PARROT GAMES,SCHGAM,,39.99,0,not in WEBLIST,no
9781608630776,Write - Journal,PICCADILLY,PICCAD,,24.99,0,not in WEBLIST,no
9781926444253,Wuthering Heights - Paper Mill Classics,BRONTE EMILY,PAPMIL,,24.99,0,not in WEBLIST,no
9787119090573,Xi Jinping - Governance Of China,JINPING XI,FOREIG,,52.99,0,not in WEBLIST,no
9781907486975,You Can Have an Amazing Memory - Learn Life-Changing Techniques and Tips from the Memory Maestro,OBRIEN DOMINIC,WATKIN,,35.0,0,not in WEBLIST,no
9780655215196,You Get What You Get And You Dont Get Upset,,LAKPRE,,17.99,0,not in WEBLIST,no
9780995716223,Your Silence Will Not Protect You - Essays And Poems,EDDO-LODGE RENI,SILVER,,38.1,0,not in WEBLIST,no
9781503605312,Zohar Complete Set,MATT DANIEL,STANFO,,0.0,0,not in WEBLIST,no
9780312330804,Zounds - A Browsers Dictionary Of Interjections,DUNN MARK,SAIMAR,,0.0,0,not in WEBLIST,no
3494150174280,Henri Matisse - 2026 16 Month Wall Calendar,AQUARUPPELLA,AQUARU,,31.99,-1,not in WEBLIST,no
