ISBN,Title,Author,CSTATUS,Availability_per_BookData,Original_Batch
9781495053399,10 Minute Plays For Kids,HARBISON LAWRENCE,ACT,No longer supplied by the supplier,batch_aa
9780063214194,10 Rules For Resilience - Mental Toughness for Families,DE SENA JOE,ACT,Not available (reason unspecified),batch_aa
9781800920088,10 Step Watercolour - Birds - Paint 25 Exquisitely Detailed Birds In 10 Easy Steps,LONGHURST ELEANOR,ACT,Not available (reason unspecified),batch_aa
9781849944519,100 Books That Changed The World,CHRISTIANSON SCOTT,ACT,Not available (reason unspecified),batch_aa
9781474996129,100 Children's Crosswords - Planet Earth,CLARKE PHILLIP,ACT,Not available (reason unspecified),batch_aa
9781440314995,100 Fresh And Fun Handmade Cards - 50 New Designs 50 Amazing Alternatives,MCGRAY KIMBER,ACT,Not available (reason unspecified),batch_aa
9780994146052,100 Natural History Treasures of Te Papa - 100 Amazing Objects from the Te Papa Natural History Collection,TE PAPA,ACT,"Not available, publisher indicates OP",batch_aa
9780241412800,1000 Inventions And Discoveries,"BRIDGMAN, ROGER",ACT,Not available (reason unspecified),batch_aa
9781633221437,1000 Tangles Patterns And Doodled Designs,WALTER FOSTER,ACT,"Not available, publisher indicates OP",batch_aa
9781839811098,1001 Cycling Tips,REYNOLDS HANNAH,ACT,No longer supplied by the supplier,batch_aa
9781760554187,104 Storey Treehouse,GRIFFITHS ANDY,ACT,"Not available, publisher indicates OP",batch_aa
9781787332478,12 Bytes - How We Got Here Where We Might Go Next,WINTERSON JEANETTE,ACT,Not available (reason unspecified),batch_aa
9781988538587,123 With New Zealand Rugby,LAING JUSTIN,ACT,Not available (reason unspecified),batch_aa
9780760366783,1970 Maximum Muscle - The Pinnacle of Muscle Car Power,FLETCHER MARK,ACT,Not available (reason unspecified),batch_aa
9781423623342,200 Casseroles,ASHCRAFT STEPHANIE,ACT,No longer supplied by the supplier,batch_aa
9781529136784,24th Hour -  Women's Murder Club,PATTERSON JAMES,ACT,Not available (reason unspecified),batch_aa
9781558323834,25 Things Every Nursing Mother Needs To Know,HUGGINS KATHLEEN,ACT,"Not available, publisher indicates OP",batch_aa
9781776890095,4 Yaks And A Yeti,HILLARY PETER,ACT,Not available (reason unspecified),batch_aa
9780994289926,5 Seconds,KOK STEPHEN,ACT,Not available (reason unspecified),batch_aa
9781858756097,50 Greatest James Bond Cars,HUGO SIMON,ACT,Not available (reason unspecified),batch_aa
9780995102941,50 Years Young -  A History Of The Young Farmer Of The Year,TAYLOR KATE,ACT,"Not available, publisher indicates OP",batch_aa
9781592539932,500 Tangled Artworks - A Showcase Of Inspired Illustrated Designs,KRAHULA BECKAH,ACT,"Not available, publisher indicates OP",batch_aa
9780995117013,51 Lessons From The Sky,MCKENZIE FLETCHER,ACT,No longer supplied by the supplier,batch_aa
9781743537411,65 Storey Treehouse,GRIFFITHS ANDY / DENTON TERRY,ACT,Not available (reason unspecified),batch_aa
9780141022758,9th and 13th - Penguin 70,COE JONATHAN,ACT,Not available (reason unspecified),batch_aa
9781922786272,A-Z of Animal Symbolism -  Your complete guide to over 150 animal symbols,PRAMIL AURORE,ACT,Not available (reason unspecified),batch_aa
9780241473931,Absolute Book,KNOX ELIZABETH,ACT,Not available (reason unspecified),batch_aa
9780008365004,Abyss - Cuban Missile Crisis 1962,HASTINGS MAX,ACT,Not available (reason unspecified),batch_aa
9781038919946,Act of Disappearing,GOWER NATHAN,ACT,Not available (reason unspecified),batch_aa
9781925143188,Adam Spencers Time Machine,SPENCER ADAM,ACT,No longer supplied by the supplier,batch_aa
9780241701454,Addicted to Anxiety,O'KANE OWEN,ACT,Not available (reason unspecified),batch_aa
9780399178740,ADHD 2.0 - New Science And Essential Strategies For Thriving With Distraction From Childhood Through Adulthood,HALLOWELL EDWARD M,ACT,Not available (reason unspecified),batch_aa
9781784873615,Adventures In The Anthropocene - A Journey To The Heart Of The Planet We Made - Patterns Of Life,VINCE GAIA,ACT,Not available (reason unspecified),batch_aa
9780141345246,Aesops Fables - Puffin Classics,,ACT,Not available (reason unspecified),batch_aa
9781667201368,Aesops Fables Illustrated,AESOP,ACT,Not available (reason unspecified),batch_aa
9781787302969,Africa Is Not A Country - Breaking Stereotypes of Modern Africa,FALOYIN DIPO,ACT,Not available (reason unspecified),batch_aa
9780753560136,African History Of Africa - From The Dawn Of Humanity To Independence,BADAWI ZEINAB,ACT,Not available (reason unspecified),batch_aa
9780241259696,Age Of Reason,SARTRE JEAN-PAUL,ACT,Not available (reason unspecified),batch_aa
9780241692417,Age of Revolutions - Progress and Backlash from 1600 to the Present,ZAKARIA FAREED,ACT,Not available (reason unspecified),batch_aa
9781847926425,Age of The Strongman -  How the Cult of the Leader Threatens Democracy around the World,RACHMAN GIDEON,ACT,Not available (reason unspecified),batch_aa
9780241536117,Agnes and the Hen,ROWLEY ELLE,ACT,Not available (reason unspecified),batch_aa
9781776890699,Ah Choo,WALKER ANGELA,ACT,Not available (reason unspecified),batch_aa
9780857552198,Air Miles,BURNINGHAM JOHN,ACT,Not available (reason unspecified),batch_aa
9780008323295,Albert And The Whale,HOARE PHILIP,ACT,Not available (reason unspecified),batch_aa
9780241800911,Alchemised - Sprayed Edge Edition,SENLINYU,ACT,Not available (reason unspecified),batch_aa
9781572229228,Algebra Part 2,BARCHARTS,ACT,Not available (reason unspecified),batch_aa
9780241680988,Alien Earths - Planet Hunting in the Cosmos,KALTENEGGER LISA,ACT,Not available (reason unspecified),batch_aa
9780241423479,All His Spies -  The Secret World of Robert Cecil,ALFORD STEPHEN,ACT,Not available (reason unspecified),batch_aa
9781847926678,All The Beauty In The World - A Museum Guards Adventures In Life Loss And Art,BRINGLEY PATRICK,ACT,Not available (reason unspecified),batch_ab
9780008548353,All The Light We Cannot See - Film Edition,DOERR ANTHONY,ACT,Not available (reason unspecified),batch_ab
9781439732366,Alluvium Lined Midi Flexibound,PAPERBLANKS,ACT,Not available (reason unspecified),batch_ab
9781869404413,Aloe and Other Poems,BRIDGE DIANA,ACT,"Not available, publisher indicates OP",batch_ab
9781786582041,Always Remember Your Name - The Children who Survived Auschwitz,BUCCI ANDRA / BUCCI TATIANA,ACT,"Not available, publisher indicates OP",batch_ab
9780143135739,Amazing Spider-Man,LEE STAN,ACT,Not available (reason unspecified),batch_ab
9781922585622,America Second - How America's elites are making China stronger,FISH ISAAC STONE,ACT,Not available (reason unspecified),batch_ab
9781526663474,American Mother,MCCANN COLUM,ACT,"Not available, publisher indicates OP",batch_ab
9783829759007,Amsterdam - Marco Polo Maps,MARCO POLO,ACT,"Not available, publisher indicates OP",batch_ab
9780241615829,Amsterdam - Top 10 Eyewitness Travel Guide,EYEWITNESS TRAVEL GUIDES,ACT,Not available (reason unspecified),batch_ab
9781849833042,Amy and Isabelle,STROUT ELIZABETH,ACT,Not available (reason unspecified),batch_ab
9780007339587,An Elephant in the Garden,MORPURGO MICHAEL,ACT,Not available (reason unspecified),batch_ab
9781869536046,Anatomy Flash Cards - Revised Edition,ALBERTINE KURT,ACT,Not available (reason unspecified),batch_ab
9781423220787,Anatomy Poster,BARCHARTS,ACT,Not available (reason unspecified),batch_ab
9780241655856,Anaximander - And the Nature of Science,ROVELLI CARLO,ACT,Not available (reason unspecified),batch_ab
9781922928009,And Then She Fell,ELLIOTT ALICE,ACT,Not available (reason unspecified),batch_ab
9781644407424,Anei Taki Whenua - Here Is My Bone Book 3,KOOL KATIE / ROBERTS NGAERE,ACT,Not available (reason unspecified),batch_ab
9781665901420,Angelina Ballerina On the Go - Boxed Set,HOLABIRD KATHARINE,ACT,Not available (reason unspecified),batch_ab
9781474999885,Animal Matching Games,USBORNE,ACT,Not available (reason unspecified),batch_ab
9781925849530,Animals In That Country,MCKAY LAURA JEAN,ACT,Not available (reason unspecified),batch_ab
9780241613207,Animals Robots Gods - Adventures in the Moral Imagination,KEANE WEBB,ACT,Not available (reason unspecified),batch_ab
9781607107286,Anne of Green Gables,MONTGOMERY LM,ACT,Not available (reason unspecified),batch_ab
9780008584573,Annie Bot,GREER SIERRA,ACT,Not available (reason unspecified),batch_ab
9780393088861,Annotated Brothers Grimm,GRIMM JACOB,ACT,Not available (reason unspecified),batch_ab
9780473622183,Annual 3,DE GOLDI KATE / PARIS SUSAN,ACT,No longer supplied by the supplier,batch_ab
9781529109887,Anthropocene Reviewed,GREEN JOHN,ACT,Not available (reason unspecified),batch_ab
9780241694909,Anxious Generation - How the Great Rewiring of Childhood Is Causing an Epidemic of Mental Illness,HAIDT JONATHAN,ACT,Not available (reason unspecified),batch_ab
9781922896100,Anzac Mascots - All Creatures Great and Small Of World War I,ALLSOPP NIGEL,ACT,Not available (reason unspecified),batch_ab
9780947503611,Aotearoa - The New Zealand Experience Pocket,,ACT,Not available (reason unspecified),batch_ab
9781988538662,Aotearoa Lost Worlds,GUNSON DAVE,ACT,Not available (reason unspecified),batch_ab
9780099477785,Ape and Essence,HUXLEY ALDOUS,ACT,Not available (reason unspecified),batch_ab
9781645768210,Archie - 1000 Page Comics Triumph,ARCHIE SUPERSTARS,ACT,Not available (reason unspecified),batch_ab
9780995143111,Architect And The Artists - Hackshaw McCahon Dibble,HACKSHAW BRIDGET,ACT,"Not available, publisher indicates OP",batch_ab
9781787635920,Argylle,CONWAY ELLY,ACT,Not available (reason unspecified),batch_ab
9780241615638,Aristotle - Understanding the World's Greatest Philosopher,SELLARS JOHN,ACT,Not available (reason unspecified),batch_ab
9781776890354,Armadillo Antics,MARTIN BILL /  SAMPSON M,ACT,Not available (reason unspecified),batch_ab
9781529195910,Armchair General - Can You Defeat the Nazis?,BUCKLEY JOHN,ACT,Not available (reason unspecified),batch_ab
9781578269228,Army Fitness Bible - The Complete Military Training Guide,TURNER MICHELLE,ACT,Not available (reason unspecified),batch_ab
9781780191386,Art And Architecture Of The Incas,JONES DAVID M,ACT,Not available (reason unspecified),batch_ab
9781844487325,Art Deco Design Library,,ACT,Not available (reason unspecified),batch_ab
9780300215793,Art For Every Home - Associated American Artists 1934-2000,SEATON ELIZABETH G,ACT,Not available (reason unspecified),batch_ab
9781593074418,Art Of Bone,SMITH JEFF,ACT,Not available (reason unspecified),batch_ab
9780834815162,Art of Japanese Joinery,SEIKE KIYOSI,ACT,Not available (reason unspecified),batch_ab
9781633220874,Art of Painting Still Life in Acrylic - Master techniques for painting stunning still lifes in acrylic,ROBERTSON JANICE,ACT,"Not available, publisher indicates OP",batch_ab
9781626860605,Art of War,TZU SUN,ACT,Not available (reason unspecified),batch_ab
9781722500979,Art of War - Landmark Edition,TZU SUN,ACT,No longer supplied by the supplier,batch_ab
9781869665319,Assembly - New Zealand Car Production 1921 - 1998,WEBSTER MARK,ACT,"Not available, publisher indicates OP",batch_ac
9781781454039,Astrology - Capricorn,AMMONITE,ACT,Not available (reason unspecified),batch_ac
9781138055360,Astrophotography Manual - A Practical And Scientific Approach To Deep Sky Imaging,WOODHOUSE CHRIS,ACT,Not available (reason unspecified),batch_ac
9780300167504,Atlas Of Oceans - An Ecological Survey Of Underwater Life,FARNDON JOHN,ACT,Not available (reason unspecified),batch_ac
9781846149719,Atlas Of The Invisible - Maps and Graphics That Will Change How You See the World,CHESHIRE JAMES,ACT,Not available (reason unspecified),batch_ac
9780241705148,Augustus The Strong - A Study in Artistic Greatness and Political Fiasco,BLANNING TIM,ACT,Not available (reason unspecified),batch_ac
9781869404161,AUP New Poets Three,FREEGARD JANIS / LIDDY KATHERINE,ACT,"Not available, publisher indicates OP",batch_ac
9781439744024,Aurelia - Midi Lined,PAPERBLANKS,ACT,Not available (reason unspecified),batch_ac
9781439744031,Aurelia - Midi Unlined,PAPERBLANKS,ACT,Not available (reason unspecified),batch_ac
9781439744055,Aurelia - Mini Unlined,PAPERBLANKS,ACT,Not available (reason unspecified),batch_ac
9781439728451,Aurelia Ultra Dot Grid,PAPERBLANKS,ACT,Not available (reason unspecified),batch_ac
9780241627891,Autocracy Inc - Dictators Who Want To Run The World,APPLEBAUM ANNE,ACT,Not available (reason unspecified),batch_ac
9780062347473,Autoimmune Solution - Prevent and Reverse the Full Spectrum of Inflammatory Symptoms and Diseases,MYERS AMY,ACT,Not available (reason unspecified),batch_ac
9780143566991,Baby Whispering,POOLE SHARLENE,ACT,Not available (reason unspecified),batch_ac
9780241609644,Babylonia,CASATI COSTANZA,ACT,Not available (reason unspecified),batch_ac
9781922790422,Backwaters,SIDNAM EMMA LING,ACT,Awaiting reissue,batch_ac
9780241567746,Bad Angel Brothers,THEROUX PAUL,ACT,Not available (reason unspecified),batch_ac
9780008329679,Bad Blood - A Memoir 4th Estate Matchbook Classics,SAGE LORNA,ACT,Not available (reason unspecified),batch_ac
9780241675663,Barcelona - DK Top 10,DK EYEWITNESS,ACT,Not available (reason unspecified),batch_ac
9781489421517,Barefoot Investor Audio - The Only Money Guide You'll Ever Need,PAPE SCOTT,ACT,Not available (reason unspecified),batch_ac
9780008368036,Barracoon - The Story of the Last Slave,HURSTON ZORA NEALE,ACT,Not available (reason unspecified),batch_ac
9781914515347,Bath PopOut Map,POPOUT MAPS,ACT,Not available (reason unspecified),batch_ac
9780645207019,Bathurst - 60 Years of the Great Race,NORMOYLE STEVE,ACT,Not available (reason unspecified),batch_ac
9781779514226,Batman -  Detective Comics Vol  1 -  The Neighborhood,TAMAKI MARIKO,ACT,Not available (reason unspecified),batch_ac
9781787634145,Battle Of The Beams - The Secret Science Of Radar That Turned The Tide of WW2,WHIPPLE TOM,ACT,Not available (reason unspecified),batch_ac
9781401961961,Beat Cancer Kitchen - Deliciously Simple Plant-Based Anticancer Recipes,WARK CHRIS,ACT,Not available (reason unspecified),batch_ac
9780141371139,Beatrix Potter and the Unfortunate Tale of the Guinea Pig,HOPKINSON DEBORAH,ACT,Not available (reason unspecified),batch_ac
9780241448342,Bees - A LiftThe Flap Eco Book,,ACT,Not available (reason unspecified),batch_ac
9781847925527,Before The Big Bang - The Origin of Our Universe from the Multiverse,MERSINI-HOUGHTON LAURA,ACT,Not available (reason unspecified),batch_ac
9783829769525,Berlin - Marco Polo City Map,MARCO POLO,ACT,No longer supplied by the supplier,batch_ad
9780143569909,Berry And Co - Popular Penguin Crime Classics,YATES DORNFORD,ACT,Not available (reason unspecified),batch_ad
9781869408466,Beside Herself,PRICE CHRIS,ACT,"Not available, publisher indicates OP",batch_ad
9781480395480,Best American Short Plays - 2013-2014,DEMASTES WILLIAM W,ACT,No longer supplied by the supplier,batch_ad
9780007413560,Best Bedtime Stories Ever,SCARRY RICHARD,ACT,Not available (reason unspecified),batch_ad
9781495011771,Best Contemporary Monologues for Kids Ages 7-15,HARBISON LAWRENCE,ACT,No longer supplied by the supplier,batch_ad
9781988538365,Best Of Queenstown and the Southern Lakes,MCCREE BOB,ACT,Not available (reason unspecified),batch_ad
9781925866896,Best of the Air Fryer,THE AUSTRALIAN WOMEN'S WEEKLY,ACT,Not available (reason unspecified),batch_ad
9781480396654,Best Plays of 2014,HARBISON LAWRENCE,ACT,No longer supplied by the supplier,batch_ad
9781495011795,Best Scenes For Kids Ages 7-15,HARBISON LAWRENCE,ACT,No longer supplied by the supplier,batch_ad
9780241544969,Betrayal,PEARSE LESLEY,ACT,Not available (reason unspecified),batch_ad
9781988533759,Better Lives - Migration Wellbeing And New Zealand  - BWB Texts,FRY JULIE,ACT,Not available (reason unspecified),batch_ad
9780593242384,Better Living Through Birding,COOPER CHRISTIAN,ACT,Not available (reason unspecified),batch_ad
9781423651789,Betty Kuhner - The American Family Portrait,KUHNER KATE,ACT,No longer supplied by the supplier,batch_ad
9781529115253,Bewilderment,POWERS RICHARD,ACT,Not available (reason unspecified),batch_ad
9780241633502,Beyond The Wall - East Germany 1949-1990,HOYER KATJA,ACT,Not available (reason unspecified),batch_ad
9781529149425,Beyond The Wand - The Magic And Mayhem Of Growing Up A Wizard,FELTON TOM,ACT,Not available (reason unspecified),batch_ad
9780375828164,Bible Heroes - Little Golden Book,DITCHFIELD CHRISTIN,ACT,Not available (reason unspecified),batch_ad
9780143774143,Big Bike Trip,GILLIES FREDDIE,ACT,Not available (reason unspecified),batch_ad
9780008608842,Big Book of Su Doku 11 - 300 Su Doku puzzles (Collins Su Doku),COLLINS PUZZLES,ACT,Not available (reason unspecified),batch_ad
9780008323882,Big Book Of Su Doku Book 4 - 300 Su Doku puzzles,COLLINS PUZZLES,ACT,Not available (reason unspecified),batch_ad
9780008324179,Big Book Of Sudoku Book 5 - 300 Sudoku Puzzles,COLLINS PUZZLES,ACT,Not available (reason unspecified),batch_ad
9780008608859,Big Book of Wordsearches 11 -  300 themed wordsearches (Collins Wordsearches),COLLINS PUZZLES,ACT,Not available (reason unspecified),batch_ad
9781849419703,Biggles Learns to Fly,JOHNS W E,ACT,Not available (reason unspecified),batch_ad
9780958267328,Bill Pratney - Never Say Die - 3 New Zealand Cyling Legends,ROBINSON JIM,ACT,Not available (reason unspecified),batch_ad
9780008497774,Bings Football Fun,,ACT,Not available (reason unspecified),batch_ad
9780007265084,Bird Cloud,"PROULX, ANNIE",ACT,Not available (reason unspecified),batch_ad
9781782407485,Bird Love - The Family Life of Birds,TONG WENFEI,ACT,"Not available, publisher indicates OP",batch_ad
9781787333208,Birdgirl - A Young Environmentalist Looks To The Skies In Search Of A Better Future,CRAIG MYA-ROSE,ACT,Not available (reason unspecified),batch_ad
9780241300688,Bittersweet - How Sorrow and Longing Make Us Whole,CAIN SUSAN,ACT,Not available (reason unspecified),batch_ad
9781626862579,Black Beauty,SEWELL ANNA,ACT,Not available (reason unspecified),batch_ad
9781869539948,Black Boots - New Zealands Rugby Legends,GIFFORD PHIL,ACT,Not available (reason unspecified),batch_ad
9781408763308,Black Edition Mini Lined Hardcover Journal (Elastic Band Closure),PAPERBLANKS,ACT,Awaiting reissue,batch_ad
9780143019350,Black Prince - Biography Of Fintan Patrick Walsh,HUNT GRAEME,ACT,Not available (reason unspecified),batch_ad
9780241618257,Blessings,IBEH CHUKWUEBUKA,ACT,Not available (reason unspecified),batch_ad
9781401230296,Bloodsworn - World Of Warcraft,WAGNER DOUG,ACT,Not available (reason unspecified),batch_ad
9781911709114,Blue Machine - How the Ocean Shapes Our World,CZERSKI HELEN,ACT,Not available (reason unspecified),batch_ad
9780300259742,Blue New Deal -  Why We Need a New Politics for the Ocean,ARMSTRONG CHRIS,ACT,Not available (reason unspecified),batch_ad
9780241363782,Board Games In 100 Moves,LIVINGSTONE IAN,ACT,Not available (reason unspecified),batch_ad
9781524100483,Bobs Burgers - Pan Fried,BOBS BURGERS,ACT,"Not available, publisher indicates OP",batch_ad
9781779526977,Bodies,SPENCER SI,ACT,Not available (reason unspecified),batch_ad
9780008380960,Bodies from the Library 3 - Lost Tales of Mystery and Suspense from the Golden Age of Detection,MEDAWAR TONY,ACT,Not available (reason unspecified),batch_ad
9781925456752,Body Count - How Climate Change Is Killing Us,MANNING PADDY,ACT,Not available (reason unspecified),batch_ad
9780143009979,Bone Carving,MYHRE STEPHEN,ACT,Not available (reason unspecified),batch_ad
9780994117212,Bones In The Octagon - Hoopla Series 2,MCCURDIE CAROLYN,ACT,Not available (reason unspecified),batch_ae
9780241423394,Book About Getting Older - For People Who Dont Want To Talk About It,POLLOCK LUCY,ACT,Not available (reason unspecified),batch_ae
9780241469583,Book In The Cathedral - The Last Relic Of Thomas Becket,HAMEL CHRISTOPHER DE,ACT,Not available (reason unspecified),batch_ae
9781787637252,Book Of Doors,BROWN GARETH,ACT,Not available (reason unspecified),batch_ae
9781760856779,Book Of Gutsy Women,CLINTON HILLARY RODHAM,ACT,Not available (reason unspecified),batch_ae
9780008618445,Book of Witches,STRAHAN JONATHAN,ACT,Not available (reason unspecified),batch_ae
9781847926296,Book-Makers - A History of the Book in 18 Remarkable Lives,SMYTH ADAM,ACT,Not available (reason unspecified),batch_ae
9781787633698,Books Do Furnish A Life - An Electrifying Celebration Of Science Writing,DAWKINS RICHARD,ACT,Not available (reason unspecified),batch_ae
9781761347597,Borrowed Life Of Frederick Fife,JOHNSTON ANNA,ACT,Not available (reason unspecified),batch_ae
9780241633076,Boston - Like a Local - By the People Who Call It Home,DK EYEWITNESS,ACT,Not available (reason unspecified),batch_ae
9781786575043,Boston - Lonely Planet Map,LONELY PLANET,ACT,Not available (reason unspecified),batch_ae
9780241491713,Botanists Sticker Anthology,DK,ACT,Not available (reason unspecified),batch_ae
9781529918175,Breaking the Dark - 1 Marvel Crime,JEWELL LISA,ACT,Not available (reason unspecified),batch_ae
9781847928252,Breaking Through - My Life In Science,KARIKO KATALIN,ACT,Not available (reason unspecified),batch_ae
9781760631727,Brew A Batch - A Beginners Guide To Home Brewed Beer,SIDWA CHRISTOPHER,ACT,"Not available, publisher indicates OP",batch_ae
9780063078697,Bridgerton - The Duke And I TV Tie-In,QUINN JULIA,ACT,Not available (reason unspecified),batch_ae
9780008559427,Brief History Of The Countryside In 100 Objects,COULTHARD SALLY,ACT,Not available (reason unspecified),batch_ae
9780241602751,Bring No Clothes -  Bloomsbury and the Philosophy of Fashion,PORTER CHARLIE,ACT,Not available (reason unspecified),batch_ae
9781847927071,Broken Archangel - The Tempestuous Lives of Roger Casement,PHILIPPS ROLAND,ACT,Not available (reason unspecified),batch_ae
9781847927088,Broken Archangel - The Tempestuous Lives of Roger Casement,PHILIPPS ROLAND,ACT,Not available (reason unspecified),batch_ae
9780241638507,Brothers Hawthorne - 4 Inheritance Games,BARNES JENNIFER LYNN,ACT,Not available (reason unspecified),batch_ae
9780008478063,Brown Girls,PALASI ANDREADES DAPHNE,ACT,Not available (reason unspecified),batch_ae
9781910218310,Bruges PopOut Map,POPOUT MAPS,ACT,Not available (reason unspecified),batch_ae
9780241670828,Brussels Bruges Antwerp and Ghent - DK Top 10 Eyewitness,EYEWITNESS TRAVEL GUIDES,ACT,Not available (reason unspecified),batch_ae
9780994129901,Buddys Brother,CARTER PETE,ACT,Not available (reason unspecified),batch_ae
9781474950534,Bug in a Rug,PUNTER RUSSELL,ACT,Not available (reason unspecified),batch_ae
9781776563050,Bug Week - Whanganui River Poems,BEAUTRAIS AIRINI,ACT,"Not available, publisher indicates OP",batch_ae
9780241542460,Build Your Own LEGO Escape Room - With 49 LEGO Bricks and a Sticker Sheet to Get Started,HUGO SIMON,ACT,Not available (reason unspecified),batch_ae
9781529916225,Buried Deep and Other Stories,NOVIK NAOMI,ACT,Not available (reason unspecified),batch_ae
9781784744519,Burning Questions - Essays and Occasional Pieces 2004-2021,ATWOOD MARGARET,ACT,Not available (reason unspecified),batch_ae
9781474956826,Busy Car - Wind Up,"WATT, FIONA",ACT,Not available (reason unspecified),batch_ae
9781474942775,Busy Helicopter To the Rescue - Wind Up,WATT FIONA,ACT,Not available (reason unspecified),batch_ae
9780008743352,Butter,YUZUKI ASAKO,ACT,Not available (reason unspecified),batch_ae
9780008459864,Butterfly Lion,MORPURGO MICHAEL,ACT,Not available (reason unspecified),batch_ae
9781909342361,Cake Lovers Recipe Notebook,,ACT,"Not available, publisher indicates OP",batch_ae
9781250279590,Call Me Old Fashioned - Cocktails and Coasters for Every Occasion,,ACT,"Not available, publisher indicates OP",batch_ae
9780994117274,Cancer And All The Other Shit,WEPA LAUREN,ACT,Not available (reason unspecified),batch_af
9780141196015,Canon Alberics Scrap Book - Mini Modern Classics,JAMES M R,ACT,Not available (reason unspecified),batch_af
9780241615324,Cape Town And The Winelands - Top 10 Eyewitness Travel Guide,EYEWITNESS TRAVEL GUIDES,ACT,Not available (reason unspecified),batch_af
9781592539505,Carnival Adult Colouring Book,WALSH SARAH,ACT,"Not available, publisher indicates OP",batch_af
9780008459826,Carnival of the Animals - Poems,MORPURGO MICHAEL,ACT,Not available (reason unspecified),batch_af
9780007357383,Cars And Trucks And Things That Go,SCARRY RICHARD,ACT,Not available (reason unspecified),batch_af
9780810926318,Cars of Cuba,GARCIA CRISTINA,ACT,"Not available, publisher indicates OP",batch_af
9780062499639,Cece Loves Science And Adventure,DERTING KIMBERLY,ACT,Not available (reason unspecified),batch_af
9781911622123,Celebration Of David Attenborough - The Activity Book,JOYCE NATHAN,ACT,Not available (reason unspecified),batch_af
9781577151814,Chakra Healing - Your Personal Guide,VERNON ROBERTA,ACT,"Not available, publisher indicates OP",batch_af
9780241647561,Chalice Of The Gods - 6 Percy Jackson,RIORDAN RICK,ACT,Not available (reason unspecified),batch_af
9780241543702,Challenger - A True Story of Heroism and Disaster on the Edge of Space,HIGGINBOTHAM ADAM,ACT,Not available (reason unspecified),batch_af
9780241543696,Challenger - A True Story of Heroism and Disaster on the Edge of Space,HIGGINBOTHAM ADAM,ACT,Not available (reason unspecified),batch_af
9781923144538,Champagne Beach - 3 Murder In The Pacific,FRANCIS MATT,ACT,Not available (reason unspecified),batch_af
9780143795452,Champagne War,MCINTOSH FIONA,ACT,Not available (reason unspecified),batch_af
9780141361536,Charlie And The Chocolate Factory,DAHL ROALD,ACT,Not available (reason unspecified),batch_af
9780008546342,Charlies Good Tonight - Authorised Biography Of Charlie Watts,SEXTON PAUL,ACT,Not available (reason unspecified),batch_af
9780241538432,Chess For Beginners,BASMAN MICHAEL,ACT,Not available (reason unspecified),batch_af
9781405952286,Chestnut Man,SVEISTRUP SOREN,ACT,Not available (reason unspecified),batch_af
9781611599138,Chicken Soup For The Soul 20th Anniversary Edition - All Your Favorite Original Stories Plus 20,CANFIELD JACK,ACT,Not available (reason unspecified),batch_af
9780711233379,Child - Portraits By 40 Great Artists,HESLEWOOD JULIET,ACT,"Not available, publisher indicates OP",batch_af
9780593357385,Child of Light - 1 Viridian Deep,BROOKS TERRY,ACT,Not available (reason unspecified),batch_af
9780241471173,Childrens Bible Stories - Share the greatest stories ever told,DK,ACT,Not available (reason unspecified),batch_af
9780879101886,Childsplay - Collection Of Scenes And Monologues For Children,MUIR KERRY,ACT,No longer supplied by the supplier,batch_af
9780241568941,Chile and Easter Island - Eyewitness guides,EYEWITNESS GUIDES,ACT,Not available (reason unspecified),batch_af
9781776561124,Chiming Blue,DUCKWORTH MARILYN,ACT,"Not available, publisher indicates OP",batch_af
9781398504103,Chip War - The Fight for the World's Most Critical Technology,MILLER CHRIS,ACT,Not available (reason unspecified),batch_af
9781869713454,Christmas Looky Book,BIXLEY DONOVAN,ACT,Awaiting reissue,batch_af
9780857506399,Christmas Stocking Murders - 2 Frank Grasby Mystery,MEYRICK DENZIL,ACT,Not available (reason unspecified),batch_af
9781761220876,Christmas Table -  All the recipes you need for the festive season,THE AUSTRALIAN WOMEN'S WEEKLY,ACT,Not available (reason unspecified),batch_af
9781419709869,Cinderella - A Fashionable Tale,GUARNACCIA STEVEN,ACT,"Not available, publisher indicates OP",batch_af
9780473276485,Cinema - Hoopla Series 1,RICKERBY HELEN,ACT,Not available (reason unspecified),batch_af
9781592539499,Circus Adult Colouring Book,WALSH SARAH,ACT,"Not available, publisher indicates OP",batch_af
9780008251093,Clans And Tartans - Traditional Scottish Tartans (Collins Little Books),SCOTTISH TARTANS AUTHORITY,ACT,Not available (reason unspecified),batch_af
9780847835669,Clarence House - The Art Of The Textile,YOSHIDA KAZUMI,ACT,Not available (reason unspecified),batch_af
9780241240489,Classic Car Book - The Definitive Visual History,DK,ACT,Not available (reason unspecified),batch_af
9781604337907,Classic Collection Of Mother Goose Nursery Rhymes,BAECK GINA,ACT,Not available (reason unspecified),batch_af
9781626869721,Classic Horror Tales,EDITORS OF CANTERBURY CLASSICS,ACT,Not available (reason unspecified),batch_af
9780473582500,Classic Jaguars In New Zealand,WAUGH RICHARD,ACT,Not available (reason unspecified),batch_af
9781604339819,Classic Nursery Rhymes Oversized Padded Board Book,BAEK GINA,ACT,Not available (reason unspecified),batch_af
9781684125548,Classic Works from Women Writers,EDITORS OF CANTERBURY CLASSICS,ACT,Not available (reason unspecified),batch_af
9781847925558,Clean - The New Science Of Skin And The Beauty Of Doing Less,HAMBLIN JAMES,ACT,Not available (reason unspecified),batch_af
9781529904246,Close to Death - 5 Hawthorne and Horowitz,HOROWITZ ANTHONY,ACT,Not available (reason unspecified),batch_ag
9781598537802,Cloudland Revisited -  A Misspent Youth in Books and Film,PERELMAN SJ.,ACT,Not available (reason unspecified),batch_ag
9781785216367,Clouds - All You Need To Know In One Concise Manual,DUNLOP STORM,ACT,Not available (reason unspecified),batch_ag
9781608866786,Coalition Of Malice - Word Girl,KARWOWSKI CHRIS,ACT,"Not available, publisher indicates OP",batch_ag
9781869539344,Coast New Zealand - A Photographic Journey,SCOTT TED,ACT,Not available (reason unspecified),batch_ag
9780473489366,Coastal,HIDE-BAYNE DEBORAH,ACT,No longer supplied by the supplier,batch_ag
9780008454296,Code Name Bananas,WALLIAMS DAVID,ACT,Not available (reason unspecified),batch_ag
9781838777821,Codename Faust,SKOERDEMAN GUSTAF,ACT,"Not available, publisher indicates OP",batch_ag
9780241408537,Colditz - Prisoners Of The Castle,MACINTYRE BEN,ACT,Not available (reason unspecified),batch_ag
9780008158491,Collins English Dictionary And Grammar,COLLINS DICTIONARIES / BUTTERFIELD JEREMY,ACT,Not available (reason unspecified),batch_ag
9780008251055,Collins English Dictionary Reference Edition,COLLINS DICTIONARIES,ACT,Not available (reason unspecified),batch_ag
9780008523954,Collins Scrabble Family Dictionary,COLLINS SCRABBLE,ACT,Not available (reason unspecified),batch_ag
9780007207718,Collins Tree Guide,JOHNSON OWEN,ACT,Not available (reason unspecified),batch_ag
9780008374327,Collins World Atlas - Illustrated Edition,COLLINS MAPS,ACT,Not available (reason unspecified),batch_ag
9781911216018,Colour Your Own Historical Maps,BRITISH  LIBRARY,ACT,Not available (reason unspecified),batch_ag
9781847927491,Coming Wave,SULEYMAN MUSTAFA,ACT,Not available (reason unspecified),batch_ag
9780241456996,Command - The Politics of Military Operations from Korea to Ukraine,FREEDMAN LAWRENCE,ACT,Not available (reason unspecified),batch_ag
9781524745806,Company Of Heroes,BROTHERTON MARCUS,ACT,Not available (reason unspecified),batch_ag
9780757318351,Complete A To Z Dictionary Of Dreams,WALLACE I,ACT,No longer supplied by the supplier,batch_ag
9780141365398,Complete Adventures of Charlie and Mr Willy Wonka,DAHL ROALD,ACT,Not available (reason unspecified),batch_ag
9781409562924,Complete Book of Farmyard Tales,AMERY HEATHER,ACT,Not available (reason unspecified),batch_ag
9781592335336,Complete Illustrated Birthing Companion,FRENCH AMANDA,ACT,"Not available, publisher indicates OP",batch_ag
9780008567989,Conflict - The Evolution of Warfare from 1945 to Ukraine,PETRAEUS DAVID,ACT,Not available (reason unspecified),batch_ag
9781776562206,Conventional Weapons,SLAUGHTER TRACEY,ACT,"Not available, publisher indicates OP",batch_ag
9780760340202,Convertibles,ADLER DENNIS,ACT,"Not available, publisher indicates OP",batch_ag
9781869665173,Coo Coo Kereru,FITZGIBBON TERRY,ACT,"Not available, publisher indicates OP",batch_ag
9780241618653,Copenhagen - Top 10 Eyewitness Travel Guide,EYEWITNESS TRAVEL GUIDES,ACT,Not available (reason unspecified),batch_ag
9780241663622,Cornwall and Devon - Top 10 Eyewitness Travel Guide,EYEWITNESS TRAVEL GUIDE,ACT,Not available (reason unspecified),batch_ag
9780571351787,Cosmopolitan - Faber Stories,SHARMA AKHIL,ACT,"Not available, publisher indicates OP",batch_ag
9781588395894,Court And Cosmos -The Great Age of the Seljuqs,CANBY SHEILA R,ACT,Not available (reason unspecified),batch_ag
9781474950558,Cow Takes a Bow,PUNTER RUSSELL,ACT,Not available (reason unspecified),batch_ag
9781784873653,Cradle To Cradle - Patterns Of Life,BRAUNGART MICHAEL,ACT,Not available (reason unspecified),batch_ag
9780241503775,Crane Wife -  A Memoir in Essays,HAUSER CHRISTINA JOYCE,ACT,Not available (reason unspecified),batch_ag
9781598537789,Crazy Like A Fox - The Classic Collection,PERELMAN SJ,ACT,Not available (reason unspecified),batch_ag
9781631067686,Create Comics - A Sketchbook,EDITORS OF CHARTWELL BOOKS,ACT,"Not available, publisher indicates OP",batch_ag
9781787334380,Creation Lake,KUSHNER RACHEL,ACT,Not available (reason unspecified),batch_ag
9781633227293,Creative Lettering And Beyond,LAVENDER LAURA,ACT,"Not available, publisher indicates OP",batch_ag
9780008262198,Creature Choir,WALLIAMS DAVID,ACT,Not available (reason unspecified),batch_ag
9780300264487,Critical Revolutionaries - Five Critics Who Changed the Way We Read,EAGLETON TERRY,ACT,Not available (reason unspecified),batch_ag
9780241615201,Croatia - Eyewitness Travel Guide,EYEWITNESS TRAVEL GUIDE,ACT,Not available (reason unspecified),batch_ah
9780500252024,Crossing Of Antartica,LOWE GEORGE,ACT,"Not available, publisher indicates OP",batch_ah
9780008343859,Crossword Challenge Book 3 - 200 quick crossword puzzles (Collins Crosswords),COLLINS PUZZLES,ACT,Not available (reason unspecified),batch_ah
9780008322038,Crosswords For Kids,COLLINS KIDS,ACT,Not available (reason unspecified),batch_ah
9780143020639,Crown Lynn - A New Zealand Icon,MONK VALERIE,ACT,Not available (reason unspecified),batch_ah
9781471181689,Crucifix Killer - 1 Robert Hunter,CARTER CHRIS,ACT,Not available (reason unspecified),batch_ah
9781988538648,Crusade On - Celebrating 25 Years Of The Crusaders,MCILRAITH MATT,ACT,Not available (reason unspecified),batch_ah
9780600614395,Crystal Basics,ROSEN BRENDA,ACT,"Not available, publisher indicates OP",batch_ah
9780008283858,Cuckoo,LACKBERG CAMILLA,ACT,Not available (reason unspecified),batch_ah
9780994429759,Culture Heist - Art versus Money,WHITE JUDITH,ACT,No longer supplied by the supplier,batch_ah
9783956792786,Cultures of Assembly -  Studio Miessen,BUETI FEDERICA,ACT,Not available (reason unspecified),batch_ah
9781847927323,Cunning Folk -  Life in the Era of Practical Magic,STANMORE TABITHA,ACT,Not available (reason unspecified),batch_ah
9781788683029,Curiosities And Splendour - An Anthology Of Classic Travel Literature,LONELY PLANET,ACT,Not available (reason unspecified),batch_ah
9781398527768,Curious Tides - 1,LACELLE PASCALE,ACT,Not available (reason unspecified),batch_ah
9780857529275,Curse of Pietro Houdini,MILLER DEREK B,ACT,Not available (reason unspecified),batch_ah
9780500516102,Cycle Chic,COLVILLE ANDERSEN MIKAEL,ACT,"Not available, publisher indicates OP",batch_ah
9783575017703,Czech Republic Marco Polo Map,MARCO POLO,ACT,No longer supplied by the supplier,batch_ah
9781800815025,Daily Dad - 366 Meditations On Fatherhood Love And Raising Great Kids,HOLIDAY RYAN,ACT,"Not available, publisher indicates OP",batch_ah
9780141195148,Dangerous Liaisons - Popular Penguins 3,LACLOS PIERRE CHODERLOS DE,ACT,Not available (reason unspecified),batch_ah
9781927305744,Daniels Matariki Feast - Chinese English Edition,BEYER REBECCA,ACT,Not available (reason unspecified),batch_ah
9781439735879,Daphis And Chloe Grande - Unlined Journal,PAPERBLANKS,ACT,Not available (reason unspecified),batch_ah
9780241543986,Dark Matter - The New Science of the Microbiome,KINROSS JAMES,ACT,Not available (reason unspecified),batch_ah
9780908990931,Dark Sun - Te Rapunga Quest - George Dibbern,GRUNDMANN E,ACT,Not available (reason unspecified),batch_ah
9781509823871,Date With Mystery - 3 Dales Detective Series,CHAPMAN JULIA,ACT,"Not available, publisher indicates OP",batch_ah
9780241538180,Daughter of the Deep,RIORDAN RICK,ACT,Not available (reason unspecified),batch_ah
9781803364674,Dawnshard - 3.5 Stormlight Archive,SANDERSON BRANDON,ACT,No longer supplied by the supplier,batch_ah
9780241566725,Day In The Life Of Abed Salama - A Palestine Story,THRALL NATHAN,ACT,Not available (reason unspecified),batch_ah
9781784875985,Daydreamer,MCEWAN IAN,ACT,Not available (reason unspecified),batch_ah
9780241503034,Dead Are Arising - The Life Of Malcolm X,PAYNE LES,ACT,Not available (reason unspecified),batch_ah
9781776951000,Dead Girl Gone - 1 Bookshop Detectives,WARD GARETH / WARD LOUISE,ACT,Not available (reason unspecified),batch_ah
9781401230463,Dead Mans Knock - 3 Unwritten,GROSS PETER,ACT,Not available (reason unspecified),batch_ah
9781860469459,Death and the Penguin,KURKOV ANDREY,ACT,Not available (reason unspecified),batch_ah
9780241665770,Death At The White Hart,CHIBNALL CHRIS,ACT,Not available (reason unspecified),batch_ah
9781529151558,Death In Malta - An Assassination And A Familys Quest For Justice,GALIZIA PAUL CARUANA,ACT,Not available (reason unspecified),batch_ah
9780008312800,Death Of Truth,KAKUTANI MICHIKO,ACT,Not available (reason unspecified),batch_ah
9781922765284,Death Row At Truro - The Shocking True Story Of Australias Deadliest Sex Killers,PLUNKETT GEOFF,ACT,Not available (reason unspecified),batch_ah
9780749475611,Decision Making and Problem Solving,ADAIR JOHN,ACT,Not available (reason unspecified),batch_ah
9781589236578,Deck Ideas You Can Use - Creative Deck Designs For Every Home And Yard,PETERSON CHRIS,ACT,"Not available, publisher indicates OP",batch_ah
9781760987305,Deep End,GUILLAUME JENNA,ACT,"Not available, publisher indicates OP",batch_ah
9780241320945,Desolations Of Devils Acre - 6 Miss Peregrines Peculiar Children,RIGGS RANSOM,ACT,Not available (reason unspecified),batch_ah
9780241509241,Desperate Remedies - Psychiatry and the Mysteries of Mental Illness,SCULL ANDREW,ACT,Not available (reason unspecified),batch_ah
9781847925541,Determined - Life Without Free Will,SAPOLSKY ROBERT,ACT,Not available (reason unspecified),batch_ah
9780749475659,Develop Your Presentation Skills - Creating Success Business,THEOBALD THEO,ACT,Not available (reason unspecified),batch_ah
9780241668603,Dexter Procter The 10-Year-Old Doctor - 1,KAY ADAM,ACT,Not available (reason unspecified),batch_ah
9780241695746,Diaries of Franz Kafka,KAFKA FRANZ,ACT,Not available (reason unspecified),batch_ai
9781529146516,Diary Of A CEO - 33 Laws Of Business And Life,BARTLETT STEVEN,ACT,Not available (reason unspecified),batch_ai
9781922330000,Diary Of A Young Naturalist,MCANULTY DARA,ACT,Not available (reason unspecified),batch_ai
9780241585252,Dickens and Prince -  A Particular Kind of Genius,HORNBY NICK,ACT,Not available (reason unspecified),batch_ai
9781784744946,Dictionary People - Unsung Heroes Who Created The Oxford English Dictionary,OGILVIE SARAH,ACT,Not available (reason unspecified),batch_ai
9780241464519,Diddly Squat - 1 A Year On The Farm,CLARKSON JEREMY,ACT,Not available (reason unspecified),batch_ai
9780241609538,Diddly Squat - 2 Til The Cows Come Home,CLARKSON JEREMY,ACT,Not available (reason unspecified),batch_ai
9781787331297,Difficult Women - A History Of Feminism In 11 Fights,LEWIS HELEN,ACT,Not available (reason unspecified),batch_ai
9781803704890,Dinosaur Dominoes Game,USBORNE,ACT,Not available (reason unspecified),batch_ai
9781789892741,Dinosaur Science - 100 Facts,,ACT,No longer supplied by the supplier,batch_ai
9780593174715,Dinosaurs Before Dark Graphic Novel,OSBORNE MARY POPE,ACT,Not available (reason unspecified),batch_ai
9780241340424,Diplomacy Ends at Midnight -  The Long Return of Hong Kong to China,WRIGHT DALENA,ACT,Not available (reason unspecified),batch_ai
9781761040719,Dirt Music - Film Tie In,WINTON TIM,ACT,Not available (reason unspecified),batch_ai
9780008381547,Disappearing Act - The Impossible Case of MH370,DE CHANGY FLORENCE,ACT,Not available (reason unspecified),batch_ai
9781869538514,Discover New Zealand - A Journey,SCOTT TED,ACT,Not available (reason unspecified),batch_ai
9780241583067,Disobedient,FREMANTLE ELIZABETH,ACT,Not available (reason unspecified),batch_ai
9781447285830,Dissolution - 1 Shardlake,SANSOM C J,ACT,"Not available, publisher indicates OP",batch_ai
9781405956895,Doctor Who Annual - 2024,LANG PAUL,ACT,Not available (reason unspecified),batch_ai
9781988545233,Doing Our Bit - The Campaign To Double The Refugee Quota 2018,STEPHENS M,ACT,Not available (reason unspecified),batch_ai
9781877517983,Dolphins Of Aotearoa - Living With New Zealand Dolphins,PEART RAEWYN,ACT,Not available (reason unspecified),batch_ai
9781869416805,Dont Postpone Joy,TAYLOR PETER,ACT,Not available (reason unspecified),batch_ai
9781607746935,Doodletopia - Manga,HART,ACT,Not available (reason unspecified),batch_ai
9780241621318,Doppelganger - A Trip Into The Mirror World,KLEIN NAOMI,ACT,Not available (reason unspecified),batch_ai
9781988550275,Double Take,POTTON CRAIG,ACT,Not available (reason unspecified),batch_ai
9780241558911,Double Trouble Society,FLETCHER CARRIE HOPE,ACT,Not available (reason unspecified),batch_ai
9781784876586,Down And Out In Paris And London,ORWELL GEORGE,ACT,Not available (reason unspecified),batch_ai
9780947503932,Down The Bay - A Natural and Cultural History of Abel Tasman National Park,SIMPSON PHILIP,ACT,Not available (reason unspecified),batch_ai
9780008637910,Down the Drain,FOX JULIA,ACT,Not available (reason unspecified),batch_ai
9781035403639,Down With the System,TANKIAN SERJ,ACT,"Not available, publisher indicates OP",batch_ai
9781597071710,Dr Jekyll And Mr Hyde - Classic Illustrated,LOUIS STEVENSON ROBERT,ACT,Not available (reason unspecified),batch_ai
9780241425725,Dr Seusss Horse Museum,SEUSS DR,ACT,Not available (reason unspecified),batch_ai
9781849311731,Dracula,STOKER BRAM,ACT,Not available (reason unspecified),batch_ai
9781839644788,Dracula - Flame Tree Collector's Editions,STOKER BRAM,ACT,Not available (reason unspecified),batch_ai
9781506708270,Dragon Age - Blue Wraith,DEFILIPPIS NUNZIO,ACT,Not available (reason unspecified),batch_ai
9780008517649,Dragon Rider,MATHARU TARAN,ACT,Not available (reason unspecified),batch_ai
9780241467510,Dragon World,MACFARLANE TAMARA,ACT,Not available (reason unspecified),batch_ai
9781784750909,Dragonfly In Amber - 2 Outlander,GABALDON DIANA,ACT,Not available (reason unspecified),batch_ai
9781781259368,Dramatic Exchanges - Letters Of The National Theatre,ROSENTHAL DANIEL,ACT,"Not available, publisher indicates OP",batch_ai
9780823085774,Draw 50 Animal Toons - The Step-by-Step Way To Draw Dogs Cats Birds Fish And Many Many More...,AMES LEE J,ACT,Not available (reason unspecified),batch_ai
9781592539918,Draw 500 Fabulous Flowers - A Sketchbook For Artists Designers And Doodlers,CONGDON LISA,ACT,"Not available, publisher indicates OP",batch_ai
9781631590900,Draw 500 Faces And Features,BEAN CARA,ACT,"Not available, publisher indicates OP",batch_ai
9781631593376,Draw Color And Sticker Creative Lettering Sketchbook - An Imaginative Illustration Journal,GIAMBRONE MARISSA,ACT,"Not available, publisher indicates OP",batch_ai
9781506716886,Drawing Lines - An Anthology Of Women Cartoonists,OATES JOYCE CAROL,ACT,Not available (reason unspecified),batch_ai
9781250843074,Dream On,HALE SHANNON,ACT,Cancelled,batch_ai
9780473642716,Drink Smoke Snort Stroke,DE WIT WILLY,ACT,No longer supplied by the supplier,batch_ai
9780241615843,Dublin - Top 10 Eyewitness Travel Guide,EYEWITNESS TRAVEL GUIDES,ACT,Not available (reason unspecified),batch_ai
9780241664957,Dubrovnik and the Dalmatian Coas - Top 10  -  DK Eyewitnes,DK EYEWITNESS,ACT,Not available (reason unspecified),batch_ai
9780008473105,Duffy and Son,OWENS DAMIEN,ACT,Not available (reason unspecified),batch_ai
9781761560941,Dusk,ARNOTT ROBBIE,ACT,Cancelled,batch_ai
9780994137807,Dylan Junkie:,HOLMAN  JEFFREY PAPAROA,ACT,Not available (reason unspecified),batch_ai
9781869534158,Early Maori Ornaments,PRICKETT NIGEL,ACT,Not available (reason unspecified),batch_ai
9780648947738,Easiest One Pot Cookbook Ever,MCCOSKER KIM,ACT,Not available (reason unspecified),batch_ai
9780908319138,Easy Cooking From Scratch,HOLST SIMON,ACT,Not available (reason unspecified),batch_aj
9781991006455,Eat Up New Zealand - The Bach Edition Recipes and stories,BROWN AL,ACT,Not available (reason unspecified),batch_aj
9781982117023,Eat Your Mind - The Radical Life and Work of Kathy Acker,MCBRIDE JASON,ACT,Not available (reason unspecified),batch_aj
9781787331242,Eating To Extinction - Worlds Rarest Foods And Why We Need to Save Them,SALADINO DAN,ACT,Not available (reason unspecified),batch_aj
9781506736297,Ec Archives -  Weird Fantasy Volume 3,FELDSTEIN AL,ACT,Not available (reason unspecified),batch_aj
9780892813865,Echinacea Natures Immune Enhancer,FOSTER STEVEN,ACT,Not available (reason unspecified),batch_aj
9780241350386,Ecology Book - Big Ideas Simply Explained,DK,ACT,Not available (reason unspecified),batch_aj
9781784743246,Edda Mussolini - The Most Dangerous Woman in Europe,MOOREHEAD CAROLINE,ACT,Not available (reason unspecified),batch_aj
9781785787355,Eight Improbable Possibilities - Mystery Of The Moon And Other Implausible Scientific Truths,GRIBBIN JOHN,ACT,No longer supplied by the supplier,batch_aj
9781922310484,Eighth Life (For Brilka),HARATISCHVILI NINO,ACT,Not available (reason unspecified),batch_aj
9781250805379,Elis Promise,BALSON RONALD,ACT,No longer supplied by the supplier,batch_aj
9780736073868,Elite Soccer Drills,MATKOVICH MICHAEL,ACT,Not available (reason unspecified),batch_aj
9781101939949,Elmos Mother Goose Rhymes (Sesame Street),ALLEN CONSTANCE,ACT,Not available (reason unspecified),batch_aj
9781524771126,Elves and the Shoemaker,SUBEN ERIC,ACT,Not available (reason unspecified),batch_aj
9781787636736,Embrace the Chaos - 52 Tactics to Make Every Day Count,FOX JASON,ACT,Not available (reason unspecified),batch_aj
9781440354724,Encaustic Workshop Revised - Artistic Techniques For Working With Wax,BALDWIN SEGGEBRUCH PATRICIA,ACT,Not available (reason unspecified),batch_aj
9781631593888,Enchanted Forest - Scratch And Create 20 original art postcards,WHITMAN KAILEY,ACT,"Not available, publisher indicates OP",batch_aj
9780241523421,End Of Enlightenment - Empire Commerce Crisis,WHATMORE RICHARD,ACT,Not available (reason unspecified),batch_aj
9781911709503,End Of Reality - How Four Billionaires Are Selling Out Our Future,TAPLIN JONATHAN,ACT,Not available (reason unspecified),batch_aj
9780008284374,English Dictionary Complete and Unabridged,COLLINS DICTIONARIES,ACT,Not available (reason unspecified),batch_aj
9780241501214,English Pastoral - An Inheritance,REBANKS JAMES,ACT,Not available (reason unspecified),batch_aj
9780857527004,Enter The Aardvark,ANTHONY JESSICA,ACT,Not available (reason unspecified),batch_aj
9781869411312,Envoy From Mirror City,FRAME JANET,ACT,Not available (reason unspecified),batch_aj
9781760877972,Eric,TAN SHAUN,ACT,Not available (reason unspecified),batch_aj
9780141365480,Esio Trot,DAHL ROALD,ACT,Not available (reason unspecified),batch_aj
9780008129361,Eureka - An Infographic Guide to Science,CABOT TOM,ACT,Not available (reason unspecified),batch_aj
9780008403973,Europe - Collins Map,COLLINS MAPS,ACT,Not available (reason unspecified),batch_aj
9780241612897,Europe - Eyewitness Travel Guide,EYEWITNESS TRAVEL,ACT,Not available (reason unspecified),batch_aj
9781529151244,Eve - How The Female Body Drove 200 Million Years Of Human Evolution,BOHANNON CAT,ACT,Not available (reason unspecified),batch_aj
9780241663332,Every Body Should Know This - The Science of Eating for a Lifetime of Health,AMATI FEDERICA,ACT,Not available (reason unspecified),batch_aj
9780241514559,Every Species Is A Masterpiece,WILSON EDWARD O,ACT,Not available (reason unspecified),batch_aj
9781471185137,Every Tools A Hammer - Life Is What You Make It,SAVAGE ADAM,ACT,Not available (reason unspecified),batch_aj
9781761221460,Everyday Air Fryer,AUSTRALIAN WOMEN'S WEEKLY,ACT,Not available (reason unspecified),batch_aj
9781440338434,Everyday Survival Kits,PUHALY MARK,ACT,Not available (reason unspecified),batch_aj
9781529961430,Everything Is Tuberculosis,GREEN JOHN,ACT,Not available (reason unspecified),batch_aj
9781869419912,Ewe Zealand Made,LANGMEAD COLIN,ACT,Not available (reason unspecified),batch_aj
9781787635814,Exile,WORRALL PATRICK,ACT,Not available (reason unspecified),batch_aj
9780007242603,Eye Book,SEUSS DR,ACT,Not available (reason unspecified),batch_ak
9780007302161,Faceless Ones - 3 Skulduggery Pleasant,LANDY DEREK,ACT,Not available (reason unspecified),batch_ak
9780241389379,Facemaker - One Surgeons Battle To Mend The Disfigured Soldiers Of World War I,FITZHARRIS LINDSEY,ACT,Not available (reason unspecified),batch_ak
9781409535768,Faces - Babies Very First Black And White Books,USBORNE,ACT,Not available (reason unspecified),batch_ak
9780552574839,Factotum - 3 Monster Blood Tattoo,CORNISH D M,ACT,Not available (reason unspecified),batch_ak
9780947518851,Fair Borders - Migration Policy In The Twenty First Century - BWB Texts,HALL DAVID,ACT,Not available (reason unspecified),batch_ak
9781922458773,Faith Hope And Carnage,CAVE NICK / O'HAGAN SEAN,ACT,Not available (reason unspecified),batch_ak
9780008302801,Fall Of Gondolin - 3 Great Tales of Middle Earth,TOLKIEN J R R,ACT,Not available (reason unspecified),batch_ak
9780143777816,Fanatic Heart,KENEALLY TOM,ACT,Not available (reason unspecified),batch_ak
9780062269737,Fancy Nancy - Nancy Clancy - Late Breaking News,OCONNOR JANE,ACT,Not available (reason unspecified),batch_ak
9781526654755,Fantastic Beasts - The Secrets of Dumbledore - Movie Magic,REVENSON JODY,ACT,"Not available, publisher indicates OP",batch_ak
9781847925893,Far Away From Myself - The Double Life of Bob Dylan Volume 2 -  1966-2021 -  'Far away from Myself',HEYLIN CLINTON,ACT,Not available (reason unspecified),batch_ak
9780063158337,Farewell to Gabo and Mercedes - A Sons Memoir of Gabriel Garcia Marquez and Mercedes Barcha,GARCIA RODRIGO,ACT,Not available (reason unspecified),batch_ak
9780500516355,Fashion Spectacles - Spectacular Fashion: Eyewear Styles and Shapes from Vintage to 2020,MURRAY SIMON,ACT,"Not available, publisher indicates OP",batch_ak
9780143778196,Fault In Our Stars - 10th Anniversary,GREEN JOHN,ACT,Not available (reason unspecified),batch_ak
9780008376062,Fellowship Of The Ring - 1 The Lord Of The Rings,TOLKIEN J R R,ACT,Not available (reason unspecified),batch_ak
9780008537722,Fellowship of the Ring - New TV Cover,TOLKIEN J R R,ACT,Not available (reason unspecified),batch_ak
9781785784903,Feminism - A Graphic Guide,JENAINATI CATHIA,ACT,No longer supplied by the supplier,batch_ak
9781922351852,Festive -  Recipes for Advent,STIX JULIA,ACT,"Not available, publisher indicates OP",batch_ak
9781931686792,Field Guide To Tools,KELSEY JOHN,ACT,Not available (reason unspecified),batch_ak
9781439101636,Fifties -  An Underground History,GAINES JAMES R.,ACT,Not available (reason unspecified),batch_ak
9781910787946,Fifty Four Conceits,ARMSTRONG MARTIN,ACT,Not available (reason unspecified),batch_ak
9780947503130,Fight For The Forests,BENSEMANN PAUL,ACT,Not available (reason unspecified),batch_ak
9780715325971,Figure - How to Draw and Paint the Figure with Impact,PINSKER SHARON,ACT,Not available (reason unspecified),batch_ak
9781788706988,Filterworld - How Algorithms Flattened Culture,CHAYKA KYLE,ACT,"Not available, publisher indicates OP",batch_ak
9780008582012,Finding Bear - 2 Last Bear,GOLD HANNAH,ACT,Not available (reason unspecified),batch_ak
9781837731060,Finding Endurance - Shackleton My Father And A World Without End,BRISTOW-BOVEY DARREL,ACT,No longer supplied by the supplier,batch_ak
9780995102972,Finding Frances Hodgkins,KISLER MARY,ACT,"Not available, publisher indicates OP",batch_ak
9780007269747,Fine Just the Way It Is -  Wyoming Stories 3,PROULX ANNIE,ACT,Not available (reason unspecified),batch_ak
9780008349080,Fing,WALLIAMS DAVID,ACT,Not available (reason unspecified),batch_ak
9781925866834,Fire Grill Smoke,AUSTRALIAN WOMEN'S WEEKLY,ACT,Not available (reason unspecified),batch_ak
9780062278265,Fire Never Goes Out - A Memoir In Pictures,STEVENSON NOELLE,ACT,Not available (reason unspecified),batch_ak
9781624140181,Fire Your Gym - Simplified High Intensity Workouts You Can Do At Home,PETRANEK ANDY,ACT,"Not available, publisher indicates OP",batch_ak
9781776940370,First Book of Unique NZ Bird Songs,VAN GESSEL FRED,ACT,"Not available, publisher indicates OP",batch_ak
9780143794981,First Childrens Dictionary - First Reference,DK AUSTRALIA,ACT,Not available (reason unspecified),batch_ak
9780241439579,First Emotions - I Feel Happy,DK,ACT,Not available (reason unspecified),batch_ak
9780199111008,First Italian Words,MELLING DAVID,ACT,Not available (reason unspecified),batch_ak
9780593523087,Firsts And Lasts -  16 Stories from Our World...and Beyond!,SILVERMAN LAURA,ACT,Not available (reason unspecified),batch_ak
9781776560615,Fits And Starts,JOHNSTON ANDREW,ACT,"Not available, publisher indicates OP",batch_ak
9781787335134,Flashlight,CHOI SUSAN,ACT,Not available (reason unspecified),batch_ak
9781800815537,Flaw in the Design,OATES NATHAN,ACT,"Not available, publisher indicates OP",batch_al
9780241623183,Florida - DK Eyewitness,DK EYEWITNESS,ACT,Not available (reason unspecified),batch_al
9781988538259,Fly Fishing In New Zealand - What You Need To Know,GRZELEWSKI DEREK,ACT,Not available (reason unspecified),batch_al
9781551565446,Foiled Old Leather Sketch - Grande Unlined,PAPERBLANKS BOOK CO,ACT,Not available (reason unspecified),batch_al
9780473688752,Folly Journal 001,FOLLY JOURNAL,ACT,Not available (reason unspecified),batch_al
9781776920655,Fono - Contest For The Governance Of Samoa,SWAIN PETER,ACT,"Not available, publisher indicates OP",batch_al
9781776890101,Food For Thought - NZ Grown Cookbook From The BearLion Kitchen,BILBROUGH-COLLINS ALESHA,ACT,Not available (reason unspecified),batch_al
9780008466725,Foolproof - Why We Fall for Misinformation And How To Build Immunity,VAN DER LINDEN SANDER,ACT,Not available (reason unspecified),batch_al
9780008332358,Forever Horse,GREGG STACY,ACT,Not available (reason unspecified),batch_al
9781925591385,Fortunate Life - Fremantle Press Treasures Edition,FACEY A B,ACT,Not available (reason unspecified),batch_al
9780241642122,Fortune Most Fatal - 3 Miss Austen Investigates,BULL JESSICA,ACT,Not available (reason unspecified),batch_al
9781761048012,Foul Play,MCINTOSH FIONA,ACT,Not available (reason unspecified),batch_al
9780241556870,Four Points Of The Compass,BROTTON JERRY,ACT,Not available (reason unspecified),batch_al
9780241419564,Fourfold Remedy -  Epicurus And The Art Of Happiness,SELLARS JOHN,ACT,Not available (reason unspecified),batch_al
9781785658501,Fragile Threads of Power,SCHWAB V E,ACT,No longer supplied by the supplier,batch_al
9780241672976,France - DK Eyewitness,DK EYEWITNESS,ACT,Not available (reason unspecified),batch_al
9782080248503,Frank Gehry - The Masterpieces,COHEN JEAN-LOUIS,ACT,Awaiting reissue,batch_al
9781607109457,Frankenstein,SHELLEY MARY,ACT,Not available (reason unspecified),batch_al
9781910218457,Frankfurt PopOut Map,POPOUT MAPS,ACT,Not available (reason unspecified),batch_al
9780008257965,French School Dictionary - Collins School Dictionaries,COLLINS DICTIONARIES,ACT,Not available (reason unspecified),batch_al
9781787555631,Frida Kahlo Blue Foiled Journal,FLAME TREE STUDIO,ACT,Not available (reason unspecified),batch_al
9781761423413,Frozen River,LAWHON ARIEL,ACT,Not available (reason unspecified),batch_al
9781922585264,Fulfillment- Winning And Losing In One-click America,MACGILLIS ALEC,ACT,Not available (reason unspecified),batch_al
9781776561049,Fully Clothed And So Forgetful,METTNER HANNAH,ACT,"Not available, publisher indicates OP",batch_al
9781440319228,Furniture In The Southern Style - 27 Shop Drawings Of Furniture,LANG ROBERT W / HUEY GLEN D,ACT,Not available (reason unspecified),batch_al
9780241582725,Gambling Man - The Wild Ride of Japan's Masayoshi Son,BARBER LIONEL,ACT,Not available (reason unspecified),batch_al
9780345526021,Garfield Goes to His Happy Place - His 58th Book,DAVIS JIM,ACT,Not available (reason unspecified),batch_al
9781869403560,Gas Leak,JACKSON ANNA,ACT,"Not available, publisher indicates OP",batch_al
9780593955970,Gate of the Feral Gods - 4 Dungeon Crawler Carl,DINNIMAN MATT,ACT,Not available (reason unspecified),batch_al
9780007580071,General,FORESTER C S,ACT,Not available (reason unspecified),batch_al
9781474991872,General Knowledge Crosswords,CLARKE PHILLIP,ACT,Not available (reason unspecified),batch_al
9781526301055,Generation Code - Im An HTML Web Page Builder,WAINEWRIGHT MAX,ACT,"Not available, publisher indicates OP",batch_am
9781922585431,Generation Sleepless   why tweens and teens aren't sleeping enough and how we can help them,TURGEON HEATHER,ACT,Not available (reason unspecified),batch_am
9780241638224,George VI and Elizabeth - The Marriage That Shaped the Monarchy,SMITH SALLY BEDELL,ACT,Not available (reason unspecified),batch_am
9780143774808,Get Outdoors - Brilliant Boredom Busters for Kiwi Kids,ADAMSON PAUL,ACT,Not available (reason unspecified),batch_am
9780141399379,Ghost Road - Popular Penguins 3,BARKER PAT,ACT,Not available (reason unspecified),batch_am
9780008271992,Ghostland - In Search Of A Haunted Country,PARNELL EDWARD,ACT,Not available (reason unspecified),batch_am
9780689871320,Giant Problem - 2 Beyond Spiderwick,BLACK HOLLY,ACT,Not available (reason unspecified),batch_am
9781784878627,Gilda Stories,GOMEZ JEWELLE,ACT,Not available (reason unspecified),batch_am
9780241627907,Girl Goddess Queen,FITZGERALD BEA,ACT,Not available (reason unspecified),batch_am
9781921351105,Girl Meets Boy - The Myth of Iphis,SMITH ALI,ACT,Not available (reason unspecified),batch_am
9780241678121,Girl With The Suitcase,PEARSE LESLEY,ACT,Not available (reason unspecified),batch_am
9781779523457,Girls To The Front - Batgirls Vol 3,CLOONAN BECKY,ACT,Not available (reason unspecified),batch_am
9781982153298,Giuliani - The Rise and Tragic Fall of America's Mayor,KIRTZMAN ANDREW,ACT,Not available (reason unspecified),batch_am
9780007263516,Giver - 1 Giver Quartet,LOWRY LOIS,ACT,Not available (reason unspecified),batch_am
9780008701307,Glassmaker,CHEVALIER TRACY,ACT,Not available (reason unspecified),batch_am
9780241667224,Glorious Exploits,LENNON FERDIA,ACT,Not available (reason unspecified),batch_am
9781320923668,Go Clean And Lean With Carie,BOLTON CARIE,ACT,Not available (reason unspecified),batch_am
9780141187440,God Boy,CROSS IAN,ACT,Awaiting reissue,batch_am
9780241483480,God Equation - The Quest For A Theory Of Everything,KAKU MICHIO,ACT,Not available (reason unspecified),batch_am
9780008556174,God Of Small Things - Collins Modern Classics,ROY ARUNDHATI,ACT,Not available (reason unspecified),batch_am
9780141365558,Going Solo,DAHL ROALD,ACT,Not available (reason unspecified),batch_am
9781409508687,Going To The Dentist,CIVARDI ANNA,ACT,Not available (reason unspecified),batch_am
9781529090222,Going Zero,MCCARTEN ANTHONY,ACT,Cancelled,batch_am
9781869404420,Good Business,WEDDE IAN,ACT,"Not available, publisher indicates OP",batch_am
9780241261408,Good Morning Midnight,RHYS JEAN,ACT,Not available (reason unspecified),batch_am
9781922417916,Good Mornings - 50 Delicious Recipes To Kick Start Your Day,KALOPER DEBORAH,ACT,Awaiting reissue,batch_am
9781787330566,Good Pop Bad Pop,COCKER JARVIS,ACT,Not available (reason unspecified),batch_am
9780857527264,Goodbye Birdie Greenwing,WALLER ERICKA,ACT,Not available (reason unspecified),batch_am
9780241524541,Goodnight Mister Tom - 40th Anniversary Edition,MAGORIAN MICHELLE,ACT,Not available (reason unspecified),batch_am
9781761220470,Gourmet Traveller New Zealand - Inspired Escapes And Culinary Journeys,,ACT,Not available (reason unspecified),batch_am
9780241662908,Great Britain - Eyewitness Travel Guide,EYEWITNESS TRAVEL GUIDE,ACT,Not available (reason unspecified),batch_am
9780500515310,Great Family Wine Estates of France,DOS SANTOS SOLVI,ACT,"Not available, publisher indicates OP",batch_am
9781471195129,Great Gatsby - The Graphic Novel,FITZGERALD F SCOTT,ACT,Not available (reason unspecified),batch_am
9781645173496,Great Gatsby and Other Stories,FITZGERALD F SCOTT,ACT,Not available (reason unspecified),batch_am
9780241515846,Great Novels - The World's Most Remarkable Fiction Explored and Explained,DK,ACT,Not available (reason unspecified),batch_am
9781529152623,Great Uncle Harry - Tale Of War And Empire,PALIN MICHAEL,ACT,Not available (reason unspecified),batch_am
9781927213636,Great Walks Of New Zealand,POTTON CRAIG,ACT,Not available (reason unspecified),batch_am
9780241567678,Greatest Raid - St Nazaire 1942 The Heroic Story of Operation Chariot,WHITTELL JAMES,ACT,Not available (reason unspecified),batch_am
9780241664285,Greece Athens and the Mainland - Eyewitness Travel Guide,EYEWITNESS TRAVEL GUIDE,ACT,Not available (reason unspecified),batch_an
9780500237779,Greek Gems and Finger Rings - Early Bronze Age to Late Classical,BOARDMAN JOHN,ACT,"Not available, publisher indicates OP",batch_an
9780241664797,Greek Islands - Top 10 - DK Eyewitness,DK EYEWITNESS,ACT,Not available (reason unspecified),batch_an
9780241600276,Greek Lessons,KANG HAN,ACT,Not available (reason unspecified),batch_an
9780008373115,Green Eggs and Ham - 60th Anniversary Edition,SEUSS DR,ACT,Not available (reason unspecified),batch_an
9781787330559,Greenery - Journeys In Springtime,DEE TIM,ACT,Not available (reason unspecified),batch_an
9781631065309,Grit And Grace - Uncommon Wisdom for Inspiring Leaders Designed to Make You Think,QUOTABELLE,ACT,"Not available, publisher indicates OP",batch_an
9780947518400,Ground Between - Navigating The Oil And Mining Debate In New Zealand,DARBY SEFTON,ACT,Not available (reason unspecified),batch_an
9780241458617,Grow Eco Gardening,DK,ACT,Not available (reason unspecified),batch_an
9781591865513,Grow More With Less - Sustainable Garden Methods,SIMEONE VINCENT A,ACT,"Not available, publisher indicates OP",batch_an
9780241656853,Grow Where They Fall,DONKOR MICHAEL,ACT,Not available (reason unspecified),batch_an
9780857845252,Grow Your Own Mushrooms - How To Choose Grow And Cook Them,KULLMANN FOLKO,ACT,No longer supplied by the supplier,batch_an
9781927277614,Growing Apart - Regional Prosperity in New Zealand - BWB Texts,EAQUB SHAMUBEEL,ACT,Not available (reason unspecified),batch_an
9781529942682,Growing Wings - The inside story of Red Bull Racing,HUNT BEN,ACT,Not available (reason unspecified),batch_an
9781869665517,Guide to Travelling in New Zealand with the Family,MILLER GAYE,ACT,"Not available, publisher indicates OP",batch_an
9780241371718,Guitar,SLICK EARL,ACT,Not available (reason unspecified),batch_an
9781843430858,Gulag Archipelago 1918-1956,SOLZHENITSYN ALEKSANDR,ACT,Not available (reason unspecified),batch_an
9781839647338,Gustav Klimt - The Tree of Life 500 Piece Jigsaw Puzzles,FLAME TREE STUDIO,ACT,Not available (reason unspecified),batch_an
9781439750315,Gutenberg Parabole Grande Unlined Journal,PAPERBLANKS,ACT,Not available (reason unspecified),batch_an
9780008626655,Hagstone,GLEESON SINEAD,ACT,Not available (reason unspecified),batch_an
9780857506672,Half King,LANDERS MELISSA,ACT,Not available (reason unspecified),batch_an
9781776890118,Hand of Glodd - 1 Tarquin The Honest,WARD GARETH,ACT,Not available (reason unspecified),batch_an
9781626862593,Hans Christian Andersen Tales,ANDERSEN HANS CHRISTIAN,ACT,Not available (reason unspecified),batch_an
9780947503857,Hapata - Te Kuri Kaia O Te Moana,BELTON ROBYN,ACT,Not available (reason unspecified),batch_an
9781803512457,Happiness of Dogs,ROWLANDS MARK,ACT,"Not available, publisher indicates OP",batch_an
9781440350931,Happy Hand Lettering - Simple Calligraphy TechniquesTo Bring Your Words To Life,WAGNER JEN,ACT,Not available (reason unspecified),batch_an
9781506731094,Hard Boiled (Second Edition),MILLER FRANK,ACT,Not available (reason unspecified),batch_an
9781647229047,Harry Potter - Back to Hogwarts Travel Set,INSIGHT EDITIONS,ACT,Not available (reason unspecified),batch_an
9781526618337,Harry Potter And The Deathly Hallows - 7 Ravenclaw Edition,ROWLING J K,ACT,"Not available, publisher indicates OP",batch_an
9780747591092,Harry Potter and the Deathly Hallows - Cd,ROWLING J K,ACT,"Not available, publisher indicates OP",batch_an
9781911682479,Harry Potter Watercolour Magic - 32 step-by-step enchanting projects,,ACT,Not available (reason unspecified),batch_an
9781647222574,Harry Potter: Slytherin Elastic Band Bookmark,INSIGHT EDITIONS,ACT,Not available (reason unspecified),batch_an
9780735213203,Hatching - Experiments in Motherhood and Technology,QUILTER JENNI,ACT,Not available (reason unspecified),batch_an
9780241352632,Have You Eaten Grandma,BRANDRETH GYLES,ACT,Not available (reason unspecified),batch_an
9780241651711,Haywire -  A Political History of Britain since 2000,HINDMOOR ANDREW,ACT,Not available (reason unspecified),batch_an
9781624142291,Healing Bone Broth Recipes,BROWN SHARON,ACT,"Not available, publisher indicates OP",batch_an
9781856753050,Healing Touch for Children,ATKINSON MARY,ACT,Not available (reason unspecified),batch_an
9780300171174,Health For Sale - Posters From The William H Helfand Collection,HELFAND WILLIAM H,ACT,Not available (reason unspecified),batch_an
9781988538815,Healthy Kelsi,BOOCOCK KELSI,ACT,Not available (reason unspecified),batch_an
9781398525122,Heart Bones,HOOVER COLLEEN,ACT,Not available (reason unspecified),batch_an
9780241662878,Heartbreak Geeks,IQBAL ANAM,ACT,Not available (reason unspecified),batch_an
9781784743529,Heavy Light - A Journey Through Madness Mania And Healing,CLARE HORATIO,ACT,Not available (reason unspecified),batch_an
9781506725246,Hellboy Universe - The Secret Histories,MIGNOLA MIKE,ACT,Not available (reason unspecified),batch_an
9781506725031,Hellboy Universe Essentials - Hellboy,MIGNOLA MIKE,ACT,Not available (reason unspecified),batch_an
9780063081390,Helping Hospital - A Community Helpers Book,WARD LINDSAY,ACT,Not available (reason unspecified),batch_an
9780241655597,Hercules,BATEMAN SCOTT,ACT,Not available (reason unspecified),batch_ao
9781991006233,Here For A Good Time - Organised Thoughts From A Disorganised Mind,PARKER CHRIS,ACT,Not available (reason unspecified),batch_ao
9781787302167,Heros Way - Walking with Garibaldi from Rome to Ravenna,PARKS TIM,ACT,Not available (reason unspecified),batch_ao
9781742976594,Hey Jack Crazy Colouring Fun,RIPPIN SALLY,ACT,Not available (reason unspecified),batch_ao
9780762439737,Hidden Images - Dinosaurs: The Ultimate Coloring Experience,BURROWS ROGER,ACT,Not available (reason unspecified),batch_ao
9780753560051,Hidden Potential - The Science of Achieving Greater Things,GRANT ADAM,ACT,Not available (reason unspecified),batch_ao
9781838770662,Hideout,GREBE CAMILLA,ACT,"Not available, publisher indicates OP",batch_ao
9780008601430,High Mountain Court - 1 The Five Crowns of Okrith,MULFORD A K,ACT,Not available (reason unspecified),batch_ao
9780995118447,Hinemihi - Te Hokinga - The Return,CONEY HAMISH,ACT,Not available (reason unspecified),batch_ao
9781869539863,Historic New Zealand Racing Cars,HOLMES STEVE,ACT,Not available (reason unspecified),batch_ao
9781760402600,Historium Poster Book,WILKINSON R,ACT,No longer supplied by the supplier,batch_ao
9781471189326,History Of Speed,ROACH MARTIN,ACT,Not available (reason unspecified),batch_ao
9780947503390,Hit And Run,HAGER NICKY,ACT,Not available (reason unspecified),batch_ao
9780008483852,Hitler Stalin Mum and Dad - A Family Memoir of Miraculous Survival,FINKELSTEIN DANIEL,ACT,Not available (reason unspecified),batch_ao
9780261102668,Hobbit - Graphic Novel,TOLKIEN J R R,ACT,Not available (reason unspecified),batch_ao
9781776890859,Hog Dogs And A Rifle,SWAN KIM,ACT,Not available (reason unspecified),batch_ao
9780241699287,Hold Still - A Memoir with Photographs,MANN SALLY,ACT,Not available (reason unspecified),batch_ao
9781869539719,Holden - A Kiwi Obsession,HOLMES STEVE,ACT,Not available (reason unspecified),batch_ao
9781922615503,Holden Our Own - The Holden Family's Story,HOLDEN WILLIAM JAMES,ACT,Not available (reason unspecified),batch_ao
9780241388709,Holocaust - An Unfinished History,STONE DAN,ACT,Not available (reason unspecified),batch_ao
9780500514498,Holy Places Sacred Sites,MENDEZ EDUARDO RUBIO,ACT,"Not available, publisher indicates OP",batch_ao
9781784876562,Homage To Catalonia,ORWELL GEORGE,ACT,Not available (reason unspecified),batch_ao
9781838950569,Home Stretch - Why Its Time To Come Clean About Who Does the Dishes,HOWARD SALLY,ACT,"Not available, publisher indicates OP",batch_ao
9781847926623,Homelands - A Personal History of Europe,GARTON ASH TIMOTHY,ACT,Not available (reason unspecified),batch_ao
9781786574121,Hong Kong - Lonely Planet Map,LONELY PLANET,ACT,Not available (reason unspecified),batch_ao
9780241560495,Hong Kong Diaries,PATTEN CHRIS,ACT,Not available (reason unspecified),batch_ao
9781925927597,Hook - The Idea Behind Why Ideas Catch on,LANGTON PAT,ACT,No longer supplied by the supplier,batch_ao
9780753556337,Hooked - How Processed Food Became Addictive,MOSS MICHAEL,ACT,Not available (reason unspecified),batch_ao
9780994135469,Hopes Dashed - The Economics of Gender Inequality,HYMAN PRUE,ACT,Not available (reason unspecified),batch_ao
9780007323081,Horse And His Boy - 3 The Chronicles of Narnia,LEWIS C S,ACT,Not available (reason unspecified),batch_ao
9781789892802,Horses and Ponies - 100 Facts,,ACT,No longer supplied by the supplier,batch_ao
9780007455942,Horton Hears a Who,SEUSS DR,ACT,Not available (reason unspecified),batch_ao
9781838952495,Hot Air - The Inside Story of the Battle Against Climate Change Denial,STOTT PETER,ACT,"Not available, publisher indicates OP",batch_ao
9781988538969,Hot Rods Downunder,OTOOLE LARRY,ACT,Not available (reason unspecified),batch_ao
9781405280846,House At Pooh Corner - Egmont Classics Edition,MILNE A A / SHEPARD E H,ACT,Not available (reason unspecified),batch_ao
9780008519193,House of Footsteps,WEST MATHEW,ACT,Not available (reason unspecified),batch_ao
9781922779311,How Do Fish Hear -  An A-Z of Animal Acoustics,MACKEN OONAGH,ACT,Not available (reason unspecified),batch_ao
9780300269307,How States Think - The Rationality Of Foreign Policy,MEARSHEIMER JOHN J,ACT,Not available (reason unspecified),batch_ao
9780008536459,How To Be Confident,SMITH JAMES,ACT,Not available (reason unspecified),batch_ao
9781776570300,How To Be Famous,SHALEV MICHAL,ACT,"Not available, publisher indicates OP",batch_ao
9781529928617,How To Build A Body That Lasts - Exercises for Longevity Strength And Health,RICHARDSON ADAM,ACT,Not available (reason unspecified),batch_ao
9780600627579,How To Coach A Soccer Team - Professional Advice On Building A Winning Team,CARR TONY,ACT,"Not available, publisher indicates OP",batch_ao
9781910258910,How To Design A Garden,BROOKES JOHN,ACT,No longer supplied by the supplier,batch_ao
9781922351760,How To Draw Cute Stuff From Around the World,NGUYEN ANGELA,ACT,Not available (reason unspecified),batch_ao
9781776890019,How To Go Boating And Where,RENDLE MIKE,ACT,Not available (reason unspecified),batch_ap
9781869538767,How To Go Boating And Where,RENDLE M,ACT,Not available (reason unspecified),batch_ap
9781529900033,How To Keep House While Drowning - Gentle Approach To Cleaning And Organising,DAVIS KC,ACT,Not available (reason unspecified),batch_ap
9780241670293,How To Know a Person - The Art of Seeing Others Deeply and Being Deeply Seen,BROOKS DAVID,ACT,Not available (reason unspecified),batch_ap
9781782214199,How To Paint Water In Watercolour,DOWDEN JOE,ACT,Not available (reason unspecified),batch_ap
9780760331576,How To Raise Goats,AMUNDSON CAROL,ACT,"Not available, publisher indicates OP",batch_ap
9781783789801,How to Think Like a Philosopher - Essential Principles for Clearer Thinking,BAGGINI JULIAN,ACT,"Not available, publisher indicates OP",batch_ap
9781844769131,How to Use Yoga,MEHTA MIRA,ACT,Not available (reason unspecified),batch_ap
9780749475734,How To Write Reports and Proposals - Creating Success Business,YOUNG TREVOR L,ACT,Not available (reason unspecified),batch_ap
9780947492748,Human Rights In New Zealand - A Turning Point,WILSON MARGARET / MCGREGOR JUDITH / BELL SYLVIA,ACT,Not available (reason unspecified),batch_ap
9781784745172,Humanly Possible,BAKEWELL SARAH,ACT,Not available (reason unspecified),batch_ap
9780007198566,Hunches In Bunches,SEUSS DR,ACT,Not available (reason unspecified),batch_ap
9781789294880,Hurricane - The Plane that Won the War,HYAMS JACKY,ACT,Not available (reason unspecified),batch_ap
9781988538006,I Am More Than Just My Tits - Surviving Breast Cancer,HOREN KAREN,ACT,Not available (reason unspecified),batch_ap
9781460758915,I Catch Killers - The Life And Many Deaths Of A Homicide Detective,JUBELIN GARY,ACT,Not available (reason unspecified),batch_ap
9781846048364,I Decided to Live as Me  -  How to Stop Comparing Yourself to Others So You Can Learn to Love Yourself,SUHYUN KIM,ACT,Not available (reason unspecified),batch_ap
9780007175154,I Had Trouble in Getting to Solla Sollew,SEUSS DR,ACT,Not available (reason unspecified),batch_ap
9780908321773,I Have In My Arms Both Ways - Migrant Women Talk About Their Lives,JANSEN ADRIENNE,ACT,Not available (reason unspecified),batch_ap
9781419733871,I Heart Art - The Work We Love from The Metropolitan Museum of Art,METROPOLITAN MUSEUM OF ART,ACT,"Not available, publisher indicates OP",batch_ap
9780143779506,I Love My Stupid Life - Eat Lit Food And Other Tasty Exploits,CHO ALBERT,ACT,Not available (reason unspecified),batch_ap
9781471196867,I Love Paris - 15 Dork Diaries,RUSSELL RACHEL RENEE,ACT,Not available (reason unspecified),batch_ap
9781847927705,I Love Russia - Reporting from a Lost Country,KOSTYUCHENKO ELENA,ACT,Not available (reason unspecified),batch_ap
9781800782471,I Think Youre on Mute -  A Foolproof Guide to Living Your Best Online Life (results may vary),ROSS ELLIE,ACT,"Not available, publisher indicates OP",batch_ap
9781783445448,I Want My Potty,ROSS TONY,ACT,"Not available, publisher indicates OP",batch_ap
9780008244095,I Was Born for This,OSEMAN ALICE,ACT,Not available (reason unspecified),batch_ap
9780241441565,Ice,KAVAN ANNA,ACT,Not available (reason unspecified),batch_ap
9781471182747,Icebound,PITZER ANDREA,ACT,Not available (reason unspecified),batch_ap
9781471182761,Icebound,PITZER ANDREA,ACT,Not available (reason unspecified),batch_ap
9780241514412,Idea Can Go Extinct - Penguin Green Ideas,MCKIBBEN BILL,ACT,Not available (reason unspecified),batch_ap
9781646431861,Illustrated Treasury Of Classic Childrens Stories,,ACT,Not available (reason unspecified),batch_ap
9781838741655,Imelda and the Goblin King,SMITH BRIONY MAY,ACT,No longer supplied by the supplier,batch_ap
9781847926098,Immense World - How Animal Senses Reveal the Hidden Realms Around Us,YONG ED,ACT,Not available (reason unspecified),batch_ap
9781925946963,Immortals of Australian Horse Racing - Track enthusiasts endlessly debate who are the best racehorses across different eras.,WHITICKER ALAN,ACT,Not available (reason unspecified),batch_ap
9781542032339,Impossible Return - A Novel,LAURENT CAROLINE,ACT,No longer supplied by the supplier,batch_ap
9781529037401,Imposter,WHARTON ANNA,ACT,"Not available, publisher indicates OP",batch_ap
9781761101366,Improbable Life Of Ricky Bird,CONNELL DIANE,ACT,Not available (reason unspecified),batch_ap
9781787634954,In a Place of Darkness,MACBRIDE STUART,ACT,Not available (reason unspecified),batch_ap
9781954220829,In Love with Spoons - A Spiritual Journey for Art Lovers and Food Enthusiasts,GRABEL PATTI,ACT,Not available (reason unspecified),batch_ap
9781480367470,In Performance - Contemporary Monologues For Men And Women Late Twenties To Thirties,MERCANTI J V,ACT,No longer supplied by the supplier,batch_ap
9780008422264,In The Thick Of It - Private Diaries Of A Minister,DUNCAN ALAN,ACT,Not available (reason unspecified),batch_ap
9781761049200,In This Body,JONES RUBY,ACT,Awaiting reissue,batch_ap
9780857505606,In Too Deep - 29 Jack Reacher,CHILD LEE / CHILD ANDREW,ACT,Not available (reason unspecified),batch_ap
9780857524270,Incomplete Shakespeare - Much Ado About Nothing,CRACE JOHN,ACT,Not available (reason unspecified),batch_ap
9780241374238,Index - A History Of The,DUNCAN DENNIS,ACT,Not available (reason unspecified),batch_ap
9781741794809,India - Lonely Planet Phrasebook And Dictionary,LONELY PLANET,ACT,Not available (reason unspecified),batch_ap
9781398507142,Infinite Country,ENGEL PATRICIA,ACT,Not available (reason unspecified),batch_ap
9781785042379,Influence is Your Superpower - How to Get What You Want Without Compromising Who You Are,CHANCE ZOE,ACT,Not available (reason unspecified),batch_aq
9781524871123,Inkubator Crosswords - 100 Audacious Puzzles by Women and Nonbinary Creators,BENNETT TRACY,ACT,Not available (reason unspecified),batch_aq
9780099277095,Innocent,MCEWAN IAN,ACT,Not available (reason unspecified),batch_aq
9781784877002,Inseparables,DE BEAUVOIR SIMONE,ACT,Not available (reason unspecified),batch_aq
9780241694701,Inspector Imanishi Investigates,MATSUMOTO SEICHO,ACT,Not available (reason unspecified),batch_aq
9780008374075,Inspire - Life Lessons from the Wilderness,FOGLE BEN,ACT,Not available (reason unspecified),batch_aq
9781847925725,Interest - How The British Establishment Resisted The Abolition Of Slavery,TAYLOR MICHAEL,ACT,Not available (reason unspecified),batch_aq
9780241681237,Interpretation of Cats - And Their Owners,BEATA CLAUDE,ACT,Not available (reason unspecified),batch_aq
9781405951326,Interpreters Daughter - A remarkable true story of feminist defiance in 19th Century Singapore,LIM TERESA,ACT,Not available (reason unspecified),batch_aq
9780241434321,Intimate History of Evolution -  The Story of the Huxley Family,BASHFORD ALISON,ACT,Not available (reason unspecified),batch_aq
9780241505656,Into the Clear Blue Sky -  The Path to Restoring Our Atmosphere,JACKSON ROB,ACT,Not available (reason unspecified),batch_aq
9780995110717,Invading Sea - Coastal Hazards And Climate Change In 21st Century New Zealand,PEAT NEVILLE,ACT,Not available (reason unspecified),batch_aq
9781787635487,Invasion - 4 Luke Carlton,GARDNER FRANK,ACT,Not available (reason unspecified),batch_aq
9780746003831,Irish For Beginners,WILKES ANGELA,ACT,Not available (reason unspecified),batch_aq
9780241355565,Iron And Blood - A Military History Of The German Speaking Peoples Since 1500,WILSON PETER,ACT,Not available (reason unspecified),batch_aq
9780241624814,Is A River Alive,MACFARLANE ROBERT,ACT,Not available (reason unspecified),batch_aq
9781529136180,Island in the Sun,FFORDE KATIE,ACT,Not available (reason unspecified),batch_aq
9780008329778,Islands of Abandonment - Life in the Post-Human Landscape,FLYN CAL,ACT,Not available (reason unspecified),batch_aq
9781398550490,Isola,GOODMAN ALLEGRA,ACT,Not available (reason unspecified),batch_aq
9780241662656,Israel and the Palestinian Territories -  DK Eyewitness Top 10,DK EYEWITNESS,ACT,Not available (reason unspecified),batch_aq
9780241617724,Istanbul - Top 10 Eyewitness Travel Guide,EYEWITNESS TRAVEL GUIDES,ACT,Not available (reason unspecified),batch_aq
9780995143104,It Takes A Village - A Guide To Matakana And Its Surrounding Districts,JACOBS LAURAINE,ACT,"Not available, publisher indicates OP",batch_aq
9781787302143,Italian Life - A Modern Fable Of Loyalty And Betrayal,PARKS TIM,ACT,Not available (reason unspecified),batch_aq
9780241483602,Italy Reborn -  From Fascism to Democracy,GILBERT MARK,ACT,Not available (reason unspecified),batch_aq
9781401272883,Its A Bird...,SEAGLE STEVEN T,ACT,Not available (reason unspecified),batch_aq
9780593808368,Its All Love -  Reflections for Your Heart And Soul,ORTEGA JENNA,ACT,Not available (reason unspecified),batch_aq
9781760526474,Its Owl Good - 1 The Super Adventures of Ollie and Bea,TREML RENEE,ACT,Not available (reason unspecified),batch_aq
9781760641818,Jacinda Ardern - A New Kind of Leader,CHAPMAN MADELEINE,ACT,Not available (reason unspecified),batch_aq
9781869539870,James Cook - The Voyages,FRAME WILLIAM,ACT,Not available (reason unspecified),batch_aq
9780241673195,Japan - DK Eyewitness,DK EYEWITNESS,ACT,Not available (reason unspecified),batch_aq
9781419725753,Jelly Garbage Plus Toys,MUNIZ VIK,ACT,"Not available, publisher indicates OP",batch_aq
9780241662526,Jerusalem  Israel and the Palestinian Territories - DK Eyewitness,DK EYEWITNESS,ACT,Not available (reason unspecified),batch_aq
9781572841802,Jewish Slow Cooker Recipes - 120 Holiday And Everyday Dishes Made Easy,FRANKEL LAURA,ACT,"Not available, publisher indicates OP",batch_aq
9781776890378,Jiffys Greatest Hits,CHIDGEY CATHERINE,ACT,Not available (reason unspecified),batch_aq
9781775591306,Job To Do - New Zealand Soldiers Of The Dive Write About Their Experiences In World War Two,GORDON JOHN,ACT,"Not available, publisher indicates OP",batch_aq
9781787550094,Johannes Vermeer -Young Woman with a Water Pitcher (Foiled Journal),FLAME TREE STUDIO,ACT,"Not available, publisher indicates OP",batch_aq
9781775592020,Johnny Enzed - The New Zealand Soldier In The First World War 1914 - 1918,HARPER GLYN,ACT,Not available (reason unspecified),batch_aq
9780143569916,Jonah and Co - Popular Penguin Crime Classics,YATES DORNFORD,ACT,Not available (reason unspecified),batch_aq
9781847926920,Journey of Humanity - The Origins of Wealth and Inequality,GALOR ODED,ACT,Not available (reason unspecified),batch_aq
9780008323769,Joy of Railways - Remembering The Golden Age of Trainspotting,HOLLAND JULIAN,ACT,Not available (reason unspecified),batch_aq
9781787303119,Juno Loves Legs,GEARY KARL,ACT,Not available (reason unspecified),batch_aq
9781529939958,Just Good Manners - Quintessential Guide To Courtesy Charm Grace And Decorum,HANSON WILLIAM,ACT,Not available (reason unspecified),batch_aq
9780008514365,Just So Stories - HarperCollins Children's Classics,KIPLING RUDYARD,ACT,Not available (reason unspecified),batch_aq
9781869341275,Just To Let You Know Im Still Alive,REDDLEX GLEN,ACT,Not available (reason unspecified),batch_aq
9780143771098,Kapai and the Highway Robbers,ANZAC UNCLE,ACT,Not available (reason unspecified),batch_aq
9780143771081,Kapai and the Mountain Legend,ANZAC UNCLE,ACT,Not available (reason unspecified),batch_aq
9780143771104,Kapai Bungy Jumps,ANZAC UNCLE,ACT,Not available (reason unspecified),batch_aq
9781869413088,Kapai In The City Of Sails,ANZAC UNCLE,ACT,Not available (reason unspecified),batch_ar
9780241714911,Karlas Choice - A John le Carre Novel,HARKAWAY NICK,ACT,Not available (reason unspecified),batch_ar
9781785120367,Karma - The Definitive Autobiography,GEORGE BOY,ACT,"Not available, publisher indicates OP",batch_ar
9780007267002,Kaspar - Prince Of Cats,MORPURGO MICHAEL,ACT,Not available (reason unspecified),batch_ar
9780062240309,Keeper Of Secrets - 1 Horowitz Family,THOMAS JULIE,ACT,Not available (reason unspecified),batch_ar
9781398507821,Keeper of the Lost Cities - 8 Box set,MESSENGER SHANNON,ACT,Not available (reason unspecified),batch_ar
9780947503444,Keeping Your Children Safe Online - A Guide For New Zealand Parents,PARSONS JOHN,ACT,Not available (reason unspecified),batch_ar
9781869539498,Kenny Smith Scrapbook - Celebration Of A Kiwi Legend,CLARK  MICHAEL,ACT,Not available (reason unspecified),batch_ar
9781495011764,Kids Comedic Monologues That Are Actually Funny,GADDIS ALISHA,ACT,No longer supplied by the supplier,batch_ar
9781761220760,Kids Cook,AUSTRALIAN WOMEN'S WEEKLY,ACT,Not available (reason unspecified),batch_ar
9780823026227,Kids Draw Manga Shoujo,HART CHRISTOPHER,ACT,Not available (reason unspecified),batch_ar
9781925866438,Kids Love to Cook,THE AUSTRALIAN WOMEN'S WEEKLY,ACT,Not available (reason unspecified),batch_ar
9781471181016,King - The Life of Martin Luther King,EIG JONATHAN,ACT,Not available (reason unspecified),batch_ar
9780007554782,King Of The North Wind - The Life of Henry II in Five Acts,GOLD CLAUDIA,ACT,Not available (reason unspecified),batch_ar
9781447289555,King of the World - Muhammad Ali and the Rise of an American Hero,REMNICK DAVID,ACT,Cancelled,batch_ar
9781869694234,King Potatau - An Account of the Life of Potatau Te Wherowhero the First Maori King,JONES PEI TE HURINUI,ACT,Not available (reason unspecified),batch_ar
9781925865912,Kitchen Hacks and Recipes,THE AUSTRALIAN WOMEN'S WEEKLY,ACT,Not available (reason unspecified),batch_ar
9781869538972,Kiwi Mustang Collections,HOLMES STEVE,ACT,Not available (reason unspecified),batch_ar
9781787636828,Knife Skills for Beginners,MURRIN ORLANDO,ACT,Not available (reason unspecified),batch_ar
9781644407400,Ko Toku Whanau - My Family Book 1,KOOL KATIE ROBERTS NGAERE,ACT,Not available (reason unspecified),batch_ar
9780947503499,La Boca Loca - Mexican Cooking For New Zealanders,PUTNAM LUCAS,ACT,Not available (reason unspecified),batch_ar
9780552571906,Lamplighter - 2 Monster Blood Tattoo,CORNISH D M,ACT,Not available (reason unspecified),batch_ar
9780857337177,Lancaster - The Inside Story,CURNOCK DAVID,ACT,Not available (reason unspecified),batch_ar
9780241648001,Landbridge - Life in Fragments,TROEUNG Y-DANG,ACT,Not available (reason unspecified),batch_ar
9781787331945,Languages of Truth - Essays 2003-2020,RUSHDIE SALMAN,ACT,Not available (reason unspecified),batch_ar
9781910218693,Las Vegas PopOut Map - Handy pocket size pop up city map of Las Vegas,POPOUT MAPS,ACT,Not available (reason unspecified),batch_ar
9780007323142,Last Battle - 7 Chronicles Of Narnia,LEWIS C S,ACT,Not available (reason unspecified),batch_ar
9780008411282,Last Bear - 1 Last Bear,GOLD HANNAH,ACT,Not available (reason unspecified),batch_ar
9781787467866,Last Duel,JAGER ERIC,ACT,Not available (reason unspecified),batch_ar
9781637589304,Last Night on the Titanic - Unsinkable Drinking Dining And Style,HINKE VERONICA,ACT,Not available (reason unspecified),batch_ar
9780008475529,Last Train - A Family History of the Final Solution,BRADLEY PETER,ACT,Not available (reason unspecified),batch_ar
9781922267238,Late Sonata,WALPERT BRYAN,ACT,No longer supplied by the supplier,batch_ar
9781542000178,Layla,HOOVER COLLEEN,ACT,No longer supplied by the supplier,batch_ar
9780241542002,Leadership - Six Studies in World Strategy,KISSINGER HENRY,ACT,Not available (reason unspecified),batch_ar
9781637956694,Learn Te Reo My First Animals,KOOL KATIE,ACT,Not available (reason unspecified),batch_ar
9781637956687,Learn Te Reo My First Numbers,KOOL KATIE,ACT,Not available (reason unspecified),batch_ar
9781637956540,Learn Te Reo My First Words,KOOL KATIE,ACT,Not available (reason unspecified),batch_ar
9781847921062,Legacy Of Violence - A History Of The British Empire,ELKINS CAROLINE,ACT,Not available (reason unspecified),batch_as
9781775541813,Leonard Girls - 3 The Restless Years,CHALLINOR DEBORAH,ACT,Not available (reason unspecified),batch_as
9780143772354,Lets Get Lost - Great New Zealand Road Trips,MCCLOY NICOLA,ACT,Not available (reason unspecified),batch_as
9780593174623,Lets Go to the Beach,HOURAN LORI HASKINS,ACT,Not available (reason unspecified),batch_as
9781988538679,Life Hacks For Cats - Or How To Train Your Human,DYSON GRANT,ACT,Not available (reason unspecified),batch_as
9781529108279,Life On Our Planet - My Witness Statement And A Vision For The Future,ATTENBOROUGH DAVID,ACT,Not available (reason unspecified),batch_as
9781760858285,Light After The War,ABRIEL ANITA,ACT,Not available (reason unspecified),batch_as
9780995109216,Light Cones,RAWNSLEY PETER,ACT,Not available (reason unspecified),batch_as
9780008445355,Light Eaters,SCHLANGER ZOE,ACT,Not available (reason unspecified),batch_as
9781913172664,Light Pours Out of Me - The Authorised Biography of John McGeoch,SULLIVAN-BURKE RORY,ACT,Not available (reason unspecified),batch_as
9780241621240,Light We Carry - Overcoming In Uncertain Times,OBAMA MICHELLE,ACT,Not available (reason unspecified),batch_as
9780007323128,Lion The Witch And The Wardrobe - 2 Chronicles Of Narnia,LEWIS C S,ACT,Not available (reason unspecified),batch_as
9781398534773,Lion Women of Tehran,KAMALI MARJAN,ACT,Not available (reason unspecified),batch_as
9780241676165,Lisbon - DK Top 10 Eyewitness,DK EYEWITNESS,ACT,Not available (reason unspecified),batch_as
9781529153309,List of Suspicious Things,GODFREY JENNIE,ACT,Not available (reason unspecified),batch_as
9781474927468,Little Ballerina Dancing Book,WATT FIONA,ACT,Not available (reason unspecified),batch_as
9781782811923,Little Book of Grand National,SEAMAN JULIAN,ACT,No longer supplied by the supplier,batch_as
9780593426432,Little Engine That Could,PIPER WATTY,ACT,Not available (reason unspecified),batch_as
9780300143324,Little History Of The World,GOMBRICH E H,ACT,Not available (reason unspecified),batch_as
9780008305741,Little Monsters,WALLIAMS DAVID,ACT,Not available (reason unspecified),batch_as
9781836000808,Little People BIG DREAMS Advent Calendar Book Collection,SANCHEZ VEGARA MARIA ISABEL,ACT,"Not available, publisher indicates OP",batch_as
9781402714542,Little Princess,HODGSON BURNETT FRANCES,ACT,Not available (reason unspecified),batch_as
9780141321127,Little Princess,HODGSON BURNETT FRANCES,ACT,Not available (reason unspecified),batch_as
9781988538129,Living On Shaky Ground - Expanded And Updated,WRIGHT MATTHEW,ACT,Not available (reason unspecified),batch_at
9780008477851,Living Planet - The Web of Life on Earth,ATTENBOROUGH DAVID,ACT,Not available (reason unspecified),batch_at
9781760899967,Living Sea of Waking Dreams,FLANAGAN RICHARD,ACT,Not available (reason unspecified),batch_at
9780008551216,Living The Beatles Legend - On The Road With The Fab Four - Mal Evans Story,WOMACK KENNETH,ACT,Not available (reason unspecified),batch_at
9781460757178,Living With It - A Survivors Guide To Panic Attacks Revised,AISBETT BEV,ACT,Not available (reason unspecified),batch_at
9781409577904,Llamas In Pyjamas,PUNTER RUSSELL,ACT,Not available (reason unspecified),batch_at
9781474950565,Llamas In Pyjamas,PUNTER RUSSELL,ACT,Not available (reason unspecified),batch_at
9780857335128,Lockheed F-117 Nighthawk Stealth Fighter Manual,CRICKMORE PAUL F,ACT,Not available (reason unspecified),batch_at
9780241676301,London - Top 10 DK Eyewitness,DK EYEWITNESS,ACT,Not available (reason unspecified),batch_at
9780241621059,London - Top 10 Eyewitness Travel Guide,EYEWITNESS TRAVEL GUIDES,ACT,Not available (reason unspecified),batch_at
9781786641168,London by Lamplight Foiled Journal,FLAME TREE STUDIO,ACT,Not available (reason unspecified),batch_at
9781869402235,Long Road to Teatime,JACKSON ANNA,ACT,"Not available, publisher indicates OP",batch_at
9781474988766,Look And Find Puzzles Dinosaurs,ROBSON KIRSTEEN,ACT,Not available (reason unspecified),batch_at
9781787304161,Loot,JAMES TANIA,ACT,Not available (reason unspecified),batch_at
9781035022380,Lord God Made Them All,HERRIOT JAMES,ACT,Cancelled,batch_at
9780008537760,Lord of the Rings,TOLKIEN J R R,ACT,Not available (reason unspecified),batch_at
9780008537753,Lord of the Rings - Boxed Set New TV Cover,TOLKIEN J R R,ACT,Not available (reason unspecified),batch_at
9780241664803,Los Angeles  - Top 10 - Eyewitness Travel Guide,EYEWITNESS TRAVEL GUIDE,ACT,Not available (reason unspecified),batch_at
9781471164910,Lost City of Z - A Legendary British Explorer's Deadly Quest to Uncover the Secrets of the Amazon,GRANN DAVID,ACT,Not available (reason unspecified),batch_at
9781405951289,Lost Paths -  A History of How We Walk From Here To There,CORNISH JACK,ACT,Not available (reason unspecified),batch_at
9780857551931,Love Is My Favourite Thing - A Plumdog Story,CHICHESTER CLARK EMMA,ACT,Not available (reason unspecified),batch_at
9780645497212,Love Oil And The Fortunes Of War,HARRIS PAUL,ACT,Not available (reason unspecified),batch_at
9781761221477,Love to Bake,AUSTRALIAN WOMEN'S WEEKLY,ACT,Not available (reason unspecified),batch_at
9780241505700,Love Triangle - The Life Changing Magic of Trigonometry,PARKER MATT,ACT,Not available (reason unspecified),batch_at
9780008304966,Lowly Worms ABC,SCARRY RICHARD,ACT,Not available (reason unspecified),batch_at
9780008654276,Lula Deans Little Library of Banned Books,MILLER KIRSTEN,ACT,Not available (reason unspecified),batch_at
9781761221361,Made From Scratch,AUSTRALIAN WOMEN'S WEEKLY,ACT,Not available (reason unspecified),batch_at
9780241622322,Madeira - Top 10 Eyewitness Travel Guide,EYEWITNESS TRAVEL GUIDES,ACT,Not available (reason unspecified),batch_at
9781838691905,Madrid - Lonely Planet Pocket,LONELY PLANET,ACT,Not available (reason unspecified),batch_at
9780241615935,Madrid - Top 10 Eyewitness Travel Guide,EYEWITNESS TRAVEL GUIDES,ACT,Not available (reason unspecified),batch_at
9781761501142,Magical Christmas Cookbook - Create the sparkle of European Christmas markets at home with 75 festive recipes,MURDOCH BOOKS,ACT,Not available (reason unspecified),batch_at
9781631595134,Magical Tarot - Scratch And Reveal,OTTEN MARENTHE,ACT,"Not available, publisher indicates OP",batch_at
9780007323135,Magicians Nephew - 1 Chronicles of Narnia,LEWIS C S,ACT,Not available (reason unspecified),batch_at
9781982157463,Make Russia Great Again -  A Novel,BUCKLEY CHRISTOPHER,ACT,Not available (reason unspecified),batch_at
9780804137638,Make Some Beer Small-Batch Recipes from Brooklyn to Bamberg,SHEA ERICA,ACT,Not available (reason unspecified),batch_at
9780241201978,Making Sense of Chaos -  A Better Economics for a Better World,FARMER J DOYNE,ACT,Not available (reason unspecified),batch_at
9781786331533,Malibu Rising,JENKINS REID TAYLOR,ACT,Not available (reason unspecified),batch_at
9781838691875,Mallorca - Lonely Planet Guide,LONELY PLANET,ACT,Not available (reason unspecified),batch_at
9781914515279,Manchester PopOut Map,POPOUT MAPS,ACT,Not available (reason unspecified),batch_at
9780241621936,Manga A Visual History,SCHODT FREDERIK L.,ACT,Not available (reason unspecified),batch_at
9780008658687,Mania,SHRIVER LIONEL,ACT,Not available (reason unspecified),batch_at
9781869416560,Mansfield,STEAD C K,ACT,Not available (reason unspecified),batch_at
9781776560691,Mansfield and Me,LAING SARAH,ACT,"Not available, publisher indicates OP",batch_at
9781626869738,Mansfield Park,AUSTEN JANE,ACT,Not available (reason unspecified),batch_at
9780063043220,Mapping Sam,HESSELBERTH JOYCE,ACT,Not available (reason unspecified),batch_au
9781529069372,Maps of Our Spectacular Bodies,MORTIMER MADDIE,ACT,No longer supplied by the supplier,batch_au
9781927305591,Marae Visit - English Maori Mandarin,BEYER REBECCA,ACT,Not available (reason unspecified),batch_au
9781529925654,Marigold Mind Laundry,YUN JUNGEUN,ACT,Not available (reason unspecified),batch_au
9781910218822,Marrakesh PopOut Map - Handy pocket size pop up city map of Marrakesh,POPOUT MAPS,ACT,Not available (reason unspecified),batch_au
9780241447178,Marriage Question - George Eliot's Double Life,CARLISLE CLARE,ACT,Not available (reason unspecified),batch_au
9781646693948,Mastering Maths Basics - Book 2 Wipe Clean,KATIE KOOL,ACT,Not available (reason unspecified),batch_au
9780141361604,Matilda,DAHL ROALD,ACT,Not available (reason unspecified),batch_au
9780007482856,Mayas Notebook,ALLENDE ISABEL,ACT,Not available (reason unspecified),batch_au
9781788884389,Mayor of Casterbridge - Arcturus Classics,HARDY THOMAS,ACT,"Not available, publisher indicates OP",batch_au
9781529916782,Me vs Brain -  An Overthinkers Guide to Life,MORRIS HAYLEY,ACT,Not available (reason unspecified),batch_au
9781988550077,Medical Cannabis - A Brief Guide For New Zealanders,HOLT SHAUN,ACT,Not available (reason unspecified),batch_au
9781592336265,Meditate - A Guided Journal,HART MARTIN,ACT,"Not available, publisher indicates OP",batch_au
9780241723791,Meetings With Remarkable Animals,CLUNES MARTIN,ACT,Not available (reason unspecified),batch_au
9780008499723,Megamonster,WALLIAMS DAVID,ACT,Not available (reason unspecified),batch_au
9781909621893,Merchant Of Venice - 41 Macmillan Collectors Library,SHAKESPEARE WILLIAM,ACT,"Not available, publisher indicates OP",batch_au
9781800750692,Mercias Take,WILES DANIEL,ACT,"Not available, publisher indicates OP",batch_au
9781910218082,Miami PopOut Map,POPOUT MAPS,ACT,Not available (reason unspecified),batch_au
9788874390366,Michelangelo,JOANNIDES PAUL,ACT,Not available (reason unspecified),batch_au
9780008450663,Midnight In Everwood,KUZNIAR M A,ACT,Not available (reason unspecified),batch_au
9780241552117,Midnighters,TOOKE HANA,ACT,Not available (reason unspecified),batch_au
9781302954284,Mighty Marvel Masterworks -  Daredevil Vol. 3 - Unmasked,LEE STAN,ACT,Not available (reason unspecified),batch_au
9780553241600,Mila 18,URIS LEON,ACT,Not available (reason unspecified),batch_au
9781665930949,Miles Morales Suspended - A Spider-Man Novel,REYNOLDS JASON,ACT,Not available (reason unspecified),batch_au
9780008585846,Mind Full of Murder - 16 Skulduggery Pleasant,LANDY DEREK,ACT,Not available (reason unspecified),batch_au
9781782407706,Mindfulness And The Art Of Drawing - A Creative Path To Awareness,GREENHALGH WENDY ANN,ACT,"Not available, publisher indicates OP",batch_au
9780008310578,Miracle Of Vinegar - 150 Easy Recipes And Uses For Home Health And Beauty,MARSDEN EMMA,ACT,Not available (reason unspecified),batch_au
9780063047518,Mirror To Mirror,LAROCCA RAJANI,ACT,Not available (reason unspecified),batch_au
9780008439910,Mirrors of Greatness - Churchill and the Leaders Who Shaped Him,REYNOLDS DAVID,ACT,Not available (reason unspecified),batch_au
9781529148251,Misfits - A Personal Manifesto,COEL MICHAELA,ACT,Not available (reason unspecified),batch_au
9780241610657,Miss Peregrine's Museum of Wonders - An Indispensable Guide to the Dangers and Delights of the Peculiar World for the Instruction of New Arrivals,RIGGS RANSOM,ACT,Not available (reason unspecified),batch_au
9780241586921,Missing Family,WEAVER TIM,ACT,Not available (reason unspecified),batch_au
9781626860575,Moby Dick,MELVILLE HERMAN,ACT,Not available (reason unspecified),batch_av
9780241672457,Modern Fairies,POLLARD CLARE,ACT,Not available (reason unspecified),batch_av
9781787135383,Modern Preservers Kitchen - Cooking With Jam Chutney Pickles And Ferments,NEWTON KYLEE,ACT,Not available (reason unspecified),batch_av
9780823448319,Monarch Butterfly,GIBBONS GAIL,ACT,Not available (reason unspecified),batch_av
9781847927514,Moneta - A History of Ancient Rome in Twelve Coins,HARNEY GARETH,ACT,Not available (reason unspecified),batch_av
9781838951337,Money - The True Story of a Made-Up Thing,GOLDSTEIN JACOB,ACT,"Not available, publisher indicates OP",batch_av
9781787635050,Money Men - A Hot Startup A Billion Dollar Fraud A Fight for the Truth,MCCRUM DAN,ACT,Not available (reason unspecified),batch_av
9780241718896,More and More and More - An All-Consuming History of Energy,FRESSOZ JEAN-BAPTISTE,ACT,Not available (reason unspecified),batch_av
9781776890392,More Retro Caravans - Vantastic Kiwi Collections,JESSEN DON,ACT,Not available (reason unspecified),batch_av
9781923004023,More than Holden Our Own - 75 Year Anniversary Edition,HOLDEN WILLIAM JAMES,ACT,Not available (reason unspecified),batch_av
9781787634541,Mosquito - The RAF's Legendary Wooden Wonder and its Most Extraordinary Mission,WHITE ROWLAND,ACT,Not available (reason unspecified),batch_av
9780500510872,Most Beautiful Country Towns of Provence,ATTLEE HELENA,ACT,"Not available, publisher indicates OP",batch_av
9780500019351,Most Beautiful Villages of Brittany,BENTLEY JAMES,ACT,"Not available, publisher indicates OP",batch_av
9780500510728,Most Beautiful Villages of Normandy,PALMER HUGH,ACT,"Not available, publisher indicates OP",batch_av
9780241514597,Most Dammed Country In The World - Penguin Green Ideas,QING DAI,ACT,Not available (reason unspecified),batch_av
9781847923561,Most Remarkable Creature - Hidden Life And Epic Journey Of The Worlds Smartest Bird Of Prey,MEIBURG JONATHAN,ACT,Not available (reason unspecified),batch_av
9781776890170,Motherfood - The Science Art And Practice of Nourishing Maternal Foodways,CLARKSON VANESSA,ACT,Not available (reason unspecified),batch_av
9780241651421,Motorbike Book - Definitive Visual History,DK,ACT,Not available (reason unspecified),batch_av
9780994117236,Mr Clean And The Junkie - Hoopla Series 2,COMPTON JENNIFER,ACT,No longer supplied by the supplier,batch_av
9780008421724,Mrs March,FEITO VIRGINIA,ACT,Not available (reason unspecified),batch_av
9780241638552,Mrs Quinns Rise to Fame,FORD OLIVIA,ACT,Not available (reason unspecified),batch_av
9780241558249,Mrs Wordsmith Vocabularious Card Game - Ages 7-11,MRS WORDSMITH,ACT,Not available (reason unspecified),batch_av
9781529003390,Mum And Dad,TROLLOPE JOANNA,ACT,"Not available, publisher indicates OP",batch_av
9781787467996,Munich - The Edge of War,HARRIS ROBERT,ACT,Not available (reason unspecified),batch_av
9780241733448,Murder in the Dressing Room,STARS HOLLY,ACT,Not available (reason unspecified),batch_av
9781529902204,Murder On Lake Garda,HINDLE TOM,ACT,Not available (reason unspecified),batch_av
9781472291684,Murder Under Her Skin - 2 Pentecost and Parker,SPOTSWOOD STEPHEN,ACT,"Not available, publisher indicates OP",batch_av
9781368043885,Murderfunding - 2 Murdertrending,MCNEIL GRETCHEN,ACT,Not available (reason unspecified),batch_av
9780241651346,Murtagh - 5,PAOLINI CHRISTOPHER,ACT,Not available (reason unspecified),batch_av
9781784745370,My Battle of Hastings - Chronicle of a Year by the Sea,GUO XIAOLU,ACT,Not available (reason unspecified),batch_av
9780143775645,My Elephant Is Blue,SZYMANIK MELINDA,ACT,Awaiting reissue,batch_av
9781474943604,My First Computer Coding Book Using Scratch Jr,DICKINS ROSIE,ACT,Not available (reason unspecified),batch_av
9780711275218,My First Dinosaurs,HAPPY YAK,ACT,"Not available, publisher indicates OP",batch_av
9780711275232,My First Farm Animals,HAPPY YAK,ACT,"Not available, publisher indicates OP",batch_av
9780008445584,My Fourth Time - We Drowned - Seeking Refuge on the World's Deadliest Migration Route,HAYDEN SALLY,ACT,Not available (reason unspecified),batch_av
9781846047442,My Friend Anne Frank,PICK-GOSLAR HANNAH,ACT,Not available (reason unspecified),batch_av
9781849750899,My Gardening Journal,,ACT,Not available (reason unspecified),batch_av
9781869714581,My Kiwi Christmas,BIXLEY DONOVAN,ACT,Awaiting reissue,batch_av
9781647228156,My Little Bento Box - Colours Shapes Numbers,INSIGHT KIDS,ACT,Not available (reason unspecified),batch_av
9781988538167,My Mini Could Tow That - A Collection Of Teardrops And Tiny Caravans,JESSEN DON,ACT,Not available (reason unspecified),batch_av
9780241632321,My Very Important Lift-the-Flap Book - Animals With More Than 80 Flaps to Lift,DK,ACT,Not available (reason unspecified),batch_av
9781849754477,My Wedding Journal - A Brides Keepsake To Treasure,RYLAND PETERS & SMALL,ACT,Not available (reason unspecified),batch_av
9781785042720,Myth Of Normal - Trauma Illness And Healing In A Toxic Culture,MATE GABOR,ACT,Not available (reason unspecified),batch_aw
9780241296929,Myths Legends And Sacred Stories - A Childrens Encyclopedia,DORLING KINDERSLEY,ACT,Not available (reason unspecified),batch_aw
9781529327991,Nalas World - One Man His Rescue Cat And A Bike Ride Around The Globe,NICHOLSON DEAN,ACT,"Not available, publisher indicates OP",batch_aw
9780994106568,Native Bird - Hoopla Series 2,WALPERT BRIAN,ACT,Not available (reason unspecified),batch_aw
9781921966101,Nek - A Gallipoli Tradegy,BURNESS PETER,ACT,"Not available, publisher indicates OP",batch_aw
9781787550605,Nel Whatmore - Tender Loving Care - Foiled Pocket Journal,FLAME TREE STUDIO,ACT,"Not available, publisher indicates OP",batch_aw
9780241352465,New Complete Book Of Self Sufficiency - The Classic Guide For Realists And Dreamers,SEYMOUR JOHN,ACT,Not available (reason unspecified),batch_aw
9780241618608,New England - Eyewitness Travel Guide,EYEWITNESS TRAVEL GUIDE,ACT,Not available (reason unspecified),batch_aw
9780241554951,New Leviathans - Thoughts After Liberalism,GRAY JOHN,ACT,Not available (reason unspecified),batch_aw
9780241662632,New Orleans - Eyewitness Travel Guide,EYEWITNESS TRAVEL GUIDES,ACT,Not available (reason unspecified),batch_aw
9780241662670,New Orleans - Top 10 Eyewitness Travel Guide,EYEWITNESS TRAVEL GUIDES,ACT,Not available (reason unspecified),batch_aw
9780241676318,New York City - DK Top 10 Eyewitnes,DK EYEWITNESS,ACT,Not available (reason unspecified),batch_aw
9781250757685,New York Times - Hello My Name Is Sunday - 50 Sunday Crossword Puzzles,,ACT,"Not available, publisher indicates OP",batch_aw
9781910218662,New York Transit PopOut Map,POPOUT MAPS,ACT,Not available (reason unspecified),batch_aw
9780241675083,New Zealand - DK Eyewitness,DK EYEWITNESS,ACT,Not available (reason unspecified),batch_aw
9780947503598,New Zealand - Pocket,SUISTED ROB,ACT,Not available (reason unspecified),batch_aw
9781988538495,New Zealand Coastlines,TORCKLER DARRYL,ACT,Not available (reason unspecified),batch_aw
9781869404253,New Zealand Sculpture - A History Updated,DUNN MICHAEL,ACT,"Not available, publisher indicates OP",batch_aw
9781988550312,New Zealands Backyard Birds,BARRAUD NED,ACT,Not available (reason unspecified),batch_aw
9780063011953,News Of The World - Film Tie In,JILES PAULETTE,ACT,Not available (reason unspecified),batch_aw
9780008474324,Next In Line - 5 William Warwick,ARCHER JEFFREY,ACT,Not available (reason unspecified),batch_aw
9780994117168,Nga Ahua,HOLT SHARON,ACT,Not available (reason unspecified),batch_aw
9781910218570,Nice & Cannes PopOut Map,POPOUT MAPS,ACT,Not available (reason unspecified),batch_aw
9780008389666,Nick And Charlie - Heartstopper Novella,OSEMAN ALICE,ACT,Not available (reason unspecified),batch_aw
9781612198125,Nietzsche And The Burbs,IYER LARS,ACT,Not available (reason unspecified),batch_aw
9781471171543,Night I Met Father Christmas,MILLER BEN,ACT,Not available (reason unspecified),batch_aw
9781920727765,Night Letters,LEITH DENISE,ACT,Not available (reason unspecified),batch_aw
9781529435863,Night of the Scourge - 3 The Sister Bells Trilogy,MYTTING LARS,ACT,Awaiting reissue,batch_aw
9781784877767,Night Train to the Stars,MIYAZAWA KENJI,ACT,Not available (reason unspecified),batch_aw
9780241436523,Nineteen Eighty-Four -  The Graphic Novel,ORWELL GEORGE,ACT,Not available (reason unspecified),batch_aw
9780689871313,Nixies Song - 1 Beyond Spiderwick,BLACK HOLLY,ACT,Not available (reason unspecified),batch_aw
9780701636296,No Big Drama - Short Drama Scripts For Junior Secondary,YAXLEY RICHARD / MCALISTER YVETTE / SALDAIS MAGGY,ACT,Not available (reason unspecified),batch_aw
9780143137504,No Longer Human,DAZA OSAMU,ACT,Not available (reason unspecified),batch_aw
9781760995072,Nock Loose,MARLBOROUGH PATRICK,ACT,Not available (reason unspecified),batch_aw
9780241522318,Nomad Century - How to Survive the Climate Upheaval,VINCE GAIA,ACT,Not available (reason unspecified),batch_aw
9780008601713,Normal Women,GREGORY PHILIPPA,ACT,Not available (reason unspecified),batch_ax
9781471151262,North Water,MCGUIRE IAN,ACT,Not available (reason unspecified),batch_ax
9781761500206,Not Just Jam - The Fat Pig Farm Book of Preserves Pickles And Sauces,EVANS MATTHEW,ACT,Not available (reason unspecified),batch_ax
9780241753699,Not Quite Dead Yet,JACKSON HOLLY,ACT,Not available (reason unspecified),batch_ax
9780061374050,Not Quite What I Was Planning,SMITH LARRY,ACT,Not available (reason unspecified),batch_ax
9781784745011,Not the End of the World - How We Can Be the First Generation to Build a Sustainable Planet,RITCHIE HANNAH,ACT,Not available (reason unspecified),batch_ax
9780008470302,Notes On Grief,NGOZI ADICHIE CHIMAMANDA,ACT,Not available (reason unspecified),batch_ax
9781911215387,Novelist As A Vocation,MURAKAMI HARUKI,ACT,Not available (reason unspecified),batch_ax
9781847924803,November 1942 - An Intimate History of the Turning Point of the Second World War,ENGLUND PETER,ACT,Not available (reason unspecified),batch_ax
9781405281294,Now We Are Six,MILNE A A,ACT,Not available (reason unspecified),batch_ax
9781405280860,Now We Are Six - Egmont Classics Edition,MILNE A A / SHEPARD E H,ACT,Not available (reason unspecified),batch_ax
9781558327306,Nursing Mothers Breastfeeding Diary,HUGGINS KATHLEEN,ACT,"Not available, publisher indicates OP",batch_ax
9781398531451,Oathbound - 3 Legendborn Cycle,DEONN TRACY,ACT,Not available (reason unspecified),batch_ax
9781776890903,Ocian's Elven - 2 Tarquin The Honest,WARD GARETH,ACT,Not available (reason unspecified),batch_ax
9780375724008,Official Rules Of Chess,U.S. CHESS FEDERATION,ACT,Not available (reason unspecified),batch_ax
9780008271909,Oh Baby The Places Youll Go!,SEUSS DR,ACT,Not available (reason unspecified),batch_ax
9780008385156,Oh The Places Youll Go!,SEUSS DR,ACT,Not available (reason unspecified),batch_ax
9781988538501,Ok Boomer - New Zealand In The Swinging Sixties,CHAPMAN IAN,ACT,Not available (reason unspecified),batch_ax
9781844884889,OK Lets Do Your Stupid Idea,FREYNE PATRICK,ACT,Not available (reason unspecified),batch_ax
9780001712812,Old Hat New Hat,BERENSTAIN STAN,ACT,Not available (reason unspecified),batch_ax
9781439765098,Olive Fairy Pencil Case,PAPERBLANKS,ACT,Not available (reason unspecified),batch_ax
9781988538990,Olive Tree In My Kitchen,MELSER HELEN,ACT,Not available (reason unspecified),batch_ax
9780908321117,On Coming Home - 28 BWB Texts,MORRIS PAULA,ACT,Not available (reason unspecified),batch_ax
9781405984669,On Winter Hill - Raynor Winn 4,WINN RAYNOR,ACT,Not available (reason unspecified),batch_ax
9781398523661,Once Upon a Legend,MILLER BEN,ACT,Not available (reason unspecified),batch_ax
9781982178963,Once Upon A Time - Captivating Life Of Carolyn Bessette-Kennedy,BELLER ELIZABETH,ACT,Not available (reason unspecified),batch_ax
9780007158560,One Fish Two Fish Red Fish Blue Fish - Blue Back Book,SEUSS DR,ACT,Not available (reason unspecified),batch_ax
9780241486764,One Hundred Steps - The Story Of Captain Sir Tom Moore,MOORE CAPTAIN TOM,ACT,Not available (reason unspecified),batch_ax
9780593298725,One Life,RAPINOE MEGAN,ACT,Not available (reason unspecified),batch_ax
9781761221491,One Pan,AUSTRALIAN WOMEN'S WEEKLY,ACT,Not available (reason unspecified),batch_ax
9781529153088,Ootlin,FAGAN JENNI,ACT,Not available (reason unspecified),batch_ax
9781845332754,Opera,BOURNE JOYCE,ACT,"Not available, publisher indicates OP",batch_ax
9780736081726,Optimal Muscle Training,KINAKIN KEN,ACT,Not available (reason unspecified),batch_ax
9781449463007,Optimism Sounds Exhausting - Dilbert,ADAMS SCOTT,ACT,Not available (reason unspecified),batch_ax
9781787633827,Oracle Of Night - The History And Science Of Dreams,RIBEIRO SIDARTA,ACT,Not available (reason unspecified),batch_ax
9781839647604,Orange Artisan Sketch Book,FLAME TREE STUDIO,ACT,Not available (reason unspecified),batch_ax
9781597073905,Orange You Glad Youre Not Me - 2 Annoying Orange,KAZALEH MIKE,ACT,Not available (reason unspecified),batch_ax
9781840915259,Organic Kitchen Garden,ROBERTS JULIET,ACT,"Not available, publisher indicates OP",batch_ax
9781910218792,Orlando PopOut Map - Handy pocket size pop up map of Orlando and Walt Disney World Resort,POPOUT MAPS,ACT,Not available (reason unspecified),batch_ax
9781460763032,Orphia And Eurydicius,JOHN ELYSE,ACT,Not available (reason unspecified),batch_ax
9780241535202,Osebo - Voices from a Swedish Village,KAPLA MARIT,ACT,Not available (reason unspecified),batch_ax
9780241567197,Other Edie Trimmer,WILSON JACQUELINE,ACT,Not available (reason unspecified),batch_ay
9781447277927,Ottoline and the Purple Fox,RIDDELL CHRIS,ACT,"Not available, publisher indicates OP",batch_ay
9780857535771,Our Girl,BROWNE ANTHONY,ACT,Not available (reason unspecified),batch_ay
9780857529053,Our Hideous Progeny,MCGILL C E,ACT,Not available (reason unspecified),batch_ay
9781988538341,Our Vibrant Country - Seasons Of New Zealand,MCCREE BOB,ACT,Not available (reason unspecified),batch_ay
9781608867400,Out There Vol. 1,AUGUSTYN BRIAN,ACT,"Not available, publisher indicates OP",batch_ay
9780008562779,Overreach -  The Inside Story of Putins War Against Ukraine,MATTHEWS OWEN,ACT,Not available (reason unspecified),batch_ay
9780198606536,Oxford Companion To The Book,SUAREZ MICHAEL F / WOUDHUYSEN HENRY,ACT,Not available (reason unspecified),batch_ay
9780857529299,Pageboy - A Memoir,PAGE ELLIOT,ACT,Not available (reason unspecified),batch_ay
9780855329006,Painting With Oils,GREGORY NOEL,ACT,Not available (reason unspecified),batch_ay
9780855328993,Painting With Pastels,COOMBS PETER,ACT,Not available (reason unspecified),batch_ay
9781529124712,Palace Papers,BROWN TINA,ACT,Not available (reason unspecified),batch_ay
9781869536985,Palmers Manual Of Trees Shrubs And Climbers,PALMERS,ACT,Not available (reason unspecified),batch_ay
9780500285688,Papered Wall,HOSKINS LESLEY,ACT,"Not available, publisher indicates OP",batch_ay
9780241492963,Paris '44 - The Shame and the Glory,BISHOP PATRICK,ACT,Not available (reason unspecified),batch_ay
9780241676585,Paris - DK Top 10,DK EYEWITNESS,ACT,Not available (reason unspecified),batch_ay
9781787303188,Passiontide The electrifying new novel from the author of The Mermaid of Black Conch,"ROFFEY, MONIQUE",ACT,Not available (reason unspecified),batch_ay
9781761220746,Pasta,AUSTRALIAN WOMENS WEEKLY,ACT,Not available (reason unspecified),batch_ay
9780300232882,Pasta For Nightingales - A 17th-Century Handbook of Bird-Care and Folklore,OLINA GIOVANNI PIETRO,ACT,Not available (reason unspecified),batch_ay
9781869402617,Pastoral Kitchen,JACKSON ANNA,ACT,"Not available, publisher indicates OP",batch_ay
9781911709060,Pathogenesis - How Germs Made History,KENNEDY JONATHAN,ACT,Not available (reason unspecified),batch_ay
9781529912302,Pathway To Flow - The New Science of Harnessing Creativity to Heal and Unwind the Body & Mind,CHRISTENSEN JULIA F,ACT,Not available (reason unspecified),batch_ay
9781787742734,Peanuts - All This And Snoopy Too,SCHULZ CHARLES M,ACT,No longer supplied by the supplier,batch_ay
9781787742697,Peanuts - Heres To You Charlie Brown,SCHULZ CHARLES,ACT,No longer supplied by the supplier,batch_ay
9781787742727,Peanuts - Snoopy and the Red Baron,SCHULZ CHARLES M,ACT,No longer supplied by the supplier,batch_ay
9780143136927,Penguin Book of Latina Writings,VENTURA GABRIELA BAEZA,ACT,Not available (reason unspecified),batch_ay
9780241563397,Penguin Book of Polish Short Stories,LLOYD-JONES ANTONIA,ACT,Not available (reason unspecified),batch_ay
9780241281451,Penguin History of Modern Spain - 1898 to the Present,TOWNSON NIGEL,ACT,Not available (reason unspecified),batch_ay
9780241659380,Peppa Pig - Easter at the Farm - A Touch-and-Feel Playbook,PEPPA PIG,ACT,Awaiting reissue,batch_ay
9781409309284,Peppa Pig - Peppa and the Tooth Fairy,PEPPA PIG,ACT,Not available (reason unspecified),batch_ay
9780241381236,Peppa Pig - Peppa The Mermaid,PEPPA PIG,ACT,Not available (reason unspecified),batch_ay
9781911358718,Perfect Pruning,AKEROYD SIMON,ACT,Not available (reason unspecified),batch_ay
9781529146431,Performance Paradox - How to Learn and Grow Without Compromising Results,BRICENO EDUARDO,ACT,Not available (reason unspecified),batch_ay
9781250283771,Personal Effects - What Recovering the Dead Teaches Me About Caring for the Living,JENSEN ROBERT A,ACT,Cancelled,batch_ay
9780593328965,Personality Isnt Permanent - Break Free From Self-Limiting Beliefs and Rewrite Your Story,HARDY BENJAMIN JR,ACT,Not available (reason unspecified),batch_ay
9789811287534,Perspectives Of Two Island Nations - Singapore-New Zealand,SCHLEICH ANNE-MARIE,ACT,No longer supplied by the supplier,batch_ay
9780241472163,Peru - Eyewitness Guides,EYEWITNESS GUIDES,ACT,Not available (reason unspecified),batch_ay
9781626863927,Peter Pan,BARRIE J M,ACT,Not available (reason unspecified),batch_ay
9780723270706,Peter Rabbit Bathtime Fun,POTTER BEATRIX,ACT,Not available (reason unspecified),batch_ay
9780823451203,Peters War - A Boy's True Story of Survival in World War II Europe,RUELLE KAREN GRAY,ACT,No longer supplied by the supplier,batch_ay
9781787017498,Philadelphia - Lonely Planet Pocket,LONELY PLANET,ACT,Not available (reason unspecified),batch_az
9780241523803,Philosophy and Life -  Exploring the Great Questions of How to Live,GRAYLING A C,ACT,Not available (reason unspecified),batch_az
9781869662028,Photographic Guide to Mammals of New Zealand,KING CAROLYN,ACT,"Not available, publisher indicates OP",batch_az
9781529053821,Piano Tuner,MASON DANIEL,ACT,"Not available, publisher indicates OP",batch_az
9781877256882,Pig Snort,CARR REG,ACT,Not available (reason unspecified),batch_az
9781877256929,Piggin,SWAN KIM,ACT,Not available (reason unspecified),batch_az
9781988538440,Pigs In Sheds,MILLETT PETER,ACT,Not available (reason unspecified),batch_az
9780143567790,Pilgrimage - A Travellers Guide to New Zealanders in Two World Wars,HUTCHINSON GARRIE,ACT,Not available (reason unspecified),batch_az
9780241611401,Pirate Enlightenment or the Real Libertalia,GRAEBER DAVID,ACT,Not available (reason unspecified),batch_az
9780753467657,Pirates,STEELE PHILIP,ACT,"Not available, publisher indicates OP",batch_az
9781474921190,Pirates - Split Page,TAPLIN SAM,ACT,Not available (reason unspecified),batch_az
9780008329730,Place of Greater Safety,MANTEL HILARY,ACT,Not available (reason unspecified),batch_az
9780062994547,Playing at the Borde - A Story of Yo-Yo Ma,HO JOANNA,ACT,Not available (reason unspecified),batch_az
9780007257058,Playing With Fire - 2 Skulduggery Pleasant,LANDY DEREK,ACT,Not available (reason unspecified),batch_az
9781623179342,Pocket Atlas Of Trigger Points,NIEL-ASHER SIMEON,ACT,Not available (reason unspecified),batch_az
9781991016126,Poemas Moteatea Poems,MISTRAL GABRIELA,ACT,"Not available, publisher indicates OP",batch_az
9781509826803,Poems of Thomas Hardy - A New Selection - Macmillan Collector's Library,"HARDY, THOMAS",ACT,"Not available, publisher indicates OP",batch_az
9781471134906,Poems That Make Grown Men Cry - 100 Men on the Words That Move Them,HOLDEN ANTHONY,ACT,Not available (reason unspecified),batch_az
9781626863897,Poetry of Emily Dickinson,DICKINSON EMILY,ACT,Not available (reason unspecified),batch_az
9781789509717,Poetry of Robert Browning,BROWNING ROBERT,ACT,"Not available, publisher indicates OP",batch_az
9780861542611,Poison for Breakfast,SNICKET LEMONY,ACT,"Not available, publisher indicates OP",batch_az
9781787335141,Politics On the Edge,STEWART RORY,ACT,Not available (reason unspecified),batch_az
9781922351661,Pomegranates And Artichokes - Recipes And Memories Of A Journey From Iran To Italy,SETAREH SAGHAR,ACT,Not available (reason unspecified),batch_az
9781869715625,Poppas Workshop - A Christmas surprise,CRESSWELL CHELSEA,ACT,Awaiting reissue,batch_az
9781909932791,Portraits by Kate Friend - As Chosen By,LAING OLIVIA,ACT,Not available (reason unspecified),batch_az
9780241675533,Portugal - DK Eyewitness,DK EYEWITNESS,ACT,Not available (reason unspecified),batch_az
9781529153620,Possibility of Tenderness - A Jamaican memoir of plants and dreams,"ALLEN-PAISANT, JASON",ACT,Not available (reason unspecified),batch_az
9780908321070,Post Snowden Era - Mass Surveillance And Privacy In New Zealand,KUEHN KATHLEEN,ACT,Not available (reason unspecified),batch_az
9780143010913,Pounamu Pounamu,IHIMAERA WITI,ACT,Not available (reason unspecified),batch_az
9780241543221,Poverty By America,DESMOND MATTHEW,ACT,Not available (reason unspecified),batch_az
9780241547953,Power,ALDERMAN NAOMI,ACT,Not available (reason unspecified),batch_az
9781869665623,Power Surge,BOSHIER JOHN,ACT,"Not available, publisher indicates OP",batch_az
9783956792847,Pre Architecture,PAPAPETROS SPYROS,ACT,Not available (reason unspecified),batch_az
9781529152838,Precipice,HARRIS ROBERT,ACT,Not available (reason unspecified),batch_az
9781558321359,Preemie Parents Companion,MADDEN SUSAN L,ACT,"Not available, publisher indicates OP",batch_az
9781911709770,Prequel -  An American fight against fascism,MADDOW RACHEL,ACT,Not available (reason unspecified),batch_az
9781633222151,Pretty Patterns To Paint,BENITEZ ZELINE,ACT,"Not available, publisher indicates OP",batch_az
9781607105541,Pride And Prejudice,AUSTEN JANE,ACT,Not available (reason unspecified),batch_az
9781761262258,Prima Facie,MILLER SUZIE,ACT,"Not available, publisher indicates OP",batch_az
9780241517772,Primrose Railway Children,WILSON JACQUELINE,ACT,Not available (reason unspecified),batch_az
9781626860612,Prince and Other Writings,MACHIAVELLI NICCOLO,ACT,Not available (reason unspecified),batch_az
9780008332310,Prince Of Ponies,GREGG STACY,ACT,Not available (reason unspecified),batch_az
9780008487584,Prince Rupert Hotel For The Homeless - A True Story Of Love And Compassion Amid A Pandemic,LAMB CHRISTINA,ACT,Not available (reason unspecified),batch_az
9780008385736,Prison Doctor - Women Inside,BROWN DR AMANDA,ACT,Not available (reason unspecified),batch_az
9780008359386,Problem from Hell -  America and the Age of Genocide,POWER SAMANTHA,ACT,Not available (reason unspecified),batch_az
9780241567159,Project Fairy,WILSON JACQUELINE,ACT,Not available (reason unspecified),batch_az
9780241282908,Pruning And Training Over 800 Plants What When And How to Prune,BRICKELL CHRISTOPHER,ACT,Not available (reason unspecified),batch_ba
9781839644719,Purple Artisan Sketch Book,FLAME TREE STUDIO,ACT,Not available (reason unspecified),batch_ba
9780241991848,Pursuit of Love,MITFORD NANCY,ACT,Not available (reason unspecified),batch_ba
9781412973267,Quantative Research In Education - A Primer,HOY WAYNE K,ACT,Not available (reason unspecified),batch_ba
9781843654360,Quentin Blake's Magical Tales,YEOMAN JOHN,ACT,Not available (reason unspecified),batch_ba
9781927277584,Quiet War On Asylum - BWB Texts,BARNETT TRACEY,ACT,Not available (reason unspecified),batch_ba
9781988538921,Quirky New Zealand,BLACK ELEANOR,ACT,Not available (reason unspecified),batch_ba
9780473244033,R A Lawson - Victorian Architect Of Dunedin,LEDGERWOOD NORMAN,ACT,Not available (reason unspecified),batch_ba
9781787290532,Race Against Time - Adventures in Late Life Running,ASKWITH RICHARD,ACT,Not available (reason unspecified),batch_ba
9780241958438,Rachels Holiday - 25th Anniversary Edition,KEYES MARIAN,ACT,Not available (reason unspecified),batch_ba
9781844886418,Racket -  On Tour With Tennis's Golden Generation - And The Other 99%,NILAND CONOR,ACT,Not available (reason unspecified),batch_ba
9781784744878,Radical - A Life of My Own,GUO XIAOLU,ACT,Not available (reason unspecified),batch_ba
9780141321608,Railway Children,NESBIT EDITH,ACT,Not available (reason unspecified),batch_ba
9781741177329,Rainbow Atlas - A Guide to the World's 500 Most Colourful Places,FULLER TAYLOR,ACT,Not available (reason unspecified),batch_ba
9780241687987,Rainfall Market,YEONG-GWANG YOU,ACT,Not available (reason unspecified),batch_ba
9781509843527,Range - How Generalists Triumph In A Specialized World,EPSTEIN DAVID,ACT,"Not available, publisher indicates OP",batch_ba
9780241380284,Rationality - What It Is Why It Seems Scarce Why It Matters,PINKER STEVEN,ACT,Not available (reason unspecified),batch_ba
9781529925630,Read Write Own -  Building the Next Era of the Internet,DIXON CHRIS,ACT,Not available (reason unspecified),batch_ba
9780007192076,Reading is Fun with Dr. Seuss,SEUSS DR,ACT,Not available (reason unspecified),batch_ba
9781847925626,README.txt - A Memoir,MANNING CHELSEA,ACT,Not available (reason unspecified),batch_ba
9781529153712,Real Americans,KHONG RACHEL,ACT,Not available (reason unspecified),batch_ba
9780571363001,Reality And Other Stories,LANCHESTER JOHN,ACT,"Not available, publisher indicates OP",batch_ba
9780374247850,Reason for the Darkness of the Night -  Edgar Allan Poe and the Forging of American Science,TRESCH JOHN,ACT,"Not available, publisher indicates OP",batch_ba
9780008361891,Rebel Girl - My Life As A Feminist Punk,HANNA KATHLEEN,ACT,Not available (reason unspecified),batch_ba
9781990003790,Recipe,EMMETT JOSH,ACT,"Not available, publisher indicates OP",batch_ba
9781839644702,Red Artisan Sketch Book,FLAME TREE STUDIO,ACT,Not available (reason unspecified),batch_ba
9781869799144,Red Rocks,KING RACHAEL,ACT,Not available (reason unspecified),batch_ba
9780241412879,Reference World Atlas - An Encyclopedia in an Atlas,DK,ACT,Not available (reason unspecified),batch_ba
9781529154375,Refiners Fire - 33 Commissario Brunetti,LEON DONNA,ACT,Not available (reason unspecified),batch_ba
9780008759414,Rejection,TULATHIMUTTE TONY,ACT,Not available (reason unspecified),batch_ba
9781761101205,Remember,GENOVA LISA,ACT,Not available (reason unspecified),batch_ba
9781988538976,Remembering Kaikoura Earthquake,SPENCER ANDREW,ACT,Not available (reason unspecified),batch_ba
9780062997555,Removed: A Novel,HOBSON BRANDON,ACT,Not available (reason unspecified),batch_ba
9781597267120,Repeat Photography - Methods And Applications In The Natural Sciences,WEBB ROBERT H,ACT,No longer supplied by the supplier,batch_ba
9780310092063,Restoration House - Creating a Space That Gives Life and Connection to All Who Enter,BUYCKS KENNESHA,ACT,Not available (reason unspecified),batch_ba
9781760687229,Resurrection Bay,VISKIC EMMA,ACT,"Not available, publisher indicates OP",batch_ba
9781869538965,Retro And Vintage Boats - Kiwi Portraits,JESSEN DON,ACT,Not available (reason unspecified),batch_ba
9781761101847,Return To Berlin,FELDMAN ELLEN,ACT,Not available (reason unspecified),batch_ba
9780008509378,Returning Light - 30 Years of Life on Skellig Michael,HARRIS ROBERT L,ACT,Not available (reason unspecified),batch_ba
9780141374123,Revolting Rhymes,DAHL ROALD,ACT,Not available (reason unspecified),batch_ba
9780241347669,Revolutionary Spring - Fighting For A New World 1848-1849,CLARK CHRISTOPHER,ACT,Not available (reason unspecified),batch_ba
9781787017511,Reykjavik And Southwest Iceland - Lonely Planet Pocket,LONELY PLANET,ACT,Not available (reason unspecified),batch_ba
9781775541332,Rich Enough - A Laid Back Guide For Every Kiwi,HOLM MARY,ACT,Not available (reason unspecified),batch_bb
9781406379556,Ride The Wind,DAVIES NICOLA,ACT,"Not available, publisher indicates OP",batch_bb
9780241711224,Righting Wrongs - Three Decades on the Front Lines Battling Abusive Governments,ROTH KENNETH,ACT,Not available (reason unspecified),batch_bb
9780241465448,Ritual Effect -  The Transformative Power of Our Everyday Actions,NORTON MICHAEL,ACT,Not available (reason unspecified),batch_bb
9781447274506,Ritual Lighting - Laureate Poems,DUFFY CAROL ANN,ACT,Not available (reason unspecified),batch_bb
9780008518424,River of Silver - Tales from the Daevabad Trilogy,CHAKRABORTY SHANNON,ACT,Not available (reason unspecified),batch_bb
9781988550039,Rock Pools - A Guide For Kiwi Kids,BARRAUD NED,ACT,Not available (reason unspecified),batch_bb
9780753466094,Rocks And Minerals Flash Cards - A Diamond Deck,BASHER SIMON,ACT,"Not available, publisher indicates OP",batch_bb
9780008601461,Rogue Crown - 3 Five Crowns of Okrith,MULFORD A K,ACT,Not available (reason unspecified),batch_bb
9780241675571,Rome - DK Eyewitness,DK EYEWITNESS,ACT,Not available (reason unspecified),batch_bb
9780241676851,Rome - DK Top 10 Eyewitness,DK EYEWITNESS,ACT,Not available (reason unspecified),batch_bb
9780241784662,Rome Mini Map and Guide - DK,DK TRAVEL,ACT,Not available (reason unspecified),batch_bb
9780500516836,Roy Lichtensteins ABC,ADELMAN BOB,ACT,"Not available, publisher indicates OP",batch_bb
9781471157707,Rules Of Magic,HOFFMAN ALICE,ACT,Not available (reason unspecified),batch_bb
9781781258514,Rummage - A History of the Things We Have Reused Recycled and Refused to Let Go,COCKAYNE EMILY,ACT,"Not available, publisher indicates OP",batch_bb
9781761424069,Run For Your Life - The remarkable true story of a family forced into hiding after leaking Russian secrets,WILLIAMS SUE,ACT,Not available (reason unspecified),batch_bb
9780736082303,Running Anatomy,PULEO JOSEPH,ACT,Not available (reason unspecified),batch_bb
9780241633526,Russo Ukrainian War,PLOKHY SERHII,ACT,Not available (reason unspecified),batch_bb
9781988538075,RV There Yet - A Guide To Owning And Using A Recreational Vehicle In New Zealand,JESSEN DON,ACT,Not available (reason unspecified),batch_bb
9781847927101,Sacred Nature - How we can recover our bond with the natural world,ARMSTRONG KAREN,ACT,Not available (reason unspecified),batch_bb
9781593720551,Sacred Spaces - Turkish Mosques And Tombs,CROSS MARY,ACT,Not available (reason unspecified),batch_bb
9781439719039,Safavid Ultra - Address Book,PAPERBLANKS,ACT,Awaiting reissue,batch_bb
9781775538820,Salted Air,CONROY THOM,ACT,Not available (reason unspecified),batch_bb
9781869534141,Saltwater Fly Tying in New Zealand,MOSSMAN SAM,ACT,Not available (reason unspecified),batch_bb
9781925773996,Sand Talk - How Indigenous Thinking Can Save The World,YUNKAPORTA TYSON,ACT,Not available (reason unspecified),batch_bb
9780241612910,Sardinia - Eyewitness Travel Guide,EYEWITNESS TRAVEL,ACT,Not available (reason unspecified),batch_bb
9781921888038,Sausage Went For A Walk,KENDALL PETER,ACT,Not available (reason unspecified),batch_bb
9781787636699,Savage Storm - The Battle for Italy 1943,HOLLAND JAMES,ACT,Not available (reason unspecified),batch_bb
9781787636682,Savage Storm - The Heroic True Story of One Of The Least Told Campaigns Of WW2,HOLLAND JAMES,ACT,Not available (reason unspecified),batch_bb
9781624141416,Save The Bees With Natural Backyard Hives,MCFARLAND ROB,ACT,"Not available, publisher indicates OP",batch_bb
9780143770572,Saving The Snowy Brumbies,WILSON KELLY,ACT,Not available (reason unspecified),batch_bb
9781847926852,Saving Time - Discovering a Life Beyond the Clock,ODELL JENNY,ACT,Not available (reason unspecified),batch_bb
9781405953337,Scandal of the Century,HILTON LISA,ACT,Not available (reason unspecified),batch_bb
9780071398732,Schaums Easy Outline - Principles of Economics,SALVATORE DOMINICK,ACT,Not available (reason unspecified),batch_bb
9780071760577,Schaums Easy Outline Writing and Grammar,SCHAUMS,ACT,Not available (reason unspecified),batch_bb
9780241415252,Science of the Ocean - The Secrets of the Seas Revealed,DK,ACT,Not available (reason unspecified),batch_bb
9780241675601,Scotland - DK Eyewitness,DK EYEWITNESS,ACT,Not available (reason unspecified),batch_bb
9781631593895,Scratch And Create - Hand-Lettered Life: Design your own quotes with 16 scratch boards and 4 alphabet and ornament stencils,SMITH SHANDRA,ACT,"Not available, publisher indicates OP",batch_bb
9780008294786,Sea Is Not Made of Water - Life Between the Tides,NICOLSON ADAM,ACT,Not available (reason unspecified),batch_bb
9780908990498,Season Of The Jew,SHADBOLT MAURICE,ACT,Not available (reason unspecified),batch_bc
9781597073615,Secret Agent Orange - 1 Annoying Orange,KAZELAH MIKE,ACT,Not available (reason unspecified),batch_bc
9780008557379,Secret Heart - John Le Carre - An Intimate Memoir,DAWSON SULEIKA,ACT,Not available (reason unspecified),batch_bc
9780448489544,Secret of the Old Mill - 3 Hardy Boys,DIXON FRANKLIN W,ACT,Not available (reason unspecified),batch_bc
9781782405733,Secrets Of Numerology,KOVAN DAWNE,ACT,"Not available, publisher indicates OP",batch_bc
9781775541790,Secrets Of The Sea - Story of New Zealands Native Sea Creatures,VENNELL ROBERT,ACT,Not available (reason unspecified),batch_bc
9781645177432,Selected Works of H G Wells,WELLS H G,ACT,Not available (reason unspecified),batch_bc
9781401962388,Self Care Wisdom Cards - A 52-Card Deck,RICHARDSON CHERYL,ACT,Not available (reason unspecified),batch_bc
9781607105558,Sense And Sensibility,AUSTEN JANE,ACT,Not available (reason unspecified),batch_bc
9780593493793,Sentence - Ten Years And A Thousand Books In Prison,GENIS DANIEL,ACT,Not available (reason unspecified),batch_bc
9781503756649,Sesame Street Monster At The End Of This 10 Button Sound Book,,ACT,Not available (reason unspecified),batch_bc
9780008262693,Seussisms - The Wisdom Of Dr Seuss,SEUSS DR,ACT,Not available (reason unspecified),batch_bc
9781785788581,Seven Pillars of Science - The Incredible Lightness of Ice And Other Scientific Surprises,GRIBBIN JOHN,ACT,No longer supplied by the supplier,batch_bc
9781398503618,Seven Ways to Change the World - How To Fix The Most Pressing Problems We Face,BROWN GORDON,ACT,Not available (reason unspecified),batch_bc
9780241663028,Seville and Andalucia - DK Eyewitness,DK EYEWITNESS,ACT,Not available (reason unspecified),batch_bc
9781785786532,Sexuality - A Graphic Guide,BARKER MEG-JOHN,ACT,No longer supplied by the supplier,batch_bc
9780241356722,Shackleton,FIENNES RANULPH,ACT,Not available (reason unspecified),batch_bc
9781787304048,Shadow - 5 Detective Kamil Rahman,CHOWDHURY AJAY,ACT,Not available (reason unspecified),batch_bc
9780008478568,Shadow Cabinet - 2 HMRC,DAWSON JUNO,ACT,Not available (reason unspecified),batch_bc
9781787302914,Shadow Key,STOKES-CHAPMAN SUSAN,ACT,Not available (reason unspecified),batch_bc
9780008696283,Shadow Work Journal,SHAHEEN KEILA,ACT,Not available (reason unspecified),batch_bc
9781869408411,Shaggy Magpie Songs,EDMOND MURRAY,ACT,"Not available, publisher indicates OP",batch_bc
9780995482029,Shakespeare Timeline Wallbook - Unfold the Complete Plays of Shakespeare - One Theater Thirty Eight Dramas,LLOYD CHRISTOPHER,ACT,"Not available, publisher indicates OP",batch_bc
9781982171261,Shakespeare Was a Woman and Other Heresies - How Doubting the Bard Became the Biggest Taboo in Literature,WINKLER ELIZABETH,ACT,Not available (reason unspecified),batch_bc
9780241715192,Shaolin Spirit - The Way To Self-Mastery,YI SHI HENG,ACT,Not available (reason unspecified),batch_bc
9781988547138,Sharp Left Turn,CHUNN MIKE,ACT,"Not available, publisher indicates OP",batch_bc
9780857528223,She And Her Cat,SHINKAI MAKOTO,ACT,Not available (reason unspecified),batch_bc
9780241379738,Short History Of Trains,WOLMAR CHRISTIAN,ACT,Not available (reason unspecified),batch_bc
9781869419950,Show of Hands,MCCARTEN ANTHONY,ACT,Not available (reason unspecified),batch_bc
9781849838207,Siberian Dilemma - 9 Arkady Renko,SMITH MARTIN CRUZ,ACT,Not available (reason unspecified),batch_bc
9780241664322,Sicily - Eyewitness Travel Guide,EYEWITNESS TRAVEL GUIDE,ACT,Not available (reason unspecified),batch_bc
9780241565971,Sicily - Top 10 Eyewitness Travel Guide,EYEWITNESS TRAVEL GUIDES,ACT,Not available (reason unspecified),batch_bc
9780947492847,Silencing Science - BWB Texts,HENDY SHAUN,ACT,Not available (reason unspecified),batch_bc
9781529152647,Sing As We Go - Britain Between the Wars,HEFFER SIMON,ACT,Not available (reason unspecified),batch_bd
9780241507001,Size - How It Explains the World,SMIL VACLAV,ACT,Not available (reason unspecified),batch_bd
9781398533820,Skandar and the Chaos Trials - 3 Skandar,STEADMAN A F,ACT,Not available (reason unspecified),batch_bd
9781398521070,Skandar And The Phantom Rider - 2 Skandar,STEADMAN A F,ACT,Not available (reason unspecified),batch_bd
9781398536111,Skandar and the Skeleton Curse - 4 Skandar,STEADMAN A F,ACT,Not available (reason unspecified),batch_bd
9780593223475,Skate For Your Life,BAKER LEO,ACT,Not available (reason unspecified),batch_bd
9780007241620,Skulduggery Pleasant - 1,LANDY  DEREK,ACT,Not available (reason unspecified),batch_bd
9781784874858,Slaughterhouse 5 - 50th Anniversary Edition,VONNEGUT KURT,ACT,Not available (reason unspecified),batch_bd
9781405941730,Sleeping Giants - 1 Themis Files,NEUVEL SYLVAIN,ACT,Not available (reason unspecified),batch_bd
9780008349141,Slime,WALLIAMS DAVID,ACT,Not available (reason unspecified),batch_bd
9780143308485,Slinky Malinki - Book And Toy Gift Set,DODD LYNLEY,ACT,Not available (reason unspecified),batch_bd
9781761500930,Slow Cooking - Wholefood recipes - Every recipe for slow cooker and oven or stove,ANDREWS OLIVIA,ACT,Not available (reason unspecified),batch_bd
9780008323103,Small Revolution in Germany,HENSHER PHILIP,ACT,Not available (reason unspecified),batch_bd
9780008328269,Smallest Lights In The Universe,SEAGER SARA,ACT,Not available (reason unspecified),batch_bd
9781846149443,Smoke and Mirrors -  Cars Photography and Dreams of the Open Road,HOXTON MINI,ACT,Not available (reason unspecified),batch_bd
9780008394653,Snow Widows - Scotts Fatal Antarctic Expedition Through The Eyes Of The Women They Left Behind,MACINNES KATHERINE,ACT,Not available (reason unspecified),batch_bd
9780008454661,Snowflake,DAVIES BENJI,ACT,Not available (reason unspecified),batch_bd
9781787332058,Social Instinct - How Cooperation Shaped The World,RAIHANI NICHOLA,ACT,Not available (reason unspecified),batch_bd
9781982152093,Socrates Express - In Search Of Life Lessons From Dead Philosophers,WEINER ERIC,ACT,Not available (reason unspecified),batch_bd
9781923004788,Softly Softly -  Capturing Hitler's Spies,MATTHEWS TONY,ACT,Not available (reason unspecified),batch_bd
9788874394937,Solomon Islands Art - The Conru Collection,CONRU KEVIN,ACT,Not available (reason unspecified),batch_bd
9781101908167,Sondheim - Lyrics,SONDHEIM STEPHEN,ACT,Not available (reason unspecified),batch_bd
9781529063318,Song Of Gladness - A Story Of Hope For Us And Our Planet,MORPURGO MICHAEL,ACT,No longer supplied by the supplier,batch_bd
9780007350957,Sons And Lovers - Collins Classics,LAWRENCE D H,ACT,Not available (reason unspecified),batch_bd
9780062491596,Soon - An Overdue History Of Procrastination From Leonardo And Darwin To You And Me,SANTELLA ANDREW,ACT,Not available (reason unspecified),batch_bd
9781668022641,Sorry Sorry Sorry - The Case for Good Apologies,INGALL MARJORIE,ACT,Not available (reason unspecified),batch_bd
9781847926876,Sound Tracks -  Uncovering Our Musical Past,LAWSON GRAEME,ACT,Not available (reason unspecified),batch_bd
9781611802382,Sourdough - Recipes For Rustic Fermented Breads Sweets Savories And More,OWENS SARAH,ACT,Not available (reason unspecified),batch_bd
9781788686075,South Australia - Lonely Planet Planning Map,LONELY PLANET,ACT,Not available (reason unspecified),batch_bd
9780731930807,Southern Highland South Coast,UBD,ACT,Not available (reason unspecified),batch_bd
9780008579944,SPACEBOY,WALLIAMS DAVID,ACT,Not available (reason unspecified),batch_bd
9780241664513,Spain - Eyewitness Travel Guide,EYEWITNESS TRAVEL GUIDE,ACT,Not available (reason unspecified),batch_bd
9781787014527,Spain - Lonely Planet Planning Map,LONELY PLANET,ACT,Not available (reason unspecified),batch_bd
9781786575807,Spain And Portugal - Lonely Planet Best Road Trips,LONELY PLANET,ACT,Not available (reason unspecified),batch_bd
9781991150806,Spark Hunter,WILSON SONYA,ACT,Not available (reason unspecified),batch_bd
9780753559390,Speed Aggression Surprise - The Untold Secret Origins of the SAS,PETCH TOM,ACT,Not available (reason unspecified),batch_bd
9780473686840,Spoiled Fruit - Queer Poetry From Aotearoa 2023,LEVI DAMIEN / ESAU AMBER,ACT,Not available (reason unspecified),batch_bd
9780723286424,Spot Goes Shopping,HILL ERIC,ACT,Not available (reason unspecified),batch_bd
9780723266990,Spot Goes To The Library,HILL ERIC,ACT,Not available (reason unspecified),batch_bd
9780723266525,Spots First Colours,HILL ERIC,ACT,Not available (reason unspecified),batch_bd
9781911641629,Spring Light - The Anglepoise (R) Story,GLANCEY JONATHAN,ACT,Not available (reason unspecified),batch_be
9781760526481,Squeals On Wheels - 2 The Super Adventures Of Ollie And Bea,TREML RENEE,ACT,Not available (reason unspecified),batch_be
9780099561361,Stalingrad,GROSSMAN VASILY,ACT,Not available (reason unspecified),batch_be
9780241487464,Star Trek Book - New Edition,RUDITIS PAUL J,ACT,Not available (reason unspecified),batch_be
9780241548493,Star Wars I Am Your Father - Lessons for Parents Protectors And Mentors,ZEHR DAN,ACT,Not available (reason unspecified),batch_be
9780008543228,Starry Messenger - Cosmic Perspectives On Civilisation,TYSON NEIL DEGRASSE,ACT,Not available (reason unspecified),batch_be
9781847925299,Stars and Spies - Intelligence Operations and the Entertainment Industry,ANDREW CHRIS,ACT,Not available (reason unspecified),batch_be
9780008354640,Status Game - On Social Position And How We Use It,STORR WILL,ACT,Not available (reason unspecified),batch_be
9781847734112,Step By Step Trompe L Oiel Designs And Projects,RIETI LEONOR,ACT,Not available (reason unspecified),batch_be
9780241379790,Stephen Biestys Cross Sections Castle,PLATT RICHARD,ACT,Not available (reason unspecified),batch_be
9780241438091,Stephen Hawking - A Memoir Of Friendship And Physics,MLODINOW LEONARD,ACT,Not available (reason unspecified),batch_be
9781419735417,Sticker Yourself Calm - Makes 14 Sticker-by-Number Pictures: Remove the Pages to Create Ready-to-Frame Art!,ABRAMS NOTERIE,ACT,"Not available, publisher indicates OP",batch_be
9781920785062,Still Caring - Supporting Older People,FLYNN LYNDIS,ACT,Not available (reason unspecified),batch_be
9780947518110,Stolen Island - Searching For Ata - BWB Texts,HAMILTON SCOTT,ACT,Not available (reason unspecified),batch_be
9781804541807,Stone,HAWKINS FINBAR,ACT,"Not available, publisher indicates OP",batch_be
9780522879810,Stopping Oil -  Climate Justice and Hope,BOND SOPHIE,ACT,Not available (reason unspecified),batch_be
9781398503748,Stories I Might Regret Telling You,WAINWRIGHT MARTHA,ACT,Not available (reason unspecified),batch_be
9781784873080,Story of a Life - Volumes 1-3,PAUSTOVSKY KONSTANTIN,ACT,Not available (reason unspecified),batch_be
9781776890774,Stranded,KEEGAN LINDA JANE,ACT,Not available (reason unspecified),batch_be
9781782277125,Strange Bliss - Essential Stories,MANSFIELD KATHERINE,ACT,"Not available, publisher indicates OP",batch_be
9781839644764,Strange Case of Dr Jekyll and Mr Hyde and Other Tales,STEVENSON ROBERT LOUIS,ACT,Not available (reason unspecified),batch_be
9780062133458,Streets Of Fire - Bruce Springsteen In Photographs And Lyrics 1977-1979,MEOLA ERIC,ACT,Not available (reason unspecified),batch_be
9780241674857,Struggle for Taiwan - A History,KHAN SULMAAN WASIF,ACT,Not available (reason unspecified),batch_be
9781761047015,Sugar Palace,MCINTOSH FIONA,ACT,Not available (reason unspecified),batch_be
9780947518301,Sugar Rum And Tobacco - BWB Texts,BERRIDGE MIKE,ACT,Not available (reason unspecified),batch_be
9780143774013,Summer With Simon Gault,GAULT SIMON,ACT,Not available (reason unspecified),batch_be
9780241627686,Sun And The Star - From the World of Percy Jackson,RIORDAN RICK,ACT,Not available (reason unspecified),batch_be
9780008537920,Sunday Times Cryptic Crossword Book 2 -  100 challenging crossword puzzles,THE TIMES MIND GAMES,ACT,Not available (reason unspecified),batch_be
9780008404239,Sunday Times Jumbo General Knowledge Crossword Book 2,THE TIMES MIND GAMES,ACT,Not available (reason unspecified),batch_be
9780008617967,Sunday Times Teasers Book 2 - Challenge yourself with 100 lateral-thinking puzzles,THE TIMES MIND GAMES,ACT,Not available (reason unspecified),batch_be
9781804171912,Sunny Yellow Artisan Sketch Book,FLAME TREE STUDIO,ACT,Not available (reason unspecified),batch_be
9781804960981,Super Agers - An Evidence-Based Approach to Longevity,TOPOL ERIC,ACT,Not available (reason unspecified),batch_be
9781847943835,Supercommunicators - How to Unlock the Secret Language of Connection,DUHIGG CHARLES,ACT,Not available (reason unspecified),batch_be
9781779514271,Superman -  Action Comics Vol 1 -  Warworld Rising,JOHNSON PHILLIP KENNEDY,ACT,Not available (reason unspecified),batch_be
9781668034712,Sure Ill Join Your Cult - A Memoir of Mental Illness and the Quest to Belong Anywhere,BAMFORD MARIA,ACT,Not available (reason unspecified),batch_be
9781787636309,Survivor,LEWKOWICZ JOSEF,ACT,Not available (reason unspecified),batch_be
9781776890347,Sustain - Plant Based Food For Active People,DONOGHUE BROOKE,ACT,Not available (reason unspecified),batch_be
9781782278115,Swann in Love,PROUST MARCEL,ACT,"Not available, publisher indicates OP",batch_be
9780241663073,Sweden - Eyewitness Travel Guide,EYEWITNESS TRAVEL GUIDE,ACT,Not available (reason unspecified),batch_be
9780736054362,Swimming To Success,THOMAS DAVID G,ACT,Not available (reason unspecified),batch_be
9780241664520,Switzerland - Eyewitness Travel Guide,EYEWITNESS TRAVEL GUIDE,ACT,Not available (reason unspecified),batch_be
9780241694299,Taiwan Story - How a Small Island Will Dictate the Global Future,BROWN KERRY,ACT,Not available (reason unspecified),batch_bf
9780241705384,Tale of a Wall -  Reflections on Hope and Freedom,SROUR NASSER ABU,ACT,Not available (reason unspecified),batch_bf
9780241324301,Tale Of Peter Rabbit - Gift Edition,POTTER BEATRIX,ACT,Not available (reason unspecified),batch_bf
9780241364635,Tale Of Peter Rabbit - Moon Landing Anniversary Edition,POTTER BEATRIX,ACT,Not available (reason unspecified),batch_bf
9780552998765,Tales Of The City - 1 Tales Of The City,MAUPIN ARMISTEAD,ACT,Not available (reason unspecified),batch_bf
9780241741498,Tank - The 10 War Machines That Changed the World and the Remarkable Men Behind Them,URBAN MARK,ACT,Not available (reason unspecified),batch_bf
9781776890873,Tawatawa 1st XV,ABRAMS HANNAH,ACT,Not available (reason unspecified),batch_bf
9780143779469,Te Taniwha I Wharewaretia - The Forgotten Taniwha,KAHUKIWA ROBYN,ACT,Not available (reason unspecified),batch_bf
9780995115422,Teaching Life,WHITE CAROL,ACT,No longer supplied by the supplier,batch_bf
9781847927286,Technofeudalism - What Killed Capitalism,VAROUFAKIS YANIS,ACT,Not available (reason unspecified),batch_bf
9781761069994,Tell No One,WATKINS BRENDAN,ACT,Not available (reason unspecified),batch_bf
9781847926982,Ten Trips - New Reality Of Psychedelics,MITCHELL ANDY,ACT,Not available (reason unspecified),batch_bf
9780141397245,Terrors Of The Night - 30 Penguin Little Black Classics,NASHE THOMAS,ACT,Not available (reason unspecified),batch_bf
9780008695477,Testimonies,OBRIAN PATRICK,ACT,Not available (reason unspecified),batch_bf
9781529118599,That Reminds Me,OWUSU DEREK,ACT,Not available (reason unspecified),batch_bf
9781409506263,Thats Not My Baby - Boy - Usborne Touchy Feely Book,USBORNE,ACT,Not available (reason unspecified),batch_bf
9781409506256,Thats Not My Baby - Girl - Usborne Touchy Feely Book,USBORNE,ACT,Not available (reason unspecified),batch_bf
9780746062609,Thats Not My Fairy - Touchy Feely Books,USBORNE,ACT,Not available (reason unspecified),batch_bf
9780008518981,Theory Of Everything Else,SCHREIBER DAN,ACT,Not available (reason unspecified),batch_bf
9780241642566,Therapeutic Journey - Lessons from the School of Life,DE BOTTON ALAIN,ACT,Not available (reason unspecified),batch_bf
9780241435021,There Are Rivers In The Sky,SHAFAK ELIF,ACT,Not available (reason unspecified),batch_bf
9780241357781,Theres a Superhero in Your Book,FLETCHER TOM,ACT,Not available (reason unspecified),batch_bf
9781776561957,Theres No Place Like The Internet In Springtime,KENNEDY ERIK,ACT,"Not available, publisher indicates OP",batch_bf
9781405938327,Things My Son Needs To Know About The World,BACKMAN FREDRIK,ACT,Not available (reason unspecified),batch_bg
9780008329693,Things They Carried,OBRIEN TIM,ACT,Not available (reason unspecified),batch_bg
9780857506115,Think Again,WILSON JACQUELINE,ACT,Not available (reason unspecified),batch_bg
9780753553893,Think Again - The Power Of Knowing What You Dont Know,GRANT ADAM,ACT,Not available (reason unspecified),batch_bg
9781529909456,This Is Why You Dream -  What your sleeping brain reveals about your waking life,JANDIAL RAHUL,ACT,Not available (reason unspecified),batch_bg
9780241530795,This Is Your Mind On Plants - Opium-Caffeine-Mescaline,POLLAN MICHAEL,ACT,Not available (reason unspecified),batch_bg
9781761343490,This Kingdom of Dust,DYER DAVID,ACT,Not available (reason unspecified),batch_bg
9781529152548,This Other Eden,HARDING PAUL,ACT,Not available (reason unspecified),batch_bg
9780994135407,Three Cities - BWB Texts,ORAM ROD,ACT,Not available (reason unspecified),batch_bg
9781626860551,Three Musketeers,DUMAS ALEXANDRE,ACT,Not available (reason unspecified),batch_bg
9781800753044,Three Tales of My Father's Dragon,GANNETT RUTH STILES,ACT,Not available (reason unspecified),batch_bg
9781922616265,Thrifty Gardening -  Money Saving Tips And Know How For A Flourishing Garden,VICTORIA COUNTRY WOMEN'S ASSOCIATION,ACT,"Not available, publisher indicates OP",batch_bg
9781846045387,Tibetan Book Of Living And Dying - 25th Anniversary Edition,RIGPA FELLOWSHIP,ACT,Not available (reason unspecified),batch_bg
9781787333840,Time Is A Mother,VUONG OCEAN,ACT,Not available (reason unspecified),batch_bg
9780008472696,Times Big Book of Killer Su Doku book 2: 360 lethal Su Doku puzzles (The Times Su Doku),THE TIMES MIND GAMES,ACT,Not available (reason unspecified),batch_bg
9780008409289,Times Concise Atlas of the World - 14th Edition,TIMES ATLASES,ACT,Not available (reason unspecified),batch_bg
9780008241216,Times Fiendish Su Doku Book 11,THE TIMES MIND GAMES,ACT,Not available (reason unspecified),batch_bg
9780008342883,Times Fiendish Su Doku Book 13,THE TIMES MIND GAMES,ACT,Not available (reason unspecified),batch_bg
9780008409333,Times Great Quotations - Famous Quotes To Inform Motivate And Inspire,OWEN JAMES,ACT,Not available (reason unspecified),batch_bg
9780008285470,Times Killer Su Doku Book 15,THE TIMES MIND GAMES,ACT,Not available (reason unspecified),batch_bg
9780008241193,Times Ultimate Killer Su Doku Book 10,THE TIMES MIND GAMES,ACT,Not available (reason unspecified),batch_bg
9780008320317,Times Universal Atlas of the World,TIMES ATLASES,ACT,Not available (reason unspecified),batch_bg
9780008351786,Times World Atlas Puzzle Book - Put your knowledge of the world to the ultimate test (The Times Puzzle Books),MOORE GARETH,ACT,Not available (reason unspecified),batch_bg
9780593115053,Tiny Chef And Da Mishing Weshipee Blook,AKTURK OZI / LARSEN RACHEL,ACT,Not available (reason unspecified),batch_bg
9781440333163,Tiny House Living - Ideas for Building and Living Well in Less than 400 Square Feet,MITCHELL RYAN,ACT,Not available (reason unspecified),batch_bg
9780241542422,To Boldly Go Where No Book Has Gone Before - A Joyous Journey Through All of Science,ONEILL LUKE,ACT,Not available (reason unspecified),batch_bg
9780241612194,Tokyo - Top 10 Eyewitness Travel Guide,EYEWITNESS TRAVEL GUIDES,ACT,Not available (reason unspecified),batch_bg
9781786787347,Toltec Legacy -  Wisdom to Live by in the New Dawn,RODRIGUEZ MICHELLE,ACT,Not available (reason unspecified),batch_bg
9780241651759,Too Late to Awaken -  What Lies Ahead When There is No Future?,ZIZEK SLAVOJ,ACT,Not available (reason unspecified),batch_bg
9780099452294,Touching The Void,SIMPSON JOE,ACT,Not available (reason unspecified),batch_bg
9781776890217,Touring Edwardian New Zealand,MOON PAUL,ACT,Not available (reason unspecified),batch_bg
9780241681954,Tractatus Logico-Philosophicus - The New Translation,WITTGENSTEIN LUDWIG,ACT,Not available (reason unspecified),batch_bg
9780553533408,Train to Timbuctoo,BROWN MARGARET WISE,ACT,Not available (reason unspecified),batch_bg
9781988545738,Transforming The Welfare State - 2019,BOSTON JONATHAN,ACT,Not available (reason unspecified),batch_bh
9781785152627,Transient Desires - 30 Brunetti,LEON DONNA,ACT,Not available (reason unspecified),batch_bh
9780008351793,Travel Journal - Times Atlas Of The World Travel Journal,TIMES ATLASES,ACT,Not available (reason unspecified),batch_bh
9780473182748,Travellers Must Be Content,WATSON NELL,ACT,Not available (reason unspecified),batch_bh
9780486460161,Treasury Of Ornamental Ironwork - 16th To 18th Centuries,ROEPER ADALBERT,ACT,No longer supplied by the supplier,batch_bh
9781927131381,Treaty Of Waitangi Settlements,HAYWARD JANINE,ACT,Not available (reason unspecified),batch_bh
9780008520779,Tremors In The Blood - Murder Obsession And The Birth Of The Lie Detector,KATWALA AMIT,ACT,Not available (reason unspecified),batch_bh
9780008477899,Trials of Life - A Natural History of Animal Behaviour,ATTENBOROUGH DAVID,ACT,Not available (reason unspecified),batch_bh
9781534450240,Trouble Island - 22,DIXON FRANKLIN  W,ACT,Not available (reason unspecified),batch_bh
9780241648711,Troublemakers - 3,MERCHANT TAMZIN,ACT,Not available (reason unspecified),batch_bh
9781869538255,Trout Dreams - A True Romance Of Fly Fishing In New Zealand,GRZELEWSKI DEREK,ACT,Not available (reason unspecified),batch_bh
9781529913651,Tupac Shakur,ROBINSON STACI,ACT,Not available (reason unspecified),batch_bh
9780008270797,Turkish Dictionary - Collins Gem Mini,COLLINS DICTIONARIES,ACT,Not available (reason unspecified),batch_bh
9781398514508,Turnglass,RUBIN GARETH,ACT,Not available (reason unspecified),batch_bh
9781439732120,Turquoise Chronicles Grande Unlined,PAPERBLANKS,ACT,Not available (reason unspecified),batch_bh
9780241477496,Twat Files,FRENCH DAWN,ACT,Not available (reason unspecified),batch_bh
9780521008204,Twelfth Night - Cambridge Student Guide,CAMBRIDGE STUDENT GUIDE,ACT,Not available (reason unspecified),batch_bh
9781607105497,Twenty Thousand Leagues Under The Sea,VERNE JULES,ACT,Not available (reason unspecified),batch_bh
9780141361628,Twits,DAHL ROALD,ACT,Not available (reason unspecified),batch_bh
9780008537739,Two Towers - New TV Cover,TOLKIEN J R R,ACT,Not available (reason unspecified),batch_bh
9781788162074,Two-Way Mirror - The Life of Elizabeth Barrett Browning,SAMPSON FIONA,ACT,"Not available, publisher indicates OP",batch_bh
9780241536001,Typhoon,SUTTON MIKE,ACT,Not available (reason unspecified),batch_bh
9780994117298,Udon by the Remarkables - 2016,MOLLOY HARVEY,ACT,Not available (reason unspecified),batch_bh
9780241471265,Ultimate Harley Davidson,WILSON HUGO,ACT,Not available (reason unspecified),batch_bh
9781529903591,Ultra Processed People - Why Do We All Eat Stuff That Isn't Food ... and Why Can't We Stop?,TULLEKEN CHRIS VAN,ACT,Not available (reason unspecified),batch_bh
9780141996905,Uncanny and Improbable Events - Penguin Green Ideas,GHOSH AMITAV,ACT,Not available (reason unspecified),batch_bh
9781038901170,Uncharted Flight of Olivia West,ACKERMAN SARA,ACT,Not available (reason unspecified),batch_bh
9781474950541,Underpants for Ants,PUNTER RUSSELL,ACT,Not available (reason unspecified),batch_bh
9781760641887,Unfinished Business - Notes Of A Chronic Re-Reader,GORNICK VIVIAN,ACT,Not available (reason unspecified),batch_bh
9780241640692,Unforgettable Loretta Darling,BLAKE KATHERINE,ACT,Not available (reason unspecified),batch_bh
9781405968874,Universal History of Us -  A 13.8 billion year tale from the Big Bang to you,COULSON TIM,ACT,Not available (reason unspecified),batch_bh
9780857528438,Unlawful Killings - Life Love And Murder - Trials At The Old Bailey,JOSEPH WENDY QC,ACT,Not available (reason unspecified),batch_bh
9781529912852,Unscripted,STEWART JAMES,ACT,Not available (reason unspecified),batch_bh
9781761100758,Unsheltered,MOLETA CLARE,ACT,Not available (reason unspecified),batch_bh
9780241667798,Unstoppable Us Volume 2 -  Why the World Isn't Fair,HARARI YUVAL NOAH,ACT,Not available (reason unspecified),batch_bh
9781401963484,Upgrade Your Immunity With Herbs - Herbal Tonics Broths Brews And Elixirs To Supercharge Your Immune System,MERCOLA JOSEPH,ACT,Not available (reason unspecified),batch_bh
9781988595146,Upturned,MCKENZIE COOKE KAY,ACT,No longer supplied by the supplier,batch_bh
9781409546962,Usborne Illustrated Dictionary Of Maths,USBORNE,ACT,Not available (reason unspecified),batch_bh
9781915998798,Valley - 3 Glacian Trilogy,MCEWAN STACEY,ACT,Not available (reason unspecified),batch_bh
9780241668566,Vancouver And Vancouver Island - Top 10 Eyewitness Travel Guide,EYEWITNESS TRAVEL GUIDE,ACT,Not available (reason unspecified),batch_bh
9788412155020,Venice in Silence,WAGNER GABY,ACT,Not available (reason unspecified),batch_bi
9781615641833,Vertical Vegetable Gardening - A Living Free Guide,MCLAUGHLIN CHRIS,ACT,Not available (reason unspecified),batch_bi
9780753559970,Vertigo - The Rise and Fall of Weimar Germany,JAHNER HARALD,ACT,Not available (reason unspecified),batch_bi
9781529060577,Very Short History Of Life On Earth,GEE HENRY,ACT,"Not available, publisher indicates OP",batch_bi
9788854415751,Vespa - Style and Passion,CORDARA STEANO,ACT,Not available (reason unspecified),batch_bi
9780063038011,Vessel - A Memoir,CAI CHONGDA,ACT,Not available (reason unspecified),batch_bi
9780241618752,Vienna - Top 10 Eyewitness Travel Guide,EYEWITNESS TRAVEL GUIDES,ACT,Not available (reason unspecified),batch_bi
9780143771845,View From The South,MARSHALL OWEN,ACT,Not available (reason unspecified),batch_bi
9781789895889,Vikings - 100 Facts,,ACT,No longer supplied by the supplier,batch_bi
9781869539146,Vintage Car Collections,REID S,ACT,Not available (reason unspecified),batch_bi
9781620330548,Vintage Quilt Revival - 22 Modern Designs From Classic Blocks,CLARK BLAKESLEY KATIE,ACT,Not available (reason unspecified),batch_bi
9780241537374,Visionaries - Arendt Beauvoir Rand Weil And The Salvation Of Philosophy,EILENBERGER WOLFRAM,ACT,Not available (reason unspecified),batch_bi
9781877096396,Vo Rogue Show,SMALL LYNLEA,ACT,Not available (reason unspecified),batch_bi
9781869403379,Voice Carried My Family,SULLIVAN ROBERT,ACT,"Not available, publisher indicates OP",batch_bi
9780241723609,Voices of the Fallen Heroes - And Other Stories,MISHIMA YUKIO,ACT,Not available (reason unspecified),batch_bi
9780713653588,Volleyball - Know the Game,ENGLISH VOLLEYBALL ASSOCIATION,ACT,"Not available, publisher indicates OP",batch_bi
9780241568255,Voyage Home - 3 Troy,BARKER PAT,ACT,Not available (reason unspecified),batch_bi
9780007323104,Voyage Of The Dawn Treader - 5 Chronicles Of Narnia,LEWIS C S,ACT,Not available (reason unspecified),batch_bi
9781838930486,Voyagers - Settlement Of The Pacific,THOMAS NICHOLAS,ACT,"Not available, publisher indicates OP",batch_bi
9781665917438,Wakers,CARD ORSON SCOTT,ACT,Not available (reason unspecified),batch_bi
9780008430191,Walking The Invisible,STEWART MICHAEL,ACT,Not available (reason unspecified),batch_bi
9781846045578,Walks In The Wild - A Guide Through The Forest With Peter Wohlleben,WOHLLEBEN PETER,ACT,Not available (reason unspecified),batch_bi
9781787304567,Wandering Stars,ORANGE TOMMY,ACT,Not available (reason unspecified),batch_bi
9781529153422,Wandering Through Life - A Memoir,LEON DONNA,ACT,Not available (reason unspecified),batch_bi
9781839644795,War of the Worlds and Other Tales,WELLS H G,ACT,Not available (reason unspecified),batch_bi
9780141023113,War Talk - Penguin 70,BARKER PAT,ACT,Not available (reason unspecified),batch_bi
9780873497510,Warmans Fiesta Ware - Identification and Price Guide,MORAN MARK F,ACT,Not available (reason unspecified),batch_bi
9781594749292,Warren The 13th and the Whispering Woods - 2 Warren the 13th,DEL RIO TANIA,ACT,Not available (reason unspecified),batch_bi
9781988538082,Warriors - Celebrating 25 Years of the New Zealand Warriors,WILL EVANS,ACT,Not available (reason unspecified),batch_bi
9780241621288,Washington DC - Top 10 Eyewitness Travel Guide,EYEWITNESS TRAVEL GUIDES,ACT,Not available (reason unspecified),batch_bi
9780804840958,Water Margin - Outlaws of the Marsh,NAIAN SHI,ACT,Not available (reason unspecified),batch_bi
9781591866442,Water Smart Gardening - Save Water Save Money And Grow The Garden You Want,MARANHAO DIANA,ACT,Not available (reason unspecified),batch_bi
9780702259999,Waterhole,BELL FIONA,ACT,Not available (reason unspecified),batch_bi
9780007575572,Waves Across the South -  A New History of Revolution and Empire,SIVASUNDARAM SUJIT,ACT,Not available (reason unspecified),batch_bi
9780008566524,Wayfarer - Love Loss and Life on Britain's Ancient Paths,SMITH PHOEBE,ACT,Not available (reason unspecified),batch_bi
9780241469651,Ways Of Being - Beyond Human Intelligence,BRIDLE JAMES,ACT,Not available (reason unspecified),batch_bi
9781787332522,We Are Free to Change the World - Hannah Arendt's Lessons in Love and Disobedience,STONEBRIDGE LYNDSEY,ACT,Not available (reason unspecified),batch_bi
9781760642495,We Hominids - An Anthropological Detective Story,WESTERMAN FRANK,ACT,Not available (reason unspecified),batch_bi
9781668001097,We Never Die - Secrets of the Afterlife,FRASER MATT,ACT,Not available (reason unspecified),batch_bi
9781405953269,We Should Not Be Friends -  The Story of An Unlikely Friendship,SCHWALBE WILL,ACT,Not available (reason unspecified),batch_bi
9781507210765,Wedding Toasts 101 - The Guide to the Perfect Wedding Speech,HONSBERGER PETE,ACT,Not available (reason unspecified),batch_bi
9780908319077,Weekday Meals in Minutes - Everyday Easy,HOLST ALISON,ACT,Not available (reason unspecified),batch_bi
9781927305836,Wekas Waiata - Trilingual Ed,ROBINSON NIKKI,ACT,Not available (reason unspecified),batch_bi
9780241619018,Well Lived Life - A 102 Year Old Doctors Six Secrets to Health and Happiness at Every Age,MCGAREY GLADYS,ACT,Not available (reason unspecified),batch_bi
9781927277607,Wellbeing Economics - BWB Texts,DALZEIL PAUL / SAUNDERS CAROLINE,ACT,Not available (reason unspecified),batch_bi
9780947503819,Whale Oil,THOMSON MARGIE,ACT,Not available (reason unspecified),batch_bj
9780241521397,What Beauty There Is,ANDERSON CORY,ACT,Not available (reason unspecified),batch_bj
9780008404598,What Can I Do - The Truth About Climate Change And How To Fix It,FONDA JANE,ACT,Not available (reason unspecified),batch_bj
9781988550121,What Happened To The Moa,BARRAUD NED,ACT,Not available (reason unspecified),batch_bj
9781988550138,What Happened To the Moa,BARRAUD NED,ACT,Not available (reason unspecified),batch_bj
9781405271806,What Katy Did,COOLIDGE SUSAN,ACT,Not available (reason unspecified),batch_bj
9781529069495,What Strange Paradise,AKKAD OMAR EL,ACT,"Not available, publisher indicates OP",batch_bj
9781035035199,What The Ladybird Heard - 15th Anniversary Edition,DONALDSON JULIA,ACT,Cancelled,batch_bj
9780008252618,What Was I Scared Of?,SEUSS DR,ACT,Not available (reason unspecified),batch_bj
9780241595763,What Went Wrong With Capitalism,SHARMA RUCHIR,ACT,Not available (reason unspecified),batch_bj
9780593176474,Whats Inside A Flower? - And Other Questions About Science and Nature,IGNOTOFSKY RACHEL,ACT,Not available (reason unspecified),batch_bj
9781927305676,When Darkness Stays - Hohepa Kereopa And A Tuhoe Oral History,MOON PAUL,ACT,Not available (reason unspecified),batch_bj
9780008454654,When Fishes Flew - The Story of Elena's War,MORPURGO MICHAEL,ACT,Not available (reason unspecified),batch_bj
9781471192937,When Time Stopped - A Memoir Of My Fathers War And What Remains,NEUMANN ARIANA,ACT,Not available (reason unspecified),batch_bj
9781405280853,When We Were Very Young - Egmont Classics Edition,MILNE A A / SHEPARD E H,ACT,Not available (reason unspecified),batch_bj
9781761347832,Where Is The Green Sheep - Celebration Book,FOX MEM,ACT,Not available (reason unspecified),batch_bj
9789401478335,Where We Work - Home Offices,BOGAERTS AN,ACT,Not available (reason unspecified),batch_bj
9781398501973,White Feminism,BECK KOA,ACT,Not available (reason unspecified),batch_bj
9780241628973,White Holes - Inside the Horizon,ROVELLI CARLO,ACT,Not available (reason unspecified),batch_bj
9781471157653,White Line Fever - Lemmy - The Autobiography,KILMISTER LEMMY,ACT,Not available (reason unspecified),batch_bj
9781742972961,Who Could That Be At This Hour - 1 All The Wrong Questions,SNICKET LEMONY,ACT,Not available (reason unspecified),batch_bj
9780241595824,Whos Afraid Of Gender,BUTLER JUDITH,ACT,Not available (reason unspecified),batch_bj
9780241407493,Why Empires Fall - Rome America And The Future Of The West,RAPLEY JOHN,ACT,Not available (reason unspecified),batch_bj
9780241461419,Why Is Blood Red?,DK,ACT,Not available (reason unspecified),batch_bj
9780241517635,Why Politics Fails - Five Traps Of The Modern World And How To Escape Them,ANSELL BEN,ACT,Not available (reason unspecified),batch_bj
9780908321650,Why Science is Sexist - BWB Texts,GASTON NICOLA,ACT,Not available (reason unspecified),batch_bj
9780241567609,Why War?,OVERY RICHARD,ACT,Not available (reason unspecified),batch_bj
9780241444511,Why We Fight -  The Roots of War and the Paths to Peace,BLATTMAN CHRISTOPHER,ACT,Not available (reason unspecified),batch_bj
9780241437339,Wide Wide Sea,SIDES HAMPTON,ACT,Not available (reason unspecified),batch_bj
9780224101660,Wild Houses,BARRETT COLIN,ACT,Not available (reason unspecified),batch_bj
9780593618097,Wild Places - The Life of Naturalist David Attenborough,ROCCO HAYLEY,ACT,Not available (reason unspecified),batch_bj
9781398508651,Wilderness Cure,WILDE MO,ACT,Not available (reason unspecified),batch_bj
9781529124163,Will,SMITH WILL,ACT,Not available (reason unspecified),batch_bj
9780008353797,Winnie And Nelson - Portrait Of A Marriage,STEINBERG JONNY,ACT,Not available (reason unspecified),batch_bj
9781405281317,Winnie The Pooh,MILNE A A,ACT,Not available (reason unspecified),batch_bj
9780755500734,Winnie The Pooh - Once There Was a Bear - Tales of Before it all Began,RIORDAN JANE,ACT,Not available (reason unspecified),batch_bj
9781398501911,Winning - The Unforgiving Race to Greatness,GROVER TIM S,ACT,Not available (reason unspecified),batch_bj
9781760850227,Winter Dress,CHATER LAUREN,ACT,Not available (reason unspecified),batch_bj
9781776561681,Wise Adventure II,TEMPLTON MALCOLM,ACT,"Not available, publisher indicates OP",batch_bk
9781761066665,Wise Quackers - 3 The Super Adventures of Ollie and Bea,TREML RENEE,ACT,Not available (reason unspecified),batch_bk
9781869715250,Witching Tide,MEYER MARGARET,ACT,"Not available, publisher indicates OP",batch_bk
9781787302273,Without Ever Reaching the Summit - A Himalayan Journey,COGNETTI PAOLO,ACT,Not available (reason unspecified),batch_bk
9780994117281,Withstanding,JACOBS  HELEN,ACT,Not available (reason unspecified),batch_bk
9781607109433,Wizard of Oz,BAUM L FRANK,ACT,Not available (reason unspecified),batch_bk
9781805330943,Wizard of the Kremlin,DA EMPOLI GIULIANO,ACT,"Not available, publisher indicates OP",batch_bk
9780008513429,Woke Up This Morning - The Definitive Oral History Of The Sopranos,IMPERIOLI MICHAEL,ACT,Not available (reason unspecified),batch_bk
9780007230204,Wolf Hall - 1 The Wolf Hall Trilogy,MANTEL HILARY,ACT,Not available (reason unspecified),batch_bk
9781911358619,Wolf Hall Companion,MACKAY LAUREN,ACT,Not available (reason unspecified),batch_bk
9780008530341,Wolf Hall Picture Book,MANTEL HILARY,ACT,Not available (reason unspecified),batch_bk
9780008244453,Wolf Within - The Astonishing Evolution Of Mans Best Friend,SYKES BRYAN,ACT,Not available (reason unspecified),batch_bk
9781302921828,Wolverine By Benjamin Percy Vol 1,PERCY BENJAMIN,ACT,Not available (reason unspecified),batch_bk
9781787303355,Wolves of Eternity,KNAUSGAARD KARL OVE,ACT,Not available (reason unspecified),batch_bk
9780241536414,Woman Like Me  -  A Memoir,ABBOTT DIANE,ACT,Not available (reason unspecified),batch_bk
9780241368381,Wonder - The Complete Collection,PALACIO R J,ACT,Not available (reason unspecified),batch_bk
9780552574747,Wonder Journal,PALACIO R J,ACT,Not available (reason unspecified),batch_bk
9780857525796,Woodston - The Biography Of An English Farm,LEWIS-STEMPEL JOHN,ACT,Not available (reason unspecified),batch_bk
9780241448816,Word - On the Translation of the Bible,BARTON JOHN,ACT,Not available (reason unspecified),batch_bk
9780898158090,Wordless Travel Book - Point at These Pictures to Communicate with Anyone,MEADER JONATHAN,ACT,Not available (reason unspecified),batch_bk
9781411470965,World Map - Spark Charts,SPARK CHARTS,ACT,Not available (reason unspecified),batch_bk
9780241400753,World of Avatar - A Visual Exploration,IZZO JOSHUA,ACT,Not available (reason unspecified),batch_bk
9781786030832,World Of Birds - Sounds of Nature,HUNTER ROBERT FRANK,ACT,"Not available, publisher indicates OP",batch_bk
9781922785978,World of Italian Folk Magic - Magical and herbal cures from the wise women of Italy,INSERRA ROSE,ACT,Not available (reason unspecified),batch_bk
9781616555016,World Of Thedas - 2 Dragon Age,VARIOUS,ACT,Not available (reason unspecified),batch_bk
9780008197049,Worlds Worst Children - 1 Worlds Worst Children,WALLIAMS DAVID,ACT,Not available (reason unspecified),batch_bk
9780008259679,Worlds Worst Children 2,WALLIAMS DAVID,ACT,Not available (reason unspecified),batch_bk
9780008524999,Worst Girl Gang Ever - A Survival Guide for Navigating Miscarriage and Pregnancy Loss,GUNN BEX,ACT,Not available (reason unspecified),batch_bk
9781844131037,Worst Journey in the World,CHERRY-GARRARD APSLEY,ACT,Not available (reason unspecified),batch_bk
9780141349626,Worst Witch All at Sea,MURPHY JILL,ACT,Not available (reason unspecified),batch_bk
9780141349633,Worst Witch Saves the Day,MURPHY JILL,ACT,Not available (reason unspecified),batch_bk
9780141349640,Worst Witch To The Rescue,MURPHY JILL,ACT,Not available (reason unspecified),batch_bk
9781760993924,Wreck Of Seabirds,OLSON KARLEAH,ACT,Not available (reason unspecified),batch_bk
9781474950879,Write Your Own Poems,USBORNE,ACT,Not available (reason unspecified),batch_bk
9781684122882,Wuthering Heights,BRONTE EMILY,ACT,Not available (reason unspecified),batch_bk
9781912914333,You Matter -  The Human Solution,SMITH DELIA,ACT,Not available (reason unspecified),batch_bk
9780008407483,You Will Get Through This Night,HOWELL DANIEL,ACT,Not available (reason unspecified),batch_bk
9781760528270,Youngbloods -  Impostors 4,WESTERFELD SCOTT,ACT,Not available (reason unspecified),batch_bk
9781401944568,Your 3 Best Super Powers - Meditation Imagination And Intuition,CHOQUETTE SONIA,ACT,Not available (reason unspecified),batch_bk
9780143796817,Zero Waste Family - In thirty days,VANDYKE ANITA,ACT,Not available (reason unspecified),batch_bl
9781910218556,Zurich PopOut Map,POPOUT MAPS,ACT,Not available (reason unspecified),batch_bl
