isbn,title,bookscan_maincat,bookscan_subcat,bic_code,bic_tag,assessment,tags_to_add
9780141197494,Divine Comedy - Inferno Purgatorio Paradiso,Fiction,Classics,DCF,Poetry,ADD_SECONDARY,Poetry
9781982157463,Make Russia Great Again -  A Novel,Fiction,General Fiction,FHP,Thriller,RECLASSIFY,Thriller
9781849945257,Art Of Pressed Flowers And Leaves - Contemporary Techniques And Designs,,,WFW,Craft,RECLASSIFY,Craft
9781529014969,Butterfly Room,Fiction,Historical Fiction,FRH,Romance,ADD_SECONDARY,Romance
9780571362707,Snow,Fiction,General Fiction,FF,Crime Fiction,RECLASSIFY,Crime Fiction
9780473523671,Kiwi Runners Family Tree - Volume One - 1800s To 1999,Sport,General Sport And Fitness,BGS,Biography,ADD_SECONDARY,Biography
9780143795452,Champagne War,Fiction,Historical Fiction,FRH,Romance,ADD_SECONDARY,Romance
9780241996782,"AZADI - Fascism, Fiction and Freedom in the Time of the Virus",History And Politics,History,JPV,Politics,ADD_SECONDARY,Politics
9781509851300,Nothing Ventured - 1 William Warwick,Fiction,Historical Fiction,FFH,Crime Fiction,ADD_SECONDARY,Crime Fiction
9781760760816,Flower Expert - Ideas and inspiration for a life with flowers,,,WFW,Craft,RECLASSIFY,Craft
9780198614494,Little Oxford Thesaurus,Reference,General,CBF,Languages,RECLASSIFY,Languages
9780141984667,Government of No One - The Theory and Practice of Anarchism,History And Politics,History,JPFB,Politics,ADD_SECONDARY,Politics
9781911547600,Dry Heart,Fiction,General Fiction,FYT,Translated Fiction,RECLASSIFY,Translated Fiction
9781786496669,Fifty Years On -  The Troubles and the Struggle for Change in Northern Ireland,History And Politics,History,BM,Biography,ADD_SECONDARY,Biography
9782330120375,Nicole de Vesian - Gardens - Modern Design in Provence,,,AMV,Architecture,RECLASSIFY,Architecture
9780199534821,Pocket Oxford Thesaurus,Reference,Thesaurus,CBF,Languages,ADD_SECONDARY,Languages
9780199607914,Colour Oxford English Dictionary,Reference,Dictionaries,CBD,Languages,ADD_SECONDARY,Languages
9780198614494,Little Oxford Thesaurus,Reference,Thesaurus,CBF,Languages,ADD_SECONDARY,Languages
9780199601080,Concise Oxford English Dictionary,Reference,Dictionaries,CBD,Languages,ADD_SECONDARY,Languages
9780199571123,Oxford Dictionary of English,Reference,Dictionaries,CBD,Languages,ADD_SECONDARY,Languages
9781760642228,Australia And New Zealand - Quarterly Essay 80,History And Politics,History,JPB,Politics,ADD_SECONDARY,Politics
9780099580881,Officer And A Spy,Fiction,Crime Fiction,FV,Historical Fiction,ADD_SECONDARY,Historical Fiction
9781922400277,Dictionary Of Lost Words,Fiction,General Fiction,FV,Historical Fiction,RECLASSIFY,Historical Fiction
9781529349795,Dolly Parton - Songteller My Life in Lyrics,The Arts,Music And Performing Arts,BGFA,Biography,ADD_SECONDARY,Biography
9781780724829,Wake Up Call - Why The Pandemic Has Exposed The Weakness Of The West And How To Fix It,History And Politics,History,JP,Politics,ADD_SECONDARY,Politics
9780199640942,Paperback Oxford English Dictionary,Reference,Dictionaries,CBD,Languages,ADD_SECONDARY,Languages
9781853267871,Inferno,Fiction,Classics,DCF,Poetry,ADD_SECONDARY,Poetry
9780198705185,Oxford Dictionary of Synonyms and Antonyms,Reference,Dictionaries,CBF,Languages,ADD_SECONDARY,Languages
9780747568766,Just Kids,The Arts,Music And Performing Arts,BGFA,Biography,ADD_SECONDARY,Biography
9781501103766,This Was Not the Plan,Fiction,General Fiction,FR,Romance,RECLASSIFY,Romance
9780857503626,Past Tense - 23 Jack Reacher,Fiction,Crime Fiction,FH,Thriller,ADD_SECONDARY,Thriller
9780857503619,Midnight Line - 22 Jack Reacher,Fiction,Crime Fiction,FH,Thriller,ADD_SECONDARY,Thriller
9781474618267,My Life In Red And White,Sport,General Sport And Fitness,BGSA,Biography,ADD_SECONDARY,Biography
9780241502204,Breathless,Fiction,General Fiction,YFM,"Childrens Fiction, Romance",RECLASSIFY,"Childrens Fiction, Romance"
9780008409333,Times Great Quotations - Famous Quotes To Inform Motivate And Inspire,Reference,General,CB,Languages,RECLASSIFY,Languages
9780099549482,To Kill A Mockingbird - 50th Anniversary Edition,Fiction,General Fiction,FC,Classics,RECLASSIFY,Classics
9780199230884,Oxford Dictionary and Thesaurus,Reference,Dictionaries,CBD,Languages,ADD_SECONDARY,Languages
9780199534814,Little Oxford Dictionary and Thesaurus,Reference,Thesaurus,CBD,Languages,ADD_SECONDARY,Languages
9780199534814,Little Oxford Dictionary and Thesaurus,Reference,Dictionaries,CBD,Languages,ADD_SECONDARY,Languages
9780141395432,Burmese Days,Fiction,General Fiction,FC,Classics,RECLASSIFY,Classics
9780063011953,News Of The World - Film Tie In,Fiction,General Fiction,FV,Historical Fiction,RECLASSIFY,Historical Fiction
9781529014969,Butterfly Room,Fiction,General Fiction,FRH,Romance,RECLASSIFY,Romance
9781849944519,100 Books That Changed The World,Reference,General,HBG,History,RECLASSIFY,History
9781797205465,Working From Home With A Cat,Fiction,General Fiction,WH,Humour,RECLASSIFY,Humour
9781035034246,Fall Of Giants - 1 The Century Trilogy,Fiction,Crime Fiction,FV,Historical Fiction,ADD_SECONDARY,Historical Fiction
9781785781414,Fucking Apostrophes,Reference,General,CBG,Languages,RECLASSIFY,Languages
9781509523412,Should We Control World Population?,History And Politics,History,JPA,Politics,ADD_SECONDARY,Politics
9781783965298,Secret Life of Books - Why They Mean More Than Words,Reference,General,DSB,Classics,RECLASSIFY,Classics
9781782275862,At Night All Blood is Black,Fiction,General Fiction,FYT,Translated Fiction,RECLASSIFY,Translated Fiction
9781988592510,Bus Stops On The Moon,The Arts,Music And Performing Arts,BM,Biography,ADD_SECONDARY,Biography
9781460753569,Border,Fiction,Crime Fiction,FH,Thriller,ADD_SECONDARY,Thriller
9781408871775,Lincoln In The Bardo,Fiction,General Fiction,FV,Historical Fiction,RECLASSIFY,Historical Fiction
9781782276036,Kasebier Takes Berlin,Fiction,General Fiction,FC,Classics,RECLASSIFY,Classics
9780241416419,Nineteen Eighty Four,Fiction,General Fiction,FC,Classics,RECLASSIFY,Classics
9780140448061,Pillow Book - Penguin Black Classics,Fiction,Classics,DCF,Poetry,ADD_SECONDARY,Poetry
9780857503770,No Middle Name - The Complete Collected Jack Reacher Stories,Fiction,Crime Fiction,FH,Thriller,ADD_SECONDARY,Thriller
9781607107354,Persuasion,Fiction,Classics,FRH,Romance,ADD_SECONDARY,Romance
9781607109464,Emma,Fiction,Classics,FRH,Romance,ADD_SECONDARY,Romance
9781509532322,Literature - Why It Matters,Reference,General,DSB,Classics,RECLASSIFY,Classics
9780393356250,Odyssey,Fiction,Classics,DCF,Poetry,ADD_SECONDARY,Poetry
9781472223821,Hamnet,Fiction,General Fiction,FV,Historical Fiction,RECLASSIFY,Historical Fiction
9780349010168,"Woman Of No Importance - The Untold Story Of Virginia Hall, WWII's Most Dangerous Spy",History And Politics,History,BGH,Biography,ADD_SECONDARY,Biography
9781784883508,Resident Dog - Volume 2 -  Incredible Dogs and the International Homes They Live In,The Arts,Art,AJ,Photography,ADD_SECONDARY,Photography
9780099515050,Silver Pigs - 1,Fiction,Historical Fiction,FFH,Crime Fiction,ADD_SECONDARY,Crime Fiction
9781405942676,Prodigal Son - 6 Orphan X,Fiction,Crime Fiction,FHD,Thriller,ADD_SECONDARY,Thriller
9781509853342,Me - Elton John Official Autobiography,The Arts,Music And Performing Arts,BGFA,Biography,ADD_SECONDARY,Biography
9781787131200,Wreaths -  Fresh Foraged And Dried Floral Arrangements,,,WFW,Craft,RECLASSIFY,Craft
9780143775300,Family Trusts - Revised and Updated - The Must-Have New Zealand Guide,Sciences,Business,KFFD1,Economics,ADD_SECONDARY,Economics
9781913183950,Culture Warlords - My Journey into the Dark Web of White Supremacy,History And Politics,History,JPFQ,Politics,ADD_SECONDARY,Politics
9781784700447,Memory Police,Fiction,General Fiction,FH,Thriller,RECLASSIFY,Thriller
9781631066467,Complete Tales of HP Lovecraft - 3 Timeless Classics,Fiction,Classics,FKC,Horror,ADD_SECONDARY,Horror
9780141397603,Anthem For A Doomed Youth - 50 Penguin Little Black Classics,Fiction,Classics,DCF,Poetry,ADD_SECONDARY,Poetry
9781787302662,How To Spot A Fascist,History And Politics,History,JPFQ,Politics,ADD_SECONDARY,Politics
9780241443934,Colour Out Of Space,Fiction,Science Fiction and Fantasy,FKC,Horror,ADD_SECONDARY,Horror
9781624143649,"Foraged Flower Arranging - A Step-by-Step Guide to Creating Stunning Arrangements from Local, Wild Plants",,,WFW,Craft,RECLASSIFY,Craft
9783037681961,Pink Up Your Life - The World Of Pink Design,The Arts,Art,AMR,Architecture,ADD_SECONDARY,Architecture
9781473666566,My Garden World - The Natural Year,,,BM,Biography,RECLASSIFY,Biography
9781616898274,"Conservatory -  A Celebration of Architecture, Nature, and Light",,,AMC,Architecture,RECLASSIFY,Architecture
9780241453513,Nineteen Eighty Four,Fiction,General Fiction,FC,Classics,RECLASSIFY,Classics
9780241482612,Consequences Of Capitalism - Manufacturing Discontent And Resistance,History And Politics,History,JP,Politics,ADD_SECONDARY,Politics
9780552177429,Sentinel -  25 Jack Reacher,Fiction,Crime Fiction,FH,Thriller,ADD_SECONDARY,Thriller
9781440347184,Creative Visualization For Writers,Reference,General,CBW,Languages,RECLASSIFY,Languages
9784805312322,Keikos Ikebana - A Contemporary Approach To The Traditional Japanese Art Of Flower Arranging,,,WFW,Craft,RECLASSIFY,Craft
9781509851348,Hidden In Plain Sight - 2 William Warwick,Fiction,Historical Fiction,FFH,Crime Fiction,ADD_SECONDARY,Crime Fiction
9780061374852,Jamie Duries The Outdoor Room,,,WK,General Sport And Fitness,RECLASSIFY,General Sport And Fitness
9780553824506,Body Double - 4 Rizzoli And Isles,Fiction,Crime Fiction,FH,Thriller,ADD_SECONDARY,Thriller
9780732292843,Nothing to Envy - Life Love and Death in North Korea,History And Politics,History,JPV,Politics,ADD_SECONDARY,Politics
9781760980078,Hormone Repair Manual - Every Womans Guide To Healthy Hormones after 40,Well Being,Health,VS,Psychology,ADD_SECONDARY,Psychology
9780316395007,Fellside,Fiction,Crime Fiction,FH,Thriller,ADD_SECONDARY,Thriller
9780008274986,Splendid And The Vile - A Saga Of Churchill Family And Defiance During The Blitz,History And Politics,History,BGH,Biography,ADD_SECONDARY,Biography
9780764137631,Barrons German-English Dictionary - Worterbuch Deutsch-Englisch,Reference,Dictionaries,CBDX,Languages,ADD_SECONDARY,Languages
9781441100849,Ovids Metamorphoses - A Readers Guide,Reference,General,DSBB,Classics,RECLASSIFY,Classics
9780141196381,Small Town In Germany - Penguin Modern Classics,Fiction,Crime Fiction,FHD,Thriller,ADD_SECONDARY,Thriller
9780241965184,Delicate Truth,Fiction,Crime Fiction,FH,Thriller,ADD_SECONDARY,Thriller
9780393608571,Spy Named Orphan - The Enigma of Donald Maclean,History And Politics,History,BGH,Biography,ADD_SECONDARY,Biography
9781474610568,Under Occupation,Fiction,Historical Fiction,FHD,Thriller,ADD_SECONDARY,Thriller
9780241339848,Glittering City - 32 Penguin Modern,Fiction,Classics,DCF,Poetry,ADD_SECONDARY,Poetry
9781838770617,To Keep You Safe,Fiction,Crime Fiction,FH,Thriller,ADD_SECONDARY,Thriller
9780241322444,Naive And Sentimental Lover,Fiction,Crime Fiction,FHD,Thriller,ADD_SECONDARY,Thriller
9780141189383,Alone in Berlin,Fiction,General Fiction,FC,Classics,RECLASSIFY,Classics
9781787472594,Man With No Face,Fiction,Crime Fiction,FHP,Thriller,ADD_SECONDARY,Thriller
9781471151262,North Water,Fiction,General Fiction,FV,Historical Fiction,RECLASSIFY,Historical Fiction
9781405935999,Whisper Man,Fiction,Crime Fiction,FH,Thriller,ADD_SECONDARY,Thriller
9781405922609,Stranger,Fiction,General Fiction,FFH,Crime Fiction,RECLASSIFY,Crime Fiction
9781784700379,Beautiful Animals,Fiction,General Fiction,FH,Thriller,RECLASSIFY,Thriller
9781594746031,Miss Peregrines Home For Peculiar Children - 1 Miss Peregrines Peculiar Children,Fiction,General Fiction,YFD,"Childrens Fiction, Horror",RECLASSIFY,"Childrens Fiction, Horror"
9780008329679,Bad Blood - A Memoir 4th Estate Matchbook Classics,Fiction,General Fiction,BM,Biography,RECLASSIFY,Biography
9780241980385,Cannery Row,Fiction,General Fiction,FC,Classics,RECLASSIFY,Classics
9781846974373,Abbess Of Crewe,Fiction,General Fiction,FF,Crime Fiction,RECLASSIFY,Crime Fiction
9781846974366,Hothouse By The East River,Fiction,General Fiction,FF,Crime Fiction,RECLASSIFY,Crime Fiction
9780473375430,Second Time Around,Fiction,General Fiction,FRD,Romance,RECLASSIFY,Romance
9781447288442,Angel Tree,Fiction,Historical Fiction,FRD,Romance,ADD_SECONDARY,Romance
9781509840151,Sun Sister - 6 Seven Sisters,Fiction,Historical Fiction,FRD,Romance,ADD_SECONDARY,Romance
9781509840151,Sun Sister - 6 Seven Sisters,Fiction,Historical Fiction,FRD,Romance,ADD_SECONDARY,Romance
9781509840076,Pearl Sister - 4 Seven Sisters,Fiction,Historical Fiction,FRD,Romance,ADD_SECONDARY,Romance
9781509840113,Moon Sister - 5 Seven Sisters,Fiction,Historical Fiction,FRD,Romance,ADD_SECONDARY,Romance
9781529003451,Seven Sisters - 1 Seven Sisters,Fiction,Historical Fiction,FR,Romance,ADD_SECONDARY,Romance
9781529005240,Shadow Sister - 3 Seven Sisters,Fiction,Historical Fiction,FRH,Romance,ADD_SECONDARY,Romance
9781035012305,Dark Fire - 2 Shardlake,Fiction,Historical Fiction,FF,Crime Fiction,ADD_SECONDARY,Crime Fiction
9781509880799,Blood And Sugar,Fiction,Historical Fiction,FFH,Crime Fiction,ADD_SECONDARY,Crime Fiction
9780008119140,Fire Court,Fiction,Historical Fiction,FFH,Crime Fiction,ADD_SECONDARY,Crime Fiction
9780241391853,Animal Farm - The Graphic Novel,Fiction,General Fiction,FXL,Graphic Novels,RECLASSIFY,Graphic Novels
9780753553169,2020 Commission Report On The North Korean Nuclear Attacks Against The United States,Fiction,General Fiction,HBAH,History,RECLASSIFY,History
9781250619563,Jacobs Ladder - A Novel,Fiction,General Fiction,FHP,Thriller,RECLASSIFY,Thriller
9780007554782,King Of The North Wind - The Life of Henry II in Five Acts,History And Politics,History,BGH,Biography,ADD_SECONDARY,Biography
9781471192937,When Time Stopped - A Memoir Of My Fathers War And What Remains,History And Politics,History,BGH,Biography,ADD_SECONDARY,Biography
9780008220563,Hillbilly Elegy - A Memoir Of A Family And Culture In Crisis,History And Politics,History,BM,Biography,ADD_SECONDARY,Biography
9780198833529,World Peace - And How We Can Achieve It,History And Politics,History,JPS,Politics,ADD_SECONDARY,Politics
9780754828990,Kings And Queens of Ancient Britain,History And Politics,History,BGH,Biography,ADD_SECONDARY,Biography
9781452125992,Pretty Packages - 45 Creative Gift Wrapping Projects,,,WFT,Craft,RECLASSIFY,Craft
9780140424386,Canterbury Tales,Fiction,Classics,DCF,Poetry,ADD_SECONDARY,Poetry
9781435167391,Prophet,Fiction,Classics,DCF,Poetry,ADD_SECONDARY,Poetry
9780241251744,Stolen White Elephants - 88 Penguin Little Black Classics,Fiction,Classics,DCF,Poetry,ADD_SECONDARY,Poetry
9781853261879,Rubaiyat Of Omar Khayyam,Fiction,Classics,DCF,Poetry,ADD_SECONDARY,Poetry
9780008415815,Rigged - America Russia And 100 Years Of Covert Electoral Interference,History And Politics,History,JPZ,Politics,ADD_SECONDARY,Politics
9781405930635,Winter Agent,Fiction,Crime Fiction,FV,Historical Fiction,ADD_SECONDARY,Historical Fiction
9781489421517,Barefoot Investor Audio - The Only Money Guide You'll Ever Need,Sciences,Business,KFFM,Economics,ADD_SECONDARY,Economics
9780071398732,Schaums Easy Outline - Principles of Economics,Sciences,Business,KC,Economics,ADD_SECONDARY,Economics
9781409180333,Witness X,Fiction,Crime Fiction,FH,Thriller,ADD_SECONDARY,Thriller
9781529118599,That Reminds Me,Fiction,General Fiction,DCF,Poetry,RECLASSIFY,Poetry
9781784876807,Cry Of The Owl,Fiction,Crime Fiction,FH,Thriller,ADD_SECONDARY,Thriller
9781784876760,Talented Mr Ripley - 1 Ripley,Fiction,Crime Fiction,FH,Thriller,ADD_SECONDARY,Thriller
9781472139436,Seriously Funny And Other Oxymorons,Reference,General,WHX,Humour,RECLASSIFY,Humour
9781631065309,Grit And Grace - Uncommon Wisdom for Inspiring Leaders Designed to Make You Think,Reference,General,JFSJ1,Sociology,RECLASSIFY,Sociology
9781452176895,Hollywood Book Club,Reference,General,AJCP,Photography,RECLASSIFY,Photography
9781925820157,Finding True Connections - How To Learn And Write About A Family Members History,Reference,General,CBV,Languages,RECLASSIFY,Languages
9781782127789,Words From The Heart - Card Greetings for Every Occasion,Reference,General,CBV,Languages,RECLASSIFY,Languages
9780199666157,Pocket Oxford English Dictionary,Reference,Dictionaries,CBD,Languages,ADD_SECONDARY,Languages
9780199658237,Oxford Dictionary of English Grammar,Reference,Dictionaries,CBX,Languages,ADD_SECONDARY,Languages
9780008210717,Collins New Zealand School Dictionary and Thesaurus,Reference,Dictionaries,CBD,Languages,ADD_SECONDARY,Languages
9780008309428,Collins English Essential Dictionary,Reference,Dictionaries,CBD,Languages,ADD_SECONDARY,Languages
9780008251055,Collins English Dictionary Reference Edition,Reference,Dictionaries,CBD,Languages,ADD_SECONDARY,Languages
9780008309404,English Dictionary And Thesaurus - Essential Edition,Reference,Dictionaries,CBD,Languages,ADD_SECONDARY,Languages
9781473612785,Shakespeare - A Complete Introduction,Reference,General,DSGS,Classics,RECLASSIFY,Classics
9781495011764,Kids Comedic Monologues That Are Actually Funny,Reference,General,YNDS,Childrens Non Fiction,RECLASSIFY,Childrens Non Fiction
9781495011795,Best Scenes For Kids Ages 7-15,Reference,General,YNDS,Childrens Non Fiction,RECLASSIFY,Childrens Non Fiction
9780879101886,Childsplay - Collection Of Scenes And Monologues For Children,Reference,General,YND,Childrens Non Fiction,RECLASSIFY,Childrens Non Fiction
9780763740474,100 Questions And  Answers About Gastroesophageal Reflux Disease GERD,Well Being,Health,VFJB,Psychology,ADD_SECONDARY,Psychology
9781616891213,Tree Gardens,,,AMV,Architecture,RECLASSIFY,Architecture
9781631591358,Being With Flowers - Floral Art As Spiritual Practice,,,WFW,Craft,RECLASSIFY,Craft
9781570617669,Petal And Twig,,,WFW,Craft,RECLASSIFY,Craft
9781568987330,Surface Subsurface,,,AM,Architecture,RECLASSIFY,Architecture
9781784722968,Grow Your Own For Kids,,,YNPG,Childrens Non Fiction,RECLASSIFY,Childrens Non Fiction
9780756633677,Grow It Cook It,,,YNPG,Childrens Non Fiction,RECLASSIFY,Childrens Non Fiction
9781986466400,Garden Planner Journal - Daily Planning Notebook Gardening Lover Journal Personal Garden Record Log Book 8.5x11 Inches,,,WFW,Craft,RECLASSIFY,Craft
9781864706536,Green Spaces In The Community,,,AMVD,Architecture,RECLASSIFY,Architecture
9781419723896,Handpicked - Simple Sustainable And Seasonal Flower Arrangements,,,WFW,Craft,RECLASSIFY,Craft
9781564588685,Complete Guide To Flower Arranging,,,WFW,Craft,RECLASSIFY,Craft
9780847863174,Nina Campbell Interior Decoration - Carefree Elegance,The Arts,Design,AMR,Architecture,ADD_SECONDARY,Architecture
9781780672687,Key Interiors Since 1900,The Arts,Design,AMR,Architecture,ADD_SECONDARY,Architecture
9781788840743,Out Of The Blue - Fifty Years of Designers Guild,The Arts,Design,AMR,Architecture,ADD_SECONDARY,Architecture
9781423646495,Making Midcentury Modern,The Arts,Design,AMC,Architecture,ADD_SECONDARY,Architecture
9781988547138,Sharp Left Turn,The Arts,Music And Performing Arts,BM,Biography,ADD_SECONDARY,Biography
9781472230836,Acid For The Children - The Autobiography Of Flea The Red Hot Chili Peppers legend,The Arts,Music And Performing Arts,BGFA,Biography,ADD_SECONDARY,Biography
9781627790345,Homeward Bound - The Life Of Paul Simon,The Arts,Music And Performing Arts,BGF,Biography,ADD_SECONDARY,Biography
9780241289334,Books That Changed History - From The Art Of War To Anne Franks Diary,Reference,General,DSR,Classics,RECLASSIFY,Classics
9781786079329,Good State - On the Principles of Democracy,History And Politics,History,JPHV,Politics,ADD_SECONDARY,Politics
9781529042061,All Creatures Great And Small - Classic Memoirs Of A Yorkshire Country Vet,Fiction,General Fiction,BM,Biography,RECLASSIFY,Biography
9781839642197,WB Yeats Selected Poetry - Flame Tree Collectable Classics,Fiction,Classics,DCF,Poetry,ADD_SECONDARY,Poetry
9780063078697,Bridgerton - The Duke And I TV Tie-In,Fiction,Historical Fiction,FRH,Romance,ADD_SECONDARY,Romance
9781760525118,Storm Within,Sport,General Sport And Fitness,BGSA,Biography,ADD_SECONDARY,Biography
9780995146105,Steady - A Guide to Better Mental Health Through and Beyond the Coronavirus Pandemic,Well Being,Health,VFJP,Psychology,ADD_SECONDARY,Psychology
9783791387239,Tiny Houses,The Arts,Art,AM,Architecture,ADD_SECONDARY,Architecture
9780063078901,Duke And I TV Tie-In,Fiction,Historical Fiction,FRH,Romance,ADD_SECONDARY,Romance
9781452181752,Floret Farms Discovering Dahlias - A Guide To Growing And Arranging Magnificent Blooms,,,WFW,Craft,RECLASSIFY,Craft
9781800319707,Prophet,Fiction,Classics,DCF,Poetry,ADD_SECONDARY,Poetry
9781789501636,Kew Gardens Enchanting Colouring Book,,,WF,Fashion,RECLASSIFY,Fashion
9781529045604,Prelude and Other Stories,Fiction,General Fiction,FC,Classics,RECLASSIFY,Classics
9780241435809,Is It Really Green,,,VSZ,Psychology,RECLASSIFY,Psychology
9781509881581,Place For Everything - The Curious History of Alphabetical Order,Reference,General,CBX,Languages,RECLASSIFY,Languages
9781784164386,Illness Lesson,Fiction,General Fiction,FV,Historical Fiction,RECLASSIFY,Historical Fiction
9781787469778,Miss Austen,Fiction,General Fiction,FV,Historical Fiction,RECLASSIFY,Historical Fiction
9781784876555,1984,Fiction,General Fiction,FLC,Science Fiction and Fantasy,RECLASSIFY,Science Fiction and Fantasy
9781784876586,Down And Out In Paris And London,Fiction,General Fiction,BM,Biography,RECLASSIFY,Biography
9781784876562,Homage To Catalonia,Fiction,General Fiction,BM,Biography,RECLASSIFY,Biography
9781419722424,Slim Aarons Women,The Arts,Art,AJB,Photography,ADD_SECONDARY,Photography
9781867221791,Aftershock - 2 Jessie Teska,Fiction,Crime Fiction,FH,Thriller,ADD_SECONDARY,Thriller
9781781257715,I Saw The Dog - How Language Works,Reference,General,CBX,Languages,RECLASSIFY,Languages
9780008131999,Behind Her Eyes,Fiction,Crime Fiction,FH,Thriller,ADD_SECONDARY,Thriller
9780571336494,Light Perpetual,Fiction,General Fiction,FV,Historical Fiction,RECLASSIFY,Historical Fiction
9780141992037,War For Eternity - The Return Of Traditionalism And The Rise Of The Populist Right,History And Politics,History,JPA,Politics,ADD_SECONDARY,Politics
9780262044479,Botanicum Medicinale - A Modern Herbal Of Medicinal Plants,,,PST,General Science,RECLASSIFY,General Science
9780241521397,What Beauty There Is,Fiction,General Fiction,YFCB,"Childrens Fiction, Thriller",RECLASSIFY,"Childrens Fiction, Thriller"
9780008241827,Nightmare  2 Joona Linna,Fiction,Crime Fiction,FH,Thriller,ADD_SECONDARY,Thriller
9781421582696,My Hero Academia - 1,Fiction,Graphic Novels,FXA,Manga,ADD_SECONDARY,Manga
9781529048742,My Hearts in the Highlands - Classic Scottish Poems,Fiction,Classics,DCQ,Poetry,ADD_SECONDARY,Poetry
9781788841078,Sukita - Eternity,The Arts,Art,AJB,Photography,ADD_SECONDARY,Photography
9780393731910,Prairie School - Frank Lloyd Wright and His Midwest Contemporaries,The Arts,Art,AMB,Architecture,ADD_SECONDARY,Architecture
9781922351395,Days Like These - A Comforting Practical Companion For Tired And Terrific Mums,Well Being,Health,VS,Psychology,ADD_SECONDARY,Psychology
9780711254633,Eco Hero Handbook - Simple Solutions To Tackle Eco Anxiety,Well Being,Health,VSZ,Psychology,ADD_SECONDARY,Psychology
9780847867905,De Gournay - Art On The Walls,The Arts,Art,AMR,Architecture,ADD_SECONDARY,Architecture
9780241986950,Agent Sonya - Lover Mother Soldier Spy,History And Politics,History,JPSH,Politics,ADD_SECONDARY,Politics
9780552177689,Spy Who Was Left Out In The Cold - The Secret History of Agent Goleniewski,History And Politics,History,JPSH,Politics,ADD_SECONDARY,Politics
9781398706248,Arsene Lupin Gentleman Thief - Netflix Tie In,Fiction,Crime Fiction,FH,Thriller,ADD_SECONDARY,Thriller
9780349143866,How To Make the World Add Up - Ten Rules for Thinking Differently About Numbers,Sciences,Business,KCHS,Economics,ADD_SECONDARY,Economics
9781648290343,Home Sweet Houseplant - A Room By Room Guide To Plant Decor,,,WFN,Craft,RECLASSIFY,Craft
9781648290336,Tabletop Gardens - How To Make Long - Lasting Arrangements For Every Season,,,WFW,Craft,RECLASSIFY,Craft
9781509850938,Poems For Love,Fiction,Classics,DCQ,Poetry,ADD_SECONDARY,Poetry
9783836570909,Architecture In The 20th Century,The Arts,Art,AMX,Architecture,ADD_SECONDARY,Architecture
9783836584449,Decorative Art 50s,The Arts,Art,AM,Architecture,ADD_SECONDARY,Architecture
9783836584463,Decorative Art 60s,The Arts,Art,AM,Architecture,ADD_SECONDARY,Architecture
9781781259375,Happy Traitor - Spies Lies and Exile in Russia -  The Extraordinary Story of George Blake,History And Politics,History,BGH,Biography,ADD_SECONDARY,Biography
9781569319017,One Piece - 1,Fiction,Graphic Novels,FXA,Manga,ADD_SECONDARY,Manga
9781472223821,Hamnet,Fiction,General Fiction,FV,Historical Fiction,RECLASSIFY,Historical Fiction
9780349143842,Cut,Fiction,Crime Fiction,FH,Thriller,ADD_SECONDARY,Thriller
9780099526780,Brunelleschis Dome - The Story of the Great Cathedral in Florence,The Arts,Art,AMN,Architecture,ADD_SECONDARY,Architecture
9780300125627,Brothers Karamazov - Worlds of the Novel,Reference,General,DSK,Classics,RECLASSIFY,Classics
9781877577918,Missionaries Wives And Roses,,,BGH,Biography,RECLASSIFY,Biography
9781250244499,One Last Stop,Fiction,General Fiction,FRD,Romance,RECLASSIFY,Romance
9781529046199,Pull Of The Stars,Fiction,General Fiction,FV,Historical Fiction,RECLASSIFY,Historical Fiction
9781529032475,Yellow Bird Sings,Fiction,General Fiction,FV,Historical Fiction,RECLASSIFY,Historical Fiction
9781847170675,Wit of Oscar Wilde,Reference,General,WH,Humour,RECLASSIFY,Humour
9780141991672,Twilight of Democracy - The Failure of Politics and the Parting of Friends,History And Politics,History,JPHX,Politics,ADD_SECONDARY,Politics
9781787460980,V2,Fiction,Crime Fiction,FH,Thriller,ADD_SECONDARY,Thriller
9781472285881,Know Your Endo - An Empowering Guide To Health And Hope With Endometriosis,Well Being,Health,VFJB,Psychology,ADD_SECONDARY,Psychology
9781408878576,Free Woman - Life Liberation and Doris Lessing,Reference,General,DSK,Classics,RECLASSIFY,Classics
9780847870141,Charlotte Moss Flowers,,,WFW,Craft,RECLASSIFY,Craft
9781599621623,Paris -  From The Air,The Arts,Art,AJ,Photography,ADD_SECONDARY,Photography
9781908337597,Year in Flowers -  Inspiration for Everyday Living,,,WFW,Craft,RECLASSIFY,Craft
9781421598031,My Hero Academia - 13,Fiction,Graphic Novels,FXA,Manga,ADD_SECONDARY,Manga
9781421599472,My Hero Academia - 14,Fiction,Graphic Novels,FXA,Manga,ADD_SECONDARY,Manga
9781922310699,We See It All -  liberty and justice in the age of perpetual surveillance,History And Politics,History,JPVH1,Politics,ADD_SECONDARY,Politics
9781838773342,Prince And A Spy,Fiction,Crime Fiction,FV,Historical Fiction,ADD_SECONDARY,Historical Fiction
9780241993934,Precipice - Neoliberalism The Pandemic And The Urgent Need For Radical Change,History And Politics,History,JPB,Politics,ADD_SECONDARY,Politics
9781925820805,Cancer Companion - How to Navigate Your Way from Diagnosis to Treatment and Beyond,Well Being,Health,VFJB,Psychology,ADD_SECONDARY,Psychology
9781421585642,One Punch Man - 1 One-Punch Man,Fiction,Graphic Novels,FXA,Manga,ADD_SECONDARY,Manga
9781591167242,Kikis Delivery Service Film Comic - 1,Fiction,Graphic Novels,FXA,Manga,ADD_SECONDARY,Manga
9781421538167,Pokemon Adventures - 1 - Diamond And Pearl Platinum,Fiction,Graphic Novels,FXA,Manga,ADD_SECONDARY,Manga
9781529342369,Time for Mercy - 3 Jake Brigance,Fiction,Crime Fiction,FH,Thriller,ADD_SECONDARY,Thriller
9780143776413,How To Take A Breath - Reduce Stress And Improve Performance By Breathing Well,Well Being,Health,VFJS,Psychology,ADD_SECONDARY,Psychology
9781509874606,Daylight - 3 Atlee Pine,Fiction,Crime Fiction,FH,Thriller,ADD_SECONDARY,Thriller
9781784978778,Philip And Alexander -  Kings and Conquerors,History And Politics,History,BGH,Biography,ADD_SECONDARY,Biography
9780241396735,Architecture - From Prehistory to Climate Emergency,The Arts,Art,AMX,Architecture,ADD_SECONDARY,Architecture
9781529368048,Sooley,Fiction,Crime Fiction,FH,Thriller,ADD_SECONDARY,Thriller
9780241514900,Architecture - A Visual History,The Arts,Art,AMX,Architecture,ADD_SECONDARY,Architecture
9780711256040,Look At This If You Love Great Photography,The Arts,Art,AJ,Photography,ADD_SECONDARY,Photography
9780241348970,Hurt,Sport,General Sport And Fitness,BGSA,Biography,ADD_SECONDARY,Biography
9781788840880,Photographers On The Art of Photography,The Arts,Art,AJC,Photography,ADD_SECONDARY,Photography
9784805316573,I Am A Cat - The Manga Edition The tale of a cat with no name but great wisdom!,Fiction,Graphic Novels,FXA,Manga,ADD_SECONDARY,Manga
9781913183196,Chasing The Light - How I Fought My Way into Hollywood,The Arts,Music And Performing Arts,BM,Biography,ADD_SECONDARY,Biography
9780008359386,Problem from Hell -  America and the Age of Genocide,History And Politics,History,JPSL,Politics,ADD_SECONDARY,Politics
9780008374983,Magpie,Fiction,Crime Fiction,FH,Thriller,ADD_SECONDARY,Thriller
9780712353991,Cornish Horrors -Tales From The Lands End,Fiction,Science Fiction and Fantasy,FK,Horror,ADD_SECONDARY,Horror
9781509886043,Dream Horse - The Incredible True Story of Dream Alliance - the Allotment Horse who Became a Champion,Sport,General Sport And Fitness,BGSA,Biography,ADD_SECONDARY,Biography
9780141991177,Tyranny of Merit - What's Become of the Common Good?,History And Politics,History,JPHV,Politics,ADD_SECONDARY,Politics
9780141985060,Black Spartacus - The Epic Life of Toussaint Louverture,History And Politics,History,BGH,Biography,ADD_SECONDARY,Biography
9780007578863,Planting the World - Joseph Banks and his Collectors: An Adventurous History of Botany,History And Politics,History,BGT,Biography,ADD_SECONDARY,Biography
9781405942676,Prodigal Son - 6 Orphan X,Fiction,Crime Fiction,FHD,Thriller,ADD_SECONDARY,Thriller
9781922585011,Winter In Sokcho,Fiction,General Fiction,FYT,Translated Fiction,RECLASSIFY,Translated Fiction
9781984825902,How to Write a Letter -  Find the Words for Every Occasion,Reference,General,WF,Fashion,RECLASSIFY,Fashion
9781761065033,Girl In The Mirror,Fiction,Crime Fiction,FH,Thriller,ADD_SECONDARY,Thriller
9781788704830,Traitor King - Scandalous Exile Of The Duke And Duchess Of Windsor,History And Politics,History,BGR,Biography,ADD_SECONDARY,Biography
9781783352067,"Shadow State -  Murder, Mayhem and Russia's Remaking of the West",History And Politics,History,JPSH,Politics,ADD_SECONDARY,Politics
9781569319000,Naruto - 1,Fiction,Graphic Novels,FXA,Manga,ADD_SECONDARY,Manga
9781591161783,Naruto - 2,Fiction,Graphic Novels,FXA,Manga,ADD_SECONDARY,Manga
9781591161875,Naruto - 3,Fiction,Graphic Novels,FXA,Manga,ADD_SECONDARY,Manga
9781591163589,Naruto - 4,Fiction,Graphic Novels,FXA,Manga,ADD_SECONDARY,Manga
9781786499783,Why The Germans Do It Better - Notes From A Grown-Up Country,History And Politics,History,JPB,Politics,ADD_SECONDARY,Politics
9781591163596,Naruto - 5,Fiction,Graphic Novels,FXA,Manga,ADD_SECONDARY,Manga
9781591167396,Naruto - 6,Fiction,Graphic Novels,FXA,Manga,ADD_SECONDARY,Manga
9780140567533,Waterhole,,,YBCS,Childrens Picture Books,RECLASSIFY,Childrens Picture Books
9781864708998,For The Love Of Pets - Contemporary Architecture And Design For Animals,The Arts,Design,AMR,Architecture,ADD_SECONDARY,Architecture
9781786079510,Grey Men,History And Politics,History,JPSH,Politics,ADD_SECONDARY,Politics
9781409157762,Maradona - The Boy The Rebel The God,Sport,General Sport And Fitness,BGS,Biography,ADD_SECONDARY,Biography
9781922330512,Shape Of Sound,Well Being,Health,VFJD,Psychology,ADD_SECONDARY,Psychology
9780349135380,Free Speech And Why It Matters,History And Politics,History,JPVH2,Politics,ADD_SECONDARY,Politics
9780857080783,Prince -The Original Classic,History And Politics,History,JPA,Politics,ADD_SECONDARY,Politics
9781529037401,Imposter,Fiction,Crime Fiction,FH,Thriller,ADD_SECONDARY,Thriller
9781982170462,Changes - An Oral History of Tupac Shakur,The Arts,Music And Performing Arts,BGF,Biography,ADD_SECONDARY,Biography
9781760899967,Living Sea of Waking Dreams,Fiction,General Fiction,DSK,Classics,RECLASSIFY,Classics
9780241979693,Hitler And Stalin - The Tyrants and the Second World War,History And Politics,History,BGH,Biography,ADD_SECONDARY,Biography
9780140449815,Poems - Pengiuin Black Classics,Fiction,Classics,DCF,Poetry,ADD_SECONDARY,Poetry
9781851245666,Cornucopia Of Fruit And Vegetables - Illustrations from an eighteenth-century botanical treasury,,,AGNB,Art,RECLASSIFY,Art
9780500343609,Neri And Hu Design And Research Office - Thresholds - Space Time And Practice,The Arts,Design,AMB,Architecture,ADD_SECONDARY,Architecture
9780500343609,Neri And Hu Design And Research Office - Thresholds - Space Time And Practice,The Arts,Art,AMB,Architecture,ADD_SECONDARY,Architecture
9783037682661,Surrounded By Wood - Contemporary Living Styles,The Arts,Art,AMC,Architecture,ADD_SECONDARY,Architecture
9783037682661,Surrounded By Wood - Contemporary Living Styles,The Arts,Design,AMC,Architecture,ADD_SECONDARY,Architecture
9788857243269,Macullo Architects,The Arts,Design,AMB,Architecture,ADD_SECONDARY,Architecture
9788857243269,Macullo Architects,The Arts,Art,AMB,Architecture,ADD_SECONDARY,Architecture
9781419752087,Glamour - 30 Years Of Women Who Have Reshaped The World,The Arts,Art,AJCP,Photography,ADD_SECONDARY,Photography
9781786278890,Cut And Dry - The Modern Guide To Dried Flowers From Growing To Styling,,,WFW,Craft,RECLASSIFY,Craft
9781786279040,Take Your Selfie Seriously - The Advanced Selfie And Self-Portrait Handbook,The Arts,Art,AJCP,Photography,ADD_SECONDARY,Photography
9780500545423,Henri Cartier Bresson - Paris Revisited,The Arts,Art,AJB,Photography,ADD_SECONDARY,Photography
9781786278838,Albert Watson - Creating Photographs,The Arts,Art,AJB,Photography,ADD_SECONDARY,Photography
9783037682685,Ecological Buildings - New Strategies For Sustainable Architecture,The Arts,Art,AMD,Architecture,ADD_SECONDARY,Architecture
9783037682685,Ecological Buildings - New Strategies For Sustainable Architecture,The Arts,Design,AMD,Architecture,ADD_SECONDARY,Architecture
9781419750267,Gray Malin - The Essential Collection,The Arts,Art,AJB,Photography,ADD_SECONDARY,Photography
9780770433093,Bryan Peterson Photography - A Master Class in Creating Outstanding Images,The Arts,Art,AJG,Photography,ADD_SECONDARY,Photography
9780552571906,Lamplighter - 2 Monster Blood Tattoo,Fiction,General Fiction,YFH,Childrens Fiction,RECLASSIFY,Childrens Fiction
9780847831302,Flower Sense - The Art of Decorating with Flowers,,,WFW,Craft,RECLASSIFY,Craft
9780575099630,Eldritch Tales - A Miscellany of the Macabre,Fiction,Classics,FK,Horror,ADD_SECONDARY,Horror
9783836588454,Living in Mexico,The Arts,Art,AM,Architecture,ADD_SECONDARY,Architecture
9783836588430,Living in Japan,The Arts,Art,AMK,Architecture,ADD_SECONDARY,Architecture
9781760793685,Kids Garden Adventure Kit,,,YNPG,Childrens Non Fiction,RECLASSIFY,Childrens Non Fiction
9781788793841,Flower Hunter - Seasonal Flowers Inspired By Nature And Gathered From The Garden,,,WFW,Craft,RECLASSIFY,Craft
9781579659905,Cabin Tripping - Where to Go to Get Away from It All,The Arts,Art,AJ,Photography,ADD_SECONDARY,Photography
9781761065422,Reversal,Fiction,General Fiction,FF,Crime Fiction,RECLASSIFY,Crime Fiction
9781838851972,Sunset Song,Fiction,General Fiction,FC,Classics,RECLASSIFY,Classics
9781781258606,Richer Wiser Happier - How The Worlds Greatest Investors Win In Markets And Life,Sciences,Business,KFFM,Economics,ADD_SECONDARY,Economics
9781788166799,Why We're Polarized,History And Politics,History,JPL,Politics,ADD_SECONDARY,Politics
9781444723502,Dark Tower - 7 The Dark Tower,Fiction,General Fiction,FM,Science Fiction and Fantasy,RECLASSIFY,Science Fiction and Fantasy
9781444723496,Song Of Susannah - 6 The Dark Tower,Fiction,General Fiction,FM,Science Fiction and Fantasy,RECLASSIFY,Science Fiction and Fantasy
9781444723465,Waste Lands - 3 The Dark Tower,Fiction,General Fiction,FM,Science Fiction and Fantasy,RECLASSIFY,Science Fiction and Fantasy
9781444723489,Wolves Of The Calla - 5 The Dark Tower,Fiction,General Fiction,FM,Science Fiction and Fantasy,RECLASSIFY,Science Fiction and Fantasy
9781781258095,More - The 10000 Year Rise of the World Economy,Sciences,Business,KCZ,Economics,ADD_SECONDARY,Economics
9781847925299,Stars and Spies - Intelligence Operations and the Entertainment Industry,History And Politics,History,JPSH,Politics,ADD_SECONDARY,Politics
9780241519332,Lyrics - 1956 to the Present,The Arts,Music And Performing Arts,BM,Biography,ADD_SECONDARY,Biography
9780008309459,Collins English Paperback Thesaurus,Reference,Thesaurus,CBF,Languages,ADD_SECONDARY,Languages
9780008309442,Collins English Essential Thesaurus,Reference,Thesaurus,CBF,Languages,ADD_SECONDARY,Languages
9780008309411,Collins English Dictionary and Thesaurus Essential,Reference,Thesaurus,CBD,Languages,ADD_SECONDARY,Languages
9780008309411,Collins English Dictionary and Thesaurus Essential,Reference,Dictionaries,CBD,Languages,ADD_SECONDARY,Languages
9780552177894,My Life in Dire Straits -  The Inside Story of One of the Biggest Bands in Rock History,The Arts,Music And Performing Arts,BGFA,Biography,ADD_SECONDARY,Biography
9781529047974,Passing,Fiction,General Fiction,FC,Classics,RECLASSIFY,Classics
9780008293468,This Naked Mind,Well Being,Health,VFJK,Psychology,ADD_SECONDARY,Psychology
9781529061741,Mercy - 4 Atlee Pine,Fiction,Crime Fiction,FH,Thriller,ADD_SECONDARY,Thriller
9780008503949,Bat Ball and Field - The Elements of Cricket,Sport,General Sport And Fitness,BGS,Biography,ADD_SECONDARY,Biography
9781529085440,Fell,Fiction,Crime Fiction,FH,Thriller,ADD_SECONDARY,Thriller
9780648488828,Hey Awesome - A Book About Anxiety Courage And Being Already Awesome,Well Being,Childrens Well Being,YBC,Childrens Picture Books,ADD_SECONDARY,Childrens Picture Books
9781405292849,Mr Men Go To The Dentist,Well Being,Childrens Well Being,YBCH,Childrens Picture Books,ADD_SECONDARY,Childrens Picture Books
9780655213437,I Dont Want to be a Big Brother!,Well Being,Childrens Well Being,YBC,Childrens Picture Books,ADD_SECONDARY,Childrens Picture Books
9780655213444,I Dont Want to be a Big Sister,Well Being,Childrens Well Being,YBC,Childrens Picture Books,ADD_SECONDARY,Childrens Picture Books
9781869714604,Rainbow in My Heart,Well Being,Childrens Well Being,YBC,Childrens Picture Books,ADD_SECONDARY,Childrens Picture Books
9780241439609,First Emotions - I Feel Angry,Well Being,Childrens Well Being,YBCB,Childrens Picture Books,ADD_SECONDARY,Childrens Picture Books
9780241439579,First Emotions - I Feel Happy,Well Being,Childrens Well Being,YBCB,Childrens Picture Books,ADD_SECONDARY,Childrens Picture Books
9780996099936,Have You Filled A Bucket Today - A Guide to Daily Happiness for Kids,Well Being,Childrens Well Being,YBC,Childrens Picture Books,ADD_SECONDARY,Childrens Picture Books
9781474624183,"Set the Night on Fire - Living, Dying and Playing Guitar with the Doors",The Arts,Music And Performing Arts,BM,Biography,ADD_SECONDARY,Biography
9781408892152,Rubys Worry - A Big Bright Feelings Book,Well Being,Childrens Well Being,YBCS,Childrens Picture Books,ADD_SECONDARY,Childrens Picture Books
9781529042177,My Amy -  Memories of Amy Winehouse From Her Best Friend,The Arts,Music And Performing Arts,BGFA,Biography,ADD_SECONDARY,Biography
9781526648174,Song Of Achilles - Anniversary Edition,Featured,,FA,General Fiction,RECLASSIFY,General Fiction
9781787333765,Sapiens Graphic Novel - Volume 2,Featured,,FXZ,Graphic Novels,RECLASSIFY,Graphic Novels
9781786332530,Lincoln Highway,Featured,,FA,General Fiction,RECLASSIFY,General Fiction
9780008478650,Cloud Cuckoo Land,Featured,,FV,Historical Fiction,RECLASSIFY,Historical Fiction
9781785043772,Atlas Of The Heart - Mapping Meaningful Connection And The Language Of Human Experience,Featured,,KJMB,Business,RECLASSIFY,Business
9781760986483,Happiest Man on Earth - Illustrated Edition,Featured,,BGHA,Biography,RECLASSIFY,Biography
9780008308902,Crossroads - 1 A Key to All Mythologies,Featured,,FA,General Fiction,RECLASSIFY,General Fiction
9780008194932,Freckles,Featured,,FA,General Fiction,RECLASSIFY,General Fiction
9781529073317,Riccardino - 28 Inspector Montalbano,Featured,,FF,Crime Fiction,RECLASSIFY,Crime Fiction
9781760786236,143 Storey Treehouse,Featured,,YFC,Childrens Fiction,RECLASSIFY,Childrens Fiction
9781761065262,Storm Within - Cameron Smith,Sport,General Sport And Fitness,BM,Biography,ADD_SECONDARY,Biography
9781839763656,Spoils Of War -  Power Profit and the American War Machine,History And Politics,History,JPSL,Politics,ADD_SECONDARY,Politics
9781460759653,Boy On Fire - The Young Nick Cave,The Arts,Music And Performing Arts,BGF,Biography,ADD_SECONDARY,Biography
9781984879776,Reign Of Terror - How The 911 Era Destabilized America And Produced Trump,History And Politics,History,JPQ,Politics,ADD_SECONDARY,Politics
9781529342079,Master - Brilliant Career Of Roger Federer,Sport,General Sport And Fitness,BGS,Biography,ADD_SECONDARY,Biography
9781775506324,Butcherbird,Fiction,General Fiction,FH,Thriller,RECLASSIFY,Thriller
9780473587680,Flowers For Friends - Casual Seasonal Arranging For Gardeners,,,WFW,Craft,RECLASSIFY,Craft
9781788167826,Confronting Leviathan - A History Of Ideas,History And Politics,History,JPA,Politics,ADD_SECONDARY,Politics
9780241320945,Desolations Of Devils Acre - 6 Miss Peregrines Peculiar Children,Fiction,General Fiction,YFC,Childrens Fiction,RECLASSIFY,Childrens Fiction
9780141991429,Fifth Risk - Undoing Democracy,History And Politics,History,JPA,Politics,ADD_SECONDARY,Politics
9781913159276,Wild World -  Photographing Iconic Wildlife,The Arts,Art,AJG,Photography,ADD_SECONDARY,Photography
9781529105476,Inges War - A Story Of Family Secrets And Survival Under Hitler,Fiction,General Fiction,BM,Biography,RECLASSIFY,Biography
9781760879860,Truth About China - Propaganda Patriotism And The Search For Answers,History And Politics,History,BM,Biography,ADD_SECONDARY,Biography
9780785839170,My Grandfathers Life,Reference,General,WQY,Biography,RECLASSIFY,Biography
9780785839101,My Fathers Life,Reference,General,WQY,Biography,RECLASSIFY,Biography
9780785839095,My Grandmothers Life,Reference,General,WQY,Biography,RECLASSIFY,Biography
9780785839262,Create A Story - A Prompt Journal to Help You Write a Story - Volume 19,Reference,General,CBV,Languages,RECLASSIFY,Languages
9780785839163,Create A Poem - Writing Prompts for Poets,Reference,General,DC,Poetry,RECLASSIFY,Poetry
9780785839064,301 Writing Ideas - Creative Prompts to Inspire Prose,Reference,General,CBV,Languages,RECLASSIFY,Languages
9781577152279,Everyday Grammar Made Easy - A Quick Review of What You Forgot You Knew - Volume 1,Reference,General,CBG,Languages,RECLASSIFY,Languages
9781784877439,Gigi,Fiction,General Fiction,FC,Classics,RECLASSIFY,Classics
9781784877453,I Capture the Castle,Fiction,General Fiction,YFA,Childrens Fiction,RECLASSIFY,Childrens Fiction
9781474611503,Wild Thing - The Short Spellbinding Life of Jimi Hendrix,The Arts,Music And Performing Arts,BGF,Biography,ADD_SECONDARY,Biography
9780394826813,Richard Scarry's Please and Thank You Book,Well Being,Childrens Well Being,YBC,Childrens Picture Books,ADD_SECONDARY,Childrens Picture Books
9781684121335,H P Lovecraft Cthulhu Mythos Tales,Fiction,Classics,FK,Horror,ADD_SECONDARY,Horror
9781626869721,Classic Horror Tales,Fiction,Classics,FK,Horror,ADD_SECONDARY,Horror
9780140455571,Stung With Love - Poems and Fragments of Sappho - Penguin Black Classics,Fiction,Classics,DCF,Poetry,ADD_SECONDARY,Poetry
9781984859501,There and Back - Photographs from the Edge,The Arts,Art,AJ,Photography,ADD_SECONDARY,Photography
9781982107833,Last Garden in England,Fiction,General Fiction,FFH,Crime Fiction,RECLASSIFY,Crime Fiction
9780141995106,Free - Coming of Age at the End of History,History And Politics,History,BM,Biography,ADD_SECONDARY,Biography
9780935112962,Beatles - Get Back,The Arts,Music And Performing Arts,BGF,Biography,ADD_SECONDARY,Biography
9781922458315,Serendipity - Ten Romantic Tropes Transformed,Fiction,General Fiction,YFM,"Childrens Fiction, Romance",RECLASSIFY,"Childrens Fiction, Romance"
9781398511736,North Water,Fiction,General Fiction,FV,Historical Fiction,RECLASSIFY,Historical Fiction
9780241470152,Peter Rabbit Tales Starting School,Well Being,Childrens Well Being,YBCH,Childrens Picture Books,ADD_SECONDARY,Childrens Picture Books
9781782217435,Trace - The Embroidered Art Of Michele Carragher,The Arts,Art,WFBC,Craft,ADD_SECONDARY,Craft
9780764362002,Framing Floral Techniques,,,WFW,Craft,RECLASSIFY,Craft
9780593188798,Nine Nasty Words - English In The Gutter - Then Now and Forever,Reference,General,CBX,Languages,RECLASSIFY,Languages
9781728220185,Voices In the Snow,Fiction,Science Fiction and Fantasy,FK,Horror,ADD_SECONDARY,Horror
9781728220192,Secrets In the Dark,Fiction,Science Fiction and Fantasy,FK,Horror,ADD_SECONDARY,Horror
9781728220215,Silence In The Shadows,Fiction,Science Fiction and Fantasy,FK,Horror,ADD_SECONDARY,Horror
9780099428657,Death In Venice And Other Stories,Fiction,General Fiction,FC,Classics,RECLASSIFY,Classics
9782081513501,Jacques Grange -  Recent Work,The Arts,Art,AMR,Architecture,ADD_SECONDARY,Architecture
9780008284374,English Dictionary Complete and Unabridged,Reference,Dictionaries,CBD,Languages,ADD_SECONDARY,Languages
9780008309435,Collins English Dictionary - Paperback,Reference,Dictionaries,CBD,Languages,ADD_SECONDARY,Languages
9780008141806,Collins English Dictionary - Pocket Edition,Reference,Dictionaries,CBD,Languages,ADD_SECONDARY,Languages
9780008372279,English Visual Dictionary,Reference,General,CBD,Languages,RECLASSIFY,Languages
9780008372279,English Visual Dictionary,Reference,Dictionaries,CBD,Languages,ADD_SECONDARY,Languages
9781419749513,Cold War Correspondent - 11 Nathan Hales Hazardous Tales - A Korean War Tale,Fiction,General Fiction,YNH,Childrens Non Fiction,RECLASSIFY,Childrens Non Fiction
9781734590760,Tolstoy Together - 85 Days of War and Peace with Yiyun Li,Reference,General,DSK,Classics,RECLASSIFY,Classics
9781760761486,Architecture At The Heart Of The Home,The Arts,Design,AMKD,Architecture,ADD_SECONDARY,Architecture
9781760761486,Architecture At The Heart Of The Home,The Arts,Art,AMKD,Architecture,ADD_SECONDARY,Architecture
9780500343777,Light Space Life - Houses By SAOTA,The Arts,Design,AMB,Architecture,ADD_SECONDARY,Architecture
9780500343777,Light Space Life - Houses By SAOTA,The Arts,Art,AMB,Architecture,ADD_SECONDARY,Architecture
9783775750851,Manfred Baumann - Face To Face,The Arts,Art,AJB,Photography,ADD_SECONDARY,Photography
9783775750950,Ruth Orkin - A Photo Spirit,The Arts,Art,AJC,Photography,ADD_SECONDARY,Photography
9780500544914,Face Time - History Of The Photographic Portrait,The Arts,Art,AJCP,Photography,ADD_SECONDARY,Photography
9788862087476,Other World - Animal Portraits,The Arts,Art,AJB,Photography,ADD_SECONDARY,Photography
9783775751124,Odd Apples,The Arts,Art,AJB,Photography,ADD_SECONDARY,Photography
9781419748523,Right Place Right Time - Life Of A Rock And Roll Photographer,The Arts,Art,AJC,Photography,ADD_SECONDARY,Photography
9781597115117,American Silence - Photographs Of Robert Adams,The Arts,Art,AJB,Photography,ADD_SECONDARY,Photography
9788862087483,Zone Eleven,The Arts,Art,AJ,Photography,ADD_SECONDARY,Photography
9780732294670,English Girl - 13 Gabriel Allon,Fiction,Crime Fiction,FHD,Thriller,ADD_SECONDARY,Thriller
9780241987445,Beethoven - A Life in Nine Pieces,The Arts,Music And Performing Arts,BGF,Biography,ADD_SECONDARY,Biography
9782081513501,Jacques Grange -  Recent Work,The Arts,Design,AMR,Architecture,ADD_SECONDARY,Architecture
9783037682739,Bungalow Design,The Arts,Design,AMK,Architecture,ADD_SECONDARY,Architecture
9781474609197,Written In History - Letters that Changed the World,Reference,General,HBG,History,RECLASSIFY,History
9781529177206,Killing Floor - TV Tie In,Fiction,Crime Fiction,FH,Thriller,ADD_SECONDARY,Thriller
9781644210727,Congo Diary - Episodes Of the Revolutionary War in the Congo,History And Politics,History,JP,Politics,ADD_SECONDARY,Politics
9781922351852,Festive -  Recipes for Advent,Christmas,Christmas Cooking,WB,Food And Beverage,ADD_SECONDARY,Food And Beverage
9781877382758,Cooking for Christmas,Christmas,Christmas Cooking,WBA,Food And Beverage,ADD_SECONDARY,Food And Beverage
9781925865202,Christmas Table -  All The Recipes You Need For The Festive Season,Christmas,Christmas Cooking,WB,Food And Beverage,ADD_SECONDARY,Food And Beverage
9780099476559,Ireland Awakening - 2 Dublin Saga,Fiction,General Fiction,FV,Historical Fiction,RECLASSIFY,Historical Fiction
9781529342390,Judges List - 2 Lacy Stoltz,Fiction,Crime Fiction,FHP,Thriller,ADD_SECONDARY,Thriller
9781529060096,Kane And Abel - 1 Kane and Abel,Fiction,Crime Fiction,FH,Thriller,ADD_SECONDARY,Thriller
9781781454442,Black And White Photography,The Arts,Art,AJG,Photography,ADD_SECONDARY,Photography
9781864708615,Beautiful Beach Houses - Living in Stunning Coastal Escapes,The Arts,Design,AMK,Architecture,ADD_SECONDARY,Architecture
9789401478335,Where We Work - Home Offices,The Arts,Art,AMR,Architecture,ADD_SECONDARY,Architecture
9789401478335,Where We Work - Home Offices,The Arts,Design,AMR,Architecture,ADD_SECONDARY,Architecture
9789401477437,Homes For Nomads - Interiors Of The Well-Travelled,The Arts,Art,AMR,Architecture,ADD_SECONDARY,Architecture
9789401477437,Homes For Nomads - Interiors Of The Well-Travelled,The Arts,Design,AMR,Architecture,ADD_SECONDARY,Architecture
9780847870608,Collaborations - Architecture Interiors Landscapes - Ferguson & Shamamian Architects,The Arts,Art,AMR,Architecture,ADD_SECONDARY,Architecture
9780847870608,Collaborations - Architecture Interiors Landscapes - Ferguson & Shamamian Architects,The Arts,Design,AMR,Architecture,ADD_SECONDARY,Architecture
9789401478366,Walls - The Revival of Wall Decoration,The Arts,Art,AMR,Architecture,ADD_SECONDARY,Architecture
9789401478366,Walls - The Revival of Wall Decoration,The Arts,Design,AMR,Architecture,ADD_SECONDARY,Architecture
9781509874545,Walk The Wire - 6 Amos Decker,Fiction,Crime Fiction,FH,Thriller,ADD_SECONDARY,Thriller
9780141986555,Anxious Triumph - A Global History Of Capitalism 1860-1914,Sciences,Business,KCZ,Economics,ADD_SECONDARY,Economics
9780141986197,Good Economics for Hard Times - Better Answers to Our Biggest Problems,Sciences,Business,KCL,Economics,ADD_SECONDARY,Economics
9780241505168,Billion Dollar Brain,Fiction,General Fiction,FHD,Thriller,RECLASSIFY,Thriller
9780241505526,SS GB,Fiction,General Fiction,FHD,Thriller,RECLASSIFY,Thriller
9781760641924,King Of The Air - Turbulent Life Of Charles Kingsford Smith,History And Politics,History,BGH,Biography,ADD_SECONDARY,Biography
9780008422547,Commonwealth of Cricket - A Lifelong Love Affair with the Most Subtle and Sophisticated Game Known to Humankind,Sport,General Sport And Fitness,BM,Biography,ADD_SECONDARY,Biography
9780008519193,House of Footsteps,Fiction,Science Fiction and Fantasy,FKC,Horror,ADD_SECONDARY,Horror
9781529043532,Atlas - The Story Of Pa Salt - 8 Seven Sisters,Fiction,Historical Fiction,FRH,Romance,ADD_SECONDARY,Romance
9780847842353,Never Stop to Think Do I Have a Place for This,The Arts,Design,AMR,Architecture,ADD_SECONDARY,Architecture
9780552165655,Englishman At War,History And Politics,History,BGH,Biography,ADD_SECONDARY,Biography
9780241458266,Chronicles of Dissent,History And Politics,History,JPSL,Politics,ADD_SECONDARY,Politics
9781905662685,Six String Stories,The Arts,Music And Performing Arts,BGFA,Biography,ADD_SECONDARY,Biography
9780399562419,World,History And Politics,History,JP,Politics,ADD_SECONDARY,Politics
9781529365917,Spooked - The Secret Rise of Private Spies,History And Politics,History,JPSH,Politics,ADD_SECONDARY,Politics
9780241446423,Lives Of Brian,The Arts,Music And Performing Arts,BGFA,Biography,ADD_SECONDARY,Biography
9781472976185,Seven Basic Plots  Why We Tell Stories,Reference,General,DSB,Classics,RECLASSIFY,Classics
9781788169585,Digital Silk Road - Chinas Quest To Wire The World And Win The Future,History And Politics,History,JPS,Politics,ADD_SECONDARY,Politics
9780008385071,Paris Apartment,Fiction,Crime Fiction,FH,Thriller,ADD_SECONDARY,Thriller
9780062968494,Writers Library - Authors You Love On The Books That Changed Their Lives,Reference,General,DSB,Classics,RECLASSIFY,Classics
9781912920747,Listified - Britannicas 300 Lists That Will Blow Your Mind,Reference,General,YNG,Childrens Non Fiction,RECLASSIFY,Childrens Non Fiction
9780955239106,Judith Blacklock Encyclopedia Of Flower Design,,,WFW,Craft,RECLASSIFY,Craft
9781529360646,Strong Female Lead - Lessons from Women in Power,History And Politics,History,JP,Politics,ADD_SECONDARY,Politics
9780571365623,Nina Simones Gum - A Memoir Of Things Lost And Found,The Arts,Music And Performing Arts,BGF,Biography,ADD_SECONDARY,Biography
9781474618267,My Life In Red And White,Sport,General Sport And Fitness,BGSA,Biography,ADD_SECONDARY,Biography
9783967040043,Come Together -  The Architecture of Multigenerational Living,The Arts,Art,AMR,Architecture,ADD_SECONDARY,Architecture
9781409176992,Song for the Dark Times - 23 Rebus,Fiction,Crime Fiction,FH,Thriller,ADD_SECONDARY,Thriller
9781529101423,Devolution,Fiction,Science Fiction and Fantasy,FK,Horror,ADD_SECONDARY,Horror
9781529095258,Atlas Six - 1 Atlas,Fiction,General Fiction,FM,Science Fiction and Fantasy,RECLASSIFY,Science Fiction and Fantasy
9781789090253,Devouring Gray - 1,Fiction,General Fiction,YFH,Childrens Fiction,RECLASSIFY,Childrens Fiction
9781781577677,One Face Fifty Ways - The Portrait Photography Ideas Book,The Arts,Art,AJG,Photography,ADD_SECONDARY,Photography
9781526646620,Mrs Harris Goes To Paris And Mrs Harris Goes To New York,Fiction,General Fiction,FC,Classics,RECLASSIFY,Classics
9781800249486,Way Back to Happy,Fiction,General Fiction,FRD,Romance,RECLASSIFY,Romance
9781626929364,Clockwork Planet Light Novel Vol 3,Fiction,Graphic Novels,FXA,Manga,ADD_SECONDARY,Manga
9781421585109,My Hero Academia - 3,Fiction,Graphic Novels,FXA,Manga,ADD_SECONDARY,Manga
9781421597683,Splatoon Vol. 2,Fiction,Graphic Novels,FXA,Manga,ADD_SECONDARY,Manga
9781529149470,Tour De Force - My History Making Tour de France,Sport,General Sport And Fitness,BGSA,Biography,ADD_SECONDARY,Biography
9781626920040,Dragonar Academy Vol. 1,Fiction,Graphic Novels,FXA,Manga,ADD_SECONDARY,Manga
9781472134639,Revolution - The Autobiography,The Arts,Music And Performing Arts,BGFA,Biography,ADD_SECONDARY,Biography
9781781576427,Life in 50mm - The Photographers Lens,The Arts,Art,AJG,Photography,ADD_SECONDARY,Photography
9781760858612,Bone Code,Fiction,Crime Fiction,FH,Thriller,ADD_SECONDARY,Thriller
9781398501409,Savage Road,Fiction,Crime Fiction,FH,Thriller,ADD_SECONDARY,Thriller
9781398505537,Ocean Prey - 31 Prey,Fiction,Crime Fiction,FH,Thriller,ADD_SECONDARY,Thriller
9781626920941,I Am Alice - 2 Body Swap in Wonderland,Fiction,Graphic Novels,FXA,Manga,ADD_SECONDARY,Manga
9781626921146,I Am Alice - 3 Body Swap in Wonderland,Fiction,Graphic Novels,FXA,Manga,ADD_SECONDARY,Manga
9781419738302,Writing Action,Reference,General,CBV,Languages,RECLASSIFY,Languages
9781471148590,Confess,Fiction,General Fiction,FR,Romance,RECLASSIFY,Romance
9781542000178,Layla,Fiction,General Fiction,FR,Romance,RECLASSIFY,Romance
9781476753188,Ugly Love,Fiction,General Fiction,FRD,Romance,RECLASSIFY,Romance
9781476746531,This Girl - 3 Slammed,Fiction,General Fiction,FR,Romance,RECLASSIFY,Romance
9780785839941,Beowulf,Fiction,Classics,DC,Poetry,ADD_SECONDARY,Poetry
9781526622259,Theres No Such Thing as an Easy Job,Fiction,General Fiction,FYT,Translated Fiction,RECLASSIFY,Translated Fiction
9781838510206,Maurice Broomfield: Industrial Sublime,The Arts,Art,AJB,Photography,ADD_SECONDARY,Photography
9781350217614,Confucius Courtyard - Art Architecture and Design,The Arts,Art,AMX,Architecture,ADD_SECONDARY,Architecture
9781838773359,Prince and a Spy,Fiction,Crime Fiction,FHD,Thriller,ADD_SECONDARY,Thriller
9780571363018,"Reality, and Other Stories",Fiction,General Fiction,FK,Horror,RECLASSIFY,Horror
9781786897343,Ordesa,Fiction,General Fiction,FYT,Translated Fiction,RECLASSIFY,Translated Fiction
9781785787782,Voices From the Past - A year of great quotations - and the stories from history that inspired them,Reference,General,HBL,History,RECLASSIFY,History
9780143202837,Blueback,Fiction,General Fiction,YFB,Childrens Fiction,RECLASSIFY,Childrens Fiction
9781474614818,Stalin - The Court Of The Red Tsar,History And Politics,History,BGH,Biography,ADD_SECONDARY,Biography
9780241320952,Desolations of Devils Acre - 6 Miss Peregrines Peculiar Children,Fiction,General Fiction,YFH,Childrens Fiction,RECLASSIFY,Childrens Fiction
9780552177528,Better Off Dead - 26 Jack Reacher,Fiction,Crime Fiction,FH,Thriller,ADD_SECONDARY,Thriller
9781529176223,Outbreak - 3 Luke Carlton,Fiction,Crime Fiction,FHD,Thriller,ADD_SECONDARY,Thriller
9781784871512,Gulag Archipelago - Abridged Edition,History And Politics,History,JPVR,Politics,ADD_SECONDARY,Politics
9780753559208,How To Stand Up to a Dictator,History And Politics,History,JPHV,Politics,ADD_SECONDARY,Politics
9780764362699,Marthas Vineyard,The Arts,Art,AJB,Photography,ADD_SECONDARY,Photography
9780764362651,Healing Power of Water,The Arts,Art,AJB,Photography,ADD_SECONDARY,Photography
9781316517802,Popular Dictatorships,History And Politics,History,JPB,Politics,ADD_SECONDARY,Politics
9781542025607,Reminders Of Him,Fiction,General Fiction,FRD,Romance,RECLASSIFY,Romance
9781991151100,Wellington Architecture - A Walking Guide,The Arts,Art,AM,Architecture,ADD_SECONDARY,Architecture
9781529156966,Line To Kill - 3 Hawthorne and Horowitz,Fiction,Crime Fiction,FH,Thriller,ADD_SECONDARY,Thriller
9781472135018,Bunnyman - A Memoir,The Arts,Music And Performing Arts,BGFA,Biography,ADD_SECONDARY,Biography
9781398515628,Spanish Love Deception - 1 Spanish Love Deception,Fiction,General Fiction,FRD,Romance,RECLASSIFY,Romance
9781472274410,Sweetness Of Water,Fiction,General Fiction,FV,Historical Fiction,RECLASSIFY,Historical Fiction
9781641293419,Refuse To Be Done - How to Write and Rewrite a Novel in Three Drafts,Reference,General,CBV,Languages,RECLASSIFY,Languages
9781529342079,Master - Brilliant Career Of Roger Federer,Sport,General Sport And Fitness,BGS,Biography,ADD_SECONDARY,Biography
9780732298296,Pharaoh - 6 Egyptian Series,Fiction,Historical Fiction,FH,Thriller,ADD_SECONDARY,Thriller
9781476783284,Finding Cinderella - A Novella,Fiction,General Fiction,FRD,Romance,RECLASSIFY,Romance
9781501125713,Maybe Not - 2,Fiction,General Fiction,FRD,Romance,RECLASSIFY,Romance
9781476753164,Maybe Someday - 1,Fiction,General Fiction,FRD,Romance,RECLASSIFY,Romance
9781529394214,Lady Joker,Fiction,Crime Fiction,FH,Thriller,ADD_SECONDARY,Thriller
9780733648502,Avoidable War - Dangers Of A Catastrophic Conflict Between The US And Xi Jinpings China,History And Politics,History,JP,Politics,ADD_SECONDARY,Politics
9780671212094,How To Read A Book,Reference,General,DSB,Classics,RECLASSIFY,Classics
9781839766220,Trial Of Julian Assange - A Story Of Persecution,History And Politics,History,JPVR,Politics,ADD_SECONDARY,Politics
9781760761844,Where They Purr - Inspirational Interiors and the Cats Who Call Them Home,The Arts,Art,AJ,Photography,ADD_SECONDARY,Photography
9781399906678,Sitting On A Pin - Musical Memoir,The Arts,Music And Performing Arts,BM,Biography,ADD_SECONDARY,Biography
9780473594664,Comparonomics - Why Life Is Better Than You Think And How To Make It Even Better,Sciences,Business,KC,Economics,ADD_SECONDARY,Economics
9783967040241,Temples of Books Magnificent Libraries Around the World,The Arts,Art,AMG,Architecture,ADD_SECONDARY,Architecture
9783836583169,Modern Architecture A-Z,The Arts,Art,AMX,Architecture,ADD_SECONDARY,Architecture
9783836589888,Architectural Theory - Pioneering Texts On Architecture From The Renaissance To Today,The Arts,Art,AMA,Architecture,ADD_SECONDARY,Architecture
9788417557423,Eco-Houses -  Sustainability And Quality of Life,The Arts,Art,AMCR,Architecture,ADD_SECONDARY,Architecture
9781784708405,Unbreakable,Sport,General Sport And Fitness,BGS,Biography,ADD_SECONDARY,Biography
9780241995341,Book Lovers,Fiction,General Fiction,FRD,Romance,RECLASSIFY,Romance
9780241994535,Silverview,Fiction,Crime Fiction,FHD,Thriller,ADD_SECONDARY,Thriller
9780141999760,Ulysses Unbound - A Readers Companion to James Joyce's Ulysses,Reference,General,DSRC,Classics,RECLASSIFY,Classics
9781405942706,Dark Horse - 7 Orphan X,Fiction,Crime Fiction,FHD,Thriller,ADD_SECONDARY,Thriller
9780399562266,Mike Nichols - A Life,The Arts,Music And Performing Arts,BGFA,Biography,ADD_SECONDARY,Biography
9780241542002,Leadership - Six Studies in World Strategy,History And Politics,History,JPHL,Politics,ADD_SECONDARY,Politics
9781776890187,Around The Corners - Out to the Edges,The Arts,Music And Performing Arts,BM,Biography,ADD_SECONDARY,Biography
9781405950541,Rachels Holiday,Fiction,General Fiction,FRD,Romance,RECLASSIFY,Romance
9781867207979,Girl In The Painting,Fiction,Historical Fiction,FFH,Crime Fiction,ADD_SECONDARY,Crime Fiction
9781916434271,Ghost In The Throat,Fiction,General Fiction,BM,Biography,RECLASSIFY,Biography
9781471166204,They Both Die at the End,Fiction,General Fiction,YFB,Childrens Fiction,RECLASSIFY,Childrens Fiction
9780861541218,How to Teach Classics to Your Dog -  A Quirky Introduction to the Ancient Greeks and Romans,Reference,General,DSBB,Classics,RECLASSIFY,Classics
9780241374238,Index - A History Of The,Reference,General,CBX,Languages,RECLASSIFY,Languages
9780755642083,"How To Lose The Information War - Russia, Fake News, And The Future Of Conflict",History And Politics,History,JPSL,Politics,ADD_SECONDARY,Politics
9781760879617,Farm At Peppertree Crossing,Fiction,General Fiction,FRD,Romance,RECLASSIFY,Romance
9780306846083,Please Please Tell Me Now - Duran Duran Story,The Arts,Music And Performing Arts,BGF,Biography,ADD_SECONDARY,Biography
9781646091126,I Think Our Son Is Gay - 2,Fiction,Graphic Novels,FXA,Manga,ADD_SECONDARY,Manga
9781646090921,I Think Our Son Is Gay 01,Fiction,Graphic Novels,FXA,Manga,ADD_SECONDARY,Manga
9781789097832,All the White Spaces,Fiction,Science Fiction and Fantasy,FK,Horror,ADD_SECONDARY,Horror
9781473699632,Heavier Than Heaven - The Biography of Kurt Cobain,The Arts,Music And Performing Arts,BGF,Biography,ADD_SECONDARY,Biography
9780008472214,German Midwife,Fiction,Historical Fiction,FR,Romance,ADD_SECONDARY,Romance
9781529099461,Red White And Royal Blue,Fiction,General Fiction,FRD,Romance,RECLASSIFY,Romance
9781529066265,Quiet Americans - Four CIA Spies At The Dawn Of The Cold War - A Tragedy In Three Acts,History And Politics,History,JPSH,Politics,ADD_SECONDARY,Politics
9781398516243,Anatomy Of A Scandal,Fiction,Crime Fiction,FH,Thriller,ADD_SECONDARY,Thriller
9781838778514,Physicians Daughter,Fiction,Historical Fiction,FRH,Romance,ADD_SECONDARY,Romance
9781838856458,Old Woman With The Knife,Fiction,Crime Fiction,FH,Thriller,ADD_SECONDARY,Thriller
9781788166379,How Words Get Good - Story Of Making A Book,Reference,General,CBW,Languages,RECLASSIFY,Languages
9781781259382,Happy Traitor - Spies Lies And Exile In Russia - Extraordinary Story Of George Blake,History And Politics,History,BGH,Biography,ADD_SECONDARY,Biography
9780760374382,Bowie at 75,The Arts,Music And Performing Arts,BGF,Biography,ADD_SECONDARY,Biography
9781782278269,Royal Game - A Chess Story,Fiction,General Fiction,FC,Classics,RECLASSIFY,Classics
9781784877460,Madame Bovary,Fiction,General Fiction,FC,Classics,RECLASSIFY,Classics
9781784877521,Jane Eyre,Fiction,General Fiction,FC,Classics,RECLASSIFY,Classics
9781529177213,Killing Floor - 1 Jack Reacher 25th Anniversary Edition,Fiction,Crime Fiction,FH,Thriller,ADD_SECONDARY,Thriller
9780008308384,Kleptopia - How Dirty Money is Conquering the World,History And Politics,History,JKVK,Politics,ADD_SECONDARY,Politics
9780241561249,Renegades - Born in the USA,The Arts,Music And Performing Arts,BGFA,Biography,ADD_SECONDARY,Biography
9783791385815,Bookstores - A Celebration of Independent Booksellers,The Arts,Art,AJC,Photography,ADD_SECONDARY,Photography
9781922585622,America Second - How America's elites are making China stronger,History And Politics,History,JPSL,Politics,ADD_SECONDARY,Politics
9781399803083,London Rules - 5 Slough House,Fiction,Crime Fiction,FHD,Thriller,ADD_SECONDARY,Thriller
9781399803090,Joe Country - 6 Slough House,Fiction,Crime Fiction,FHD,Thriller,ADD_SECONDARY,Thriller
9781399803106,Slough House - 7 Slough House,Fiction,Crime Fiction,FH,Thriller,ADD_SECONDARY,Thriller
9781788169820,I Came All This Way to Meet You -  Writing Myself Home,The Arts,Music And Performing Arts,BM,Biography,ADD_SECONDARY,Biography
9781529110630,Another Now - Dispatches From An Alternative Present,Sciences,Business,KCA,Economics,ADD_SECONDARY,Economics
9781529038798,City Of Vengeance - 1 Cesare Aldo,Fiction,Historical Fiction,FFH,Crime Fiction,ADD_SECONDARY,Crime Fiction
9781398519411,Philosophy of Modern Song,The Arts,Music And Performing Arts,BGFA,Biography,ADD_SECONDARY,Biography
9780008516147,Sense and Sensibility - Collins Classics,Fiction,General Fiction,FC,Classics,RECLASSIFY,Classics
9780008509521,Moby Dick - Collins Classics,Fiction,General Fiction,FC,Classics,RECLASSIFY,Classics
9780099266594,My Many Coloured Days,Well Being,Childrens Well Being,YBC,Childrens Picture Books,ADD_SECONDARY,Childrens Picture Books
9781839764080,Uses of Disorder -  Personal Identity and City Life,The Arts,Art,AMA,Architecture,ADD_SECONDARY,Architecture
9781501367229,Sticker,Reference,General,DSA,Classics,RECLASSIFY,Classics
9781501367069,Football,Reference,General,DSA,Classics,RECLASSIFY,Classics
9780008509453,Dracula - Collins Classics,Fiction,Classics,FKC,Horror,ADD_SECONDARY,Horror
9781839765711,Making Space - Women and the Man Made Environment,The Arts,Art,AM,Architecture,ADD_SECONDARY,Architecture
9781542016421,Regretting You,Fiction,General Fiction,FR,Romance,RECLASSIFY,Romance
9780008461201,This Is a Call - The Fully Updated and Revised Bestselling Biography of Dave Grohl,The Arts,Music And Performing Arts,BGF,Biography,ADD_SECONDARY,Biography
9781800691742,Little Book About Books -  Quotes for the Bibliophile in Your Life,Reference,General,DSRC,Classics,RECLASSIFY,Classics
9781447295761,All The Old Knives -  Now A Major New Film,Fiction,Crime Fiction,FHD,Thriller,ADD_SECONDARY,Thriller
9781250830166,Lost Manuscript - A Novel,Fiction,General Fiction,FRD,Romance,RECLASSIFY,Romance
9781529014877,Ophelia Girls,Fiction,General Fiction,FRD,Romance,RECLASSIFY,Romance
9781529065404,Funeral Readings and Poems,Fiction,Classics,DCQ,Poetry,ADD_SECONDARY,Poetry
9781529033793,Crying in H Mart,Fiction,General Fiction,VFJX,Psychology,RECLASSIFY,Psychology
9781626920163,Dragonar Academy Vol. 2,Fiction,Graphic Novels,FXA,Manga,ADD_SECONDARY,Manga
9781626928145,DNA Doesnt Tell Us Vol. 2,Fiction,Graphic Novels,FXA,Manga,ADD_SECONDARY,Manga
9781472298683,Brush with Love,Fiction,General Fiction,FRD,Romance,RECLASSIFY,Romance
9780785839088,My Mothers Life - Mom I Want To Know Everything About You,Reference,General,WQY,Biography,RECLASSIFY,Biography
9781399013888,Tracing Your Family History with the Whole Family -  A Family Research Adventure for All Ages,Reference,General,WQY,Biography,RECLASSIFY,Biography
9780063239340,Davos Man - How the Billionaires Devoured the World,Sciences,Business,KCX,Economics,ADD_SECONDARY,Economics
9781489249166,Brightest Star,Fiction,General Fiction,FV,Historical Fiction,RECLASSIFY,Historical Fiction
9780063158993,Recessional - The Death of Free Speech and the Cost of a Free Lunch,History And Politics,History,JPFM,Politics,ADD_SECONDARY,Politics
9780063236660,Viscount Who Loved Me - Netflix Tie In,Fiction,General Fiction,FRH,Romance,RECLASSIFY,Romance
9780141995557,Doom - The Politics of Catastrophe,History And Politics,History,JPHC,Politics,ADD_SECONDARY,Politics
9780241584590,Sold Out - How Broken Supply Chains Surging Inflation And Political Instability Will Sink The Global Economy,Sciences,Business,KCBM,Economics,ADD_SECONDARY,Economics
9781922585226,Lilly and Her Slave,Fiction,General Fiction,FYT,Translated Fiction,RECLASSIFY,Translated Fiction
9780711276130,Rafa Nadal -  The King of the Court,Sport,General Sport And Fitness,BGS,Biography,ADD_SECONDARY,Biography
9781800810082,Liberalism And Its Discontents,History And Politics,History,JP,Politics,ADD_SECONDARY,Politics
9780099599494,I Found You,Fiction,Crime Fiction,FH,Thriller,ADD_SECONDARY,Thriller
9780300264487,Critical Revolutionaries - Five Critics Who Changed the Way We Read,Reference,General,DSR,Classics,RECLASSIFY,Classics
9781529416756,Flame Of Resistance - American Beauty French Hero British Spy,History And Politics,History,JPSH,Politics,ADD_SECONDARY,Politics
9781784756253,Then She Was Gone,Fiction,Crime Fiction,FH,Thriller,ADD_SECONDARY,Thriller
9781509825042,Love Letter,Fiction,Historical Fiction,FRD,Romance,ADD_SECONDARY,Romance
9781538729755,Sea Stories - My Life In Special Operations,History And Politics,History,BGHA,Biography,ADD_SECONDARY,Biography
9781781258613,Richer Wiser Happier -  How the World's Greatest Investors Win in Markets and Life,Sciences,Business,KFFM,Economics,ADD_SECONDARY,Economics
9780593331040,War Without Rules - Chinas Playbook For Global Domination,History And Politics,History,JP,Politics,ADD_SECONDARY,Politics
9780226749075,"Wordcraft - The Complete Guide to Clear, Powerful Writing",Reference,General,CBW,Languages,RECLASSIFY,Languages
9780349426792,Reckless Road,Fiction,General Fiction,FR,Romance,RECLASSIFY,Romance
9781473695498,Shining - Halloween Edition,Fiction,General Fiction,FK,Horror,RECLASSIFY,Horror
9780712354264,Whisperers And Other Stories - A Lifetime Of The Supernatural,Fiction,Classics,FKC,Horror,ADD_SECONDARY,Horror
9781775293934,Deal - 1 Off-Campus,Fiction,General Fiction,FR,Romance,RECLASSIFY,Romance
9781529365702,Billy Summers,Fiction,Crime Fiction,FH,Thriller,ADD_SECONDARY,Thriller
9781408716700,Le Fric - Family Power And Money - The Business of the Tour de France,Sport,General Sport And Fitness,BGS,Biography,ADD_SECONDARY,Biography
9781529406832,Apollo Murders - 1 Apollo Murders,Fiction,Crime Fiction,FH,Thriller,ADD_SECONDARY,Thriller
9781529061987,6 20 Man - 1 Travis Devine,Fiction,Crime Fiction,FH,Thriller,ADD_SECONDARY,Thriller
9780008487737,Coming Up For Air - What I Learned From Sport Fame And Fatherhood,Sport,General Sport And Fitness,BGA,Biography,ADD_SECONDARY,Biography
9781419751455,HUMANS -  Photographs That Make You Think,The Arts,Art,AJCP,Photography,ADD_SECONDARY,Photography
9781419751462,ANIMALS -  Photographs That Make You Think,The Arts,Art,AJCP,Photography,ADD_SECONDARY,Photography
9780500025062,Year That Changed Our World - A Photographic History Of The Covid-19 Pandemic,The Arts,Art,AJCR,Photography,ADD_SECONDARY,Photography
9780500296523,Polaroid  The Missing Manual,The Arts,Art,AJ,Photography,ADD_SECONDARY,Photography
9782080248503,Frank Gehry - The Masterpieces,The Arts,Art,AMB,Architecture,ADD_SECONDARY,Architecture
9781597115131,Gregory Crewdson -  Alone Street,The Arts,Art,AJB,Photography,ADD_SECONDARY,Photography
9781869718213,Last Guests,Fiction,Crime Fiction,FH,Thriller,ADD_SECONDARY,Thriller
9781913183509,Very Bad People - The Inside Story of the Fight Against the World's Network of Corruption,History And Politics,History,JPW,Politics,ADD_SECONDARY,Politics
9783037682746,Lifestyles Today -  Interior Design Around the World,The Arts,Art,AMR,Architecture,ADD_SECONDARY,Architecture
9781804180365,Dark Rooms,Fiction,Crime Fiction,FH,Thriller,ADD_SECONDARY,Thriller
9781800691940,Little Guide To Leonard Cohen - I'm Your Man,The Arts,Music And Performing Arts,BGF,Biography,ADD_SECONDARY,Biography
9780785843429,Write Away Poetry - A Guided Poetry Journal with over 101 Writing Exercises,Reference,General,CBV,Languages,RECLASSIFY,Languages
9780785840350,301 Writing Ideas,Reference,General,CBV,Languages,RECLASSIFY,Languages
9781797209432,Stahl House,The Arts,Art,AJ,Photography,ADD_SECONDARY,Photography
9780500296561,Body -  The Photobook,The Arts,Art,AJC,Photography,ADD_SECONDARY,Photography
9780143775959,Small Holiday Houses - Designer Hideaways Across New Zealand,The Arts,Design,AMCR,Architecture,ADD_SECONDARY,Architecture
9780306922237,Do What You Want - Story Of Bad Religion,The Arts,Music And Performing Arts,BGFA,Biography,ADD_SECONDARY,Biography
9781447294788,"Every Good Boy Does Fine -  A Love Story, in Music Lessons",The Arts,Music And Performing Arts,BGFA,Biography,ADD_SECONDARY,Biography
9781847926425,Age of The Strongman -  How the Cult of the Leader Threatens Democracy around the World,History And Politics,History,JPHL,Politics,ADD_SECONDARY,Politics
9781839764042,We Uyghurs Have No Say -  An Imprisoned Writer Speaks,History And Politics,History,BM,Biography,ADD_SECONDARY,Biography
9780241505311,City of Gold,Fiction,Crime Fiction,FHD,Thriller,ADD_SECONDARY,Thriller
9780241505540,Violent Ward,Fiction,Crime Fiction,FH,Thriller,ADD_SECONDARY,Thriller
9780241566312,Ipcress File,Fiction,Crime Fiction,FHD,Thriller,ADD_SECONDARY,Thriller
9780241505465,Only When I Larf,Fiction,Crime Fiction,FH,Thriller,ADD_SECONDARY,Thriller
9780241556849,Voltage Effect,Sciences,Business,KCK,Economics,ADD_SECONDARY,Economics
9780241543788,"English for Everyone Illustrated English Dictionary with Free Online Audio -  An Illustrated Reference Guide to Over 10,000 English Words",Reference,General,CBDX,Languages,RECLASSIFY,Languages
9781922458384,"Novel Project -  A Step-by-Step Guide to Your Novel, Memoir or Biography",Reference,General,CBW,Languages,RECLASSIFY,Languages
9780702265532,Stone Sky Gold Mountain -  The multi-award-winning Australian historical novel,Fiction,General Fiction,FV,Historical Fiction,RECLASSIFY,Historical Fiction
9781786897022,Dantes Divine Trilogy,Fiction,Classics,DC,Poetry,ADD_SECONDARY,Poetry
9781350205826,Consuming Joyce -  100 Years of Ulysses in Ireland,Reference,General,DSK,Classics,RECLASSIFY,Classics
9781529076981,Never,Fiction,Crime Fiction,FHP,Thriller,ADD_SECONDARY,Thriller
9781509856718,Jersey - The All Blacks - The Secrets Behind the World's Most Successful Team,Sport,General Sport And Fitness,BGS,Biography,ADD_SECONDARY,Biography
9781250281593,Michael Jordan - Life Lessons from His Airness,Sport,General Sport And Fitness,BGS,Biography,ADD_SECONDARY,Biography
9781956649345,Property Quadrants - The Passive Income Formula - Own Your Financial Future Through Real Estate Investing,Sciences,Business,KFFR,Economics,ADD_SECONDARY,Economics
9782875501134,Living By The Sea,The Arts,Art,AMKD,Architecture,ADD_SECONDARY,Architecture
9782875501134,Living By The Sea,The Arts,Design,AMKD,Architecture,ADD_SECONDARY,Architecture
9781788841948,Terry ONeills Rock 'n' Roll Album,The Arts,Art,AJB,Photography,ADD_SECONDARY,Photography
9780847872480,Workshop/APD - Architecture Interiors and the Spaces Between,The Arts,Art,AM,Architecture,ADD_SECONDARY,Architecture
9780847872480,Workshop/APD - Architecture Interiors and the Spaces Between,The Arts,Design,AM,Architecture,ADD_SECONDARY,Architecture
9780349417561,Love and Other Words,Fiction,General Fiction,FRD,Romance,RECLASSIFY,Romance
9780349426891,Soulmate Equation,Fiction,General Fiction,FR,Romance,RECLASSIFY,Romance
9781529114300,Begin Again -  James Baldwin's America and Its Urgent Lessons for Today,History And Politics,History,BGL,Biography,ADD_SECONDARY,Biography
9781635860337,"Why We Quilt - Contemporary Makers Speak Out about the Power of Art, Activism, Community and Creativity",The Arts,Art,WFBQ,Craft,ADD_SECONDARY,Craft
9781786852434,Happiness - Thoughts and Quotations for Every Day,Reference,General,VSP,Psychology,RECLASSIFY,Psychology
9781786852403,Inspiration - Thoughts and Quotations for Every Day,Reference,General,VSP,Psychology,RECLASSIFY,Psychology
9781646431731,Literature in 30 Seconds or Less - 100 Classics Cut Down for the Pace of the Modern World,Reference,General,WH,Humour,RECLASSIFY,Humour
9781860497926,Girl Interrupted,Fiction,General Fiction,BGA,Biography,RECLASSIFY,Biography
9780753559246,Russia Conundrum - How the West Fell For Putin's Power Gambit - and How to Fix It,History And Politics,History,JPSL,Politics,ADD_SECONDARY,Politics
9781398503632,Seven Ways To Change The World - How To Fix The Most Pressing Problems We Face,History And Politics,History,JP,Politics,ADD_SECONDARY,Politics
9781841659374,Crowns Royal Britain,The Arts,Music And Performing Arts,BGR,Biography,ADD_SECONDARY,Biography
9788417557515,Off Grid Getaways - Organic Architecture,The Arts,Art,AMKD,Architecture,ADD_SECONDARY,Architecture
9781509556380,Zelensky - A Biography,History And Politics,History,JPA,Politics,ADD_SECONDARY,Politics
9781350141278,Fundamentals of Landscape Architecture,The Arts,Art,AMV,Architecture,ADD_SECONDARY,Architecture
9781529113396,Bullet Train,Fiction,Crime Fiction,FH,Thriller,ADD_SECONDARY,Thriller
9781761067624,Concussion - A Familys Story of how the long-term impact of sport-related concussion changed their lives forever,Sport,General Sport And Fitness,BGSA,Biography,ADD_SECONDARY,Biography
9781760762773,Dogs Gods,The Arts,Art,AJ,Photography,ADD_SECONDARY,Photography
9780500545539,Mindful Photographer,The Arts,Art,AJG,Photography,ADD_SECONDARY,Photography
9781788169622,Essex Serpent,Fiction,General Fiction,FFH,Crime Fiction,RECLASSIFY,Crime Fiction
9781668012710,"Fight of Our Lives - My Time with Zelenskyy, Ukraine's Battle for Democracy, and What It Means for the World",History And Politics,History,BGHA,Biography,ADD_SECONDARY,Biography
9780857528223,She And Her Cat,Fiction,General Fiction,FYT,Translated Fiction,RECLASSIFY,Translated Fiction
9781471195174,You Lose Yourself You Reappear - The Many Voices of Bob Dylan,The Arts,Music And Performing Arts,BGF,Biography,ADD_SECONDARY,Biography
9781760529154,Assisted - A Doctors Story Of Assisting Death And Embracing Life,Well Being,Health,VFJX,Psychology,ADD_SECONDARY,Psychology
9781419747946,George Michael - A Life,The Arts,Music And Performing Arts,BGF,Biography,ADD_SECONDARY,Biography
9780141990057,Democracy Rules,History And Politics,History,JPHV,Politics,ADD_SECONDARY,Politics
9780241562727,Eliots Book of Bookish Lists -  A sparkling miscellany of literary lists,Reference,General,DSK,Classics,RECLASSIFY,Classics
9780241515846,Great Novels - The World's Most Remarkable Fiction Explored and Explained,Reference,General,DS,Classics,RECLASSIFY,Classics
9781419749698,Didnt We Almost Have It All -  In Defense of Whitney Houston,The Arts,Music And Performing Arts,BGF,Biography,ADD_SECONDARY,Biography
9783777438283,Anna Atkins -  Blue Prints,The Arts,Art,AJB,Photography,ADD_SECONDARY,Photography
9788869658952,Sebastiao Salgado -  From My Land to the Planet,The Arts,Art,AJB,Photography,ADD_SECONDARY,Photography
9781990003448,Ross Taylor - Black And White,Sport,General Sport And Fitness,BGS,Biography,ADD_SECONDARY,Biography
9781789465556,Secret History Of The Five Eyes - The Untold Story Of The Shadowy International Spy Network Through Its Targets Traitors And Spies,History And Politics,History,JPSH,Politics,ADD_SECONDARY,Politics
9781787704596,12 Who Dont Agree -  The Battle for Freedom in Putin's Russia,History And Politics,History,JPWF,Politics,ADD_SECONDARY,Politics
9780008546342,Charlies Good Tonight - Authorised Biography Of Charlie Watts,The Arts,Music And Performing Arts,BGF,Biography,ADD_SECONDARY,Biography
9781460762370,Donna Hay Christmas Feasts and Treats,Christmas,Christmas Cooking,WB,Food And Beverage,ADD_SECONDARY,Food And Beverage
9781760641573,Contest For The Indo Pacific - Why China Wont Map The Future,History And Politics,History,JPS,Politics,ADD_SECONDARY,Politics
9781775293965,Goal - 4 Off Campus,Fiction,General Fiction,FR,Romance,RECLASSIFY,Romance
9780008478674,Cloud Cuckoo Land,Fiction,General Fiction,FV,Historical Fiction,RECLASSIFY,Historical Fiction
9781849947695,Bedside Companion For Book Lovers - Anthology Of Literary Delights For Every Night Of The Year,Reference,General,DQ,General Fiction,RECLASSIFY,General Fiction
9781984860682,Home with Rue   Style for Everyone: An Interior Design Book,The Arts,Art,AM,Architecture,ADD_SECONDARY,Architecture
9781529158090,Romantics,Fiction,General Fiction,FR,Romance,RECLASSIFY,Romance
9781529149487,Tour de Force - My History Making Tour de France,Sport,General Sport And Fitness,BGSA,Biography,ADD_SECONDARY,Biography
9781460761403,Lisa,Sport,General Sport And Fitness,BGSA,Biography,ADD_SECONDARY,Biography
9781316515327,Impossible Office - The History of the British Prime Minister,History And Politics,History,JPHL,Politics,ADD_SECONDARY,Politics
9781398520783,It Ends With Us - Special Edition,Fiction,General Fiction,FR,Romance,RECLASSIFY,Romance
9780571372676,You Made A Fool Of Death With Your Beauty,Fiction,General Fiction,FRD,Romance,RECLASSIFY,Romance
9780473634018,Architecture At Home - Houses For New Zealanders To Live Work And Play,The Arts,Art,AM,Architecture,ADD_SECONDARY,Architecture
9780393733266,Guide To Contemporary New York City Architecture,The Arts,Art,AM,Architecture,ADD_SECONDARY,Architecture
9781784877989,Kafka on the Shore - Gift Edition,Fiction,General Fiction,FC,Classics,RECLASSIFY,Classics
9781509549993,Case Against the Sexual Revolution,History And Politics,History,JP,Politics,ADD_SECONDARY,Politics
9781644282212,"Double Talkin' Jive - True Rock 'n' Roll Stories from the Drummer of Guns N' Roses, The Cult, and Velvet Revolver",The Arts,Music And Performing Arts,BGF,Biography,ADD_SECONDARY,Biography
9781529065381,Goblin Market And Other Poems,Fiction,Classics,DCF,Poetry,ADD_SECONDARY,Poetry
9780141996400,"How to Stop Fascism -  History, Ideology, Resistance",History And Politics,History,JPFQ,Politics,ADD_SECONDARY,Politics
9780141981499,Around the World in 80 Books,Reference,General,DSB,Classics,RECLASSIFY,Classics
9780241491713,Botanists Sticker Anthology,The Arts,Art,WFT,Craft,ADD_SECONDARY,Craft
9781788735889,Disappearance Of Josef Mengele,Fiction,General Fiction,FV,Historical Fiction,RECLASSIFY,Historical Fiction
9781529090444,Luckiest Girl Alive,Fiction,Crime Fiction,FH,Thriller,ADD_SECONDARY,Thriller
9781843430858,Gulag Archipelago 1918-1956,History And Politics,History,JPVR,Politics,ADD_SECONDARY,Politics
9780571374847,Why Patti Smith Matters,The Arts,Music And Performing Arts,BGF,Biography,ADD_SECONDARY,Biography
9781867218401,Before We Were Yours,Fiction,General Fiction,FV,Historical Fiction,RECLASSIFY,Historical Fiction
9781784878016,Man Who Planted Trees,Fiction,General Fiction,FC,Classics,RECLASSIFY,Classics
9780747598626,Graveyard Book,Fiction,Science Fiction and Fantasy,FK,Horror,ADD_SECONDARY,Horror
9781914420863,Artificial Islands - Adventures In The Dominions,The Arts,Art,AMX,Architecture,ADD_SECONDARY,Architecture
9781501133435,Simple Wild - A Novel,Fiction,General Fiction,FRD,Romance,RECLASSIFY,Romance
9781408727034,Verity - Gift Edition,Fiction,General Fiction,FH,Thriller,RECLASSIFY,Thriller
9781788166867,Digital Silk Road - Chinas Quest to Wire the World and Win the Future,History And Politics,History,JPS,Politics,ADD_SECONDARY,Politics
9781398520905,Principles for Navigating Big Debt Crises,Sciences,Business,KCZ,Economics,ADD_SECONDARY,Economics
9781783352760,Invasion - Russia's Bloody War and Ukraine's Fight for Survival,History And Politics,History,JPSL,Politics,ADD_SECONDARY,Politics
9780241573716,Prophet - Little Clothbound Classics,Fiction,Classics,DCF,Poetry,ADD_SECONDARY,Poetry
9783836582186,Annie Leibovitz,The Arts,Art,AJ,Photography,ADD_SECONDARY,Photography
9781800752337,Conservatism - A Rediscovery,History And Politics,History,JPFM,Politics,ADD_SECONDARY,Politics
9781419765131,Rooftop Paris - A Panoramic View of the City of Light,The Arts,Art,AJ,Photography,ADD_SECONDARY,Photography
9781760761172,Reclaimed,The Arts,Art,AMCR,Architecture,ADD_SECONDARY,Architecture
9781789095296,Only Good Indians,Fiction,General Fiction,FK,Horror,RECLASSIFY,Horror
9783836584685,Her Majesty - A Photographic History 1926-Today,The Arts,Art,AJC,Photography,ADD_SECONDARY,Photography
9781035008193,Home Front,Fiction,General Fiction,FRD,Romance,RECLASSIFY,Romance
9780063286481,Breaking History - A White House Memoir,History And Politics,History,BGHA,Biography,ADD_SECONDARY,Biography
9788417557416,Eco-Cities - New Healthy Architecture,The Arts,Art,AMCR,Architecture,ADD_SECONDARY,Architecture
9780857528865,All The Broken Places - 2 The Boy In The Striped Pyjamas,Fiction,General Fiction,FV,Historical Fiction,RECLASSIFY,Historical Fiction
9781529324327,Stranger 1 - Jude Lyon,Fiction,General Fiction,FH,Thriller,RECLASSIFY,Thriller
9781529334333,Saboteur - 2 Jude Lyon,Fiction,General Fiction,FHD,Thriller,RECLASSIFY,Thriller
9781742577821,Art Deco Airports - Dream Designs of the 1920s & 1930s,The Arts,Design,AMG,Architecture,ADD_SECONDARY,Architecture
9780241456996,Command - The Politics of Military Operations from Korea to Ukraine,History And Politics,History,JPA,Politics,ADD_SECONDARY,Politics
9781743797990,Spies And Lies - How China's Greatest Covert Operations Fooled the World,History And Politics,History,JPFC,Politics,ADD_SECONDARY,Politics
9780500343661,KHA Kerry Hill Architects -  Works and Projects,The Arts,Art,AMB,Architecture,ADD_SECONDARY,Architecture
9782330150952,Sophie Calle - True Stories,The Arts,Art,AJB,Photography,ADD_SECONDARY,Photography
9782330159481,Elevator Resides in 501,The Arts,Art,AJB,Photography,ADD_SECONDARY,Photography
9780008530341,Wolf Hall Picture Book,Reference,General,AJC,Photography,RECLASSIFY,Photography
9781803282763,Cixin Liu's For the Benefit of Mankind - A Graphic Novel,Fiction,Graphic Novels,FXA,Manga,ADD_SECONDARY,Manga
9781803282800,Cixin Liu's The Circle - A Graphic Novel,Fiction,Graphic Novels,FXA,Manga,ADD_SECONDARY,Manga
9781803282824,Cixin Liu's The Devourer - A Graphic Novel,Fiction,Graphic Novels,FXA,Manga,ADD_SECONDARY,Manga
9781788166119,Wordhord - Daily Life in Old English,Reference,General,CBX,Languages,RECLASSIFY,Languages
9781035018765,Breach - The Untold Story of the Investigation into January 6th,History And Politics,History,JPA,Politics,ADD_SECONDARY,Politics
9781804710203,Old Man,Fiction,Crime Fiction,FH,Thriller,ADD_SECONDARY,Thriller
9781839764622,Starmer Project - A Journey To The Right,History And Politics,History,JPFF,Politics,ADD_SECONDARY,Politics
9781991006141,Straight Up,Sport,General Sport And Fitness,BM,Biography,ADD_SECONDARY,Biography
9781780899602,Stranger Things - Worlds Turned Upside Down - The Official Behind The Scenes Companion,The Arts,Music And Performing Arts,BGH,Biography,ADD_SECONDARY,Biography
9781760762216,Neeson Murcutt Neille - Setting Architecture,The Arts,Art,AM,Architecture,ADD_SECONDARY,Architecture
9780063312883,McCartney Legacy -  Volume 1 - 1969-73,The Arts,Music And Performing Arts,BGF,Biography,ADD_SECONDARY,Biography
9781760762469,New Queensland House,The Arts,Art,AMKD,Architecture,ADD_SECONDARY,Architecture
9780500025413,World History Of Women Photographers,The Arts,Art,AJB,Photography,ADD_SECONDARY,Photography
9780500296790,Courtyard Living - Contemporary Houses Of The Asia-Pacific,The Arts,Art,AMK,Architecture,ADD_SECONDARY,Architecture
9780571322138,"Verse, Chorus, Monster",The Arts,Music And Performing Arts,BM,Biography,ADD_SECONDARY,Biography
9781398501386,True Believer - 2 James Reece,Fiction,Crime Fiction,FH,Thriller,ADD_SECONDARY,Thriller
9780648509875,Mythos,Fiction,Classics,FK,Horror,ADD_SECONDARY,Horror
9781838777821,Codename Faust,Fiction,Crime Fiction,FH,Thriller,ADD_SECONDARY,Thriller
9781800249677,Ghost - 100 Stories to Read with the Lights On,Fiction,Classics,FK,Horror,ADD_SECONDARY,Horror
9781583220528,I Remain In Darkness,Fiction,General Fiction,DSK,Classics,RECLASSIFY,Classics
9781529093032,Emma Watson - Jane Austens Unfinished Novel,Fiction,General Fiction,FRH,Romance,RECLASSIFY,Romance
9781529035186,Very French Wedding,Fiction,General Fiction,FRD,Romance,RECLASSIFY,Romance
9781922458773,Faith Hope And Carnage,The Arts,Music And Performing Arts,BGFA,Biography,ADD_SECONDARY,Biography
9781788705745,Islander - My Life in Music and Beyond,The Arts,Music And Performing Arts,BGFA,Biography,ADD_SECONDARY,Biography
9781035016648,Fall of Boris Johnson - The Full Story,History And Politics,History,JPHL,Politics,ADD_SECONDARY,Politics
9781991016348,Making Space - History Of New Zealand Women In Architecture,The Arts,Art,AM,Architecture,ADD_SECONDARY,Architecture
9780785839774,Essential Tales and Poems of Edgar Allan Poe,Fiction,Classics,FKC,Horror,ADD_SECONDARY,Horror
9781761221149,Country Style Country Homes in Australia,The Arts,Art,AMKD,Architecture,ADD_SECONDARY,Architecture
9781408726600,Verity,Fiction,General Fiction,FH,Thriller,RECLASSIFY,Thriller
9781782693772,Hotel Magnifique,Fiction,General Fiction,YFH,Childrens Fiction,RECLASSIFY,Childrens Fiction
9781509886098,House Of Fortune - 2 Minaturist,Fiction,General Fiction,FV,Historical Fiction,RECLASSIFY,Historical Fiction
9781444723540,Running Man,Fiction,Science Fiction and Fantasy,FK,Horror,ADD_SECONDARY,Horror
9781444723533,Bachman Books,Fiction,Science Fiction and Fantasy,FK,Horror,ADD_SECONDARY,Horror
9780711276673,On the Tip of My Tongue - The perfect word for every life moment,Reference,General,CBX,Languages,RECLASSIFY,Languages
9781529153545,Message from Ukraine,History And Politics,History,JPS,Politics,ADD_SECONDARY,Politics
9781472129406,Ox - The Last of the Great Rock Stars - The Authorised Biography Of The Whos John Entwistle,The Arts,Music And Performing Arts,BGFA,Biography,ADD_SECONDARY,Biography
9780241415030,Architecture Book - Big Ideas Simply Explained,The Arts,Art,AMA,Architecture,ADD_SECONDARY,Architecture
9780226818399,Capital Order - How Economists Invented Austerity and Paved the Way to Fascism,Sciences,Business,KCZ,Economics,ADD_SECONDARY,Economics
9780306925023,Microbiome Thyroid - Restore Your Gut and Heal Your Hidden Thyroid Disease,Well Being,Health,VFJB,Psychology,ADD_SECONDARY,Psychology
9781787330566,Good Pop Bad Pop,The Arts,Music And Performing Arts,BM,Biography,ADD_SECONDARY,Biography
9781529111286,Things We Say in the Dark,Fiction,General Fiction,FK,Horror,RECLASSIFY,Horror
9781529158922,Godmersham Park,Fiction,Historical Fiction,FRH,Romance,ADD_SECONDARY,Romance
9780861543779,Coffee With Hitler - The British Amateurs Who Tried to Civilise the Nazis,History And Politics,History,BGH,Biography,ADD_SECONDARY,Biography
9781681986357,Essence of Photography,The Arts,Art,AJ,Photography,ADD_SECONDARY,Photography
9781851245765,"Universal Declaration of Human Rights - Proclaimed by the United Nations General Assembly, Paris, December 1948",History And Politics,History,JPVH,Politics,ADD_SECONDARY,Politics
9781529111590,Restless Hungry Feeling 1941-1966 - Vol 1 Double Life of Bob Dylan,The Arts,Music And Performing Arts,BGF,Biography,ADD_SECONDARY,Biography
9781035003891,Red White And Royal Blue - Special Collectors Edition,Fiction,General Fiction,FRD,Romance,RECLASSIFY,Romance
9781529061673,Hare House,Fiction,Crime Fiction,FH,Thriller,ADD_SECONDARY,Thriller
9781529083248,Fell,Fiction,Crime Fiction,FH,Thriller,ADD_SECONDARY,Thriller
9781912631315,Nigel Owens - Final Whistle,Sport,General Sport And Fitness,BGSA,Biography,ADD_SECONDARY,Biography
9781408873564,Christmas at River Cottage,Christmas,Christmas Cooking,WB,Food And Beverage,ADD_SECONDARY,Food And Beverage
9783967040760,Mediterranean Home - Residential Architecture And Interiors With A Southern Touch,The Arts,Art,AMR,Architecture,ADD_SECONDARY,Architecture
9783967040647,Arch Dailys Guide to Good Architecture -  The Now and How of Built Environments,The Arts,Art,AM,Architecture,ADD_SECONDARY,Architecture
9781838664763,Inside - At Home With Great Designers,The Arts,Art,AMR,Architecture,ADD_SECONDARY,Architecture
9781838665920,Annie Leibovitz - Portraits 2005-2016,The Arts,Art,AJB,Photography,ADD_SECONDARY,Photography
9781922310538,Chief Witness - escape from China's modern-day concentration camps,History And Politics,History,JPSL,Politics,ADD_SECONDARY,Politics
9781838665593,Living in the Forest,The Arts,Art,AMK,Architecture,ADD_SECONDARY,Architecture
9781760879686,Why We Sing,The Arts,Music And Performing Arts,BM,Biography,ADD_SECONDARY,Biography
9781800811973,Admirable Point - A Brief History of the Exclamation Mark!,Reference,General,CBX,Languages,RECLASSIFY,Languages
9780349433455,Terms And Conditions,Fiction,General Fiction,FR,Romance,RECLASSIFY,Romance
9780349436326,King of Wrath - 1 Kings of Sin,Fiction,General Fiction,FRD,Romance,RECLASSIFY,Romance
9781864709308,Beautiful Houses By The Water - Living At The Waters Edge,The Arts,Art,AMK,Architecture,ADD_SECONDARY,Architecture
9781864709308,Beautiful Houses By The Water - Living At The Waters Edge,The Arts,Design,AMK,Architecture,ADD_SECONDARY,Architecture
9781784877835,Classic Ghost Stories,Fiction,Classics,FKC,Horror,ADD_SECONDARY,Horror
9781644212059,Remembering Che -  My Life With Che Guevara,History And Politics,History,BGH,Biography,ADD_SECONDARY,Biography
9781616896546,People Fishing - A Century of Photographs,The Arts,Art,AJC,Photography,ADD_SECONDARY,Photography
9780810994072,Poolside With Slim Aarons,The Arts,Art,AJC,Photography,ADD_SECONDARY,Photography
9781864706536,Green Spaces In The Community,The Arts,Art,AMVD,Architecture,ADD_SECONDARY,Architecture
9781419726958,Microsculpture - Portraits of Insects,The Arts,Art,AJCP,Photography,ADD_SECONDARY,Photography
9781864707960,Nordic Home,The Arts,Art,AMK,Architecture,ADD_SECONDARY,Architecture
9781760761264,Human Nature -  Planet Earth in Our Time,The Arts,Art,AJ,Photography,ADD_SECONDARY,Photography
9781617456817,Modern Art Quilts - Design Fuse And Quilt As You Go,The Arts,Art,WFBQ,Craft,ADD_SECONDARY,Craft
9781616890353,Old Buildings New Designs - Architectural Transformations,The Arts,Art,AMC,Architecture,ADD_SECONDARY,Architecture
9780714862293,Vitamin Green,The Arts,Art,AMCR,Architecture,ADD_SECONDARY,Architecture
9780865653566,Inspired Design - The 100 Most Important Interior Designers Of The Past 100 Years,The Arts,Art,AMR,Architecture,ADD_SECONDARY,Architecture
9781925695823,Grand Designs Australia - 2,The Arts,Art,AM,Architecture,ADD_SECONDARY,Architecture
9789401470971,Food Photos and Styling - Creating Fabulous Food Photos with Your Camera or Smartphone,The Arts,Art,AJG,Photography,ADD_SECONDARY,Photography
9780847861880,Ray Booth - Evocative Interiors,The Arts,Art,AMR,Architecture,ADD_SECONDARY,Architecture
9781780673226,Furniture For Interior Design,The Arts,Art,AMR,Architecture,ADD_SECONDARY,Architecture
9783961711086,Pictures By # The Stormpilot,The Arts,Art,AJC,Photography,ADD_SECONDARY,Photography
9788833670034,This Is Chicago,The Arts,Art,AJC,Photography,ADD_SECONDARY,Photography
9780953238965,Grim Glory,The Arts,Art,AJ,Photography,ADD_SECONDARY,Photography
9780714876740,Atlas Of Mid Century Modern Houses,The Arts,Art,AM,Architecture,ADD_SECONDARY,Architecture
9780500293942,Iconic House - Architectural Masterworks Since 1900,The Arts,Art,AMK,Architecture,ADD_SECONDARY,Architecture
9780847860012,Making House Designers At Home,The Arts,Art,AMR,Architecture,ADD_SECONDARY,Architecture
9780500021422,Off the Grid -  Houses for Escape,The Arts,Art,AMK,Architecture,ADD_SECONDARY,Architecture
9780847858729,Decorated Home - Living With Style And Spirit,The Arts,Art,AM,Architecture,ADD_SECONDARY,Architecture
9780908689941,Shops,The Arts,Art,AJC,Photography,ADD_SECONDARY,Photography
9788862422802,Joyful House - Investigation On Marcio Kogan - Studio Mk27,The Arts,Art,AMB,Architecture,ADD_SECONDARY,Architecture
9781440590078,Architecture 101 - From Frank Gehry To Ziggurats An Essential Guide To Building Styles And Materials,The Arts,Art,AM,Architecture,ADD_SECONDARY,Architecture
9781781576809,Tate Photography Decoded,The Arts,Art,AJ,Photography,ADD_SECONDARY,Photography
9781780672687,Key Interiors Since 1900,The Arts,Art,AMR,Architecture,ADD_SECONDARY,Architecture
9781922156402,Low Light Photography,The Arts,Art,AJG,Photography,ADD_SECONDARY,Photography
9780500501047,Apartment House,The Arts,Art,AMK,Architecture,ADD_SECONDARY,Architecture
9781760760199,Terrace House - Reimagined For The Australian Way Of Life,The Arts,Art,AM,Architecture,ADD_SECONDARY,Architecture
9781864708615,Beautiful Beach Houses - Living in Stunning Coastal Escapes,The Arts,Art,AMK,Architecture,ADD_SECONDARY,Architecture
9782080301314,Talk About Contemporary Architecture,The Arts,Art,AMA,Architecture,ADD_SECONDARY,Architecture
9780500292495,Prototyping For Architects,The Arts,Art,AM,Architecture,ADD_SECONDARY,Architecture
9780500519462,Warehouse Home - Industrial Inspiration For Twenty First Century Living,The Arts,Art,AMK,Architecture,ADD_SECONDARY,Architecture
9781784881795,Darcey Bussell - Evolved,The Arts,Art,AJCP,Photography,ADD_SECONDARY,Photography
9781423642220,Barclay Butera Modern Living,The Arts,Art,AMR,Architecture,ADD_SECONDARY,Architecture
9781921024900,Coastal Homes Of The World,The Arts,Art,AMKH,Architecture,ADD_SECONDARY,Architecture
9780847860890,Girlgaze - How Girls See The World,The Arts,Art,AJB,Photography,ADD_SECONDARY,Photography
9783836557801,Burton Holmes Travelogues - The Greatest Traveler Of His Time,The Arts,Art,AJB,Photography,ADD_SECONDARY,Photography
9783791383866,Londons Great Theatres,The Arts,Art,AJC,Photography,ADD_SECONDARY,Photography
9788869657412,David Campany - So Present So Invisible - Conversations On Photography,The Arts,Art,AJG,Photography,ADD_SECONDARY,Photography
9788499366951,Green Architecture for a Sustainable Future,The Arts,Art,AMCR,Architecture,ADD_SECONDARY,Architecture
9781848095229,Christmas At Highclere,The Arts,Art,AMX,Architecture,ADD_SECONDARY,Architecture
9781786273185,Photographers on Photography,The Arts,Art,AJ,Photography,ADD_SECONDARY,Photography
9781780673356,Read This If You Want To Take Great Photographs,The Arts,Art,AJG,Photography,ADD_SECONDARY,Photography
9781780679051,Read This If You Want To Take Great Photographs Of Places,The Arts,Art,AJG,Photography,ADD_SECONDARY,Photography
9780500519202,Courtyard Living - Contemporary Houses of the Asia-Pacific,The Arts,Art,AMK,Architecture,ADD_SECONDARY,Architecture
9781597114530,Walter Chandoha - The Cat Photographer,The Arts,Art,AJC,Photography,ADD_SECONDARY,Photography
9783836565059,Frederic Chaubin CCCP,The Arts,Art,AJB,Photography,ADD_SECONDARY,Photography
9781597113922,Henri Cartier Bresson - Interviews And Conversations 1951-1998,The Arts,Art,AJ,Photography,ADD_SECONDARY,Photography
9783829605588,Anton Corbijn - Inwards and Onwards,The Arts,Art,AJB,Photography,ADD_SECONDARY,Photography
9781781576120,Urban Photography,The Arts,Art,AJG,Photography,ADD_SECONDARY,Photography
9780500545089,Eamonn Doyle - Made In Dublin,The Arts,Art,AJB,Photography,ADD_SECONDARY,Photography
9781600597855,Self Portrait Photography - The Ultimate In Personal Expression,The Arts,Art,AJCP,Photography,ADD_SECONDARY,Photography
9781781575666,Photo Hacks- Simple Solutions for Better Photos,The Arts,Art,AJG,Photography,ADD_SECONDARY,Photography
9788836648061,"Masterworks of Modern Photography 1900-1940 - The Thomas Walther Collection at The Museum of Modern Art, New York",The Arts,Art,AJB,Photography,ADD_SECONDARY,Photography
9781760760847,Resident Dog - Incredible Homes and the Dogs That Live There,The Arts,Art,AJ,Photography,ADD_SECONDARY,Photography
9780143773245,Big Ideas For Small Houses,The Arts,Art,AMCR,Architecture,ADD_SECONDARY,Architecture
9780143573357,Small House Living,The Arts,Art,AMKD,Architecture,ADD_SECONDARY,Architecture
9780500204443,Modern Architecture -  A Critical History,The Arts,Art,AMX,Architecture,ADD_SECONDARY,Architecture
9781781573242,Black And White Photography - The Timeless Art Of Monochrome In The Post Digital Age,The Arts,Art,AJG,Photography,ADD_SECONDARY,Photography
9781781574553,Photographers Eye Remastered - Composition And Design For Better Digital Photographs,The Arts,Art,AJG,Photography,ADD_SECONDARY,Photography
9781785002342,Low Light And Night Photography - Art And Techniques,The Arts,Art,AJG,Photography,ADD_SECONDARY,Photography
9783791384665,Women Photographers - From Julia Margaret Cameron To Cindy Sherman,The Arts,Art,AJC,Photography,ADD_SECONDARY,Photography
9783791383217,Coffee Style - Horst A Friedrichs,The Arts,Art,AJC,Photography,ADD_SECONDARY,Photography
9783791348599,Drive Style,The Arts,Art,AJC,Photography,ADD_SECONDARY,Photography
9788862085878,Adam Fuss - Water,The Arts,Art,AJB,Photography,ADD_SECONDARY,Photography
9781838661236,Radical Architecture of the Future,The Arts,Art,AM,Architecture,ADD_SECONDARY,Architecture
9780735348264,Frank Lloyd Wright On Architecture Nature And The Human Spirit,The Arts,Art,AMC,Architecture,ADD_SECONDARY,Architecture
9780847863242,Steven Gambrel - Perspectives,The Arts,Art,AMR,Architecture,ADD_SECONDARY,Architecture
9782330065911,Paris Metro Photo - From 1900 To The Present,The Arts,Art,AJB,Photography,ADD_SECONDARY,Photography
9780847858477,Old Cuba - Urban And Vernacular Architecture,The Arts,Art,AMX,Architecture,ADD_SECONDARY,Architecture
9780008360115,World Wonders - 50 Of The Worlds Most Iconic Structures,The Arts,Art,AMX,Architecture,ADD_SECONDARY,Architecture
9781781453544,52 Assignments - Experimental Photography,The Arts,Art,AJG,Photography,ADD_SECONDARY,Photography
9780473390396,Auckland School - 100 Years of Architecture and Planning 1917 - 2017,The Arts,Art,AMX,Architecture,ADD_SECONDARY,Architecture
9781913097554,Simple Passion,Fiction,General Fiction,BM,Biography,RECLASSIFY,Biography
9781991006219,Drinking Game,Well Being,Health,VFJK,Psychology,ADD_SECONDARY,Psychology
9781800752009,White House Plumbers -  The Seven Weeks That Led To Watergate And Doomed Nixons Presidency,History And Politics,History,JPZ,Politics,ADD_SECONDARY,Politics
9781474622936,Sound Of Being Human - How Music Shapes Our Lives,The Arts,Music And Performing Arts,BGFA,Biography,ADD_SECONDARY,Biography
9781645676751,Ultimate Guide to iPhone Photography  Learn How to Take Professional Shots and Selfies the Easy Way,The Arts,Art,AJCP,Photography,ADD_SECONDARY,Photography
9780099538370,Maximum Ride - Manga Volume 9,Fiction,Graphic Novels,FXA,Manga,ADD_SECONDARY,Manga
9780099538479,Maximum Ride - Manga Volume 8,Fiction,Graphic Novels,FXA,Manga,ADD_SECONDARY,Manga
9780141989662,Index - A History of The,Reference,General,HBTB,History,RECLASSIFY,History
9780241600344,Seven Day Sleep Prescription,Well Being,Health,VFJ,Psychology,ADD_SECONDARY,Psychology
9781398506107,Freezing Order - Vladimir Putin Russian Money Laundering And Murder - True Story,History And Politics,History,BGHA,Biography,ADD_SECONDARY,Biography
9781510708679,Lusitanias Last Voyage,History And Politics,History,BGH,Biography,ADD_SECONDARY,Biography
9780732298272,Predator,Fiction,Historical Fiction,FH,Thriller,ADD_SECONDARY,Thriller
9781616897642,People Kissing - A Century of Photographs,The Arts,Art,AJC,Photography,ADD_SECONDARY,Photography
9781423651789,Betty Kuhner - The American Family Portrait,The Arts,Art,AJCP,Photography,ADD_SECONDARY,Photography
9781526660381,What Writers Read - 35 Writers on their Favourite Book,Reference,General,DSK,Classics,RECLASSIFY,Classics
9781472987365,Writers Journal Workbook - Creating Space For Writers To Be Inspired,Reference,General,CBW,Languages,RECLASSIFY,Languages
9781399708432,Sparring Partners,Fiction,Crime Fiction,FHP,Thriller,ADD_SECONDARY,Thriller
9781761048845,Everyone In My Family Has Killed Someone - 1 Ernest Cunningham,Fiction,Crime Fiction,FH,Thriller,ADD_SECONDARY,Thriller
9781922585233,Why Does It Still Hurt -  how the power of knowledge can overcome chronic pain,Well Being,Health,VFJB,Psychology,ADD_SECONDARY,Psychology
9781761380075,Chokepoint Capitalism - How Big Tech And Big Content Captured Creative Labour Markets And How Well Win Them Back,Sciences,Business,KCF,Economics,ADD_SECONDARY,Economics
9781974727179,My Hero Academia - 2 Team-Up Missions,Fiction,Graphic Novels,FXA,Manga,ADD_SECONDARY,Manga
9781606064511,Outside In,The Arts,Art,AM,Architecture,ADD_SECONDARY,Architecture
9781788706018,Soul Survivor - The Autobiography,The Arts,Music And Performing Arts,BGFA,Biography,ADD_SECONDARY,Biography
9781775542353,Head On,Sport,General Sport And Fitness,BGSA,Biography,ADD_SECONDARY,Biography
9780008620486,Never Never,Fiction,General Fiction,FRD,Romance,RECLASSIFY,Romance
9781529378726,Bad Actors - 8 Slough House,Fiction,Crime Fiction,FH,Thriller,ADD_SECONDARY,Thriller
9781593070205,Berserk - Volume 1,Fiction,Graphic Novels,FXA,Manga,ADD_SECONDARY,Manga
9781593070212,Berserk - Volume 2,Fiction,Graphic Novels,FXA,Manga,ADD_SECONDARY,Manga
9781593070229,Berserk - Volume 3,Fiction,Graphic Novels,FXA,Manga,ADD_SECONDARY,Manga
9781398525122,Heart Bones,Fiction,General Fiction,FR,Romance,RECLASSIFY,Romance
9781409156918,Hunt,Fiction,Crime Fiction,FH,Thriller,ADD_SECONDARY,Thriller
9781421522456,One with Heaven and Earth - 3 Vagabond,Fiction,Graphic Novels,FXA,Manga,ADD_SECONDARY,Manga
9781474610780,All The Knowledge in the World - The Extraordinary History of the Encyclopaedia,Reference,General,HBT,History,RECLASSIFY,History
9781800960893,Taxtopia - How I Discovered The Injustices Scams And Guilty Secrets Of The Tax Evasion Game,Sciences,Business,KFF,Economics,ADD_SECONDARY,Economics
9780714833569,Modern Architecture Since 1900,The Arts,Art,AMA,Architecture,ADD_SECONDARY,Architecture
9780764365256,Forever Home - Designing Houses to Last a Lifetime,The Arts,Art,AMKD,Architecture,ADD_SECONDARY,Architecture
9780764365003,Lighting Beyond Edison - Brilliant Residential Lighting Techniques in the Age of LEDs,The Arts,Art,AMR,Architecture,ADD_SECONDARY,Architecture
9781787464131,Dreyers English - An Utterly Correct Guide To Clarity And Style - UK Edition,Reference,General,CBG,Languages,RECLASSIFY,Languages
9781848540781,Martyr - 1 John Shakespeare,Fiction,Historical Fiction,FFH,Crime Fiction,ADD_SECONDARY,Crime Fiction
9781848540859,Revenger - 2 John Shakespeare,Fiction,Historical Fiction,FH,Thriller,ADD_SECONDARY,Thriller
9781848544321,Traitor - John Shakespeare 4,Fiction,Historical Fiction,FFH,Crime Fiction,ADD_SECONDARY,Crime Fiction
9781848544369,Heretics - John Shakespeare 5,Fiction,Historical Fiction,FFH,Crime Fiction,ADD_SECONDARY,Crime Fiction
9781848548480,Queens Man - John Shakespeare - The Beginning,Fiction,Historical Fiction,FFH,Crime Fiction,ADD_SECONDARY,Crime Fiction
9781848548534,Holy Spy - John Shakespeare 6,Fiction,Historical Fiction,FFH,Crime Fiction,ADD_SECONDARY,Crime Fiction
9781784707910,Good Pop Bad Pop,The Arts,Music And Performing Arts,BM,Biography,ADD_SECONDARY,Biography
9781804991206,Killer In The Kremlin,History And Politics,History,JPSL,Politics,ADD_SECONDARY,Politics
9781529062045,Simply Lies,Fiction,Crime Fiction,FH,Thriller,ADD_SECONDARY,Thriller
9781988547275,Owning It - The Ride that Changed my Life,Sport,General Sport And Fitness,BM,Biography,ADD_SECONDARY,Biography
9781421582702,My Hero Academia - 2,Fiction,Graphic Novels,FXA,Manga,ADD_SECONDARY,Manga
9780141194677,Prophet - Popular Penguins,Fiction,Classics,DCF,Poetry,ADD_SECONDARY,Poetry
9780141195230,Howl Kaddish And Other Poems - Popular Penguins 3,Fiction,Classics,DCF,Poetry,ADD_SECONDARY,Poetry
9781788546140,Mortmain Hall - 2 Rachel Savernake,Fiction,Historical Fiction,FFH,Crime Fiction,ADD_SECONDARY,Crime Fiction
9781529416763,Flame of Resistance - American Beauty. French Hero. British Spy.,History And Politics,History,JPSH,Politics,ADD_SECONDARY,Politics
9781991163042,Writing Non Fiction - With special emphasis on historical narratives,Reference,General,CBW,Languages,RECLASSIFY,Languages
9780552177542,No Plan B,Fiction,Crime Fiction,FH,Thriller,ADD_SECONDARY,Thriller
9780753559253,Russia Conundrum -  One man's fight to save his country's soul,History And Politics,History,JPSL,Politics,ADD_SECONDARY,Politics
9780473644840,Invincible,Sport,General Sport And Fitness,BGH,Biography,ADD_SECONDARY,Biography
9781914198373,Horse at Night - On Writing,Reference,General,BGL,Biography,RECLASSIFY,Biography
9781529197686,Boy The Mole The Fox and the Horse - The Animated Story,Fiction,General Fiction,VS,Psychology,RECLASSIFY,Psychology
9780099505495,Eric Clapton - The Autobiography,The Arts,Music And Performing Arts,BGFA,Biography,ADD_SECONDARY,Biography
9781770854468,Small Apartments of the World,The Arts,Art,AMR,Architecture,ADD_SECONDARY,Architecture
9781770854468,Small Apartments of the World,The Arts,Design,AMR,Architecture,ADD_SECONDARY,Architecture
9780063269088,There Is Nothing For You Here - Finding Opportunity In The Twenty-First Century,History And Politics,History,JPB,Politics,ADD_SECONDARY,Politics
9781250284303,Cobalt Red - How the Blood of the Congo Powers Our Lives,History And Politics,History,JPVH,Politics,ADD_SECONDARY,Politics
9780764365256,Forever Home - Designing Houses to Last a Lifetime,The Arts,Design,AMKD,Architecture,ADD_SECONDARY,Architecture
9780764365003,Lighting Beyond Edison - Brilliant Residential Lighting Techniques in the Age of LEDs,The Arts,Design,AMR,Architecture,ADD_SECONDARY,Architecture
9781838664763,Inside - At Home With Great Designers,The Arts,Design,AMR,Architecture,ADD_SECONDARY,Architecture
9780241994146,Whalebone Theatre,Fiction,General Fiction,FV,Historical Fiction,RECLASSIFY,Historical Fiction
9780008599188,Fight Is Here - Volodymyr Zelensky and the War in Ukraine,History And Politics,History,JP,Politics,ADD_SECONDARY,Politics
9781776890361,Living Full - A Guide to Overcoming Your Eating Disorder,Well Being,Health,VS,Psychology,ADD_SECONDARY,Psychology
9781419738319,Writing Dialogue,Reference,General,CBV,Languages,RECLASSIFY,Languages
9781800810143,Liberalism and Its Discontents,History And Politics,History,JP,Politics,ADD_SECONDARY,Politics
9781838957650,Collaborators - Three Stories of Deception and Survival in World War II,History And Politics,History,BGH,Biography,ADD_SECONDARY,Biography
9780241568620,Tomas Nevinson,Fiction,Crime Fiction,FHD,Thriller,ADD_SECONDARY,Thriller
9781529382211,Free Speech - A Global History from Socrates to Social Media,History And Politics,History,JPVH2,Politics,ADD_SECONDARY,Politics
9781476785257,Decadent Society - America Before and After the Pandemic,History And Politics,History,JP,Politics,ADD_SECONDARY,Politics
9780008606992,Coronation - A History of the British Monarchy,History And Politics,History,BGR,Biography,ADD_SECONDARY,Biography
9781409181637,Silent Patient,Fiction,Crime Fiction,FH,Thriller,ADD_SECONDARY,Thriller
9781509898299,All The Lovers In The Night,Fiction,General Fiction,FRD,Romance,RECLASSIFY,Romance
9781471135514,Maybe Someday - 1,Fiction,General Fiction,FR,Romance,RECLASSIFY,Romance
9780241960585,King of the World - The Life of Louis XIV,History And Politics,History,BGH,Biography,ADD_SECONDARY,Biography
9780141999098,Values Voice And Virtue - The New British Politics,History And Politics,History,JPA,Politics,ADD_SECONDARY,Politics
9781974721146,Case Closed -Vol. 79,Fiction,Graphic Novels,FXA,Manga,ADD_SECONDARY,Manga
9781529114928,With a Mind to Kill - James Bond 007,Fiction,Crime Fiction,FHD,Thriller,ADD_SECONDARY,Thriller
9781408725771,Love On the Brain,Fiction,General Fiction,FRD,Romance,RECLASSIFY,Romance
9781408725795,Love Theoretically,Fiction,General Fiction,FRD,Romance,RECLASSIFY,Romance
9780241620038,Letters to a Young Poet,Fiction,Classics,DCF,Poetry,ADD_SECONDARY,Poetry
9781526621849,You Are Not Alone,Well Being,Health,VFJX,Psychology,ADD_SECONDARY,Psychology
9781529152081,Radical Love,Fiction,Historical Fiction,FRH,Romance,ADD_SECONDARY,Romance
9781781454589,Street Photography Workshop,The Arts,Art,AJG,Photography,ADD_SECONDARY,Photography
9781529160321,Act Of Oblivion,Fiction,Crime Fiction,FH,Thriller,ADD_SECONDARY,Thriller
9780349009094,Radical Help - How We Can Remake The Relationships Between Us And Revolutionise The Welfare State,History And Politics,History,JKS,Politics,ADD_SECONDARY,Politics
9780008503956,Good Girls - A story and study of anorexia,Well Being,Health,VFJJ,Psychology,ADD_SECONDARY,Psychology
9780008241339,German Dictionary - Complete and Unabridged,Reference,Dictionaries,CBDX,Languages,ADD_SECONDARY,Languages
9780865654198,Sunnylands - America's Midcentury Masterpiece -  Revised and Expanded Edition,The Arts,Art,AMR,Architecture,ADD_SECONDARY,Architecture
9783037682845,Contemporary Architecture - Masterpieces around the World,The Arts,Art,AMC,Architecture,ADD_SECONDARY,Architecture
9788857246499,Photography - Two Centuries of History and Images,The Arts,Art,AJ,Photography,ADD_SECONDARY,Photography
9780865654198,Sunnylands - America's Midcentury Masterpiece -  Revised and Expanded Edition,The Arts,Design,AMR,Architecture,ADD_SECONDARY,Architecture
9783836587006,Homes for Our Time -  Contemporary Houses around the World. Vol. 2,The Arts,Art,AMK,Architecture,ADD_SECONDARY,Architecture
9783836574365,Office of Good Intentions -  Human(s) Work,The Arts,Art,AMG,Architecture,ADD_SECONDARY,Architecture
9780500296974,Retro Cameras - The Collectors Guide to Vintage Film Photography,The Arts,Art,AJG,Photography,ADD_SECONDARY,Photography
9780224100625,Cycling is My Life,Sport,General Sport And Fitness,BGSA,Biography,ADD_SECONDARY,Biography
9781783966882,Future of Geography - How Power and Politics in Space Will Change Our World,History And Politics,History,JPSL,Politics,ADD_SECONDARY,Politics
9780008601089,Once Upon a Prime - The Wondrous Connections Between Mathematics and Literature,Reference,General,DS,Classics,RECLASSIFY,Classics
9781782273769,King in Yellow,Fiction,Classics,FKC,Horror,ADD_SECONDARY,Horror
9780811232432,No Longer Human,Fiction,General Fiction,DS,Classics,RECLASSIFY,Classics
9781784705091,Thirst - 11 Harry Hole,Fiction,Crime Fiction,FH,Thriller,ADD_SECONDARY,Thriller
9781761045684,Puberty Blues,Fiction,General Fiction,WHG,Humour,RECLASSIFY,Humour
9781509886104,House Of Fortune - 2 The Miniaturist,Fiction,General Fiction,FV,Historical Fiction,RECLASSIFY,Historical Fiction
9781526662408,Medusa,Fiction,General Fiction,FR,Romance,RECLASSIFY,Romance
9781529091168,Haven,Fiction,General Fiction,FV,Historical Fiction,RECLASSIFY,Historical Fiction
9780141045108,Haunted Hotel - Popular Penguins,Fiction,Classics,FKC,Horror,ADD_SECONDARY,Horror
9780733649875,Horse,Fiction,General Fiction,FV,Historical Fiction,RECLASSIFY,Historical Fiction
9781399607261,Loaded - The Life (and Afterlife) of The Velvet Underground,The Arts,Music And Performing Arts,BGF,Biography,ADD_SECONDARY,Biography
9780349436340,King of Pride - 2 Kings of Sin,Fiction,General Fiction,FRD,Romance,RECLASSIFY,Romance
9780349436357,King Of Greed - 3 Kings Of Sin,Fiction,General Fiction,FRD,Romance,RECLASSIFY,Romance
9781787588455,Devils Advisor,Fiction,Science Fiction and Fantasy,FK,Horror,ADD_SECONDARY,Horror
9780751568257,Broken Ground - 5 Karen Pirie,Fiction,Crime Fiction,FH,Thriller,ADD_SECONDARY,Thriller
9780099528449,Prophet,Fiction,Classics,DCF,Poetry,ADD_SECONDARY,Poetry
9781408729090,Past Lying - 7 Karen Pirie,Fiction,Crime Fiction,FH,Thriller,ADD_SECONDARY,Thriller
9780241604847,Talking At Night,Fiction,General Fiction,FRD,Romance,RECLASSIFY,Romance
9781760859848,Mother Fault,Fiction,Crime Fiction,FH,Thriller,ADD_SECONDARY,Thriller
9781471128226,Executioner - 2 Robert Hunter,Fiction,Crime Fiction,FH,Thriller,ADD_SECONDARY,Thriller
9782080294722,Robert Doisneau -  Paris,The Arts,Art,AJB,Photography,ADD_SECONDARY,Photography
9780500296998,Warehouse Home - Industrial Inspiration for Twenty-First-Century Living,The Arts,Art,AMK,Architecture,ADD_SECONDARY,Architecture
9780141991931,Portable Magic - A History of Books and their Readers,Reference,General,HBTB,History,RECLASSIFY,History
9780241361634,This Is Shakespeare - How to Read the World's Greatest Playwright,Reference,General,DSGS,Classics,RECLASSIFY,Classics
9780349432564,Delilah Green Doesnt Care,Fiction,General Fiction,FRD,Romance,RECLASSIFY,Romance
9780349432588,Astrid Parker Doesnt Fail,Fiction,General Fiction,FRD,Romance,RECLASSIFY,Romance
9780349435701,Iris Kelly Doesn't Date,Fiction,General Fiction,FRD,Romance,RECLASSIFY,Romance
9781915343116,Bruce Springsteen - Born to Dream 50 Years of the Boss,The Arts,Music And Performing Arts,BGF,Biography,ADD_SECONDARY,Biography
9780648509899,Lady Susan,Fiction,Classics,FR,Romance,ADD_SECONDARY,Romance
9781529429398,SAS Great Escapes Two - Six Untold Epic Escapes Made by World War Two Heroes,History And Politics,History,BGH,Biography,ADD_SECONDARY,Biography
9781529413779,SAS Brothers in Arms - The Mavericks Who Made the SAS: Blood-and-Guts Defiance at Britain's Darkest Hour,History And Politics,History,BGH,Biography,ADD_SECONDARY,Biography
9781399606950,Read This if You Want to Take Great Photographs - Revised,The Arts,Art,AJG,Photography,ADD_SECONDARY,Photography
9781408729465,Too Late,Fiction,General Fiction,FH,Thriller,RECLASSIFY,Thriller
9781529429268,50 Political Ideas You Really Need To Know,History And Politics,History,JP,Politics,ADD_SECONDARY,Politics
9781843176572,My Grammar And I - Or Should That Be Me - Old School Ways To Sharpen Your English,Reference,General,CBG,Languages,RECLASSIFY,Languages
9780143796695,Nights Of Plague,Fiction,Historical Fiction,FFH,Crime Fiction,ADD_SECONDARY,Crime Fiction
9788417557584,"Container and Prefab Guide - Versatility, Mobility and Resistance",The Arts,Art,AMCR,Architecture,ADD_SECONDARY,Architecture
9780241638224,George VI and Elizabeth - The Marriage That Shaped the Monarchy,History And Politics,History,BGR,Biography,ADD_SECONDARY,Biography
9780241988398,How Civil Wars Start - And How to Stop Them,History And Politics,History,JP,Politics,ADD_SECONDARY,Politics
9780241635087,Photography -  A Visual Companion,The Arts,Art,AJB,Photography,ADD_SECONDARY,Photography
9780241621318,Doppelganger - A Trip Into The Mirror World,History And Politics,History,JPA,Politics,ADD_SECONDARY,Politics
9781761221149,Country Style Country Homes in Australia,The Arts,Design,AMKD,Architecture,ADD_SECONDARY,Architecture
9781788168649,BOOTH,Fiction,Historical Fiction,FFH,Crime Fiction,ADD_SECONDARY,Crime Fiction
9781526659620,Operation Chiffon - Secret Story Of MI5 And MI6 And The Road To Peace In Ireland,History And Politics,History,JPSH,Politics,ADD_SECONDARY,Politics
9781838958022,Johnson at 10 -  The Inside Story,History And Politics,History,BGH,Biography,ADD_SECONDARY,Biography
9780399591051,Adriatic - A Concert of Civilizations at the End of the Modern Age,History And Politics,History,JP,Politics,ADD_SECONDARY,Politics
9780785840374,My Life Story - My Memories Of The Past Present And Thoughts For The Future - Volume 35,Reference,General,WQY,Biography,RECLASSIFY,Biography
9781529074529,Trust,Fiction,General Fiction,FV,Historical Fiction,RECLASSIFY,Historical Fiction
9780241619018,Well Lived Life - A 102 Year Old Doctors Six Secrets to Health and Happiness at Every Age,Well Being,Health,VSPM,Psychology,ADD_SECONDARY,Psychology
9780008509439,Animal Farm - Collins Classics,Fiction,General Fiction,FC,Classics,RECLASSIFY,Classics
9781974736980,Persona 5 - Vol. 10,Fiction,Graphic Novels,FXA,Manga,ADD_SECONDARY,Manga
9781761264542,Exiles,Fiction,Crime Fiction,FH,Thriller,ADD_SECONDARY,Thriller
9781529089820,Daisy Darker,Fiction,Crime Fiction,FH,Thriller,ADD_SECONDARY,Thriller
9788417557645,A Frame - New Concept,The Arts,Art,AM,Architecture,ADD_SECONDARY,Architecture
9788417557652,New Shelters - Sustainable Buildings Systems,The Arts,Art,AMCR,Architecture,ADD_SECONDARY,Architecture
9781760987398,One Impossible Labyrinth - 7 Jack West Jr,Fiction,Crime Fiction,FH,Thriller,ADD_SECONDARY,Thriller
9781509558308,Left Is Not Woke,History And Politics,History,JP,Politics,ADD_SECONDARY,Politics
9780241989524,Beach Read,Fiction,General Fiction,FRD,Romance,RECLASSIFY,Romance
9780241992234,You And Me On Vacation,Fiction,General Fiction,FRD,Romance,RECLASSIFY,Romance
9780349438337,If We Ever Meet Again - 1 If Love,Fiction,General Fiction,FRD,Romance,RECLASSIFY,Romance
9780349438344,If the Sun Never Sets - 2 If Love,Fiction,General Fiction,FRD,Romance,RECLASSIFY,Romance
9780349438368,If Love Had A Price - 3 If Love,Fiction,General Fiction,FRD,Romance,RECLASSIFY,Romance
9780349438382,If We Were Perfect - 4 If Love,Fiction,General Fiction,FRD,Romance,RECLASSIFY,Romance
9780552159739,Digital Fortress,Fiction,Crime Fiction,FH,Thriller,ADD_SECONDARY,Thriller
9780552159722,Deception Point,Fiction,Crime Fiction,FH,Thriller,ADD_SECONDARY,Thriller
9781460762820,My Dream Time,Sport,General Sport And Fitness,BGSA,Biography,ADD_SECONDARY,Biography
9780241441091,Beautiful Star,Fiction,General Fiction,FC,Classics,RECLASSIFY,Classics
9781398516380,Winners - 3 Beartown,Fiction,General Fiction,FYT,Translated Fiction,RECLASSIFY,Translated Fiction
9781035031542,Beyond the Story - 10 Year Record of BTS,The Arts,Music And Performing Arts,BM,Biography,ADD_SECONDARY,Biography
9781805220015,Handover,History And Politics,History,JP,Politics,ADD_SECONDARY,Politics
9781781259757,How Democracy Ends,History And Politics,History,JPHV,Politics,ADD_SECONDARY,Politics
9780500296998,Warehouse Home - Industrial Inspiration for Twenty-First-Century Living,The Arts,Design,AMK,Architecture,ADD_SECONDARY,Architecture
9781398517271,LeBron,Sport,General Sport And Fitness,BGS,Biography,ADD_SECONDARY,Biography
9780241639177,Journey Into Fear - Penguin Modern Classics - Crime & Espionage,Fiction,Crime Fiction,FHD,Thriller,ADD_SECONDARY,Thriller
9780241639238,SS-GB - Penguin Modern Classics - Crime & Espionage,Fiction,Crime Fiction,FHD,Thriller,ADD_SECONDARY,Thriller
9780241640425,Night Of The Hunter - Penguin Modern Classics - Crime & Espionage,Fiction,Crime Fiction,FH,Thriller,ADD_SECONDARY,Thriller
9780241658987,Tinker Tailor Soldier Spy - Penguin Modern Classics - Crime & Espionage,Fiction,Crime Fiction,FHD,Thriller,ADD_SECONDARY,Thriller
9781405942737,Last Orphan - 8 Orphan X,Fiction,Crime Fiction,FHD,Thriller,ADD_SECONDARY,Thriller
9780241630891,Bonjour Tristesse,Fiction,Classics,FR,Romance,ADD_SECONDARY,Romance
9781922310408,Palestine Laboratory - How Israel Exports The Technology of occupation around the world,History And Politics,History,JKSW1,Politics,ADD_SECONDARY,Politics
9781761343056,Modern Warfare - A Lowy Institute Paper - Penguin Special - Lessons from Ukraine,History And Politics,History,JPSL,Politics,ADD_SECONDARY,Politics
9780241637791,"End Times - Elites, Counter-Elites and the Path of Political Disintegration",History And Politics,History,JPA,Politics,ADD_SECONDARY,Politics
9780008229443,Face It - A Memoir,The Arts,Music And Performing Arts,BGFA,Biography,ADD_SECONDARY,Biography
9781742611754,Contest,Fiction,Crime Fiction,FH,Thriller,ADD_SECONDARY,Thriller
9781743533314,Great Zoo of China,Fiction,Crime Fiction,FH,Thriller,ADD_SECONDARY,Thriller
9781742614281,Tournament,Fiction,Crime Fiction,FV,Historical Fiction,ADD_SECONDARY,Historical Fiction
9781742611747,Ice Station - 1 Scarecrow,Fiction,Crime Fiction,FH,Thriller,ADD_SECONDARY,Thriller
9781760981921,Seven Ancient Wonders - 1 Jack West Jr,Fiction,Crime Fiction,FH,Thriller,ADD_SECONDARY,Thriller
9781035028504,Red White And Royal Blue - Movie Tie-In Edition,Fiction,General Fiction,FRD,Romance,RECLASSIFY,Romance
9781035010707,House Hunt,Fiction,Crime Fiction,FH,Thriller,ADD_SECONDARY,Thriller
9781529094350,Wedding Dress Sewing Circle,Fiction,General Fiction,FRH,Romance,RECLASSIFY,Romance
9780199216307,Oxford Large Print Dictionary - Paperback,Reference,Dictionaries,CBD,Languages,ADD_SECONDARY,Languages
9780199216307,Oxford Large Print Dictionary - Paperback,Reference,Thesaurus,CBD,Languages,ADD_SECONDARY,Languages
9781529092660,Hand In Hand With Love - An Anthology of Queer Classic Poetry,Fiction,Classics,DC,Poetry,ADD_SECONDARY,Poetry
9781250287946,Steph Curry - Life Lessons from a Legend,Sport,General Sport And Fitness,BGS,Biography,ADD_SECONDARY,Biography
9780857505309,Putins Prisoner - My Time as a Prisoner of War in Ukraine,History And Politics,History,BGH,Biography,ADD_SECONDARY,Biography
9780500297131,Portrait Photographer's Manual,The Arts,Art,AJCP,Photography,ADD_SECONDARY,Photography
9780500024959,Cabin - How To Build A Retreat InThe Wilderness And Learn To Live With Nature,The Arts,Art,AMCR,Architecture,ADD_SECONDARY,Architecture
9781419746161,Slim Aarons - Essential Collection,The Arts,Art,AJ,Photography,ADD_SECONDARY,Photography
9781802792164,Pepsi And Shirlie - Its All in Black and White Wham! Life and Friendship,The Arts,Music And Performing Arts,BGFA,Biography,ADD_SECONDARY,Biography
9781399803434,Slouching Towards Utopia - An Economic History of the Twentieth Century,Sciences,Business,KCZ,Economics,ADD_SECONDARY,Economics
9781509801589,Jan Ullrich - The Best There Never Was,Sport,General Sport And Fitness,BGS,Biography,ADD_SECONDARY,Biography
9780733342226,Before Dementia,Well Being,Health,VFJB,Psychology,ADD_SECONDARY,Psychology
9780349132600,Housemaids Secret - 2 Housemaid,Fiction,Crime Fiction,FH,Thriller,ADD_SECONDARY,Thriller
9781408728512,Housemaid - 1 Housemaid,Fiction,Crime Fiction,FH,Thriller,ADD_SECONDARY,Thriller
9780847872459,Evolution Of Home - English Interiors for a New Era,The Arts,Art,AMR,Architecture,ADD_SECONDARY,Architecture
9780847872459,Evolution Of Home - English Interiors for a New Era,The Arts,Design,AMR,Architecture,ADD_SECONDARY,Architecture
9780857503633,Blue Moon - 24 Jack Reacher,Fiction,Crime Fiction,FH,Thriller,ADD_SECONDARY,Thriller
9781761261633,Vendetta - 5 Sannie van Rensburg,Fiction,Crime Fiction,FH,Thriller,ADD_SECONDARY,Thriller
9780008546373,Charlies Good Tonight  -  The Authorised Biography of Charlie Watts,The Arts,Music And Performing Arts,BGF,Biography,ADD_SECONDARY,Biography
9780008511340,English Dictionary Complete and Unabridged,Reference,General,CBD,Languages,RECLASSIFY,Languages
9783899559811,New Mediterranean - Homes And Interiors Under The Southern Sun,The Arts,Design,AMK,Architecture,ADD_SECONDARY,Architecture
9783899558715,Vertical Living - Compact Architecture For Urban Spaces,The Arts,Design,AMVD,Architecture,ADD_SECONDARY,Architecture
9783899559798,Home Upgrade - New Homes In Remodeled Buildings,The Arts,Design,AMK,Architecture,ADD_SECONDARY,Architecture
9781399800549,Secret Hours,Fiction,Crime Fiction,FHD,Thriller,ADD_SECONDARY,Thriller
9781529367805,Beijing Rules - China's Quest for Global Influence,History And Politics,History,JP,Politics,ADD_SECONDARY,Politics
9780008542481,Why Is This Lying Bastard Lying to Me? - Searching for the Truth on Political TV,History And Politics,History,JPZ,Politics,ADD_SECONDARY,Politics
9781760293086,Writing True Stories - Complete Guide To Writing Autobiography Memoir Personal Essay Biography Travel And Creative Nonfiction,Reference,General,CBW,Languages,RECLASSIFY,Languages
9780241446911,Twisted Love Story,Fiction,Crime Fiction,FH,Thriller,ADD_SECONDARY,Thriller
9780241544969,Betrayal,Fiction,Historical Fiction,FFH,Crime Fiction,ADD_SECONDARY,Crime Fiction
9781426223198,Women - The National Geographic Image Collection,The Arts,Art,AJ,Photography,ADD_SECONDARY,Photography
9781509840007,Bright Young Women,Fiction,Crime Fiction,FH,Thriller,ADD_SECONDARY,Thriller
9781035009589,Kamogawa Food Detectives,Fiction,General Fiction,FYT,Translated Fiction,RECLASSIFY,Translated Fiction
9780330457453,Stella Maris - 2 The Passenger,Fiction,General Fiction,FH,Thriller,RECLASSIFY,Thriller
9781529423105,Defector - 2 Apollo Murders,Fiction,Crime Fiction,FH,Thriller,ADD_SECONDARY,Thriller
9780811234443,Setting Sun,Fiction,General Fiction,DS,Classics,RECLASSIFY,Classics
9781844885428,Rememberings,The Arts,Music And Performing Arts,BM,Biography,ADD_SECONDARY,Biography
9781922585134,Animals In That Country,Fiction,General Fiction,FL,Science Fiction and Fantasy,RECLASSIFY,Science Fiction and Fantasy
9780241651117,Going Infinite - The Rise and Fall of a New Tycoon,Sciences,Business,KFF,Economics,ADD_SECONDARY,Economics
9780241586211,"Tyranny of the Minority - How to Reverse an Authoritarian Turn, and Forge a Democracy for All",History And Politics,History,JPHV,Politics,ADD_SECONDARY,Politics
9780241566213,Architecture - The Definitive Visual History,The Arts,Art,AM,Architecture,ADD_SECONDARY,Architecture
9781804993118,She And Her Cat,Fiction,General Fiction,FYT,Translated Fiction,RECLASSIFY,Translated Fiction
9781529115710,Swanfolk,Fiction,General Fiction,FYT,Translated Fiction,RECLASSIFY,Translated Fiction
9781785769467,Dead Of Winter - 2 Seasons Quartet,Fiction,Crime Fiction,FH,Thriller,ADD_SECONDARY,Thriller
9781506727431,Cat + Gamer Volume 3,Fiction,Graphic Novels,FXA,Manga,ADD_SECONDARY,Manga
9781839768989,Our Lives in Their Portfolios - Why Asset Managers Own the World,Sciences,Business,KCP,Economics,ADD_SECONDARY,Economics
9781800651548,Mindful Knitting - 35 Creative And Calming Patterns To Reduce Stress And Soothe The Mind,The Arts,Art,WFBS,Craft,ADD_SECONDARY,Craft
9780804856041,Mending With Boro - Japanese Running Stitch & Patching Techniques,The Arts,Art,WFB,Craft,ADD_SECONDARY,Craft
9781804993477,Lessons In Chemistry - TV Tie-In,Fiction,General Fiction,FV,Historical Fiction,RECLASSIFY,Historical Fiction
9781761220876,Christmas Table -  All the recipes you need for the festive season,Christmas,Christmas Cooking,WBA,Food And Beverage,ADD_SECONDARY,Food And Beverage
9781788403139,Climbers - Pain Panache and Polka Dots in cycling's greatest arenas,Sport,General Sport And Fitness,BGSA,Biography,ADD_SECONDARY,Biography
9781800753914,New China Playbook -  Beyond Socialism and Capitalism,History And Politics,History,JP,Politics,ADD_SECONDARY,Politics
9781472979537,Magic Spanner - The World Of Cycling According To Carlton Kirby,Sport,General Sport And Fitness,BGSA,Biography,ADD_SECONDARY,Biography
9781761450327,Old Brand New - Colourful Homes For Maximal Living,The Arts,Art,AMR,Architecture,ADD_SECONDARY,Architecture
9780552776011,Children Of God,Fiction,General Fiction,FL,Science Fiction and Fantasy,RECLASSIFY,Science Fiction and Fantasy
9781398513419,George Harrison - The Reluctant Beatle,The Arts,Music And Performing Arts,BGF,Biography,ADD_SECONDARY,Biography
9781667205441,Harry Potter World of Stickers,The Arts,Art,WFTS,Craft,ADD_SECONDARY,Craft
9781802064223,Lyrics - 1956 to the Present,The Arts,Music And Performing Arts,BM,Biography,ADD_SECONDARY,Biography
9781324001805,Iliad,Fiction,Classics,DCF,Poetry,ADD_SECONDARY,Poetry
9781529153347,"But What Can I Do - Why Politics Has Gone So Wrong, and How You Can Help Fix It",History And Politics,History,JPW,Politics,ADD_SECONDARY,Politics
9781529907353,Head Full Of Music - Soundtrack To My Life,The Arts,Music And Performing Arts,BM,Biography,ADD_SECONDARY,Biography
9781761107627,Woman In Me,The Arts,Music And Performing Arts,BGFA,Biography,ADD_SECONDARY,Biography
9798886630886,Harry Potter - Official Christmas Cookbook,Christmas,Christmas Cooking,WBR,Food And Beverage,ADD_SECONDARY,Food And Beverage
9781761450327,Old Brand New - Colourful Homes For Maximal Living,The Arts,Design,AMR,Architecture,ADD_SECONDARY,Architecture
9784805317648,Haruki Murakami Manga Stories 1,Fiction,Graphic Novels,FXA,Manga,ADD_SECONDARY,Manga
9781035408870,"To Anyone Who Ever Asks - The Life, Music, and Mystery of Connie Converse",The Arts,Music And Performing Arts,BGF,Biography,ADD_SECONDARY,Biography
9781444707854,Insomnia,Fiction,Science Fiction and Fantasy,FK,Horror,ADD_SECONDARY,Horror
9781905662791,Definitely - The Official Story of Def Leppard,The Arts,Music And Performing Arts,BGFA,Biography,ADD_SECONDARY,Biography
9781905662401,I Me Mine - The Extended Edition,The Arts,Music And Performing Arts,BGF,Biography,ADD_SECONDARY,Biography
9781905662616,Jimmy Page - The Anthology,The Arts,Music And Performing Arts,BGFA,Biography,ADD_SECONDARY,Biography
9783836587013,Small Houses,The Arts,Art,AMKH,Architecture,ADD_SECONDARY,Architecture
9781760762278,Soar -  A Life Freed by Dance,The Arts,Music And Performing Arts,BM,Biography,ADD_SECONDARY,Biography
9780865653924,David Netto,The Arts,Art,AMC,Architecture,ADD_SECONDARY,Architecture
9780865654150,Star Style - Interiors of Martyn Lawrence Bullard,The Arts,Art,AMR,Architecture,ADD_SECONDARY,Architecture
9780500343746,Iconic British House -  Modern Architectural Masterworks Since 1900,The Arts,Art,AMK,Architecture,ADD_SECONDARY,Architecture
9781760763268,New Modernist House,The Arts,Art,AMKD,Architecture,ADD_SECONDARY,Architecture
9781760763008,House Cat - Inspirational Interiors and the Elegant Felines Who Call Them Home,The Arts,Art,AJ,Photography,ADD_SECONDARY,Photography
9783961715312,Luxury,The Arts,Art,AJC,Photography,ADD_SECONDARY,Photography
9781837760176,Writing Coach in a Box,Reference,General,CBW,Languages,RECLASSIFY,Languages
9783836593816,Massimo Listri - The Worlds Most Beautiful Libraries. 40th Ed.,The Arts,Art,AJB,Photography,ADD_SECONDARY,Photography
9781922992659,Revolution - Ange Postecoglou - Close Up on Australia's Greatest Ever Football Manager,Sport,General Sport And Fitness,BGS,Biography,ADD_SECONDARY,Biography
9781529413830,SAS Forged in Hell - From Desert Rats to Dogs of War The Mavericks who Made the SAS,History And Politics,History,BGH,Biography,ADD_SECONDARY,Biography
9781399411028,Gardener of Lashkar Gah -  The Afghans who Risked Everything to Fight the Taliban,History And Politics,History,JPWL,Politics,ADD_SECONDARY,Politics
9781988550589,Living Big In A Tiny House,The Arts,Design,AMK,Architecture,ADD_SECONDARY,Architecture
9780473674724,Its Over - A Broadcasters Story,Sport,General Sport And Fitness,BM,Biography,ADD_SECONDARY,Biography
9781035410460,Abuse of Power - Confronting Injustice in Public Life,History And Politics,History,BGHA,Biography,ADD_SECONDARY,Biography
9781982171261,Shakespeare Was a Woman and Other Heresies - How Doubting the Bard Became the Biggest Taboo in Literature,History And Politics,History,BGLA,Biography,ADD_SECONDARY,Biography
9783967041194,Modernist Icons -  Midcentury Houses and Interiors,The Arts,Art,AMB,Architecture,ADD_SECONDARY,Architecture
9783967041125,"Upgrade Your House -  Rebuild, Renovate, and Reimagine Your House",The Arts,Art,AMC,Architecture,ADD_SECONDARY,Architecture
9783967041262,Oceans -  The Maritime Photography of Chris Burkard,The Arts,Art,AJB,Photography,ADD_SECONDARY,Photography
9781529427608,Chased by Pandas - My life in the mysterious world of cycling,Sport,General Sport And Fitness,BGSA,Biography,ADD_SECONDARY,Biography
9781474610797,All the Knowledge in the World - The Extraordinary History of the Encyclopaedia,Reference,General,HBT,History,RECLASSIFY,History
9781398715929,"Wheel Is Spinning But The Hamster is Dead - A Journey Around the World in Idioms, Proverbs and General Nonsense",Reference,General,WHL,Humour,RECLASSIFY,Humour
9780241303122,Leaves Of Grass,Fiction,Classics,DCF,Poetry,ADD_SECONDARY,Poetry
9780571378777,Christmas Guest,Fiction,Crime Fiction,FH,Thriller,ADD_SECONDARY,Thriller
9781775540892,In Love With These Times - My Life With Flying Nun Records,The Arts,Music And Performing Arts,BGFA,Biography,ADD_SECONDARY,Biography
9781783352364,Joy Of Small Things,Reference,General,JFCA,Sociology,RECLASSIFY,Sociology
9780349434278,Twisted Love - 1 Twisted,Fiction,General Fiction,FRD,Romance,RECLASSIFY,Romance
9781800815216,Write for Life - A Toolkit for Writers,Reference,General,CBV,Languages,RECLASSIFY,Languages
9781837930210,Great Books of China,Reference,General,DSB,Classics,RECLASSIFY,Classics
9781529432947,I Remember Paris,Fiction,General Fiction,FRD,Romance,RECLASSIFY,Romance
9780861546176,Coffee With Hitler - The British Amateurs Who Tried to Civilise the Nazis,History And Politics,History,BGH,Biography,ADD_SECONDARY,Biography
9780631197805,Anarchy State and Utopia,History And Politics,History,JP,Politics,ADD_SECONDARY,Politics
9781787335141,Politics On the Edge,History And Politics,History,BM,Biography,ADD_SECONDARY,Biography
9781684620425,Floral Wonderland - A Blooming Coloring Retreat,The Arts,Art,WFT,Craft,ADD_SECONDARY,Craft
9781406381795,Maisys Big Book of Kindness,Well Being,Childrens Well Being,YBCH,Childrens Picture Books,ADD_SECONDARY,Childrens Picture Books
9781035030972,Great Alone,Fiction,Historical Fiction,FRH,Romance,ADD_SECONDARY,Romance
9781529071191,Marriage Act,Fiction,Crime Fiction,FH,Thriller,ADD_SECONDARY,Thriller
9781035029402,Rassie -  Stories of Life and Rugby,Sport,General Sport And Fitness,BGSA,Biography,ADD_SECONDARY,Biography
9781398523876,Righteous Prey - 32 Prey,Fiction,Crime Fiction,FH,Thriller,ADD_SECONDARY,Thriller
9781509896127,I Wanna Be Yours,The Arts,Music And Performing Arts,BM,Biography,ADD_SECONDARY,Biography
9781847927248,Every Man For Himself And God Against All - A Memoir,The Arts,Music And Performing Arts,BGFA,Biography,ADD_SECONDARY,Biography
9780008479480,Book Eaters,Fiction,Science Fiction and Fantasy,FK,Horror,ADD_SECONDARY,Horror
9781668003893,Profiles In Ignorance - How Americas Politicians Got Dumb and Dumber,History And Politics,History,JPHL,Politics,ADD_SECONDARY,Politics
9781471148330,Unknown Pleasures - Inside Joy Division,The Arts,Music And Performing Arts,BGF,Biography,ADD_SECONDARY,Biography
9781913172664,Light Pours Out of Me - The Authorised Biography of John McGeoch,The Arts,Music And Performing Arts,BGF,Biography,ADD_SECONDARY,Biography
9781761065538,Frenchman - 1,Fiction,Crime Fiction,FH,Thriller,ADD_SECONDARY,Thriller
9781786583123,Library of Heartbeats,Fiction,General Fiction,FYT,Translated Fiction,RECLASSIFY,Translated Fiction
9784805317617,Osamu DazaÝ's - The Setting Sun - The Manga Edition,Fiction,Graphic Novels,FXA,Manga,ADD_SECONDARY,Manga
9781526631510,"Hunting The Falcon -  Henry VIII, Anne Boleyn and the Marriage That Shook Europe",History And Politics,History,BGR,Biography,ADD_SECONDARY,Biography
9781761420917,Icebreaker - 1 Maple Hills,Fiction,General Fiction,FRD,Romance,RECLASSIFY,Romance
9781761421112,Wildfire - 2 Maple Hills,Fiction,General Fiction,FRD,Romance,RECLASSIFY,Romance
9781405954778,Butcher and the Wren,Fiction,Crime Fiction,FH,Thriller,ADD_SECONDARY,Thriller
9781405950213,Snow Fall - 8 William Wisting,Fiction,Crime Fiction,FH,Thriller,ADD_SECONDARY,Thriller
9780241517406,Bournville,Fiction,General Fiction,FV,Historical Fiction,RECLASSIFY,Historical Fiction
9781529158908,I Did it For You,Fiction,Crime Fiction,FH,Thriller,ADD_SECONDARY,Thriller
9781804992975,You Again,Fiction,General Fiction,FRD,Romance,RECLASSIFY,Romance
9781784878368,Woman in Black and Other Ghost Stories -  A special edition of the classic gothic novel,Fiction,Classics,FK,Horror,ADD_SECONDARY,Horror
9781471133435,Hopeless,Fiction,General Fiction,FR,Romance,RECLASSIFY,Romance
9780753559215,How to Stand Up To A Dictator,History And Politics,History,JPHV,Politics,ADD_SECONDARY,Politics
9781847925893,Far Away From Myself - The Double Life of Bob Dylan Volume 2 -  1966-2021 -  'Far away from Myself',The Arts,Music And Performing Arts,BGF,Biography,ADD_SECONDARY,Biography
9780192847881,Ursula Le Guins Earthsea,Reference,General,DSK,Classics,RECLASSIFY,Classics
9780241296509,Lou Reed - The King of New York,The Arts,Music And Performing Arts,BGF,Biography,ADD_SECONDARY,Biography
9781761471339,Scrublands - TV Tie in,Fiction,Crime Fiction,FH,Thriller,ADD_SECONDARY,Thriller
9781800751705,Suspect,Fiction,Crime Fiction,FHP,Thriller,ADD_SECONDARY,Thriller
9781800244825,"Cleopatras Daughter - Egyptian Princess, Roman Prisoner, African Queen",History And Politics,History,BGR,Biography,ADD_SECONDARY,Biography
9781776940455,His Favourite Graves,Fiction,Crime Fiction,FH,Thriller,ADD_SECONDARY,Thriller
9781632369390,Sue And Tai-chan - 1,Fiction,Graphic Novels,FXA,Manga,ADD_SECONDARY,Manga
9781838611996,Design Monograph Wright,The Arts,Art,AMB,Architecture,ADD_SECONDARY,Architecture
9781838612023,Design Monograph - Foster,The Arts,Art,AMB,Architecture,ADD_SECONDARY,Architecture
9781838611965,Design Monograph - Hadid,The Arts,Art,AMB,Architecture,ADD_SECONDARY,Architecture
9781838612054,Design Monograph - Perriand,The Arts,Art,AMB,Architecture,ADD_SECONDARY,Architecture
9781803366531,Reformatory,Fiction,General Fiction,FK,Horror,RECLASSIFY,Horror
9781991103277,Sheppard And Rout Architects - VOL 1 1982-2021,The Arts,Art,AM,Architecture,ADD_SECONDARY,Architecture
9783791380124,Steve McCurry -  Devotion,The Arts,Art,AJB,Photography,ADD_SECONDARY,Photography
9780995105331,Only Way Is Up - Reflections Of A Life In Opera,The Arts,Music And Performing Arts,BG,Biography,ADD_SECONDARY,Biography
9780241638293,Identity Trap - A Story Of Ideas And Power In Our Time,History And Politics,History,JPA,Politics,ADD_SECONDARY,Politics
9781788795623,Art at Home - An Accessible Guide to Collecting and Curating Art in Your Home,The Arts,Art,AMR,Architecture,ADD_SECONDARY,Architecture
9781035018116,One of the Good Guys,Fiction,Crime Fiction,FH,Thriller,ADD_SECONDARY,Thriller
9780063159419,My Effin' Life,The Arts,Music And Performing Arts,BGFA,Biography,ADD_SECONDARY,Biography
9781529059861,Mozart in Italy - Coming of Age in the Land of Opera,The Arts,Music And Performing Arts,BGF,Biography,ADD_SECONDARY,Biography
9781509890934,Making of the Modern Middle East -  A Personal History,History And Politics,History,BM,Biography,ADD_SECONDARY,Biography
9781250834515,Winterland,Fiction,Crime Fiction,FH,Thriller,ADD_SECONDARY,Thriller
9781785120367,Karma - The Definitive Autobiography,The Arts,Music And Performing Arts,BM,Biography,ADD_SECONDARY,Biography
9780300269307,How States Think - The Rationality Of Foreign Policy,History And Politics,History,JPS,Politics,ADD_SECONDARY,Politics
9781800920057,Design for Jewellery Makers - Inspiration Development And Creation,The Arts,Art,WFJ,Craft,ADD_SECONDARY,Craft
9781761048012,Foul Play,Fiction,Crime Fiction,FH,Thriller,ADD_SECONDARY,Thriller
9781405964951,Tearsmith - Fabricante di Lacrime,Fiction,General Fiction,FR,Romance,RECLASSIFY,Romance
9781035002986,Tumfords Rude Noises - A funny cat caper about learning to be polite!,Well Being,Childrens Well Being,YBCS,Childrens Picture Books,ADD_SECONDARY,Childrens Picture Books
9781912650149,Rabbit Listened,Well Being,Childrens Well Being,YBCS,Childrens Picture Books,ADD_SECONDARY,Childrens Picture Books
9781526672056,Leave the World Behind,Fiction,General Fiction,FH,Thriller,RECLASSIFY,Thriller
9781761069178,Body of Lies,Fiction,Crime Fiction,FH,Thriller,ADD_SECONDARY,Thriller
9780571366354,How to Win an Information War - The Propagandist Who Outwitted Hitler,History And Politics,History,BGH,Biography,ADD_SECONDARY,Biography
9781760641955,Some Brains - A Book Celebrating Neurodiversity,Well Being,Childrens Well Being,YBC,Childrens Picture Books,ADD_SECONDARY,Childrens Picture Books
9781529093759,Black Wolf - 2 Antonia Scott,Fiction,Crime Fiction,FH,Thriller,ADD_SECONDARY,Thriller
9781922790927,Naomi Osaka,Sport,General Sport And Fitness,BGS,Biography,ADD_SECONDARY,Biography
9781787635920,Argylle,Fiction,Crime Fiction,FH,Thriller,ADD_SECONDARY,Thriller
9780857505200,Spy Coast - 1 The Martini Club,Fiction,Crime Fiction,FH,Thriller,ADD_SECONDARY,Thriller
9781804948569,Eddy on the Floor,Fiction,Classics,FKC,Horror,ADD_SECONDARY,Horror
9781804943991,Mr Jones,Fiction,Classics,FKC,Horror,ADD_SECONDARY,Horror
9781804944035,Captain Of The Pole Star,Fiction,Classics,FKC,Horror,ADD_SECONDARY,Horror
9781804944011,Open Door,Fiction,Classics,FKC,Horror,ADD_SECONDARY,Horror
9780861545506,White Torture - Interviews with Iranian Women Prisoners,History And Politics,History,JPVH,Politics,ADD_SECONDARY,Politics
9781839760259,How To Blow Up A Pipeline - Learning To Fight In A World On Fire,History And Politics,History,JPW,Politics,ADD_SECONDARY,Politics
9780063066182,Small Game - A Novel,Fiction,Crime Fiction,FH,Thriller,ADD_SECONDARY,Thriller
9781775542469,Missing Piece - A Womans Guide to Understanding Diagnosing and Living with ADHD,Well Being,Health,VFJD,Psychology,ADD_SECONDARY,Psychology
9780008551216,Living The Beatles Legend - On The Road With The Fab Four - Mal Evans Story,The Arts,Music And Performing Arts,BGF,Biography,ADD_SECONDARY,Biography
9780241517635,Why Politics Fails - Five Traps Of The Modern World And How To Escape Them,History And Politics,History,JPS,Politics,ADD_SECONDARY,Politics
9780241598412,Lone Wolf - 9,Fiction,Crime Fiction,FHD,Thriller,ADD_SECONDARY,Thriller
9781761341717,Other Bridget,Fiction,General Fiction,FR,Romance,RECLASSIFY,Romance
9780241675298,Japanese Ghost Stories,Fiction,Classics,FKC,Horror,ADD_SECONDARY,Horror
9780143134237,Metamorphoses - Penguin Classics Deluxe Edition,Fiction,Classics,DC,Poetry,ADD_SECONDARY,Poetry
9781974726608,Devils Candy - Volume 3,Fiction,Graphic Novels,FXA,Manga,ADD_SECONDARY,Manga
9781035003785,No Country For Old Men,Fiction,General Fiction,FH,Thriller,RECLASSIFY,Thriller
9781472292414,First 48 Hours,Fiction,Crime Fiction,FH,Thriller,ADD_SECONDARY,Thriller
9780199640959,Oxford Paperback Thesaurus,Reference,Thesaurus,CBF,Languages,ADD_SECONDARY,Languages
9780749019334,Cinnamon Gardens,Fiction,General Fiction,FR,Romance,RECLASSIFY,Romance
9780861548767,White Torture - Interviews with Iranian Women Prisoners,History And Politics,History,JPVH,Politics,ADD_SECONDARY,Politics
9781761291968,How to Start School in 6 Easy Steps,Well Being,Childrens Well Being,YBC,Childrens Picture Books,ADD_SECONDARY,Childrens Picture Books
9781804710067,Some People Need Killing - A Memoir Of Murder In The Philippines,History And Politics,History,JPZ,Politics,ADD_SECONDARY,Politics
9781398510456,Independence Square - 10 Arkady Renko,Fiction,Crime Fiction,FHD,Thriller,ADD_SECONDARY,Thriller
9781529136180,Island in the Sun,Fiction,General Fiction,FRD,Romance,RECLASSIFY,Romance
9781804947814,Conclave,Fiction,Crime Fiction,FH,Thriller,ADD_SECONDARY,Thriller
9781788795623,Art at Home - An Accessible Guide to Collecting and Curating Art in Your Home,The Arts,Design,AMR,Architecture,ADD_SECONDARY,Architecture
9780141399515,Gaza in Crisis - Reflections on Israel's War Against the Palestinians,History And Politics,History,JPSL,Politics,ADD_SECONDARY,Politics
9781489220844,Black Witch - 1,Fiction,General Fiction,FRD,Romance,RECLASSIFY,Romance
9781405930338,Winkle - The Extraordinary Life Of Britains Greatest Pilot,History And Politics,History,BGH,Biography,ADD_SECONDARY,Biography
9780008200398,Box 88 - 1 BOX 88,Fiction,Crime Fiction,FHD,Thriller,ADD_SECONDARY,Thriller
9780008363505,Judas 62 - 2 BOX 88,Fiction,Crime Fiction,FHD,Thriller,ADD_SECONDARY,Thriller
9781668028285,Enough,History And Politics,History,BM,Biography,ADD_SECONDARY,Biography
9781683961185,Okinawa,Fiction,Graphic Novels,FXA,Manga,ADD_SECONDARY,Manga
9781529160116,23rd Midnight - 23 Womens Murder Club,Fiction,General Fiction,FF,Crime Fiction,RECLASSIFY,Crime Fiction
9781913394837,Translator,Fiction,Crime Fiction,FH,Thriller,ADD_SECONDARY,Thriller
9781509528875,Blue Labour - The Politics Of The Common Good,History And Politics,History,JP,Politics,ADD_SECONDARY,Politics
9781529427455,Statistical Probability Of Love At First Sight,Fiction,General Fiction,YFM,"Childrens Fiction, Romance",RECLASSIFY,"Childrens Fiction, Romance"
9780008566593,Seven Year Slip,Fiction,General Fiction,FRD,Romance,RECLASSIFY,Romance
9781838859824,To the Dogs,Fiction,Crime Fiction,FH,Thriller,ADD_SECONDARY,Thriller
9781840221176,Iliad And The Odyssey - Wordsworth Classics,Fiction,Classics,DCF,Poetry,ADD_SECONDARY,Poetry
9781761046353,Rise of the Extreme Right - New Global Terrorism and the Threat to Democracy,History And Politics,History,JP,Politics,ADD_SECONDARY,Politics
9781604860412,Wobblies And Zapatistas - Conversations on Anarchism Marxism and Radical History,History And Politics,History,JP,Politics,ADD_SECONDARY,Politics
9781776950768,BBQ Economics - How Money Works And Why It Matters,Sciences,Business,KFF,Economics,ADD_SECONDARY,Economics
9781974708710,Dragon Ball Complete Box Set - Vols 1-16,Fiction,Graphic Novels,FXA,Manga,ADD_SECONDARY,Manga
9781788737340,Bland Fanatics - Liberals Race And Empire,History And Politics,History,JPA,Politics,ADD_SECONDARY,Politics
9781405924832,Scarlet Papers,Fiction,Crime Fiction,FHD,Thriller,ADD_SECONDARY,Thriller
9780241955789,Wonderful Story Of Henry Sugar And Six More,Fiction,General Fiction,YFH,Childrens Fiction,RECLASSIFY,Childrens Fiction
9781922790613,Mark,Fiction,General Fiction,FYT,Translated Fiction,RECLASSIFY,Translated Fiction
9781839947735,When I Became Your Mummy,Well Being,Childrens Well Being,YBCS,Childrens Picture Books,ADD_SECONDARY,Childrens Picture Books
9781839944598,When I Became Your Sister,Well Being,Childrens Well Being,YBC,Childrens Picture Books,ADD_SECONDARY,Childrens Picture Books
9781681990347,"Otley Complete: Otley, Otley Pursued, Otley Victorious, Otley Forever",Fiction,Crime Fiction,FH,Thriller,ADD_SECONDARY,Thriller
9781761343285,Joy Moody is Out of Time,Fiction,Crime Fiction,FH,Thriller,ADD_SECONDARY,Thriller
9781398717022,Into the Dark - 5 Magnolia Parks,Fiction,General Fiction,FRD,Romance,RECLASSIFY,Romance
9780141045382,Shakespeares Sonnets - Popular Penguins,Fiction,Classics,DCF,Poetry,ADD_SECONDARY,Poetry
9780552177566,Secret - 28 Jack Reacher,Fiction,Crime Fiction,FH,Thriller,ADD_SECONDARY,Thriller
9780593315293,Serenade -  A Balanchine Story,The Arts,Music And Performing Arts,BGF,Biography,ADD_SECONDARY,Biography
9780008234218,End of Story,Fiction,Crime Fiction,FH,Thriller,ADD_SECONDARY,Thriller
9780008599089,100 Novels That Changed the World,Reference,General,FA,General Fiction,RECLASSIFY,General Fiction
9781035031245,James,Fiction,General Fiction,FV,Historical Fiction,RECLASSIFY,Historical Fiction
9780565095451,Wildlife Photographer of the Year - Portfolio 33,The Arts,Art,AJC,Photography,ADD_SECONDARY,Photography
9781529391879,Instruments of Darkness - 21 Charlie Parker,Fiction,Crime Fiction,FH,Thriller,ADD_SECONDARY,Thriller
9781616558604,Astro Boy Omnibus - 1,Fiction,Graphic Novels,FXA,Manga,ADD_SECONDARY,Manga
9780008439910,Mirrors of Greatness - Churchill and the Leaders Who Shaped Him,History And Politics,History,BGH,Biography,ADD_SECONDARY,Biography
9781776575725,My Baby Sister Is A Diplodocus,Well Being,Childrens Well Being,YBCS,Childrens Picture Books,ADD_SECONDARY,Childrens Picture Books
9781789295863,Dusty - The Classic Biography Revised and Updated,The Arts,Music And Performing Arts,BGF,Biography,ADD_SECONDARY,Biography
9780241995365,Happy Place,Fiction,General Fiction,FRD,Romance,RECLASSIFY,Romance
9783967041408,House of Green,The Arts,Art,AMCR,Architecture,ADD_SECONDARY,Architecture
9781394207541,Personal Finance For Dummies,Sciences,Business,KF,Economics,ADD_SECONDARY,Economics
9788417557683,Biophilic Architecture,The Arts,Art,AM,Architecture,ADD_SECONDARY,Architecture
9788417557706,Building with Earth -  Timeless Technique for Modern Architecture,The Arts,Art,AMCR,Architecture,ADD_SECONDARY,Architecture
9780241642108,Miss Austen Investigates,Fiction,Crime Fiction,FV,Historical Fiction,ADD_SECONDARY,Historical Fiction
9781405949842,Wrong Place Wrong Time,Fiction,Crime Fiction,FH,Thriller,ADD_SECONDARY,Thriller
9781761380853,Vladivostok Circus,Fiction,General Fiction,FYT,Translated Fiction,RECLASSIFY,Translated Fiction
9781922585172,Pachinko Parlour,Fiction,General Fiction,FYT,Translated Fiction,RECLASSIFY,Translated Fiction
9781761424427,Silence in Her Eyes,Fiction,Crime Fiction,FH,Thriller,ADD_SECONDARY,Thriller
9780008406844,Letters From Father Christmas - Centenary Edition,Reference,General,FY,General Fiction,RECLASSIFY,General Fiction
9781398533158,Holy Grail of Investing - The World's Greatest Investors Reveal Their Ultimate Strategies for Financial Freedom,Sciences,Business,KFFM,Economics,ADD_SECONDARY,Economics
9781398533165,Holy Grail of Investing - The World's Greatest Investors Reveal Their Ultimate Strategies for Financial Freedom,Sciences,Business,KFFM,Economics,ADD_SECONDARY,Economics
9781035030859,Story of the Night,Fiction,General Fiction,FRD,Romance,RECLASSIFY,Romance
9781035035595,Calamity Of Souls,Fiction,Crime Fiction,FH,Thriller,ADD_SECONDARY,Thriller
9781509840014,Bright Young Women,Fiction,Crime Fiction,FH,Thriller,ADD_SECONDARY,Thriller
9781761266539,"Life Keeps Me Dancing - 108 years well lived, grounded in creativity, adventure and love",The Arts,Music And Performing Arts,BM,Biography,ADD_SECONDARY,Biography
9781529136890,My Name is Barbra,The Arts,Music And Performing Arts,BM,Biography,ADD_SECONDARY,Biography
9780349434957,Girl Abroad,Fiction,General Fiction,FRD,Romance,RECLASSIFY,Romance
9781629639697,Revolutionary Affinities - Towards a Marxist Anarchist Solidarity,History And Politics,History,JP,Politics,ADD_SECONDARY,Politics
9781915343192,Harry Styles - As It Is,The Arts,Music And Performing Arts,BGF,Biography,ADD_SECONDARY,Biography
9781922156563,Take Better Photos - Photo Review Pocket Guide No. 36,The Arts,Art,AJG,Photography,ADD_SECONDARY,Photography
9781761380846,Your Utopia,Fiction,General Fiction,FYT,Translated Fiction,RECLASSIFY,Translated Fiction
9781761424960,Drowning Woman,Fiction,Crime Fiction,FH,Thriller,ADD_SECONDARY,Thriller
9781409147398,Running - The Autobiography,Sport,General Sport And Fitness,BGSA,Biography,ADD_SECONDARY,Biography
9781940743493,Our Voice - Indigeneity and Architecture,The Arts,Art,AMC,Architecture,ADD_SECONDARY,Architecture
9780349437675,Flawless - 1 Chestnut Springs,Fiction,General Fiction,FR,Romance,RECLASSIFY,Romance
9781849948258,Station - A Journey Through 20th and 21st century Railway Architecture And Design,The Arts,Art,AM,Architecture,ADD_SECONDARY,Architecture
9781728276229,If Only I Had Told Her,Fiction,General Fiction,YFM,"Childrens Fiction, Romance",RECLASSIFY,"Childrens Fiction, Romance"
9780008618483,Hidden Storyteller,Fiction,General Fiction,FR,Romance,RECLASSIFY,Romance
9780008696320,Taylor Swift - The Whole Story,The Arts,Music And Performing Arts,BGF,Biography,ADD_SECONDARY,Biography
9781800812031,Underhistory,Fiction,Crime Fiction,FH,Thriller,ADD_SECONDARY,Thriller
9781805302001,"3 Shades of Blue -  Miles Davis, John Coltrane, Bill Evans & The Lost Empire of Cool",The Arts,Music And Performing Arts,BGF,Biography,ADD_SECONDARY,Biography
9781471197628,Death Watcher - 13 Robert Hunter,Fiction,Crime Fiction,FH,Thriller,ADD_SECONDARY,Thriller
9784805317792,Japan's Longest Day - A Graphic Novel About the End of WWII,Fiction,Graphic Novels,FXA,Manga,ADD_SECONDARY,Manga
9781591164081,Nausicaa of the Valley of the Wind - 1,Fiction,Graphic Novels,FXA,Manga,ADD_SECONDARY,Manga
9780349436371,King of Sloth - 4 Kings of Sin,Fiction,General Fiction,FRD,Romance,RECLASSIFY,Romance
9780861547333,Dont Think Dear -  On Loving and Leaving Ballet,The Arts,Music And Performing Arts,BM,Biography,ADD_SECONDARY,Biography
9781982121099,Vessel - A Novel,Fiction,Crime Fiction,FH,Thriller,ADD_SECONDARY,Thriller
9780008106225,Queen Victoria And Her Prime Ministers - A Personal History,History And Politics,History,BGR,Biography,ADD_SECONDARY,Biography
9781789295924,Secret Library -  A Book Lover's Journey Through Curiosities of Literature,Reference,General,HBTB,History,RECLASSIFY,History
9781405965354,All My Kisses for You,Fiction,General Fiction,FR,Romance,RECLASSIFY,Romance
9780241999110,Story Collector,Fiction,Historical Fiction,FFH,Crime Fiction,ADD_SECONDARY,Crime Fiction
9780099307914,Operation Shylock - A Confession,Fiction,General Fiction,FHD,Thriller,RECLASSIFY,Thriller
9781922539724,Mitchell Itches - An Eczema Story,Well Being,Childrens Well Being,YBC,Childrens Picture Books,ADD_SECONDARY,Childrens Picture Books
9780753556382,Eleven Rings,Sport,General Sport And Fitness,BGSA,Biography,ADD_SECONDARY,Biography
9780241666722,Beginners Photography Guide -  The Ultimate Step-by-Step Manual for Getting the Most from Your Camera and Phone,The Arts,Art,AJG,Photography,ADD_SECONDARY,Photography
9780241632918,Writers Who Changed History,Reference,General,BG,Biography,RECLASSIFY,Biography
9781398529069,I Fell In Love With Hope,Fiction,General Fiction,FR,Romance,RECLASSIFY,Romance
9781529354775,Fatal Legacy,Fiction,Historical Fiction,FFH,Crime Fiction,ADD_SECONDARY,Crime Fiction
9780552177849,Tackle,Fiction,General Fiction,FRD,Romance,RECLASSIFY,Romance
9780552178365,White Fox,Fiction,Crime Fiction,FHD,Thriller,ADD_SECONDARY,Thriller
9781787635487,Invasion - 4 Luke Carlton,Fiction,Crime Fiction,FHD,Thriller,ADD_SECONDARY,Thriller
9781804993194,Putins Prisoner - My Time as a Prisoner of War in Ukraine,History And Politics,History,BGH,Biography,ADD_SECONDARY,Biography
9784805317839,Miyamoto Musashis Book Of Five Rings - Manga Edition,Fiction,Graphic Novels,FXA,Manga,ADD_SECONDARY,Manga
9781398702196,End State - 9 Ways Society is Broken - and how we can fix it,History And Politics,History,JP,Politics,ADD_SECONDARY,Politics
9783956792786,Cultures of Assembly -  Studio Miessen,The Arts,Art,AMB,Architecture,ADD_SECONDARY,Architecture
9783956792847,Pre Architecture,The Arts,Art,AM,Architecture,ADD_SECONDARY,Architecture
9781035026722,chong,Fiction,Classics,DCQ,Poetry,ADD_SECONDARY,Poetry
9781529918571,Masters Of The Air - How The Bomber Boys Broke Down The Nazi War Machine,History And Politics,History,BGH,Biography,ADD_SECONDARY,Biography
9781922790590,To the River,Fiction,Crime Fiction,FH,Thriller,ADD_SECONDARY,Thriller
9781399731294,Carrie - Fiftieth Anniversary Edition,Fiction,General Fiction,FK,Horror,RECLASSIFY,Horror
9781529427066,Girl in the Eagles Talons - 7 Millennium,Fiction,Crime Fiction,FH,Thriller,ADD_SECONDARY,Thriller
9781922992925,Bookbinder of Jericho,Fiction,General Fiction,FV,Historical Fiction,RECLASSIFY,Historical Fiction
9781509860036,Eye Of The Needle,Fiction,Historical Fiction,FH,Thriller,ADD_SECONDARY,Thriller
9780241702208,Day in the Life of Abed Salama - A Palestine Story,History And Politics,History,JPVH1,Politics,ADD_SECONDARY,Politics
9781788404723,Enzo Ferrari - The definitive biography of an icon,Sport,General Sport And Fitness,BGS,Biography,ADD_SECONDARY,Biography
9781644213636,Attack From Within,History And Politics,History,JP,Politics,ADD_SECONDARY,Politics
9781399800549,Secret Hours,Fiction,Crime Fiction,FHD,Thriller,ADD_SECONDARY,Thriller
9781974710027,Jujutsu Kaisen - 1,Fiction,Graphic Novels,FXA,Manga,ADD_SECONDARY,Manga
9781982171902,Pomegranate - A Novel,Fiction,General Fiction,FR,Romance,RECLASSIFY,Romance
9781800960770,Scattershot - Life Music Elton And Me,The Arts,Music And Performing Arts,BM,Biography,ADD_SECONDARY,Biography
9781398529717,My My -  ABBA Through the Ages,The Arts,Music And Performing Arts,BGF,Biography,ADD_SECONDARY,Biography
9781991006783,Kill Your Mortgage And Sort Your Retirement - Updated Edition,Sciences,Business,KF,Economics,ADD_SECONDARY,Economics
9781399807081,Standing by the Wall - A Slough House Interlude,Fiction,Crime Fiction,FH,Thriller,ADD_SECONDARY,Thriller
9781761380211,Extinction of Irena Rey,Fiction,General Fiction,FH,Thriller,RECLASSIFY,Thriller
9780857505606,In Too Deep - 29 Jack Reacher,Fiction,Crime Fiction,FH,Thriller,ADD_SECONDARY,Thriller
9781035417728,Takeover,History And Politics,History,JPFQ,Politics,ADD_SECONDARY,Politics
9781668046999,"Hits, Flops, and Other Illusions - My Fortysomething Years in Hollywood",The Arts,Music And Performing Arts,BM,Biography,ADD_SECONDARY,Biography
9781921966279,Creative Writers Sourcebook - 50 Great Authors and 175 Writing Exercises,Reference,General,CBV,Languages,RECLASSIFY,Languages
9781982171278,Shakespeare Was a Woman and Other Heresies - How Doubting the Bard Became the Biggest Taboo in Literature,History And Politics,History,BGLA,Biography,ADD_SECONDARY,Biography
9781406389562,Grey,Well Being,Childrens Well Being,YBCS,Childrens Picture Books,ADD_SECONDARY,Childrens Picture Books
9780008385101,Midnight Feast,Fiction,Crime Fiction,FH,Thriller,ADD_SECONDARY,Thriller
9780847899784,Home at Last - Enduring Design for the New American House,The Arts,Art,AMR,Architecture,ADD_SECONDARY,Architecture
9780847899784,Home at Last - Enduring Design for the New American House,The Arts,Design,AMR,Architecture,ADD_SECONDARY,Architecture
9780008706500,Great Wave - The Era of Radical Disruption and the Rise of the Outsider,History And Politics,History,JPF,Politics,ADD_SECONDARY,Politics
9781782693598,What Feelings Do When No Ones Looking,Well Being,Childrens Well Being,YBCS,Childrens Picture Books,ADD_SECONDARY,Childrens Picture Books
9781460755587,Collector - 23 Gabriel Allon,Fiction,Crime Fiction,FHD,Thriller,ADD_SECONDARY,Thriller
9781460755501,New Girl - 19 Gabriel Allon,Fiction,Crime Fiction,FHD,Thriller,ADD_SECONDARY,Thriller
9781398710849,Broken Light,Fiction,Crime Fiction,FH,Thriller,ADD_SECONDARY,Thriller
9781641295963,Mistress Of Bhatia House - 4 Perveen Mistry,Fiction,General Fiction,FF,Crime Fiction,RECLASSIFY,Crime Fiction
9780732278427,March,Fiction,General Fiction,FV,Historical Fiction,RECLASSIFY,Historical Fiction
9781460764626,Beyond The Body Bully - How To Love The Body Youre In With,Well Being,Health,VFJJ,Psychology,ADD_SECONDARY,Psychology
9781460755174,Southern Man - 7 Penn Cage,Fiction,Crime Fiction,FHP,Thriller,ADD_SECONDARY,Thriller
9780007502530,Undisputed Truth - My Autobiography,Sport,General Sport And Fitness,BGSA,Biography,ADD_SECONDARY,Biography
9781447289555,King of the World - Muhammad Ali and the Rise of an American Hero,Sport,General Sport And Fitness,BGS,Biography,ADD_SECONDARY,Biography
9781775542506,View From The Second Row,Sport,General Sport And Fitness,BGSA,Biography,ADD_SECONDARY,Biography
9780241983096,Fraud,Fiction,General Fiction,FV,Historical Fiction,RECLASSIFY,Historical Fiction
9780241979747,Our Little Cruelties,Fiction,Crime Fiction,FH,Thriller,ADD_SECONDARY,Thriller
9780241551271,"Abolition: Politics -  Practices, Promises, Vol. 1",History And Politics,History,JPW,Politics,ADD_SECONDARY,Politics
9781405966818,Architecture of Modern Empire,History And Politics,History,JPSL,Politics,ADD_SECONDARY,Politics
9781802063240,Crimes Against Humanity -  The Struggle For Global Justice,History And Politics,History,JPVH,Politics,ADD_SECONDARY,Politics
9781922585813,Hairdressers Son,Fiction,General Fiction,FYT,Translated Fiction,RECLASSIFY,Translated Fiction
9781529093674,Red Queen - 1 Antonia Scott,Fiction,Crime Fiction,FH,Thriller,ADD_SECONDARY,Thriller
9781529008197,Woman Inside,Fiction,Crime Fiction,FH,Thriller,ADD_SECONDARY,Thriller
9781742750354,Surf For Your Life,Sport,General Sport And Fitness,BGSA,Biography,ADD_SECONDARY,Biography
9781761421143,Daydream,Fiction,General Fiction,FRD,Romance,RECLASSIFY,Romance
9781507221938,Self Care For Autistic People - 100+ Ways To Recharge De-Stress And Unmask,Well Being,Health,VFJB,Psychology,ADD_SECONDARY,Psychology
9781974715466,Spy x Family - 1,Fiction,Graphic Novels,FXA,Manga,ADD_SECONDARY,Manga
9781974717248,Spy x Family - 2,Fiction,Graphic Novels,FXA,Manga,ADD_SECONDARY,Manga
9781974718160,Spy x Family - 3,Fiction,Graphic Novels,FXA,Manga,ADD_SECONDARY,Manga
9781974721030,Spy x Family - 4,Fiction,Graphic Novels,FXA,Manga,ADD_SECONDARY,Manga
9781974722945,Spy x Family - 5,Fiction,Graphic Novels,FXA,Manga,ADD_SECONDARY,Manga
9781974725137,Spy x Family - 6,Fiction,Graphic Novels,FXA,Manga,ADD_SECONDARY,Manga
9781974728480,Spy x Family - 7,Fiction,Graphic Novels,FXA,Manga,ADD_SECONDARY,Manga
9781974734276,Spy x Family - 8,Fiction,Graphic Novels,FXA,Manga,ADD_SECONDARY,Manga
9781974736287,Spy x Family - 9,Fiction,Graphic Novels,FXA,Manga,ADD_SECONDARY,Manga
9781974740765,Spy x Family - The Official Guide-Eyes Only,Fiction,Graphic Novels,FXA,Manga,ADD_SECONDARY,Manga
9781974747054,Spy x Family - 12,Fiction,Graphic Novels,FXA,Manga,ADD_SECONDARY,Manga
9781922585806,What I'd Rather Not Think About,Fiction,General Fiction,FYT,Translated Fiction,RECLASSIFY,Translated Fiction
9780143128977,Streetfight - Handbook for an Urban Revolution,The Arts,Art,AMVD,Architecture,ADD_SECONDARY,Architecture
9781804940204,None Of This is True,Fiction,Crime Fiction,FH,Thriller,ADD_SECONDARY,Thriller
9781761450891,Local Project -  Book 10,The Arts,Art,AMR,Architecture,ADD_SECONDARY,Architecture
9781787634954,In a Place of Darkness,Fiction,Crime Fiction,FH,Thriller,ADD_SECONDARY,Thriller
9781529391572,If It Bleeds,Fiction,Crime Fiction,FH,Thriller,ADD_SECONDARY,Thriller
9781529927368,"Downfall - Prigozhin and Putin, and the new fight for the future of Russia",History And Politics,History,BGH,Biography,ADD_SECONDARY,Biography
9781464223310,Housemaid Is Watching - 3 Housemaid,Fiction,Crime Fiction,FH,Thriller,ADD_SECONDARY,Thriller
9781761471360,Remember Me,Fiction,Crime Fiction,FH,Thriller,ADD_SECONDARY,Thriller
9781804270967,Man Who Cried I Am,Fiction,General Fiction,FC,Classics,RECLASSIFY,Classics
9781789466157,"Kittys Salon -  Sex, Spying and Surveillance in the Third Reich",History And Politics,History,BM,Biography,ADD_SECONDARY,Biography
9780571371846,Me and Mr Jones - My Life with David Bowie and the Spiders from Mars,The Arts,Music And Performing Arts,BM,Biography,ADD_SECONDARY,Biography
9781800783744,Be Happy - A Little Book of Mindfulness,Well Being,Childrens Well Being,YBCS,Childrens Picture Books,ADD_SECONDARY,Childrens Picture Books
9781526655196,How To Be a Citizen - Learning to Rely Less on Rules and More on Each Other,History And Politics,History,JP,Politics,ADD_SECONDARY,Politics
9781781576915,How to Photograph Food,The Arts,Art,AJG,Photography,ADD_SECONDARY,Photography
9781529338416,Girl From Guernica,Fiction,Historical Fiction,FH,Thriller,ADD_SECONDARY,Thriller
9781805460275,Much Ado About Numbers,Reference,General,DSG,Classics,RECLASSIFY,Classics
9781911545675,Future of Trust,History And Politics,History,JPA,Politics,ADD_SECONDARY,Politics
9783967041248,Prefab and Modular -  Prefabricated Houses and Modular Architecture,The Arts,Art,AMC,Architecture,ADD_SECONDARY,Architecture
9788417557713,Go Green Architecture,The Arts,Art,AMCR,Architecture,ADD_SECONDARY,Architecture
9788417557690,Narrow Homes -  Compact Living,The Arts,Art,AMK,Architecture,ADD_SECONDARY,Architecture
9781804440889,Woman Of Pleasure,Fiction,General Fiction,FV,Historical Fiction,RECLASSIFY,Historical Fiction
9781804185896,Whalefall,Fiction,General Fiction,FH,Thriller,RECLASSIFY,Thriller
9781784878740,Gulag Archipelago - 50th Anniversary Abridged Edition,History And Politics,History,JPVR,Politics,ADD_SECONDARY,Politics
9781800752696,Damascus Station - 1 Damascus Station,Fiction,Crime Fiction,FHD,Thriller,ADD_SECONDARY,Thriller
9781409190714,Eagles - Dark Desert Highway - How America's Dream Band Turned into a Nightmare,The Arts,Music And Performing Arts,BGF,Biography,ADD_SECONDARY,Biography
9780349145150,Quiet Tenant,Fiction,Crime Fiction,FH,Thriller,ADD_SECONDARY,Thriller
9780099599432,Pretty Girls,Fiction,Crime Fiction,FH,Thriller,ADD_SECONDARY,Thriller
9781394244720,Basic English Grammar For Dummies,Reference,General,CBG,Languages,RECLASSIFY,Languages
9781394161331,Economics For Dummies - Book + Chapter Quizzes Online,Sciences,Business,KC,Economics,ADD_SECONDARY,Economics
9781119886990,Addiction and Recovery For Dummies,Well Being,Health,VS,Psychology,ADD_SECONDARY,Psychology
9781408729090,Past Lying - 7 Karen Pirie,Fiction,Crime Fiction,FH,Thriller,ADD_SECONDARY,Thriller
9781638589952,Les Miserables Omnibus - 1-2,Fiction,Graphic Novels,FXA,Manga,ADD_SECONDARY,Manga
9781638589969,LES MISERABLES Omnibus - 3-4,Fiction,Graphic Novels,FXA,Manga,ADD_SECONDARY,Manga
9781685796037,LES MISERABLES Omnibus - 5-6,Fiction,Graphic Novels,FXA,Manga,ADD_SECONDARY,Manga
9781685799458,LES MISERABLES Omnibus) - 7-8,Fiction,Graphic Novels,FXA,Manga,ADD_SECONDARY,Manga
9781399619196,Cristiano Ronaldo - Updated Edition,Sport,General Sport And Fitness,BGS,Biography,ADD_SECONDARY,Biography
9781035012282,Dissolution - 1 Shardlake,Fiction,Historical Fiction,FFH,Crime Fiction,ADD_SECONDARY,Crime Fiction
9781035012329,Sovereign - 3 Shardlake,Fiction,Historical Fiction,FFH,Crime Fiction,ADD_SECONDARY,Crime Fiction
9781035012404,Revelation - 4 Shardlake,Fiction,Historical Fiction,FFH,Crime Fiction,ADD_SECONDARY,Crime Fiction
9781035012336,Lamentation - 6 Shardlake,Fiction,Historical Fiction,FFH,Crime Fiction,ADD_SECONDARY,Crime Fiction
9781035012312,Tombland - 7 Shardlake,Fiction,Historical Fiction,FFH,Crime Fiction,ADD_SECONDARY,Crime Fiction
9781035012299,Heartstone - 5 Shardlake,Fiction,Historical Fiction,FFH,Crime Fiction,ADD_SECONDARY,Crime Fiction
9781529043549,Atlas - The Story of Pa Salt - 8 Seven Sisters,Fiction,Historical Fiction,FRD,Romance,ADD_SECONDARY,Romance
9780241629482,"Reading Lessons -  The books we read at school, the conversations they spark and why they matter",Reference,General,DSB,Classics,RECLASSIFY,Classics
9781787385887,Struggle for India's Soul - Nationalism and the Fate of Democracy,History And Politics,History,JPFN,Politics,ADD_SECONDARY,Politics
9781529365399,"Justinian - Emperor, Soldier, Saint",History And Politics,History,BGH,Biography,ADD_SECONDARY,Biography
9780241987841,First Light - The Phenomenal Fighter Pilot Bestseller,History And Politics,History,BM,Biography,ADD_SECONDARY,Biography
9781780724409,Food Mood Connection,Well Being,Health,VSP,Psychology,ADD_SECONDARY,Psychology
9781974708727,Dragon Ball Z Complete Box Set - Volumes 1-26,Fiction,Graphic Novels,FXA,Manga,ADD_SECONDARY,Manga
9781844886418,Racket -  On Tour With Tennis's Golden Generation - And The Other 99%,Sport,General Sport And Fitness,BGSA,Biography,ADD_SECONDARY,Biography
9780241703878,Road to Freedom - Economics And The Good Society,History And Politics,History,JPA,Politics,ADD_SECONDARY,Politics
9781405948234,Your Word Or Mine,Fiction,Crime Fiction,FH,Thriller,ADD_SECONDARY,Thriller
9781405954549,Confession Room,Fiction,Crime Fiction,FH,Thriller,ADD_SECONDARY,Thriller
9780241635902,Invisible Doctrine - Secret History Of Neoliberalism And How It Came To Control Your Life,History And Politics,History,JPFM,Politics,ADD_SECONDARY,Politics
9780141995625,Ten Lessons for a Post-Pandemic World,History And Politics,History,JPA,Politics,ADD_SECONDARY,Politics
9781838858339,House Of Doors,Fiction,General Fiction,FV,Historical Fiction,RECLASSIFY,Historical Fiction
9781776951055,"Art of Winning - 10 Lessons in Leadership, Purpose and Potential",Sport,General Sport And Fitness,BGSA,Biography,ADD_SECONDARY,Biography
9781419703713,Hello In There - A Big Sisters Book Of Waiting,Well Being,Childrens Well Being,YBC,Childrens Picture Books,ADD_SECONDARY,Childrens Picture Books
9781761427442,Haters,Fiction,Crime Fiction,FH,Thriller,ADD_SECONDARY,Thriller
9781398525269,I Was There - Dispatches from a Life in Rock and Roll,The Arts,Music And Performing Arts,BGFA,Biography,ADD_SECONDARY,Biography
9780008172442,What Does This Button Do?,The Arts,Music And Performing Arts,BGFA,Biography,ADD_SECONDARY,Biography
9781804946220,My Husband,Fiction,General Fiction,FH,Thriller,RECLASSIFY,Thriller
9781529940886,Talented Mr Ripley - Netflix Tie-in,Fiction,Crime Fiction,FH,Thriller,ADD_SECONDARY,Thriller
9780857506696,We Used to Live Here,Fiction,Crime Fiction,FH,Thriller,ADD_SECONDARY,Thriller
9780857528049,Woman of Opinion,Fiction,General Fiction,FV,Historical Fiction,RECLASSIFY,Historical Fiction
9781991183552,No Bullshit Guide to Getting Sober,Well Being,Health,VFJK,Psychology,ADD_SECONDARY,Psychology
9781905662876,In My Own Process,Sport,General Sport And Fitness,BGFA,Biography,ADD_SECONDARY,Biography
9781421592541,Dragon Ball Super - Volume 1,Fiction,Graphic Novels,FXA,Manga,ADD_SECONDARY,Manga
9781421596471,Dragon Ball Super - Volume 2,Fiction,Graphic Novels,FXA,Manga,ADD_SECONDARY,Manga
9781421599465,Dragon Ball Super - Volume 3,Fiction,Graphic Novels,FXA,Manga,ADD_SECONDARY,Manga
9781974701445,Dragon Ball Super - Volume 4,Fiction,Graphic Novels,FXA,Manga,ADD_SECONDARY,Manga
9781974704583,Dragon Ball Super - Volume 5,Fiction,Graphic Novels,FXA,Manga,ADD_SECONDARY,Manga
9781974705207,Dragon Ball Super - Volume 6,Fiction,Graphic Novels,FXA,Manga,ADD_SECONDARY,Manga
9781974707775,Dragon Ball Super - Volume 7,Fiction,Graphic Novels,FXA,Manga,ADD_SECONDARY,Manga
9781974709410,Dragon Ball Super - Volume 8,Fiction,Graphic Novels,FXA,Manga,ADD_SECONDARY,Manga
9781974712366,Dragon Ball Super - Volume 9,Fiction,Graphic Novels,FXA,Manga,ADD_SECONDARY,Manga
9781974715268,Dragon Ball Super - Volume 10,Fiction,Graphic Novels,FXA,Manga,ADD_SECONDARY,Manga
9781974717613,Dragon Ball Super - Volume 11,Fiction,Graphic Novels,FXA,Manga,ADD_SECONDARY,Manga
9781974720019,Dragon Ball Super - Volume 12,Fiction,Graphic Novels,FXA,Manga,ADD_SECONDARY,Manga
9781974722815,Dragon Ball Super - Volume 13,Fiction,Graphic Novels,FXA,Manga,ADD_SECONDARY,Manga
9781974724635,Dragon Ball Super - Volume 14,Fiction,Graphic Novels,FXA,Manga,ADD_SECONDARY,Manga
9781787635814,Exile,Fiction,Crime Fiction,FHD,Thriller,ADD_SECONDARY,Thriller
9781974732111,Dragon Ball Super - Volume 16,Fiction,Graphic Novels,FXA,Manga,ADD_SECONDARY,Manga
9781974734511,Dragon Ball Super - Volume 17,Fiction,Graphic Novels,FXA,Manga,ADD_SECONDARY,Manga
9781974736522,Dragon Ball Super - Volume 18,Fiction,Graphic Novels,FXA,Manga,ADD_SECONDARY,Manga
9781974739103,Dragon Ball Super - Volume 19,Fiction,Graphic Novels,FXA,Manga,ADD_SECONDARY,Manga
9781529176179,Partisan,Fiction,Crime Fiction,FHD,Thriller,ADD_SECONDARY,Thriller
9781974746866,Dragon Ball Super - Volume 21,Fiction,Graphic Novels,FXA,Manga,ADD_SECONDARY,Manga
9780099266891,Love You Forever,Well Being,Childrens Well Being,YBC,Childrens Picture Books,ADD_SECONDARY,Childrens Picture Books
9781541603929,Social Justice Fallacies,History And Politics,History,JPA,Politics,ADD_SECONDARY,Politics
9781864709667,Modern Houses in Black,The Arts,Art,AMR,Architecture,ADD_SECONDARY,Architecture
9781911397977,Living With Dogs,The Arts,Art,AJCR,Photography,ADD_SECONDARY,Photography
9781529922868,Politics On the Edge,History And Politics,History,BM,Biography,ADD_SECONDARY,Biography
9781915798343,Beirut Station,Fiction,Crime Fiction,FHD,Thriller,ADD_SECONDARY,Thriller
9781398530195,Red Sky Mourning - 7 James Reece,Fiction,Crime Fiction,FHD,Thriller,ADD_SECONDARY,Thriller
9781761264962,Outrider,Fiction,Crime Fiction,FH,Thriller,ADD_SECONDARY,Thriller
9781035020812,Final Act of Juliette Willoughby,Fiction,Crime Fiction,FH,Thriller,ADD_SECONDARY,Thriller
9781032016283,How Writing Works - A Field Guide To Effective Writing,Reference,General,CBV,Languages,RECLASSIFY,Languages
9781464221354,Locked Door,Fiction,Crime Fiction,FH,Thriller,ADD_SECONDARY,Thriller
9781529093513,Girl from Paris,Fiction,Historical Fiction,FRH,Romance,ADD_SECONDARY,Romance
9781529093544,Five-Minute Marriage,Fiction,Historical Fiction,FRH,Romance,ADD_SECONDARY,Romance
9781761068089,Dont Dream Its Over - The remarkable life of Neil Finn,The Arts,Music And Performing Arts,BGF,Biography,ADD_SECONDARY,Biography
9780571386895,Summer In Baden-Baden,Fiction,General Fiction,FC,Classics,RECLASSIFY,Classics
9781914198847,Family and Borghesia,Fiction,General Fiction,FYT,Translated Fiction,RECLASSIFY,Translated Fiction
9781805223474,What Does Israel Fear from Palestine,History And Politics,History,JPWL,Politics,ADD_SECONDARY,Politics
9781789467765,Apache At War -  Inside The Cockpit Of The Worlds Deadliest Combat Helicopter,History And Politics,History,BGHA,Biography,ADD_SECONDARY,Biography
9781526674579,Days I Loved You Most,Fiction,General Fiction,FRD,Romance,RECLASSIFY,Romance
9781035908738,"Shakespeare is Hard, but so is Life",Reference,General,DSB,Classics,RECLASSIFY,Classics
9781399416498,Leonard Cohen -  Mystical Roots Of Genius,The Arts,Music And Performing Arts,BGF,Biography,ADD_SECONDARY,Biography
9780008564759,Cuckooland - Where The Rich Own The Truth,History And Politics,History,JPZ,Politics,ADD_SECONDARY,Politics
9781472157645,Under A Rock,The Arts,Music And Performing Arts,BM,Biography,ADD_SECONDARY,Biography
9781646517107,Miraculous - 1 Tales of Ladybug And Cat Noir,Fiction,Graphic Novels,FXA,Manga,ADD_SECONDARY,Manga
9781421594231,Anonymous Noise - Vol. 4,Fiction,Graphic Novels,FXA,Manga,ADD_SECONDARY,Manga
9781405968614,Five Brothers,Fiction,General Fiction,FR,Romance,RECLASSIFY,Romance
9780593641989,Tryst Six Venom,Fiction,General Fiction,FR,Romance,RECLASSIFY,Romance
9781839948954,Be Normal - Why Be Normal . . . When You Can Be Yourself,Well Being,Childrens Well Being,YBC,Childrens Picture Books,ADD_SECONDARY,Childrens Picture Books
9781529907506,Eruption,Fiction,Crime Fiction,FH,Thriller,ADD_SECONDARY,Thriller
9781905662852,Beach Boys,The Arts,Music And Performing Arts,BGF,Biography,ADD_SECONDARY,Biography
9780008531690,Broken Threads - My Family From Empire to Independence,History And Politics,History,BGH,Biography,ADD_SECONDARY,Biography
9781529311488,Word Perfect - Etymological Entertainment Every Day,Reference,General,CB,Languages,RECLASSIFY,Languages
9781837932733,Westport - 2 Nora Carleton,Fiction,Crime Fiction,FHP,Thriller,ADD_SECONDARY,Thriller
9781776890255,Anxiety Is A Worry,Well Being,Health,VFJP,Psychology,ADD_SECONDARY,Psychology
9781922790989,Son of Man,Fiction,General Fiction,FYT,Translated Fiction,RECLASSIFY,Translated Fiction
9780241371718,Guitar,The Arts,Music And Performing Arts,BGFA,Biography,ADD_SECONDARY,Biography
9780241613030,Well Lived Life - A 102-Year-Old Doctors Six Secrets to Health and Happiness at Every Age,Well Being,Health,VSPM,Psychology,ADD_SECONDARY,Psychology
9781526663610,Library for the War-Wounded,Fiction,General Fiction,FV,Historical Fiction,RECLASSIFY,Historical Fiction
9781526658807,Last House Before the Mountain,Fiction,General Fiction,FV,Historical Fiction,RECLASSIFY,Historical Fiction
9780857506801,Safe Enough - And Other Stories,Fiction,Crime Fiction,FH,Thriller,ADD_SECONDARY,Thriller
9781784744533,Martyr and the Red Kimono - A Fearless Priest's Sacrifice and A New Generation of Hope in Japan,History And Politics,History,BGH,Biography,ADD_SECONDARY,Biography
9781787302730,Hunted,Fiction,Crime Fiction,FHP,Thriller,ADD_SECONDARY,Thriller
9781529154382,Beginne's Guide to Breaking and Entering,Fiction,Crime Fiction,FH,Thriller,ADD_SECONDARY,Thriller
9781804946053,Little Penguin Bookshop,Fiction,Historical Fiction,FRH,Romance,ADD_SECONDARY,Romance
9781529153286,Churchill - A Life in Cartoons,History And Politics,History,BGH,Biography,ADD_SECONDARY,Biography
9781464228599,Perfect Son,Fiction,Crime Fiction,FH,Thriller,ADD_SECONDARY,Thriller
9780241990049,Chronicles of Dissent,History And Politics,History,JPSL,Politics,ADD_SECONDARY,Politics
9781510776784,USA - Ruthless Empire,History And Politics,History,JP,Politics,ADD_SECONDARY,Politics
9781460766262,Death In Cornwall - 24 Gabriel Allon,Fiction,Crime Fiction,FHD,Thriller,ADD_SECONDARY,Thriller
9780473679828,My Feel Good Book,Well Being,Childrens Well Being,YBC,Childrens Picture Books,ADD_SECONDARY,Childrens Picture Books
9781761425622,Fire and Bones - 23 Temperance Brennan,Fiction,Crime Fiction,FH,Thriller,ADD_SECONDARY,Thriller
9781398537835,Fiance Dilemma - 2 The Long Game,Fiction,General Fiction,FRD,Romance,RECLASSIFY,Romance
9781849056083,What the hell happened to my brain? - Living Beyond Dementia,Well Being,Health,VFJB,Psychology,ADD_SECONDARY,Psychology
9780063270084,Because Of Miss Bridgerton - A Bridgerton Prequel,Fiction,Historical Fiction,FRH,Romance,ADD_SECONDARY,Romance
9780063270091,Girl With The Make-Believe Husband - A Bridgerton Prequel,Fiction,Historical Fiction,FRH,Romance,ADD_SECONDARY,Romance
9780063138643,Offer From A Gentleman - 3 Bridgerton,Fiction,Historical Fiction,FRH,Romance,ADD_SECONDARY,Romance
9780063141292,Its In His Kiss - 7 Bridgerton,Fiction,Historical Fiction,FRH,Romance,ADD_SECONDARY,Romance
9780063215771,Bridgertons - Happily Ever After,Fiction,Historical Fiction,FRH,Romance,ADD_SECONDARY,Romance
9781782217350,Silver Jewellery Making - A Complete Step-by-Step Course,The Arts,Art,WFJ,Craft,ADD_SECONDARY,Craft
9781915359216,Roger Federer -The Biography,Sport,General Sport And Fitness,BGS,Biography,ADD_SECONDARY,Biography
9780241303771,Sapphire Widow,Fiction,Historical Fiction,FRH,Romance,ADD_SECONDARY,Romance
9780241985434,Missing Sister,Fiction,Historical Fiction,FRH,Romance,ADD_SECONDARY,Romance
9781471135866,Songs of Love and War - 1 The Deverill Chronicles,Fiction,Historical Fiction,FR,Romance,ADD_SECONDARY,Romance
9781761470431,First Friend,Fiction,Crime Fiction,FHD,Thriller,ADD_SECONDARY,Thriller
9781761067853,Runt Film Tie-In,Fiction,General Fiction,YFP,Childrens Fiction,RECLASSIFY,Childrens Fiction
9781837262410,Bitter Crop -  The Heartache and Triumph of Billie Holiday's Last Year,The Arts,Music And Performing Arts,BGF,Biography,ADD_SECONDARY,Biography
9781399409728,Big Caesars and Little Caesars - How They Rise and How They Fall - From Julius Caesar to Boris Johnson,History And Politics,History,JPHL,Politics,ADD_SECONDARY,Politics
9781035910816,Henry V - The Astonishing Rise of Englands Greatest Warrior King,History And Politics,History,BGH,Biography,ADD_SECONDARY,Biography
9781787704893,Kids Run the Show,Fiction,Crime Fiction,FH,Thriller,ADD_SECONDARY,Thriller
9781804549377,This Time No Mistakes - How to Remake Britain,History And Politics,History,JPA,Politics,ADD_SECONDARY,Politics
9781035001880,Pairing,Fiction,General Fiction,FRD,Romance,RECLASSIFY,Romance
9781035053193,"I Will Look for You, Everywhere",Fiction,General Fiction,FR,Romance,RECLASSIFY,Romance
9781035040438,Dark Matter,Fiction,Crime Fiction,FH,Thriller,ADD_SECONDARY,Thriller
9781035026777,Poems for Travellers,Fiction,Classics,DCQ,Poetry,ADD_SECONDARY,Poetry
9781035038824,Wonder,Fiction,General Fiction,FV,Historical Fiction,RECLASSIFY,Historical Fiction
9781529095944,Everything Must Go -The Stories We Tell About The End of the World,Reference,General,DSK,Classics,RECLASSIFY,Classics
9781761049040,High Wire,Fiction,Crime Fiction,FH,Thriller,ADD_SECONDARY,Thriller
9780241685143,Tinker Tailor Soldier Spy,Fiction,Crime Fiction,FHD,Thriller,ADD_SECONDARY,Thriller
9780241685051,Night Manager,Fiction,Crime Fiction,FHD,Thriller,ADD_SECONDARY,Thriller
9780241689363,From Russia With Love,Fiction,Crime Fiction,FHD,Thriller,ADD_SECONDARY,Thriller
9780241627891,Autocracy Inc - Dictators Who Want To Run The World,History And Politics,History,JPHX,Politics,ADD_SECONDARY,Politics
9780008192440,Life Of Crime - Detecting The History Of Mysteries And Their Creators,Reference,General,DSK,Classics,RECLASSIFY,Classics
9781408717943,Afghans - Three Lives Through War Love And Revolt,History And Politics,History,JPSL,Politics,ADD_SECONDARY,Politics
9781787304864,Blood Ties,Fiction,Crime Fiction,FH,Thriller,ADD_SECONDARY,Thriller
9781398511217,Leave No Trace - 2 Kat and Lock,Fiction,Crime Fiction,FH,Thriller,ADD_SECONDARY,Thriller
9781784878511,Fall of the House of Usher and Other Selected Stories,Fiction,Classics,FKC,Horror,ADD_SECONDARY,Horror
9781804942963,Close to Death - Hawthorne 5,Fiction,Crime Fiction,FH,Thriller,ADD_SECONDARY,Thriller
9781776890743,Honey - My Story Of Love Loss And Victory,Sport,General Sport And Fitness,BGS,Biography,ADD_SECONDARY,Biography
9781847928245,Lucky Loser - How Donald Trump Squandered His Father's Fortune and Created the Illusion of Success,History And Politics,History,BGB,Biography,ADD_SECONDARY,Biography
9781911717379,Recognising the Strange - On Palestine and Narrative,History And Politics,History,JP,Politics,ADD_SECONDARY,Politics
9781644213919,Lucky Mud & Other Foma -  A Field Guide to Kurt Vonnegut's Environmentalism and Planetary Citizenship,Reference,General,BGLA,Biography,RECLASSIFY,Biography
9781398707665,All The Colours Of The Dark,Fiction,General Fiction,FH,Thriller,RECLASSIFY,Thriller
9780008340919,Castaways,Fiction,Crime Fiction,FH,Thriller,ADD_SECONDARY,Thriller
9780198487920,Kippers First Pet - Oxford First Experiences,Well Being,Childrens Well Being,YQCR,Childrens Picture Books,ADD_SECONDARY,Childrens Picture Books
9781840918397,Eyes Are The Best Part,Fiction,General Fiction,FH,Thriller,RECLASSIFY,Thriller
9781405945172,Little French Village of Book Lovers,Fiction,General Fiction,FRD,Romance,RECLASSIFY,Romance
9780241595763,What Went Wrong With Capitalism,Sciences,Business,KCS,Economics,ADD_SECONDARY,Economics
9780141998688,Leadership -  Six Studies in World Strategy,History And Politics,History,JPHL,Politics,ADD_SECONDARY,Politics
9780241700884,Myth of American Idealism - How U.S. Foreign Policy Endangers the World,History And Politics,History,JPSL,Politics,ADD_SECONDARY,Politics
9780141997797,Homer and His Iliad,Reference,General,DSBB,Classics,RECLASSIFY,Classics
9781761380440,Gifted,Fiction,General Fiction,FYT,Translated Fiction,RECLASSIFY,Translated Fiction
9781923106109,Mourning a Breast,Fiction,General Fiction,FYT,Translated Fiction,RECLASSIFY,Translated Fiction
9780063383609,Duke and I / The Viscount Who Loved Me - 1 Bridgerton Collector's Edition,Fiction,Historical Fiction,FRH,Romance,ADD_SECONDARY,Romance
9780063383616,Offer From A Gentleman / Romancing Mr. Bridgerton - 2 Bridgerton Collector's Edition,Fiction,Historical Fiction,FRH,Romance,ADD_SECONDARY,Romance
9780063383661,"To Sir Phillip, With Love / When He Was Wicked - 3 Bridgerton Collector's Edition",Fiction,Historical Fiction,FRH,Romance,ADD_SECONDARY,Romance
9781399604116,Never Understood - The Jesus and Mary Chain,The Arts,Music And Performing Arts,BGFA,Biography,ADD_SECONDARY,Biography
9781781578698,Photography - Queer History - How LGBTQ+ Photographers Shaped The Art,The Arts,Art,AJ,Photography,ADD_SECONDARY,Photography
9781781578346,Shooting Film - Everything You Need To Know About Analogue Photography,The Arts,Art,AJ,Photography,ADD_SECONDARY,Photography
9781760689025,Opal - 3 DS Walker,Fiction,Crime Fiction,FH,Thriller,ADD_SECONDARY,Thriller
9781529096545,Divine Fury - 4 Cesare Aldo,Fiction,Historical Fiction,FFH,Crime Fiction,ADD_SECONDARY,Crime Fiction
9781474623841,Earth to Moon,The Arts,Music And Performing Arts,BGFA,Biography,ADD_SECONDARY,Biography
9781399809498,How Tyrants Fall - and How Nations Survive,History And Politics,History,JPA,Politics,ADD_SECONDARY,Politics
9781529113556,Age of The Strongman - How the Cult of the Leader Threatens Democracy around the World,History And Politics,History,JPHL,Politics,ADD_SECONDARY,Politics
9780141988948,Power Law - Venture Capital and the Art of Disruption,Sciences,Business,KFFK,Economics,ADD_SECONDARY,Economics
9781501153341,"Tao of Charlie Munger - A Compilation of Quotes from Berkshire Hathaway's Vice Chairman on Life, Business, and the Pursuit of Wealth",Sciences,Business,KFFM,Economics,ADD_SECONDARY,Economics
9780241703137,Growth -  A Reckoning,Sciences,Business,KCZ,Economics,ADD_SECONDARY,Economics
9781838957674,Collaborators -  Three Stories of Deception and Survival in World War II,History And Politics,History,BGH,Biography,ADD_SECONDARY,Biography
9780785845492,Essential Tales and Poems of Edgar Allan Poe,Fiction,Classics,FKC,Horror,ADD_SECONDARY,Horror
9781324076148,Iliad,Fiction,Classics,DC,Poetry,ADD_SECONDARY,Poetry
9780241471500,Hitlers People - The Faces of the Third Reich,History And Politics,History,BGH,Biography,ADD_SECONDARY,Biography
9781529436648,Done and Dusted - 1 Rebel Blue Ranch,Fiction,General Fiction,FRD,Romance,RECLASSIFY,Romance
9781529436679,Swift and Saddled - 2 Rebel Blue Ranch,Fiction,General Fiction,FRD,Romance,RECLASSIFY,Romance
9781529436716,Lost and Lassoed - 3 Rebel Blue Ranch,Fiction,General Fiction,FRD,Romance,RECLASSIFY,Romance
9781529436754,Wild and Wrangled - 4 Rebel Blue Ranch,Fiction,General Fiction,FRD,Romance,RECLASSIFY,Romance
9780099540861,Captain Corellis Mandolin,Fiction,General Fiction,FV,Historical Fiction,RECLASSIFY,Historical Fiction
9781529400861,Playing Nice,Fiction,Crime Fiction,FHP,Thriller,ADD_SECONDARY,Thriller
9781497104679,Story of Elvis - The Rise and Fall of the Undisputed King of Rock 'n' Roll,The Arts,Music And Performing Arts,BGF,Biography,ADD_SECONDARY,Biography
9781497104617,Ultimate Beatles Collection -  Your Complete Guide to the World's Greatest Band,The Arts,Music And Performing Arts,BGF,Biography,ADD_SECONDARY,Biography
9781497104624,Led Zeppelin -  The Ultimate Collection,The Arts,Music And Performing Arts,BGF,Biography,ADD_SECONDARY,Biography
9783967041583,Stillness -  An Exploration of Japanese Aesthetics in Architecture and Design,The Arts,Art,AMB,Architecture,ADD_SECONDARY,Architecture
9783967041552,American Icons -  The Architecture of the United States: Visions and Defiance,The Arts,Art,AMX,Architecture,ADD_SECONDARY,Architecture
9780300270426,"Bin Laden Papers - How the Abbottabad Raid Revealed the Truth about al-Qaeda, Its Leader and His Family",History And Politics,History,JPWL,Politics,ADD_SECONDARY,Politics
9780241533895,Traitor - 9 William Wisting,Fiction,Crime Fiction,FH,Thriller,ADD_SECONDARY,Thriller
9781760782641,Blood Trail - 4 Sannie van Rensburg,Fiction,Crime Fiction,FH,Thriller,ADD_SECONDARY,Thriller
9781743547366,Empty Coast - 2 Sonja Kurtz,Fiction,Crime Fiction,FH,Thriller,ADD_SECONDARY,Thriller
9781797224541,Architect and Designer Birthday Book,The Arts,Art,AMX,Architecture,ADD_SECONDARY,Architecture
9781800653658,Origami Sea Animals -  Paper Block Plus 64-Page Book,The Arts,Art,WFTM,Craft,ADD_SECONDARY,Craft
9781464221361,Never Lie,Fiction,Crime Fiction,FH,Thriller,ADD_SECONDARY,Thriller
9781991165770,I Am,Well Being,Childrens Well Being,YBC,Childrens Picture Books,ADD_SECONDARY,Childrens Picture Books
9781529938074,Blue Hour,Fiction,Crime Fiction,FH,Thriller,ADD_SECONDARY,Thriller
9781787335264,Hotel,Fiction,General Fiction,FK,Horror,RECLASSIFY,Horror
9781804996331,Disclaimer,Fiction,Crime Fiction,FH,Thriller,ADD_SECONDARY,Thriller
9781368099165,Farewell Yellow Brick Road -  Memories of My Life on Tour,The Arts,Music And Performing Arts,BGF,Biography,ADD_SECONDARY,Biography
9780857506078,"We All Shine On -  John, Yoko, and Me",The Arts,Music And Performing Arts,BM,Biography,ADD_SECONDARY,Biography
9781398531734,It Ends With Us - Film Tie-in,Fiction,General Fiction,FRD,Romance,RECLASSIFY,Romance
9781785946820,Prose And Cons -  The English Language in Just A Minute,Reference,General,HBG,History,RECLASSIFY,History
9780226448077,Economical Writing - Thirty-Five Rules For Clear And Persuasive Prose,Reference,General,CBW,Languages,RECLASSIFY,Languages
9781728295091,Tale of Two Titties -  A Writer's Guide to Conquering the Most Sexist Tropes in Literary History,Reference,General,WHP,Humour,RECLASSIFY,Humour
9781761261640,Protector,Fiction,Crime Fiction,FH,Thriller,ADD_SECONDARY,Thriller
9780847866670,English Vision - Traditional Architecture and Decoration for Today,The Arts,Art,AMR,Architecture,ADD_SECONDARY,Architecture
9780847866670,English Vision - Traditional Architecture and Decoration for Today,The Arts,Design,AMR,Architecture,ADD_SECONDARY,Architecture
9783961716210,Andrew Martin Interior Design Volume 28,The Arts,Art,AMR,Architecture,ADD_SECONDARY,Architecture
9783961716210,Andrew Martin Interior Design Volume 28,The Arts,Design,AMR,Architecture,ADD_SECONDARY,Architecture
9780008238414,Shakespeares Book,Reference,General,DSC,Classics,RECLASSIFY,Classics
9781804153970,Perfect Parents,Fiction,Crime Fiction,FH,Thriller,ADD_SECONDARY,Thriller
9781761561290,Song to Drown Rivers,Fiction,General Fiction,FC,Classics,RECLASSIFY,Classics
9781035052875,Pairing,Fiction,General Fiction,FRD,Romance,RECLASSIFY,Romance
9781035053766,Tales From the Cafe - Gift Edition,Fiction,General Fiction,FM,Science Fiction and Fantasy,RECLASSIFY,Science Fiction and Fantasy
9781035017799,Learned By Heart,Fiction,General Fiction,FV,Historical Fiction,RECLASSIFY,Historical Fiction
9781529434248,Great Rides According to G,Sport,General Sport And Fitness,BGSA,Biography,ADD_SECONDARY,Biography
9780751585551,Counting Miracles,Fiction,General Fiction,FR,Romance,RECLASSIFY,Romance
9781786751577,Harry Styles - A Sign of the Times,The Arts,Music And Performing Arts,BGF,Biography,ADD_SECONDARY,Biography
9781802797367,Ghibliverse - Studio Ghibli Beyond the Films,The Arts,Music And Performing Arts,BM,Biography,ADD_SECONDARY,Biography
9781529413892,SAS Daggers Drawn - In For the Kill - The Mavericks Who Made the SAS,History And Politics,History,BGH,Biography,ADD_SECONDARY,Biography
9780241714911,Karlas Choice - A John le Carre Novel,Fiction,Crime Fiction,FHD,Thriller,ADD_SECONDARY,Thriller
9780241994603,Freedom Is a Constant Struggle,History And Politics,History,JPVH,Politics,ADD_SECONDARY,Politics
9780241703731,Outsider - Manga Edition,Fiction,Graphic Novels,FXA,Manga,ADD_SECONDARY,Manga
9780415610254,Fairy Tales and the Art of Subversion,Reference,General,DSB,Classics,RECLASSIFY,Classics
9781035003747,Crossing - 2 Border Trilogy,Fiction,General Fiction,FV,Historical Fiction,RECLASSIFY,Historical Fiction
9781035003761,Cities of the Plain - 3 Border Trilogy,Fiction,General Fiction,FV,Historical Fiction,RECLASSIFY,Historical Fiction
9781035003754,All the Pretty Horses - 1 Border Trilogy,Fiction,General Fiction,FV,Historical Fiction,RECLASSIFY,Historical Fiction
9781460756775,Cher - The Memoir - Part One,The Arts,Music And Performing Arts,BGFA,Biography,ADD_SECONDARY,Biography
9781035049400,Never - The Autobiography,The Arts,Music And Performing Arts,BGFA,Biography,ADD_SECONDARY,Biography
9780241688854,MoneyGPT -  AI and the Threat to the Global Economy,Sciences,Business,KFF,Economics,ADD_SECONDARY,Economics
9781802064056,Breaking Through Depression -  New Treatments and Discoveries for Healing,Well Being,Health,VFJB,Psychology,ADD_SECONDARY,Psychology
9781761381386,We Are Not Able To Live In The Sky - The Seductive Promise Of Microfinance,History And Politics,History,JKSN,Politics,ADD_SECONDARY,Politics
9781529430677,Midnight In Vienna,Fiction,Crime Fiction,FHD,Thriller,ADD_SECONDARY,Thriller
9781761380822,Noble Fragments -  the maverick who broke up the world's greatest book,Reference,General,HRCF,Religion,RECLASSIFY,Religion
9781471180958,Firewatching - 1 Detective Sergeant Adam Tyler,Fiction,Crime Fiction,FH,Thriller,ADD_SECONDARY,Thriller
9781398507531,Cold Reckoning - 3 Detective Sergeant Adam Tyler,Fiction,Crime Fiction,FH,Thriller,ADD_SECONDARY,Thriller
9780199576388,Oxford Essential French Dictionary,Reference,Dictionaries,CBDX,Languages,ADD_SECONDARY,Languages
9783967041682,"Nordic Home - Scandinavian Living, Interiors and Design",The Arts,Art,AMK,Architecture,ADD_SECONDARY,Architecture
9788417557775,Slow Living Architecture,The Arts,Art,AMCR,Architecture,ADD_SECONDARY,Architecture
9788417557782,Resilient Sustainable Architecture,The Arts,Art,AMCR,Architecture,ADD_SECONDARY,Architecture
9780764367397,Well-Designed Accessory Dwelling Unit  -  Fitting Great Architecture into Small Spaces,The Arts,Art,AMK,Architecture,ADD_SECONDARY,Architecture
9781913159795,Testament of a Trout Fisher,Sport,General Sport And Fitness,BM,Biography,ADD_SECONDARY,Biography
9781838669041,Stone Houses,The Arts,Art,AMC,Architecture,ADD_SECONDARY,Architecture
9781580936385,Love How You Live: Adventures in Interior Design,The Arts,Art,AMR,Architecture,ADD_SECONDARY,Architecture
9781776891283,Christmas At The Castle Cookbook,Christmas,Christmas Cooking,WBR,Food And Beverage,ADD_SECONDARY,Food And Beverage
9781529433821,Alaska Sanders Affair,Fiction,Crime Fiction,FH,Thriller,ADD_SECONDARY,Thriller
9781974740352,Demon Slayer - Kimetsu Academy Vol 1,Fiction,Graphic Novels,FXA,Manga,ADD_SECONDARY,Manga
9781974746255,Demon Slayer - Kimetsu Academy Vol 3,Fiction,Graphic Novels,FXA,Manga,ADD_SECONDARY,Manga
9781974749430,Demon Slayer - Kimetsu Academy Vol 4,Fiction,Graphic Novels,FXA,Manga,ADD_SECONDARY,Manga
9781460766729,Highways And Byways - Tall Tales And Short Stories from the long way round,The Arts,Music And Performing Arts,BM,Biography,ADD_SECONDARY,Biography
9781399723770,Borderlines - History Of Europe Told From The Edges,History And Politics,History,JPSL,Politics,ADD_SECONDARY,Politics
9781776951161,All Out,Sport,General Sport And Fitness,BGSA,Biography,ADD_SECONDARY,Biography
9780241734391,Ultimate Hidden Truth of the World,History And Politics,History,JPFB,Politics,ADD_SECONDARY,Politics
9780241659540,Peppas First Day at School -  A Lift-the-Flap Picture Book,Well Being,Childrens Well Being,YBCH,Childrens Picture Books,ADD_SECONDARY,Childrens Picture Books
9781398519787,Shanghai,Fiction,Crime Fiction,FHD,Thriller,ADD_SECONDARY,Thriller
9781805462866,Other Rivers - A Chinese Education,History And Politics,History,BGLA,Biography,ADD_SECONDARY,Biography
9781837721412,Political Thought of Aneurin Bevan,History And Politics,History,JPA,Politics,ADD_SECONDARY,Politics
9781350452046,NYE - The Political Life of Aneurin Bevan,History And Politics,History,BGH,Biography,ADD_SECONDARY,Biography
9781471155956,Ali - A Life,Sport,General Sport And Fitness,BGS,Biography,ADD_SECONDARY,Biography
9781398517295,LeBron,Sport,General Sport And Fitness,BGS,Biography,ADD_SECONDARY,Biography
9780007247110,Provided You Don't Kiss Me - 20 Years with Brian Clough,Sport,General Sport And Fitness,BGS,Biography,ADD_SECONDARY,Biography
9781398521759,Phil - The Rip-Roaring (and Unauthorised!) Biography of Golf's Most Colourful Superstar,Sport,General Sport And Fitness,BGS,Biography,ADD_SECONDARY,Biography
9780847837984,Cullman And Kravis - Interiors,The Arts,Art,AMR,Architecture,ADD_SECONDARY,Architecture
9780847833641,Holly Hunt - Fearless In The World Of Design,The Arts,Art,AMR,Architecture,ADD_SECONDARY,Architecture
9781789467598,Songbird - An Intimate Biography of Christine McVie,The Arts,Music And Performing Arts,BGF,Biography,ADD_SECONDARY,Biography
9781035912421,Three Body Problem - The Epic 10  volume graphic novel -  boxset,Fiction,Graphic Novels,FXA,Manga,ADD_SECONDARY,Manga
9780785845423,Beatles  -  Featuring a Collection of Memorabilia from the Lives of the Fab Four,The Arts,Music And Performing Arts,BGF,Biography,ADD_SECONDARY,Biography
9781632061553,Pina,Fiction,General Fiction,JFSL9,Sociology,RECLASSIFY,Sociology
9781529949353,Trunk,Fiction,Crime Fiction,FH,Thriller,ADD_SECONDARY,Thriller
9781804947814,Conclave,Fiction,General Fiction,FH,Thriller,RECLASSIFY,Thriller
9780262548519,Whats the Worst That Could Happen  -  Existential Risk and Extreme Politics,History And Politics,History,JPA,Politics,ADD_SECONDARY,Politics
9781787589421,Invocations - HP Lovecraft Short Stories,Fiction,Classics,FKC,Horror,ADD_SECONDARY,Horror
9781914495885,Who Owns This Sentence - A History of Copyrights and Wrongs,Reference,General,JFD,Sociology,RECLASSIFY,Sociology
9780571391073,Night of Baba Yaga,Fiction,Crime Fiction,FH,Thriller,ADD_SECONDARY,Thriller
9781035035342,To Die For - 3 Travis Devine,Fiction,Crime Fiction,FHP,Thriller,ADD_SECONDARY,Thriller
9781035035601,Calamity of Souls,Fiction,Crime Fiction,FH,Thriller,ADD_SECONDARY,Thriller
9781761268311,Mr Einstein's Secretary,Fiction,Crime Fiction,FHD,Thriller,ADD_SECONDARY,Thriller
9781035042951,One Wrong Turn,Fiction,Crime Fiction,FH,Thriller,ADD_SECONDARY,Thriller
9781035040711,Hidden in Plain Sight,Fiction,Historical Fiction,FFH,Crime Fiction,ADD_SECONDARY,Crime Fiction
9781837262922,"Transformer - Klopp, the Revolution of a Club and Culture",Sport,General Sport And Fitness,BGS,Biography,ADD_SECONDARY,Biography
9781804090206,"Worlds Simplest Guide to the Stock Market  -  An introduction to companies, stocks, and making money from investing",Sciences,Business,KFFM,Economics,ADD_SECONDARY,Economics
9781035011193,"Worlds Biggest Cash Machine  -  Manchester United, the Glazers, and the Struggle for Football's Soul",Sport,General Sport And Fitness,BGB,Biography,ADD_SECONDARY,Biography
9781649632593,Can Anyone Tell Me  -  Essential Questions about Grief and Loss,Well Being,Health,VFJX,Psychology,ADD_SECONDARY,Psychology
9781421536255,One Piece Omnibus - 1,Fiction,Graphic Novels,FXA,Manga,ADD_SECONDARY,Manga
9783836594400,Living In Provence - 40th Ed,The Arts,Art,AM,Architecture,ADD_SECONDARY,Architecture
9783836594424,Living in Tuscany - 40th Ed,The Arts,Art,AM,Architecture,ADD_SECONDARY,Architecture
9780143779803,Once There Were Wolves,Fiction,Crime Fiction,FH,Thriller,ADD_SECONDARY,Thriller
9781804441183,Hotel Lux  -  An Intimate History of Communism's Forgotten Radicals,History And Politics,History,JPWQ,Politics,ADD_SECONDARY,Politics
9781803287034,Cello  -  A Journey Through Silence to Sound,The Arts,Music And Performing Arts,BGF,Biography,ADD_SECONDARY,Biography
9781423208556,Microeconomics,Sciences,Business,KCC,Economics,ADD_SECONDARY,Economics
9781423208549,Macroeconomics,Sciences,Business,KCB,Economics,ADD_SECONDARY,Economics
9781460767283,Name Of This Band Is R.E.M,The Arts,Music And Performing Arts,BGF,Biography,ADD_SECONDARY,Biography
9780008478179,Dirty Diana,Fiction,General Fiction,FRD,Romance,RECLASSIFY,Romance
9780241971635,Lou Reed  -  The King of New York,The Arts,Music And Performing Arts,BGF,Biography,ADD_SECONDARY,Biography
9781399600521,Eyes Guts Throat Bones,Fiction,General Fiction,FK,Horror,RECLASSIFY,Horror
9781035043804,Cat Who Cracked A Cold Case - 3 Conrad The Cat Detective,Fiction,General Fiction,FF,Crime Fiction,RECLASSIFY,Crime Fiction
9781804091012,You Werent Supposed To See That - Secrets Every Investor Should Know,Sciences,Business,KFFM,Economics,ADD_SECONDARY,Economics
9781035029419,Rassie - Stories of Life and Rugby,Sport,General Sport And Fitness,BGSA,Biography,ADD_SECONDARY,Biography
9780063399013,Five Letter Word for Love,Fiction,General Fiction,FRD,Romance,RECLASSIFY,Romance
9781250907110,Writing an Identity Not Your Own - A Guide for Creative Writers,Reference,General,CBV,Languages,RECLASSIFY,Languages
9781803510057,Vegetarian,Fiction,General Fiction,FYT,Translated Fiction,RECLASSIFY,Translated Fiction
9781398541443,War,History And Politics,History,JPA,Politics,ADD_SECONDARY,Politics
9781405962551,Meeting Churchill  -  A Life in 90 Encounters,History And Politics,History,BGH,Biography,ADD_SECONDARY,Biography
9781804951781,Overstory,Fiction,General Fiction,FL,Science Fiction and Fantasy,RECLASSIFY,Science Fiction and Fantasy
9781529148916,Rosens Almanac - Weird and wonderful words for every day of the year,Reference,General,CBX,Languages,RECLASSIFY,Languages
9781529152791,Scarcely English - An A To Z Of Assaults On Our Language,Reference,General,CBX,Languages,RECLASSIFY,Languages
9781761221828,Beautiful Coastal Homes,The Arts,Art,AM,Architecture,ADD_SECONDARY,Architecture
9781529950038,Hardest Geezer - Mind over Miles,Sport,General Sport And Fitness,BGSA,Biography,ADD_SECONDARY,Biography
9780241688151,Slow Dance,Fiction,General Fiction,FRD,Romance,RECLASSIFY,Romance
9781460765555,Cicada House,Fiction,General Fiction,FR,Romance,RECLASSIFY,Romance
9780008717629,How To Sleep Like A Caveman -  Ancient Wisdom For A Better Nights Rest,Well Being,Health,VFJB,Psychology,ADD_SECONDARY,Psychology
9781668012727,Fight of Our Lives - My Time with Zelensky - Ukraine's Battle for Democracy and What It Means for the World,History And Politics,History,BGHA,Biography,ADD_SECONDARY,Biography
9781787304345,Cecilia,Fiction,General Fiction,FRD,Romance,RECLASSIFY,Romance
9780349441641,Wild Eyes - 2 Rose Hill,Fiction,General Fiction,FRD,Romance,RECLASSIFY,Romance
9780500298121,"Led By Donkeys - Adventures in Art, Activism and Accountability",History And Politics,History,JPWD,Politics,ADD_SECONDARY,Politics
9781509561254,War Against The Past - Why The West Must Fight For Its History,History And Politics,History,JP,Politics,ADD_SECONDARY,Politics
9780063420052,Black Saturday - An Unfiltered Account of the October 7th Attack on Israel and the War in Gaza,History And Politics,History,BG,Biography,ADD_SECONDARY,Biography
9781399616706,Wildfire - My Ten Years Getting High in The Prodigy,The Arts,Music And Performing Arts,BGFA,Biography,ADD_SECONDARY,Biography
9781035050338,Seven Sisters - Collectors Edition,Fiction,Historical Fiction,FR,Romance,ADD_SECONDARY,Romance
9780226503691,Machiavellis Virtue,History And Politics,History,JPA,Politics,ADD_SECONDARY,Politics
9780500025925,Lee Miller - Photographs,The Arts,Art,AJB,Photography,ADD_SECONDARY,Photography
9780300247374,Philosophy of Translation,Reference,General,DS,Classics,RECLASSIFY,Classics
9780733653032,Voice Inside,The Arts,Music And Performing Arts,BGF,Biography,ADD_SECONDARY,Biography
9780733652745,Voice Inside,The Arts,Music And Performing Arts,BGF,Biography,ADD_SECONDARY,Biography
9781738619641,Here's to Life - and all that jazz,Sport,General Sport And Fitness,BGS,Biography,ADD_SECONDARY,Biography
9781405950213,Snow Fall - 8 William Wisting,Fiction,Crime Fiction,FH,Thriller,ADD_SECONDARY,Thriller
9781800753556,Winston Churchill - Prime Ministers Series,History And Politics,History,BGH,Biography,ADD_SECONDARY,Biography
9781760763886,"Modern Heritage - Cherishing Australia's interwar homes - Old English, Spanish Mission & Art Deco",The Arts,Art,AMK,Architecture,ADD_SECONDARY,Architecture
9781923049079,Never Too Small - Vol. 2: Reinventing Small Space Living,The Arts,Art,AMK,Architecture,ADD_SECONDARY,Architecture
9780500544372,Experimental Photography - Handbook Of Techniques,The Arts,Art,AJG,Photography,ADD_SECONDARY,Photography
9780349014739,Kingmaker - Pamela Churchill Harrimans Astonishing Life Of Seduction Intrigue And Power,History And Politics,History,BGH,Biography,ADD_SECONDARY,Biography
9781760764012,New Sustainable House,The Arts,Art,AMKD,Architecture,ADD_SECONDARY,Architecture
9782959335112,Henri Cartier-Bresson - The Decisive Moment,The Arts,Art,AJB,Photography,ADD_SECONDARY,Photography
9781419776779,Road - A Graphic Novel Adaptation,Fiction,Graphic Novels,FXA,Manga,ADD_SECONDARY,Manga
9783775755436,Stefan Draschan - Double Take  Bilingual edition,The Arts,Art,AJB,Photography,ADD_SECONDARY,Photography
9781435163102,Odyssey - Barnes & Noble Collectible Editions,Fiction,Classics,DCF,Poetry,ADD_SECONDARY,Poetry
9783836590747,Andy Warhol - Polaroids 1958-1987,The Arts,Art,AJB,Photography,ADD_SECONDARY,Photography
9783836575843,Midcentury Memories - The Anonymous Project,The Arts,Art,AJC,Photography,ADD_SECONDARY,Photography
9781435169418,Classic Supernatural Stories,Fiction,Classics,FKC,Horror,ADD_SECONDARY,Horror
9780500025246,Earth Sky & Water - Houses in the Nordic Style,The Arts,Art,AMK,Architecture,ADD_SECONDARY,Architecture
9780500027127,California Houses - Creativity in Context,The Arts,Art,AMK,Architecture,ADD_SECONDARY,Architecture
9789492311627,Futureproof Home - Design for Conscious Living,The Arts,Art,AMK,Architecture,ADD_SECONDARY,Architecture
9789492311610,APOLLO Timeless,The Arts,Art,AMB,Architecture,ADD_SECONDARY,Architecture
9780500027929,"Architecture Concept Book - An inspirational guide to creative ideas, strategies and practices",The Arts,Art,AMA,Architecture,ADD_SECONDARY,Architecture
9783775756990,World Press Photo Yearbook 2024,The Arts,Art,AJC,Photography,ADD_SECONDARY,Photography
9781739887865,Chess Players - From Charlie Chaplin to Wu-Tang Clan,The Arts,Art,AJC,Photography,ADD_SECONDARY,Photography
9783836598187,Harry Benson - The Beatles,The Arts,Art,AJB,Photography,ADD_SECONDARY,Photography
9783836597999,Depeche Mode by Anton Corbijn,The Arts,Art,AJB,Photography,ADD_SECONDARY,Photography
9781908970626,Kasmins Camera,The Arts,Art,AJB,Photography,ADD_SECONDARY,Photography
9780500481028,I M Pei - Life Is Architecture,The Arts,Art,AMB,Architecture,ADD_SECONDARY,Architecture
9783836597036,Steve McCurry Animals,The Arts,Art,AJB,Photography,ADD_SECONDARY,Photography
9781784879846,Diary of an Ordinary Woman,Fiction,General Fiction,FV,Historical Fiction,RECLASSIFY,Historical Fiction
9780349441634,Wild Love - 1 Rose Hill,Fiction,General Fiction,FRD,Romance,RECLASSIFY,Romance
9781529375077,Doctor Sleep - 2 The Shining,Fiction,General Fiction,FK,Horror,RECLASSIFY,Horror
9781405917094,Dead Mens Bones - 4 Inspector McLean,Fiction,Crime Fiction,FH,Thriller,ADD_SECONDARY,Thriller
9780241450628,Lawrence Of Arabia,History And Politics,History,BGH,Biography,ADD_SECONDARY,Biography
9781580936330,STILL - The Art of Noticing,The Arts,Art,AJB,Photography,ADD_SECONDARY,Photography
9781529912623,Sonny Boy -  A Memoir,The Arts,Music And Performing Arts,BGFA,Biography,ADD_SECONDARY,Biography
9780008262600,Polostan - 1 Bomb Light,Fiction,Crime Fiction,FV,Historical Fiction,ADD_SECONDARY,Historical Fiction
9781529093780,Black Wolf - 2 Antonia Scott,Fiction,Crime Fiction,FH,Thriller,ADD_SECONDARY,Thriller
9780349438276,Betrayal Road,Fiction,General Fiction,FR,Romance,RECLASSIFY,Romance
9780751541977,Interview With The Vampire,Fiction,Classics,FKC,Horror,ADD_SECONDARY,Horror
9781460763858,Brothers,The Arts,Music And Performing Arts,BM,Biography,ADD_SECONDARY,Biography
9781786583376,Ghost Story,Fiction,General Fiction,FK,Horror,RECLASSIFY,Horror
9781804186527,Group,Fiction,Crime Fiction,FH,Thriller,ADD_SECONDARY,Thriller
9781800754515,Presumed Guilty - 3 Presumed Innocent,Fiction,Crime Fiction,FHP,Thriller,ADD_SECONDARY,Thriller
9781761472022,"Creative Journal Writing - A guided journey of self-expression, personal growth, and supportive reflection",Reference,General,CBV,Languages,RECLASSIFY,Languages
9781409192749,Body for Rent - The terrifying true story of two ordinary girls sold for sex against their will,History And Politics,History,BG,Biography,ADD_SECONDARY,Biography
9780300246728,Madwoman in the Attic - The Woman Writer and the Nineteenth-Century Literary Imagination,Reference,General,DSA,Classics,RECLASSIFY,Classics
9781526652720,Hidden Hand - 2 Manon Tyler,Fiction,Crime Fiction,FHD,Thriller,ADD_SECONDARY,Thriller
9781035913114,Wedding Party,Fiction,Crime Fiction,FH,Thriller,ADD_SECONDARY,Thriller
9781804297506,Killing of Gaza - Reports on a Catastrophe,History And Politics,History,JPS,Politics,ADD_SECONDARY,Politics
9780199661350,Fowlers Dictionary of Modern English Usage,Reference,General,CBG,Languages,RECLASSIFY,Languages
9780199666317,Fowlers Concise Dictionary of Modern English Usage,Reference,General,CBG,Languages,RECLASSIFY,Languages
9781991103581,Safekeeping,Fiction,General Fiction,FF,Crime Fiction,RECLASSIFY,Crime Fiction
9781761341748,Bad Bridesmaid,Fiction,General Fiction,FRD,Romance,RECLASSIFY,Romance
9781405953382,Lone Wolf - 9 Orphan X,Fiction,Crime Fiction,FHD,Thriller,ADD_SECONDARY,Thriller
9781405972994,Ancient Sorceries -  The Adventures of John Silence,Fiction,General Fiction,FKC,Horror,RECLASSIFY,Horror
9780143137863,Penguin Book of Demons,Fiction,Classics,FKC,Horror,ADD_SECONDARY,Horror
9780241689646,Haunting of Hill House,Fiction,Classics,FK,Horror,ADD_SECONDARY,Horror
9781761345807,Dare I Say It - Everything I Wish I'd Known About Menopause,Well Being,Health,VS,Psychology,ADD_SECONDARY,Psychology
9780241705148,Augustus The Strong - A Study in Artistic Greatness and Political Fiasco,History And Politics,History,BGH,Biography,ADD_SECONDARY,Biography
9780241996584,"Tyranny of the Minority - How to Reverse an Authoritarian Turn, and Forge a Democracy for All",History And Politics,History,JPHV,Politics,ADD_SECONDARY,Politics
9781785908996,Trial of Vladimir Putin,History And Politics,History,JPVH,Politics,ADD_SECONDARY,Politics
9781760680671,When Im Feeling Sad,Well Being,Childrens Well Being,YBCS,Childrens Picture Books,ADD_SECONDARY,Childrens Picture Books
9781760680688,When Im Feeling Scared,Well Being,Childrens Well Being,YBC,Childrens Picture Books,ADD_SECONDARY,Childrens Picture Books
9781760680626,When Im Feeling Happy,Well Being,Childrens Well Being,YBC,Childrens Picture Books,ADD_SECONDARY,Childrens Picture Books
9781760409586,When Im Feeling Disappointed,Well Being,Childrens Well Being,YBC,Childrens Picture Books,ADD_SECONDARY,Childrens Picture Books
9780008652715,Heartbreak Is The National Anthem - How Taylor Swift Reinvented Pop Music,The Arts,Music And Performing Arts,BGF,Biography,ADD_SECONDARY,Biography
9781460766255,Head Cases,Fiction,Crime Fiction,FH,Thriller,ADD_SECONDARY,Thriller
9781435162556,Complete Cthulhu Mythos Tales  - Barnes And Noble Collectible Classics Omnibus Edition,Fiction,Classics,FKC,Horror,ADD_SECONDARY,Horror
9781435142817,Dracula and Other Horror Classics,Fiction,Classics,FKC,Horror,ADD_SECONDARY,Horror
9780241998175,Funny Story,Fiction,General Fiction,FRD,Romance,RECLASSIFY,Romance
9781761471261,Campers,Fiction,Crime Fiction,FH,Thriller,ADD_SECONDARY,Thriller
9781800754539,Seventh Floor - 3 Damascus Station,Fiction,Crime Fiction,FHD,Thriller,ADD_SECONDARY,Thriller
9780571384044,Murder Mindfully,Fiction,Crime Fiction,FH,Thriller,ADD_SECONDARY,Thriller
9780571383481,Daring Young Man on the Flying Trapeze,Fiction,General Fiction,FC,Classics,RECLASSIFY,Classics
9781800815803,Deorhord - An Old English Bestiary,Reference,General,CB,Languages,RECLASSIFY,Languages
9781529154139,Sweat,Fiction,Crime Fiction,FH,Thriller,ADD_SECONDARY,Thriller
9781685891442,Every Man Dies Alone,Fiction,General Fiction,FH,Thriller,RECLASSIFY,Thriller
9781784878733,Snow Ghost -  Classic Japanese Ghost Stories,Fiction,Classics,FKC,Horror,ADD_SECONDARY,Horror
9781804996379,Blackwater I - The Flood,Fiction,General Fiction,FK,Horror,RECLASSIFY,Horror
9781804996386,Blackwater II - The Levee,Fiction,General Fiction,FK,Horror,RECLASSIFY,Horror
9781804996393,Blackwater III - The House,Fiction,General Fiction,FK,Horror,RECLASSIFY,Horror
9781786788788,Feminists Guide to ADHD - How women can thrive and find focus in a world built for men,Well Being,Health,VFJD,Psychology,ADD_SECONDARY,Psychology
9781444720716,Misery,Fiction,Science Fiction and Fantasy,FK,Horror,ADD_SECONDARY,Horror
9781911717218,Stranger Than Fiction - Lives of the Twentieth-Century Novel,Reference,General,DSRC,Classics,RECLASSIFY,Classics
9788417557744,Building on Challenging Ground,The Arts,Art,AM,Architecture,ADD_SECONDARY,Architecture
9781761269868,Three Boys Gone,Fiction,Crime Fiction,FH,Thriller,ADD_SECONDARY,Thriller
9781035037094,Total Control,Fiction,Crime Fiction,FH,Thriller,ADD_SECONDARY,Thriller
9781035058631,Famous,Fiction,Crime Fiction,FH,Thriller,ADD_SECONDARY,Thriller
9781250622013,Evil in Me,Fiction,Science Fiction and Fantasy,FK,Horror,ADD_SECONDARY,Horror
9781035048090,Rats,Fiction,Classics,FK,Horror,ADD_SECONDARY,Horror
9781035051809,Area of Darkness,Fiction,General Fiction,FC,Classics,RECLASSIFY,Classics
9781035049349,Money Trap - Grand Fortunes and Lost Illusions Inside the Tech Bubble,Sciences,Business,KFF,Economics,ADD_SECONDARY,Economics
9781529059908,Mozart in Italy - Coming of Age in the Land of Opera,The Arts,Music And Performing Arts,BGF,Biography,ADD_SECONDARY,Biography
9781774584668,You Dont Have to Quit - 20 Science-Backed Strategies to Help Your Loved One Drink Less,Well Being,Health,VFJK,Psychology,ADD_SECONDARY,Psychology
9781761106576,Against the Water - A surfing champions inspirational journey to Olympic glory,Sport,General Sport And Fitness,BGA,Biography,ADD_SECONDARY,Biography
9781399713641,Crash,Fiction,Historical Fiction,FFH,Crime Fiction,ADD_SECONDARY,Crime Fiction
9780733646706,Legend of Albert Jacka -  From the brutal shores of Gallipoli to the battlefields of France,History And Politics,History,BGH,Biography,ADD_SECONDARY,Biography
9781405941655,Question of Guilt - 4 Cold Case Quartet,Fiction,Crime Fiction,FH,Thriller,ADD_SECONDARY,Thriller
9781405941617,Cabin - 2 Cold Case Quartet,Fiction,Crime Fiction,FH,Thriller,ADD_SECONDARY,Thriller
9781405950206,Night Man - 7 William Wisting,Fiction,Crime Fiction,FH,Thriller,ADD_SECONDARY,Thriller
9780241711422,Paris Affair,Fiction,Historical Fiction,FRH,Romance,ADD_SECONDARY,Romance
9783791389578,Women Photographers - From Anna Atkins to Newsha Tavakolian,The Arts,Art,AJB,Photography,ADD_SECONDARY,Photography
9783967040555,Soft Minimal - Norm Architects - A Sensory Approach to Architecture and Design,The Arts,Art,AMB,Architecture,ADD_SECONDARY,Architecture
9783791393070,75 Architects for a Sustainable World,The Arts,Art,AMCR,Architecture,ADD_SECONDARY,Architecture
9781035062256,Iron Hope - Lessons Learned from Conquering the Impossible,Sport,General Sport And Fitness,BGSA,Biography,ADD_SECONDARY,Biography
9781804090886,"Unicorns Hype and Bubbles - A guide to spotting, avoiding, and exploiting investment bubbles in tech",Sciences,Business,KFFM,Economics,ADD_SECONDARY,Economics
9781035057337,Going to the Wars,History And Politics,History,BGBA,Biography,ADD_SECONDARY,Biography
9781471197499,Manual for Being Human,Well Being,Health,VS,Psychology,ADD_SECONDARY,Psychology
9781398512269,Return to Blood - 2 Hana Westerman,Fiction,General Fiction,FF,Crime Fiction,RECLASSIFY,Crime Fiction
9781838669256,DogDogs,The Arts,Art,AJC,Photography,ADD_SECONDARY,Photography
9781838668723,Frank Lloyd Wright,The Arts,Art,AM,Architecture,ADD_SECONDARY,Architecture
9780241598979,Nemesis - 10 Orphan X,Fiction,Crime Fiction,FHD,Thriller,ADD_SECONDARY,Thriller
9781405945424,My Favourite Mistake,Fiction,General Fiction,FRD,Romance,RECLASSIFY,Romance
9781405936729,Arctic Sun - 3 Tom Fox,Fiction,Crime Fiction,FH,Thriller,ADD_SECONDARY,Thriller
9781405950350,Girl on the Ice,Fiction,Crime Fiction,FH,Thriller,ADD_SECONDARY,Thriller
9781922790897,Perfection,Fiction,General Fiction,FYT,Translated Fiction,RECLASSIFY,Translated Fiction
9781787304499,Perspectives,Fiction,Historical Fiction,FFH,Crime Fiction,ADD_SECONDARY,Crime Fiction
9781911717492,World After Gaza,History And Politics,History,JPSL,Politics,ADD_SECONDARY,Politics
9781804949399,Churchill - A Life - The Official Biography,History And Politics,History,BGH,Biography,ADD_SECONDARY,Biography
9781668019504,I Dream Of Joni - A Portrait Of Joni Mitchell In 53 Snapshots,The Arts,Music And Performing Arts,BGF,Biography,ADD_SECONDARY,Biography
9781804187623,Disappearance,Fiction,Crime Fiction,FHP,Thriller,ADD_SECONDARY,Thriller
9781805333142,Unworthy,Fiction,Science Fiction and Fantasy,FK,Horror,ADD_SECONDARY,Horror
9780241740811,Nazi Mind - Twelve Warnings From History,History And Politics,History,JPFQ,Politics,ADD_SECONDARY,Politics
9781805460152,Killing Sense,Fiction,Crime Fiction,FH,Thriller,ADD_SECONDARY,Thriller
9780760394960,Rihanna Is Life - A Superfans Guide To All Things We Love About Rihanna,The Arts,Music And Performing Arts,BGF,Biography,ADD_SECONDARY,Biography
9780760392089,How To Eat Well For Adults With ADHD - Practical Non-Diet Guide To Feeding Your Body And Mind When You Have ADHD,Well Being,Health,VFJB,Psychology,ADD_SECONDARY,Psychology
9780785846413,Bio Hack Your Brain,Well Being,Health,VSPT,Psychology,ADD_SECONDARY,Psychology
9781923058309,Sanctuary,Fiction,Crime Fiction,FH,Thriller,ADD_SECONDARY,Thriller
9781761380280,Rebel Island - The Incredible History of Taiwan,History And Politics,History,JPSL,Politics,ADD_SECONDARY,Politics
9781529429473,SAS Great Escapes Three - Gripping True Escape Stories Executed by World War Two Heroes,History And Politics,History,BGH,Biography,ADD_SECONDARY,Biography
9781529093803,White King - 3 Antonia Scott,Fiction,Crime Fiction,FH,Thriller,ADD_SECONDARY,Thriller
9781761567759,Killing Cold,Fiction,Crime Fiction,FH,Thriller,ADD_SECONDARY,Thriller
9781526678478,Smart Money - How Digital Currencies Will Win The New Cold War - And Why The West Needs To Act Now,Sciences,Business,KCLF,Economics,ADD_SECONDARY,Economics
9781526657497,What Writers Read - 35 Writers on their Favourite Book,Reference,General,DSK,Classics,RECLASSIFY,Classics
9781035031269,James,Fiction,General Fiction,FV,Historical Fiction,RECLASSIFY,Historical Fiction
9781835414309,Buffalo Hunter Hunter,Fiction,General Fiction,FK,Horror,RECLASSIFY,Horror
9781471197642,Death Watcher - 13 Robert Hunter,Fiction,Crime Fiction,FH,Thriller,ADD_SECONDARY,Thriller
9781785044526,How To Thrive With Adult ADHD - 7 Pillars For Focus Productivity And Balance,Well Being,Health,VFJB,Psychology,ADD_SECONDARY,Psychology
9780857505422,Summer Guests - 2 The Martini Club,Fiction,Crime Fiction,FHD,Thriller,ADD_SECONDARY,Thriller
9781804993675,In Too Deep - 29 Jack Reacher,Fiction,Crime Fiction,FH,Thriller,ADD_SECONDARY,Thriller
9780857505989,Vipers,Fiction,Crime Fiction,FH,Thriller,ADD_SECONDARY,Thriller
9781784878917,End of the World and Hard-Boiled Wonderland,Fiction,General Fiction,FM,Science Fiction and Fantasy,RECLASSIFY,Science Fiction and Fantasy
9781399623445,Even More Extraordinary Things to Cut Out and Collage,The Arts,Art,WFT,Craft,ADD_SECONDARY,Craft
9780753558119,Prosecutor - One Mans Battle to Bring Nazis to Justice,History And Politics,History,JPFQ,Politics,ADD_SECONDARY,Politics
9780199576449,Oxford Essential Spanish Dictionary,Reference,Dictionaries,CBDX,Languages,ADD_SECONDARY,Languages
9781399408622,How to Think Like an Economist - Great Economists Who Shaped the World and What They Can Teach Us,Sciences,Business,KCZ,Economics,ADD_SECONDARY,Economics
9780008729578,"On Democracies and Death Cults - Israel, Hamas and the Future of the West",History And Politics,History,JPHV,Politics,ADD_SECONDARY,Politics
9781399410922,Take Control Of Your IBS - The Step-By-Step Guide That Actually Works,Well Being,Health,VFJB,Psychology,ADD_SECONDARY,Psychology
9781761470646,Bluff,Fiction,Crime Fiction,FHP,Thriller,ADD_SECONDARY,Thriller
9781761470455,Love on the Air,Fiction,General Fiction,FRD,Romance,RECLASSIFY,Romance
9781526612922,Devils Bargain - 1 Manon Tyler,Fiction,Crime Fiction,FH,Thriller,ADD_SECONDARY,Thriller
9781804941041,Who She Was,Fiction,Crime Fiction,FH,Thriller,ADD_SECONDARY,Thriller
9781761066894,Secrets of Strangers,Fiction,Crime Fiction,FH,Thriller,ADD_SECONDARY,Thriller
9781546006312,Maos America - A Survivors Warning,History And Politics,History,JPV,Politics,ADD_SECONDARY,Politics
9780008270728,French Essential Dictionary - Collins Essential,Reference,Dictionaries,CBDX,Languages,ADD_SECONDARY,Languages
9780008688004,Collins Robert French Dictionary - Complete and Unabridged,Reference,Dictionaries,CBDX,Languages,ADD_SECONDARY,Languages
9780008270759,Italian - Collins Essential Dictionary,Reference,Dictionaries,CBDX,Languages,ADD_SECONDARY,Languages
9780008270742,German Essential Dictionary,Reference,Dictionaries,CBDX,Languages,ADD_SECONDARY,Languages
9781760688950,Outback - 1 DS Walker,Fiction,Crime Fiction,FH,Thriller,ADD_SECONDARY,Thriller
9781838779894,Crucified - 5 DC Jack Warr,Fiction,Crime Fiction,FH,Thriller,ADD_SECONDARY,Thriller
9781836740070,Destruction of Palestine Is the Destruction of the Earth,History And Politics,History,JPVR,Politics,ADD_SECONDARY,Politics
9781805464525,Being Jewish After the Destruction of Gaza,History And Politics,History,JPVH,Politics,ADD_SECONDARY,Politics
9781464239007,Boyfriend,Fiction,Crime Fiction,FH,Thriller,ADD_SECONDARY,Thriller
9781464242113,Crash,Fiction,Crime Fiction,FH,Thriller,ADD_SECONDARY,Thriller
9781464242106,Ward D,Fiction,Crime Fiction,FH,Thriller,ADD_SECONDARY,Thriller
9780861549160,Lobbying for Zionism on Both Sides of the Atlantic,History And Politics,History,JPSL,Politics,ADD_SECONDARY,Politics
9780008636555,And He Shall Appear,Fiction,Science Fiction and Fantasy,FK,Horror,ADD_SECONDARY,Horror
9780861544028,Lobbying for Zionism on Both Sides of the Atlantic,History And Politics,History,JPSL,Politics,ADD_SECONDARY,Politics
9780349131108,Costanza,Fiction,General Fiction,FV,Historical Fiction,RECLASSIFY,Historical Fiction
9798888430514,Delinquent Daddy and Tender Teacher Vol. 2: Basking in Sunlight,Fiction,Graphic Novels,FXA,Manga,ADD_SECONDARY,Manga
9798888433485,Delinquent Daddy and Tender Teacher Vol 3 - Four-Leaf Clovers,Fiction,Graphic Novels,FXA,Manga,ADD_SECONDARY,Manga
9780349441672,Wild Side - 3 Road Hill,Fiction,General Fiction,FRD,Romance,RECLASSIFY,Romance
9781685797652,Grandmaster of Demonic Cultivation - Mo Dao Zu Shi (The Comic / Manhua) Vol. 5,Fiction,Graphic Novels,FXA,Manga,ADD_SECONDARY,Manga
9781685797768,Grandmaster of Demonic Cultivation: Mo Dao Zu Shi (The Comic / Manhua) Vol. 6,Fiction,Graphic Novels,FXA,Manga,ADD_SECONDARY,Manga
9780241753699,Not Quite Dead Yet,Fiction,Crime Fiction,FH,Thriller,ADD_SECONDARY,Thriller
9780691227115,As Gods Among Men - A History Of The Rich In The West,Sciences,Business,KCZ,Economics,ADD_SECONDARY,Economics
9781784751838,Conclave,Fiction,Crime Fiction,FH,Thriller,ADD_SECONDARY,Thriller
9781597115537,Im So Happy You Are Here - Japanese Women Photographers From The 1950s To Now,The Arts,Art,AJC,Photography,ADD_SECONDARY,Photography
9780349442495,Beyond What is Given,Fiction,General Fiction,FRD,Romance,RECLASSIFY,Romance
9781867225614,Town Like Clarence,Fiction,General Fiction,FRD,Romance,RECLASSIFY,Romance
9780473724467,Genius of Industrial Property - Build Passive Wealth And Secure Retirement Through Industrial Property Investing,Sciences,Business,KFFR,Economics,ADD_SECONDARY,Economics
9783967041842,Touch - New Edition - Spaces Designed for the Senses,The Arts,Art,AMB,Architecture,ADD_SECONDARY,Architecture
9783967041743,Creative Homes - Interiors and Design in the Netherlands,The Arts,Art,AMK,Architecture,ADD_SECONDARY,Architecture
9788499366579,Slow Living,The Arts,Art,AMK,Architecture,ADD_SECONDARY,Architecture
9780091957759,Last British Dambuster - One Mans Extraordinary Life And The Raid That Changed History,History And Politics,History,BGHA,Biography,ADD_SECONDARY,Biography
9781421585116,My Hero Academia - 4,Fiction,Graphic Novels,FXA,Manga,ADD_SECONDARY,Manga
9781974749645,My Hero Academia - 39,Fiction,Graphic Novels,FXA,Manga,ADD_SECONDARY,Manga
9781974745845,My Hero Academia - 38,Fiction,Graphic Novels,FXA,Manga,ADD_SECONDARY,Manga
9781789467512,Oasis- Whats The Story - Life On Tour With Liam And Noel Gallagher,The Arts,Music And Performing Arts,BM,Biography,ADD_SECONDARY,Biography
9780593524404,You - The Story - A Writers Guide To Craft Through Memory,Reference,General,CBW,Languages,RECLASSIFY,Languages
9781911545750,Future of the Novel,Reference,General,DSK,Classics,RECLASSIFY,Classics
9781591168522,One Piece - 7,Fiction,Graphic Novels,FXA,Manga,ADD_SECONDARY,Manga
9781591161844,One Piece - 3,Fiction,Graphic Novels,FXA,Manga,ADD_SECONDARY,Manga
9781591160571,One Piece - 2,Fiction,Graphic Novels,FXA,Manga,ADD_SECONDARY,Manga
9781835622759,Call of Cthulhu and Other Stories,Fiction,Classics,FK,Horror,ADD_SECONDARY,Horror
9781835622742,Frankenstein,Fiction,Classics,FKC,Horror,ADD_SECONDARY,Horror
9781835622766,Dr Jekyll and Mr Hyde,Fiction,Classics,FKC,Horror,ADD_SECONDARY,Horror
9781835622773,Dracula,Fiction,Classics,FKC,Horror,ADD_SECONDARY,Horror
9781399057264,I Worked on Spitfires - The Memoirs of a Member of RAF Groundcrew and his Part in the Victory in Europe,History And Politics,History,BM,Biography,ADD_SECONDARY,Biography
9781529413847,SAS Forged In Hell - From Desert Rats to Dogs of War: The Second in the Blair 'Paddy' Mayne Trilogy,History And Politics,History,BGH,Biography,ADD_SECONDARY,Biography
9781804546185,Mystery Of Yew Tree House,Fiction,Historical Fiction,FFH,Crime Fiction,ADD_SECONDARY,Crime Fiction
9780861548095,Great White Bard - How To Love Shakespeare While Talking About Race,Reference,General,DSB,Classics,RECLASSIFY,Classics
9781800752917,Moscow X - 2 Damascus Station,Fiction,Crime Fiction,FHD,Thriller,ADD_SECONDARY,Thriller
9781761632594,Against The Water - A Surfing Champions Inspirational Journey To Olympic Glory,Sport,General Sport And Fitness,BGA,Biography,ADD_SECONDARY,Biography
9781805330349,Demian - Story Of Emil Sinclairs Youth,Fiction,General Fiction,FC,Classics,RECLASSIFY,Classics
9781925106251,My Promised Land - The Triumph and Tragedy of Israel,History And Politics,History,JP,Politics,ADD_SECONDARY,Politics
9780241699584,My Brilliant Career,Fiction,General Fiction,FC,Classics,RECLASSIFY,Classics
9780140268867,Odyssey,Fiction,Classics,DCF,Poetry,ADD_SECONDARY,Poetry
9781529429428,SAS Great Escapes Two - Six Untold Epic Escapes Made by World War Two Heroes,History And Politics,History,BGH,Biography,ADD_SECONDARY,Biography
9780241719114,How To Photograph Absolutely Everything,The Arts,Art,AJG,Photography,ADD_SECONDARY,Photography
9781761381102,I Leave It Up to You,Fiction,General Fiction,FRD,Romance,RECLASSIFY,Romance
9780702268908,Nightmare Sequence,History And Politics,History,JPVH,Politics,ADD_SECONDARY,Politics
9781925849226,Immortal Gestures - journeys in the unspoken,Reference,General,JFFP,Sociology,RECLASSIFY,Sociology
9798888903155,Perfect Victims - And The Politics Of Appeal,History And Politics,History,JPVH,Politics,ADD_SECONDARY,Politics
9780730394617,Xero For Dummies,Sciences,Business,KFC,Economics,ADD_SECONDARY,Economics
9781804990728,Surgeon - 1 Rizzoli and Isles,Fiction,Crime Fiction,FH,Thriller,ADD_SECONDARY,Thriller
9781804991268,Apprentice - 2 Rizzoli and Isles,Fiction,Crime Fiction,FH,Thriller,ADD_SECONDARY,Thriller
9781804991312,Vanish - 5 Rizzoli and Isles,Fiction,Crime Fiction,FH,Thriller,ADD_SECONDARY,Thriller
9781035015795,Strangers in Time,Fiction,Crime Fiction,FH,Thriller,ADD_SECONDARY,Thriller
9781761566714,Light At Lavelle,Fiction,Historical Fiction,FR,Romance,ADD_SECONDARY,Romance
9781471179037,Rules of Prey - 1 Prey,Fiction,Crime Fiction,FH,Thriller,ADD_SECONDARY,Thriller
9781405941631,Inner Darkness - 3 The Cold Case Quartet,Fiction,Crime Fiction,FH,Thriller,ADD_SECONDARY,Thriller
9781984860583,Understanding Street Photography - An Introduction to Shooting Compelling Images on the Street,The Arts,Art,AJG,Photography,ADD_SECONDARY,Photography
9781804090787,Stop Waiting - Start Investing - Build Wealth With 10 Minutes Of Work,Sciences,Business,KFFM,Economics,ADD_SECONDARY,Economics
9781804091340,"How Not to Invest - The ideas, numbers, and behaviors that destroy wealth-and how to avoid them",Sciences,Business,KFFM,Economics,ADD_SECONDARY,Economics
9781398526730,Woman in Suite 11 - 2 Lo Blacklock,Fiction,Crime Fiction,FH,Thriller,ADD_SECONDARY,Thriller
9781787636637,Burn After Reading,Fiction,Crime Fiction,FH,Thriller,ADD_SECONDARY,Thriller
9781804946466,Someone Is Lying,Fiction,Crime Fiction,FH,Thriller,ADD_SECONDARY,Thriller
9781529176186,Exile,Fiction,Crime Fiction,FHD,Thriller,ADD_SECONDARY,Thriller
9781529442397,Lights Out - 1 Into Darkness,Fiction,General Fiction,FRD,Romance,RECLASSIFY,Romance
9781529955484,Tiger Slam - The inside story of the greatest golf ever played,Sport,General Sport And Fitness,BGS,Biography,ADD_SECONDARY,Biography
9781399724869,Exchange - 2 The Firm,Fiction,Crime Fiction,FHP,Thriller,ADD_SECONDARY,Thriller
9781398549739,War,History And Politics,History,JPA,Politics,ADD_SECONDARY,Politics
9781835010976,Out On A Limb,Fiction,General Fiction,FRD,Romance,RECLASSIFY,Romance
9781526679857,Collide - Off The Ice,Fiction,General Fiction,FR,Romance,RECLASSIFY,Romance
9781681379128,Frog in the Throat,Fiction,Classics,FK,Horror,ADD_SECONDARY,Horror
9780733343490,Bunker In Kyiv - The Astonishing Story of the People's Army Defying Putin,History And Politics,History,JPS,Politics,ADD_SECONDARY,Politics
9780241725917,Kids Book About ADHD,Well Being,Childrens Well Being,YQNP,Childrens Picture Books,ADD_SECONDARY,Childrens Picture Books
9781035418015,Book People,Fiction,General Fiction,FRD,Romance,RECLASSIFY,Romance
9781804994528,Death at the Sign of the Rook - 6 Jackson Brodie,Fiction,General Fiction,FF,Crime Fiction,RECLASSIFY,Crime Fiction
9780857526588,Death At The Sign Of The Rook - 6 Jackson Brodie,Fiction,General Fiction,FF,Crime Fiction,RECLASSIFY,Crime Fiction
9781761380419,Reservoir Bitches,Fiction,General Fiction,FYT,Translated Fiction,RECLASSIFY,Translated Fiction
9780857524195,Travelling Cat Chronicles,Fiction,General Fiction,FYT,Translated Fiction,RECLASSIFY,Translated Fiction
9780349433806,Part of Your World - 1 Part of Your World,Fiction,General Fiction,FRD,Romance,RECLASSIFY,Romance
9780349433820,Yours Truly - 2 Part of Your World,Fiction,General Fiction,FRD,Romance,RECLASSIFY,Romance
9780349433844,Just For The Summer - 3 Part of Your World,Fiction,General Fiction,FRD,Romance,RECLASSIFY,Romance
9780141189703,Why Read The Classics,Reference,General,DSBH,Classics,RECLASSIFY,Classics
9781761472305,Echo Lake - 1 Rose McHugh Mystery,Fiction,Crime Fiction,FH,Thriller,ADD_SECONDARY,Thriller
9781804186398,Rembrandts Promise,Fiction,Historical Fiction,FRH,Romance,ADD_SECONDARY,Romance
9781804186107,Cold Wind From Moscow,Fiction,Crime Fiction,FHD,Thriller,ADD_SECONDARY,Thriller
9781805333173,Theres No Turning Back,Fiction,General Fiction,FC,Classics,RECLASSIFY,Classics
9781785124358,Jane Austen's Bookshelf - The Women Writers who shaped a legend,Reference,General,DSBF,Classics,RECLASSIFY,Classics
9781398519817,Shanghai,Fiction,Crime Fiction,FHD,Thriller,ADD_SECONDARY,Thriller
9781837264186,One Day - Everyone Will Have Always Been Against This,History And Politics,History,JPHV,Politics,ADD_SECONDARY,Politics
9781526687654,My Name is Emilia del Valle,Fiction,General Fiction,FV,Historical Fiction,RECLASSIFY,Historical Fiction
9781526681942,Julie Chan is Dead - or that's what she needs you to think,Fiction,Crime Fiction,FH,Thriller,ADD_SECONDARY,Thriller
9780861549153,Who Owns the Moon - In Defence of Humanity's Common Interests in Space,History And Politics,History,JPA,Politics,ADD_SECONDARY,Politics
9781398839137,Frankenstein - Arcturus Illustrated Classics,Fiction,Classics,FKC,Horror,ADD_SECONDARY,Horror
9781787634558,Secret Of Secrets - 6 Robert Langdon,Fiction,Crime Fiction,FH,Thriller,ADD_SECONDARY,Thriller
9780857506405,Last Orders - 12 DCI Daley,Fiction,Crime Fiction,FH,Thriller,ADD_SECONDARY,Thriller
9781804992364,Estate,Fiction,Crime Fiction,FH,Thriller,ADD_SECONDARY,Thriller
9781035417735,Takeover - Hitler's Final Rise to Power,History And Politics,History,JPFQ,Politics,ADD_SECONDARY,Politics
9781838951788,Rare Tongues - The Secret Stories of Hidden Languages,Reference,General,CBX,Languages,RECLASSIFY,Languages
9780760393802,"Pocket Universal Principles of Architecture - 100 Architectural Archetypes, Methods, Conditions, Relationships",The Arts,Art,AMA,Architecture,ADD_SECONDARY,Architecture
9781035424177,Graveyard Shift,Fiction,Science Fiction and Fantasy,FKC,Horror,ADD_SECONDARY,Horror
9781761429088,Twelve Post War Tales,Fiction,General Fiction,FC,Classics,RECLASSIFY,Classics
9781394286645,Little Book of Bitcoin - What You Need to Know that Wall Street Has Already Figured Out,Sciences,Business,KFFM,Economics,ADD_SECONDARY,Economics
9781761345470,Wandering Wild,Fiction,General Fiction,YFM,"Childrens Fiction, Romance",RECLASSIFY,"Childrens Fiction, Romance"
9780241715215,Midnight Carousel,Fiction,Historical Fiction,FRH,Romance,ADD_SECONDARY,Romance
9780785845515,Inferno,Fiction,Classics,DC,Poetry,ADD_SECONDARY,Poetry
9780241438152,Man Made of Smoke,Fiction,Crime Fiction,FH,Thriller,ADD_SECONDARY,Thriller
9781405950237,Traitor - 9 William Wisting,Fiction,Crime Fiction,FH,Thriller,ADD_SECONDARY,Thriller
9780241999240,Three Burials,Fiction,Crime Fiction,FHP,Thriller,ADD_SECONDARY,Thriller
9781775542414,Inner Warrior,Sport,General Sport And Fitness,BM,Biography,ADD_SECONDARY,Biography
9781529511536,Grey - A picture book poem about feelings and acceptance,Well Being,Childrens Well Being,YBCS,Childrens Picture Books,ADD_SECONDARY,Childrens Picture Books
9781775542858,Leading Under Pressure,Sport,General Sport And Fitness,BGSA,Biography,ADD_SECONDARY,Biography
9781529938692,Carrion Crow,Fiction,General Fiction,FK,Horror,RECLASSIFY,Horror
9780008656737,I Bet Youd Look Good In  Coffin - 2 - Kitty Collins,Fiction,Crime Fiction,FH,Thriller,ADD_SECONDARY,Thriller
9781802061444,Adventures In Democracy - The Turbulent World Of People Power,History And Politics,History,JPHV,Politics,ADD_SECONDARY,Politics
9780241711224,Righting Wrongs - Three Decades on the Front Lines Battling Abusive Governments,History And Politics,History,JPVH,Politics,ADD_SECONDARY,Politics
9781405939713,Guitar,The Arts,Music And Performing Arts,BGFA,Biography,ADD_SECONDARY,Biography
9781846276033,Vegetarian - A Novel,Fiction,General Fiction,FC,Classics,RECLASSIFY,Classics
9781783968916,Chokepoints - How The Global Economy Became A Weapon Of War,History And Politics,History,JP,Politics,ADD_SECONDARY,Politics
9781803511238,Sunny Place for Shady People,Fiction,General Fiction,FK,Horror,RECLASSIFY,Horror
9781786585455,Dancing with Bees,Fiction,General Fiction,FRD,Romance,RECLASSIFY,Romance
9781774060117,Think Like A Commoner - A Short Introduction To The Life Of The Commons,History And Politics,History,JPVH1,Politics,ADD_SECONDARY,Politics
9781035032129,No one was Supposed to Die at this Wedding,Fiction,General Fiction,FF,Crime Fiction,RECLASSIFY,Crime Fiction
9781035051496,Quiet,Fiction,Crime Fiction,FH,Thriller,ADD_SECONDARY,Thriller
9781250859921,No One Can Know,Fiction,Crime Fiction,FH,Thriller,ADD_SECONDARY,Thriller
9781035018123,One of the Good Guys,Fiction,Crime Fiction,FH,Thriller,ADD_SECONDARY,Thriller
9781035038800,Four Letters Of Love,Fiction,General Fiction,FRD,Romance,RECLASSIFY,Romance
9781408375303,Lion Inside,Well Being,Childrens Well Being,YBCS,Childrens Picture Books,ADD_SECONDARY,Childrens Picture Books
9781529441109,SAS Great Escapes Four,History And Politics,History,BGHA,Biography,ADD_SECONDARY,Biography
9781529413878,SAS Daggers Drawn - In For the Kill - The Third in the Blair 'Paddy' Mayne Trilogy,History And Politics,History,BGH,Biography,ADD_SECONDARY,Biography
9781800696358,Crazy Diamonds -The Little Guide to Pink Floyd,The Arts,Music And Performing Arts,BM,Biography,ADD_SECONDARY,Biography
9781789297560,Wicked Wit Of Jane Austen,Reference,General,WH,Humour,RECLASSIFY,Humour
9781591167235,One Piece - 6,Fiction,Graphic Novels,FXA,Manga,ADD_SECONDARY,Manga
9781591166153,One Piece - 5,Fiction,Graphic Novels,FXA,Manga,ADD_SECONDARY,Manga
9781638932475,Hunting Adeline - 2 Cat And Mouse Duet,Fiction,General Fiction,FRD,Romance,RECLASSIFY,Romance
9780857506528,Manhattan Down,Fiction,Crime Fiction,FH,Thriller,ADD_SECONDARY,Thriller
9780857506757,I Know Where You Buried Your Husband,Fiction,Crime Fiction,FH,Thriller,ADD_SECONDARY,Thriller
9781804952849,Witching Hour - Lives of the Mayfair Witches,Fiction,General Fiction,FK,Horror,RECLASSIFY,Horror
9781804952863,Taltos - Lives of the Mayfair Witches,Fiction,General Fiction,FK,Horror,RECLASSIFY,Horror
9781804952856,Lasher - Lives of the Mayfair Witches,Fiction,General Fiction,FK,Horror,RECLASSIFY,Horror
9781529160079,Tiger Tiger,Sport,General Sport And Fitness,BGS,Biography,ADD_SECONDARY,Biography
9781250042620,Romes Last Citizen,History And Politics,History,BGH,Biography,ADD_SECONDARY,Biography
9781802062694,Invisible Doctrine - The Secret History of Neoliberalism and How It Came to Control Your Life,History And Politics,History,JPFM,Politics,ADD_SECONDARY,Politics
9781529155174,We Are Not Numbers - The Voices of Gaza's Youth,History And Politics,History,JPW,Politics,ADD_SECONDARY,Politics
9781464251290,Tenant,Fiction,Crime Fiction,FH,Thriller,ADD_SECONDARY,Thriller
9781506746418,Berserk - Volume 42,Fiction,Graphic Novels,FXA,Manga,ADD_SECONDARY,Manga
9780008645847,Chemist,Fiction,Crime Fiction,FH,Thriller,ADD_SECONDARY,Thriller
9780008669164,Midnight In Soap Lake,Fiction,Crime Fiction,FH,Thriller,ADD_SECONDARY,Thriller
9780008739591,Victorian Psycho,Fiction,Crime Fiction,FH,Thriller,ADD_SECONDARY,Thriller
9781835011577,No One Would Do What The Lamberts Have Done,Fiction,Crime Fiction,FH,Thriller,ADD_SECONDARY,Thriller
9780008644802,Spy in the Archive - How one man tried to kill the KGB,History And Politics,History,JPSH,Politics,ADD_SECONDARY,Politics
9780008722999,Resistance,History And Politics,History,JPW,Politics,ADD_SECONDARY,Politics
9780008564780,Cuckooland - Where the Rich Own the Truth,History And Politics,History,JPZ,Politics,ADD_SECONDARY,Politics
9780008706531,Great Wave - The Era of Radical Disruption and the Rise of the Outsider,History And Politics,History,JPF,Politics,ADD_SECONDARY,Politics
9781398511231,Leave No Trace - 2 Kat and Lock,Fiction,Crime Fiction,FH,Thriller,ADD_SECONDARY,Thriller
9781538777114,Revenge - The Inside Story of Trump's Return to Power,History And Politics,History,JPA,Politics,ADD_SECONDARY,Politics
9781529926941,City And Its Uncertain Walls,Fiction,General Fiction,FM,Science Fiction and Fantasy,RECLASSIFY,Science Fiction and Fantasy
9781761472657,Frenchman - 1 The Frenchman,Fiction,Crime Fiction,FH,Thriller,ADD_SECONDARY,Thriller
9781800812321,In the Long Run - The Future as a Political Idea,History And Politics,History,JP,Politics,ADD_SECONDARY,Politics
9781837260379,"3 Shades of Blue - Miles Davis, John Coltrane, Bill Evans & The Lost Empire of Cool",The Arts,Music And Performing Arts,BGF,Biography,ADD_SECONDARY,Biography
9781526683793,Storybook Ending,Fiction,General Fiction,FRD,Romance,RECLASSIFY,Romance
9781838930592,Oligarchs Daughter,Fiction,Crime Fiction,FH,Thriller,ADD_SECONDARY,Thriller
9781526672957,Honesty Box,Well Being,Health,VFJB,Psychology,ADD_SECONDARY,Psychology
9781761500770,When Nothing Feels Real - A journey into the mystery illness of depersonalisation,Well Being,Health,VFJB,Psychology,ADD_SECONDARY,Psychology
9781784878566,Scarlet Letter,Fiction,General Fiction,FC,Classics,RECLASSIFY,Classics
9781784878597,Sleep Donation,Fiction,General Fiction,DSK,Classics,RECLASSIFY,Classics
9780749032906,Derek Jarman - The Authorised Biography,The Arts,Music And Performing Arts,BGF,Biography,ADD_SECONDARY,Biography
9781804186985,Good Father,Fiction,Crime Fiction,FH,Thriller,ADD_SECONDARY,Thriller
9781783704231,Colour Monster,Well Being,Childrens Well Being,YBCS,Childrens Picture Books,ADD_SECONDARY,Childrens Picture Books
9781398516403,My Friends,Fiction,General Fiction,FRD,Romance,RECLASSIFY,Romance
9781398547384,Cry Havoc - 8 James Reece,Fiction,Crime Fiction,FH,Thriller,ADD_SECONDARY,Thriller
9781398510487,Hotel Ukraine - 11 Arkady Renko,Fiction,Crime Fiction,FHD,Thriller,ADD_SECONDARY,Thriller
9780522880793,Most Dangerous Man in the World - Julian Assange and His Secret White House Deal for Freedom,History And Politics,History,JP,Politics,ADD_SECONDARY,Politics
9781761451645,Ian Baker-Finch -  To Hell and Back,Sport,General Sport And Fitness,BGS,Biography,ADD_SECONDARY,Biography
9780565095642,Wildlife Photographer of the Year - Portfolio 34,The Arts,Art,AJC,Photography,ADD_SECONDARY,Photography
9781423667629,"Slow Style Home - Take Your Time, Use What You Have, and Translate Your Vision into a Home You Love",The Arts,Art,AM,Architecture,ADD_SECONDARY,Architecture
9781797232232,How to Write a Funny Speech,Reference,General,CBP,Languages,RECLASSIFY,Languages
9781797229980,Tips from the Top - Architects Share Their Advice for Success,The Arts,Art,AMB,Architecture,ADD_SECONDARY,Architecture
9781035421176,Hot Wax,Fiction,General Fiction,FH,Thriller,RECLASSIFY,Thriller
9781783968596,Prisoners of Geography - Updated Edition,History And Politics,History,JPSL,Politics,ADD_SECONDARY,Politics
9780679734031,Art Of Fiction - Notes On Craft For Young Writers,Reference,General,CBW,Languages,RECLASSIFY,Languages
9781802062120,Autocracy Inc - The Dictators Who Want to Run the World,History And Politics,History,JPHX,Politics,ADD_SECONDARY,Politics
9781838771164,Catch,Fiction,Crime Fiction,FH,Thriller,ADD_SECONDARY,Thriller
9781775542650,Coach - Lessons from an All Blacks Legend,Sport,General Sport And Fitness,BGSA,Biography,ADD_SECONDARY,Biography
9781797230023,"Fearless Eye - The Photography of Barbara Ramos - San Francisco and California, 1969-1971",The Arts,Art,AJB,Photography,ADD_SECONDARY,Photography
9788499366159,Timeless Revival - Restoring Old Houses for Modern Living,The Arts,Art,AMK,Architecture,ADD_SECONDARY,Architecture
9781760763886,"Modern Heritage - Cherishing Australia's interwar homes - Old English, Spanish Mission & Art Deco",The Arts,Design,AMK,Architecture,ADD_SECONDARY,Architecture
9780804858281,Hokusai Prints Sticker Book,The Arts,Art,WFT,Craft,ADD_SECONDARY,Craft
9780241707401,Believe,Fiction,Crime Fiction,FH,Thriller,ADD_SECONDARY,Thriller
9781405957649,New Neighbours,Fiction,Crime Fiction,FH,Thriller,ADD_SECONDARY,Thriller
9780241740460,Sharp Scratch,Fiction,Crime Fiction,FH,Thriller,ADD_SECONDARY,Thriller
9781405965392,You Were Never Not Mine,Fiction,General Fiction,FRD,Romance,RECLASSIFY,Romance
9780241778876,Who is Government - The Untold Story of Public Service,History And Politics,History,JPQ,Politics,ADD_SECONDARY,Politics
9780241629505,Reading Lessons - An English Teacher's Love Letter to the Books that Shape Us,Reference,General,DSB,Classics,RECLASSIFY,Classics
9780241708989,Power of Women - An Atlas of Beauty Book,The Arts,Art,AJCR,Photography,ADD_SECONDARY,Photography
9781761380136,Remembered Soldier,Fiction,General Fiction,FYT,Translated Fiction,RECLASSIFY,Translated Fiction
9780141184364,Undertones of War,History And Politics,History,BG,Biography,ADD_SECONDARY,Biography
9781035064861,This House Of Burning Bones,Fiction,Crime Fiction,FH,Thriller,ADD_SECONDARY,Thriller
9781250397812,Henry Kissinger and American Power,History And Politics,History,BGH,Biography,ADD_SECONDARY,Biography
9781035008940,Literature for the People - How The Pioneering Macmillan Brothers Built a Publishing Powerhouse,Reference,General,BGL,Biography,RECLASSIFY,Biography
9781804955871,God Of Malice -  1 Legacy Of Gods,Fiction,General Fiction,FR,Romance,RECLASSIFY,Romance
9781761427817,Forsaken - 1 Logan Booth,Fiction,Crime Fiction,FHP,Thriller,ADD_SECONDARY,Thriller
9780099537038,Time To Kill - 1 Jake Brigance,Fiction,Crime Fiction,FHP,Thriller,ADD_SECONDARY,Thriller
9781668032862,Gambler - Secrets from a Life at Risk,Sport,General Sport And Fitness,BGSA,Biography,ADD_SECONDARY,Biography
9781423665953,Make Yourself at Home -: A Guide to Decorating with Heirlooms and Antiques that Tell Stories,The Arts,Art,AM,Architecture,ADD_SECONDARY,Architecture
9781423649083,Zuber - Two Centuries of Panoramic Wallpaper,The Arts,Art,AM,Architecture,ADD_SECONDARY,Architecture
9781423654667,Beauty of Home - Redefining Traditional Interiors,The Arts,Art,AM,Architecture,ADD_SECONDARY,Architecture
9789171265272,True Russia,The Arts,Art,AJB,Photography,ADD_SECONDARY,Photography
9780749032685,Mirandas Family,Fiction,General Fiction,FRD,Romance,RECLASSIFY,Romance
9781804547847,Picks and Shovels,Fiction,Crime Fiction,FH,Thriller,ADD_SECONDARY,Thriller
9781787304291,Good Liar,Fiction,Crime Fiction,FH,Thriller,ADD_SECONDARY,Thriller
9781529903348,Elopement,Fiction,Historical Fiction,FRH,Romance,ADD_SECONDARY,Romance
9781529958959,Baddest Man - The making of Mike Tyson,Sport,General Sport And Fitness,BGS,Biography,ADD_SECONDARY,Biography
9781400344185,Dracula - The Gothic Chronicles Collection,Fiction,General Fiction,FC,Classics,RECLASSIFY,Classics
9781400344109,Inferno - The Gothic Chronicles Collection,Fiction,General Fiction,FC,Classics,RECLASSIFY,Classics
9781400344178,Raven - The Gothic Chronicles Collection,Fiction,General Fiction,FC,Classics,RECLASSIFY,Classics
9780063354289,Adventures Of Huckleberry Finn,Fiction,General Fiction,FC,Classics,RECLASSIFY,Classics
9781783527977,Scottish Boy,Fiction,Historical Fiction,FRH,Romance,ADD_SECONDARY,Romance
9780241752180,Sunflower Sutra - Penguin Archive,Fiction,Classics,DCF,Poetry,ADD_SECONDARY,Poetry
9780241752272,Burial Of The Rats - Penguin Archive,Fiction,Classics,FKC,Horror,ADD_SECONDARY,Horror
9780241747230,To Read And Dream - Penguin Archive,Fiction,Classics,DCF,Poetry,ADD_SECONDARY,Poetry
9780241752395,Rescue - Penguin Archive,Fiction,Classics,DCF,Poetry,ADD_SECONDARY,Poetry
9780241746264,Do Not Go Gentle Into That Good Night - Penguin Archive,Fiction,Classics,DC,Poetry,ADD_SECONDARY,Poetry
9780241746783,Lois The Witch - Penguin Archive,Fiction,Classics,FKC,Horror,ADD_SECONDARY,Horror
9780241752364,Where Everything Is Music - Penguin Archive,Fiction,Classics,DCF,Poetry,ADD_SECONDARY,Poetry
9780241747254,I Am A Bird From Paradise - Penguin Archive,Fiction,Classics,DCF,Poetry,ADD_SECONDARY,Poetry
9780241746943,Wrath Of Achilles - Penguin Archive,Fiction,Classics,DCF,Poetry,ADD_SECONDARY,Poetry
9780241746875,Some Japanese Ghosts - Penguin Archive,Fiction,Classics,FKC,Horror,ADD_SECONDARY,Horror
9780241746981,Sailing To Byzantium - Penguin Archive,Fiction,Classics,DCF,Poetry,ADD_SECONDARY,Poetry
9780241752418,Coal - Penguin Archive,Fiction,Classics,DCF,Poetry,ADD_SECONDARY,Poetry
9780241752159,Hell - Penguin Archive,Fiction,Classics,DCF,Poetry,ADD_SECONDARY,Poetry
9780241746769,No Coward Soul Is Mine - Penguin Archive,Fiction,Classics,DCF,Poetry,ADD_SECONDARY,Poetry
9780241746844,Cicada - Penguin Archive,Fiction,Classics,DCF,Poetry,ADD_SECONDARY,Poetry
9780241752425,Passion - Penguin Archive,Fiction,Classics,DCF,Poetry,ADD_SECONDARY,Poetry
9780099598060,Macbeth,Fiction,General Fiction,FF,Crime Fiction,RECLASSIFY,Crime Fiction
9781761472312,Dark Arena - 2 The Frenchman,Fiction,Crime Fiction,FHD,Thriller,ADD_SECONDARY,Thriller
9780571393138,Kill Your Darlings,Fiction,Crime Fiction,FH,Thriller,ADD_SECONDARY,Thriller
9781805222286,Midnight King,Fiction,Crime Fiction,FH,Thriller,ADD_SECONDARY,Thriller
9781838859855,To the Dogs,Fiction,Crime Fiction,FH,Thriller,ADD_SECONDARY,Thriller
9780008595807,Traitors Legacy,Fiction,Historical Fiction,FFH,Crime Fiction,ADD_SECONDARY,Crime Fiction
9781761351280,Chocolate Tin,Fiction,General Fiction,FRH,Romance,RECLASSIFY,Romance
9780571376124,John And Paul - A Love Story In Songs,The Arts,Music And Performing Arts,BGF,Biography,ADD_SECONDARY,Biography
9780571371860,Me and Mr Jones - My Life with David Bowie and the Spiders from Mars,The Arts,Music And Performing Arts,BM,Biography,ADD_SECONDARY,Biography
9780241533864,Lake - 10 William Wisting,Fiction,Crime Fiction,FH,Thriller,ADD_SECONDARY,Thriller
9781035421138,Graveyard Shift,Fiction,Science Fiction and Fantasy,FKC,Horror,ADD_SECONDARY,Horror
9781526679185,Broken Republik - The Inside Story of Germany's Descent into Crisis,History And Politics,History,JP,Politics,ADD_SECONDARY,Politics
9781035912766,Life in Fifty Books - A Publisher's Memoir,Reference,General,BGL,Biography,RECLASSIFY,Biography
9780143779971,Everyone In This Bank Is A Thief - 4 Ernest Cunningham,Fiction,Crime Fiction,FH,Thriller,ADD_SECONDARY,Thriller
9780760395677,Alanis - Thirty Years of Jagged Little Pill,The Arts,Music And Performing Arts,BGF,Biography,ADD_SECONDARY,Biography
9781761263743,Big Feelings - An anti-romantic comedy,Fiction,General Fiction,FRD,Romance,RECLASSIFY,Romance
9781035035359,To Die For - 3 Travis Devine,Fiction,Crime Fiction,FHP,Thriller,ADD_SECONDARY,Thriller
9781035040742,Cat O' Nine Tales,Fiction,Crime Fiction,FH,Thriller,ADD_SECONDARY,Thriller
9781035040780,Twelve Red Herrings,Fiction,Crime Fiction,FH,Thriller,ADD_SECONDARY,Thriller
9781035048281,One Yellow Eye,Fiction,General Fiction,FK,Horror,RECLASSIFY,Horror
9781250371867,Rough Trade,Fiction,Crime Fiction,FH,Thriller,ADD_SECONDARY,Thriller
9781250353276,Birth of Korean Cool - How One Nation Is Conquering the World Through Pop Culture -Expanded Edition,Reference,General,JFCA,Sociology,RECLASSIFY,Sociology
9781399809504,How Tyrants Fall - And How Nations Survive,History And Politics,History,JPA,Politics,ADD_SECONDARY,Politics
9781761561177,Through Fear and Fire - The explosive true story of a bomb squad veteran,History And Politics,History,BGA,Biography,ADD_SECONDARY,Biography
9781035065066,"One Small Step - The incredible story of parkrun, from the man who started it all",Sport,General Sport And Fitness,BM,Biography,ADD_SECONDARY,Biography
9781035011636,Lost Girls Of Autism - How Science Failed Autistic Women - And The New Research Thats Changing The Story,Well Being,Health,VFJB,Psychology,ADD_SECONDARY,Psychology
9781398707672,All the Colours of the Dark,Fiction,Crime Fiction,FH,Thriller,ADD_SECONDARY,Thriller
9781991142368,I Am Dyslexic,Well Being,Health,VFJD,Psychology,ADD_SECONDARY,Psychology
9781922385246,This Boy Can,Well Being,Childrens Well Being,YBC,Childrens Picture Books,ADD_SECONDARY,Childrens Picture Books
9781788167772,Illegals - Russia's Most Audacious Spies and the Plot to Infiltrate the West,History And Politics,History,JPSH,Politics,ADD_SECONDARY,Politics
9780385371384,Time for Bed Elmo - Sesame Street,Well Being,Childrens Well Being,YBC,Childrens Picture Books,ADD_SECONDARY,Childrens Picture Books
9780449813102,I Can Do It - Little Golden Book,Well Being,Childrens Well Being,YBC,Childrens Picture Books,ADD_SECONDARY,Childrens Picture Books
9781761471391,Stillwater,Fiction,Crime Fiction,FH,Thriller,ADD_SECONDARY,Thriller
9781761067051,Imitator,Fiction,Crime Fiction,FH,Thriller,ADD_SECONDARY,Thriller
9781785045325,Anchored - How to Befriend Your Nervous System Using Polyvagal Theory,Well Being,Health,VS,Psychology,ADD_SECONDARY,Psychology
9781324030195,Polyvagal Prompts - Finding Connection and Joy through Guided Explorations,Well Being,Health,VS,Psychology,ADD_SECONDARY,Psychology
9781324052272,Polyvagal Practices - Anchoring the Self in Safety,Well Being,Health,VS,Psychology,ADD_SECONDARY,Psychology
9781761343117,"Vagus Nerve Reset - Train your body to heal stress, trauma and anxiety",Well Being,Health,VS,Psychology,ADD_SECONDARY,Psychology
9780473457754,Hey Woolfie Welcome to the World,The Arts,Music And Performing Arts,BGFA,Biography,ADD_SECONDARY,Biography
9781399741712,On Writing - A Memoir of the Craft - 25th Anniversary Edition,Reference,General,BM,Biography,RECLASSIFY,Biography
9781785045516,Safe and Sound - A Polyvagal Approach to Reduce Anxiety and Find Calm,Well Being,Health,VSP,Psychology,ADD_SECONDARY,Psychology
9783967041750,Circular Materials - Innovation and Reuse in Design and Architecture,The Arts,Art,AMC,Architecture,ADD_SECONDARY,Architecture
9780008711689,Rose In Chains,Fiction,General Fiction,FR,Romance,RECLASSIFY,Romance
9780008432362,Point of Distraction,The Arts,Music And Performing Arts,BM,Biography,ADD_SECONDARY,Biography
9781775507192,Guide To Rocks,Well Being,Childrens Well Being,YBCS,Childrens Picture Books,ADD_SECONDARY,Childrens Picture Books
9781775508359,He Taonga Te Toka,Well Being,Childrens Well Being,YBCS,Childrens Picture Books,ADD_SECONDARY,Childrens Picture Books
9781797230085,Stone - Ancient Craft to Modern Mastery,The Arts,Art,AMC,Architecture,ADD_SECONDARY,Architecture
9781398553231,Haves and Have-Yachts - Dispatches on the Ultrarich,History And Politics,History,JPA,Politics,ADD_SECONDARY,Politics
9781399800457,Clown Town - 9 Slough House,Fiction,Crime Fiction,FHD,Thriller,ADD_SECONDARY,Thriller
9781036150136,DNA - A Guide for Family Historians,Reference,General,WQY,Biography,RECLASSIFY,Biography
9781405953061,Hitchcock Hotel,Fiction,Crime Fiction,FH,Thriller,ADD_SECONDARY,Thriller
9780241779569,Peppa Pig - Peppa's New Baby Sister,Well Being,Childrens Well Being,YBCH,Childrens Picture Books,ADD_SECONDARY,Childrens Picture Books
9781529196023,Dont Let Him In,Fiction,Crime Fiction,FH,Thriller,ADD_SECONDARY,Thriller
9781529154832,2024 - How Trump Retook the White House and the Democrats Lost America,History And Politics,History,JPHF,Politics,ADD_SECONDARY,Politics
9781787301818,Red Star Down,Fiction,Crime Fiction,FHD,Thriller,ADD_SECONDARY,Thriller
9781787304734,Seesaw Monster,Fiction,Crime Fiction,FHD,Thriller,ADD_SECONDARY,Thriller
9781785946837,Prose And Cons - The English Language in Just A Minute,Reference,General,CBG,Languages,RECLASSIFY,Languages
9781464251306,Do Not Disturb,Fiction,Crime Fiction,FH,Thriller,ADD_SECONDARY,Thriller
9780241786376,Perfumers Secret,Fiction,Historical Fiction,FRH,Romance,ADD_SECONDARY,Romance
9781405976985,Save Me,Fiction,General Fiction,FRD,Romance,RECLASSIFY,Romance
9780241733110,Poetics of Relation,Fiction,Classics,DC,Poetry,ADD_SECONDARY,Poetry
9781405961486,Short History of British Architecture - From Stonehenge to the Shard,The Arts,Art,AMX,Architecture,ADD_SECONDARY,Architecture
9780141998718,Growth - A Reckoning,Sciences,Business,KCA,Economics,ADD_SECONDARY,Economics
9780008601553,Every Move You Make,Fiction,Crime Fiction,FH,Thriller,ADD_SECONDARY,Thriller
9780008379292,Guilty Couple,Fiction,Crime Fiction,FH,Thriller,ADD_SECONDARY,Thriller
9780008379254,Her Last Holiday,Fiction,Crime Fiction,FH,Thriller,ADD_SECONDARY,Thriller
9780008601577,Its Always The Husband,Fiction,Crime Fiction,FH,Thriller,ADD_SECONDARY,Thriller
9781922385253,This Girl Can,Well Being,Childrens Well Being,YBC,Childrens Picture Books,ADD_SECONDARY,Childrens Picture Books
9780349127538,Murderland - Crime And Bloodlust In The Time Of Serial Killers,History And Politics,History,BG,Biography,ADD_SECONDARY,Biography
9781529940442,Blood Ties,Fiction,Crime Fiction,FH,Thriller,ADD_SECONDARY,Thriller
9780552178747,Invasion,Fiction,Crime Fiction,FHD,Thriller,ADD_SECONDARY,Thriller
9780349019598,Girl Interrupted,Fiction,General Fiction,BGA,Biography,RECLASSIFY,Biography
9780190064389,Hand Behind Unmanned - Origins of the US Autonomous Military Arsenal,History And Politics,History,JP,Politics,ADD_SECONDARY,Politics
9781464258084,Red Letter,Fiction,Crime Fiction,FH,Thriller,ADD_SECONDARY,Thriller
9780586211311,Eyes of Prey - 3 Prey,Fiction,Crime Fiction,FH,Thriller,ADD_SECONDARY,Thriller
9781471174865,Twisted Prey - 28 Prey,Fiction,Crime Fiction,FH,Thriller,ADD_SECONDARY,Thriller
9781398523913,Judgement Prey - 33 Prey,Fiction,Crime Fiction,FH,Thriller,ADD_SECONDARY,Thriller
9781398512122,Mind Prey - 7 Prey,Fiction,Crime Fiction,FH,Thriller,ADD_SECONDARY,Thriller
9781786585745,Nemesis - 4 DS Walker,Fiction,Crime Fiction,FH,Thriller,ADD_SECONDARY,Thriller
9781405953412,Nemesis - 10 Orphan X,Fiction,Crime Fiction,FHD,Thriller,ADD_SECONDARY,Thriller
9781473605176,Playing It My Way - My Autobiography,Sport,General Sport And Fitness,BGSA,Biography,ADD_SECONDARY,Biography
9781838777913,Sleepwalker,Fiction,Crime Fiction,FH,Thriller,ADD_SECONDARY,Thriller
9781408727591,Winter Spirits - Ghostly Tales for Frosty Nights,Fiction,Science Fiction and Fantasy,FK,Horror,ADD_SECONDARY,Horror
9781800817753,Dead of Winter - Ten Classic Tales for Chilling Nights,Fiction,Classics,FKC,Horror,ADD_SECONDARY,Horror
9781761471094,For Once In My Life,Fiction,General Fiction,FR,Romance,RECLASSIFY,Romance
9781804189924,See you at the Finish Line,Fiction,General Fiction,FRD,Romance,RECLASSIFY,Romance
9781805223375,Extractive Capitalism - How Commodities and Cronyism Drive the Global Economy,History And Politics,History,JPS,Politics,ADD_SECONDARY,Politics
9781922458209,Rain Heron,Fiction,General Fiction,FH,Thriller,RECLASSIFY,Thriller
9781835011584,No One Would Do What The Lamberts Have Done,Fiction,Crime Fiction,FH,Thriller,ADD_SECONDARY,Thriller
9780008606602,Mission - The CIA in the 21st Century,History And Politics,History,JPSH,Politics,ADD_SECONDARY,Politics
9781915798831,Poets Game - Alex Matthews,Fiction,Crime Fiction,FHD,Thriller,ADD_SECONDARY,Thriller
9781035910496,FDR Drive,Fiction,Crime Fiction,FHP,Thriller,ADD_SECONDARY,Thriller
9780760391273,ADHD Reset - Shift Your Mindset. Find Clarity. Unlock Your Magic.,Well Being,Health,VFJB,Psychology,ADD_SECONDARY,Psychology
9780785846949,Odyssey,Fiction,Classics,DC,Poetry,ADD_SECONDARY,Poetry
9780063475526,Jules Verne and the Invention of the Future,Reference,General,AGB,Art,RECLASSIFY,Art
9781801995122,What is Going On Inside Your Head - Let's Talk picture book to start conversations with your child about positive mental health,Well Being,Childrens Well Being,YBC,Childrens Picture Books,ADD_SECONDARY,Childrens Picture Books
9781408729885,Problematic Summer Romance,Fiction,General Fiction,FRD,Romance,RECLASSIFY,Romance
9781786586100,Anxious Hearts,Fiction,General Fiction,FR,Romance,RECLASSIFY,Romance
9780571393510,Cut,Fiction,Crime Fiction,FH,Thriller,ADD_SECONDARY,Thriller
9781804271674,Lili is Crying,Fiction,General Fiction,FC,Classics,RECLASSIFY,Classics
9781954119390,Unsupervised,The Arts,Art,AJCP,Photography,ADD_SECONDARY,Photography
9781803994499,How to Research your Second World War Ancestors,Reference,General,WQY,Biography,RECLASSIFY,Biography
9781802065350,Road to Freedom - Economics and the Good Society,History And Politics,History,JPV,Politics,ADD_SECONDARY,Politics
9781837833870,Architect's House - Inside the homes of 20 architects from around the world,The Arts,Art,AMB,Architecture,ADD_SECONDARY,Architecture
9781423667469,Home Again - A Return to Gracious Interiors,The Arts,Art,AM,Architecture,ADD_SECONDARY,Architecture
9781423667667,Modern West,The Arts,Art,AM,Architecture,ADD_SECONDARY,Architecture
9781761451690,Female Gaze in Art and Photography - Volume 2,The Arts,Art,AJCR,Photography,ADD_SECONDARY,Photography
9781421536262,One Piece Omnibus - 2,Fiction,Graphic Novels,FXA,Manga,ADD_SECONDARY,Manga
9781398517530,Yoko,The Arts,Music And Performing Arts,BGF,Biography,ADD_SECONDARY,Biography
9780847875559,Annie Lennox - Retrospective,The Arts,Music And Performing Arts,BG,Biography,ADD_SECONDARY,Biography
9781804955956,God Of Fury - 5 Legacy Of Gods,Fiction,General Fiction,FRD,Romance,RECLASSIFY,Romance
9781804955895,God Of Pain - 2 Legacy Of Gods,Fiction,General Fiction,FR,Romance,RECLASSIFY,Romance
9781804955970,God Of War - 6 Legacy Of Gods,Fiction,General Fiction,FRD,Romance,RECLASSIFY,Romance
9781761563126,Die By The Sword,Fiction,Crime Fiction,FH,Thriller,ADD_SECONDARY,Thriller
9781761770159,Family Next Door - TV Tie-In,Fiction,Crime Fiction,FH,Thriller,ADD_SECONDARY,Thriller
9781035047963,Hidden Girl,Fiction,Historical Fiction,FRH,Romance,ADD_SECONDARY,Romance
9781250419408,Dope Thief,Fiction,Crime Fiction,FH,Thriller,ADD_SECONDARY,Thriller
9781035050604,Cat Who Saved the Library,Fiction,General Fiction,FM,Science Fiction and Fantasy,RECLASSIFY,Science Fiction and Fantasy
9781509826803,Poems of Thomas Hardy - A New Selection - Macmillan Collector's Library,Fiction,Classics,DCF,Poetry,ADD_SECONDARY,Poetry
9781509888764,Golden Treasury Of English Verse - Macmillan Collector's Library,Fiction,Classics,DCQ,Poetry,ADD_SECONDARY,Poetry
9780241721032,Wasp Trap,Fiction,Crime Fiction,FH,Thriller,ADD_SECONDARY,Thriller
9781787303775,Wolf Hour,Fiction,Crime Fiction,FH,Thriller,ADD_SECONDARY,Thriller
9780857506917,Revenge of Odessa - 2 Odessa,Fiction,Crime Fiction,FHD,Thriller,ADD_SECONDARY,Thriller
9781529954333,Fall of the House of Usher and Other Stories,Fiction,Classics,FKC,Horror,ADD_SECONDARY,Horror
9781529954319,Dracula,Fiction,Classics,FKC,Horror,ADD_SECONDARY,Horror
9781529954302,Frankenstein,Fiction,Classics,FKC,Horror,ADD_SECONDARY,Horror
9781529932669,Book Makers - A History of the Book in 18 Remarkable Lives,Reference,General,HBTB,History,RECLASSIFY,History
9781464251313,Surrogate Mother,Fiction,Crime Fiction,FH,Thriller,ADD_SECONDARY,Thriller
9781800753587,Margaret Thatcher - The Prime Ministers Series,History And Politics,History,BGH,Biography,ADD_SECONDARY,Biography
9781526693945,What Matters in Jane Austen - Twenty Essential Questions Answered,Reference,General,DSK,Classics,RECLASSIFY,Classics
9781800244771,Catherine de' Medici - The Life And Times Of The Serpent Queen,History And Politics,History,BGH,Biography,ADD_SECONDARY,Biography
9781460765869,Everything Lost Everything Found,Fiction,General Fiction,FV,Historical Fiction,RECLASSIFY,Historical Fiction
9781805460466,Further - Seeking the Distant Limits of Cycling Endurance,Sport,General Sport And Fitness,BGSA,Biography,ADD_SECONDARY,Biography
9780375756788,Rise of Theodore Roosevelt,History And Politics,History,BGH,Biography,ADD_SECONDARY,Biography
9780241774540,Art Work - On the Creative Life,The Arts,Art,AJ,Photography,ADD_SECONDARY,Photography
9780241699287,Hold Still - A Memoir with Photographs,The Arts,Art,AJB,Photography,ADD_SECONDARY,Photography
9780008722555,Unexpected Journey - Finding Strength Hope and Yourself on the Caregiving Path,Well Being,Health,VFJB,Psychology,ADD_SECONDARY,Psychology
9780063479173,"Sword of Freedom - Israel, Mossad, and the Secret War",History And Politics,History,JPSL,Politics,ADD_SECONDARY,Politics
9781472268433,Hermit - 1 Detective Dana Russo,Fiction,Crime Fiction,FH,Thriller,ADD_SECONDARY,Thriller
9780733651342,White Crow - 2 Philomena McCarthy,Fiction,Crime Fiction,FH,Thriller,ADD_SECONDARY,Thriller
9781529427110,Girl With Ice In Her Veins - 8 Millennium,Fiction,Crime Fiction,FH,Thriller,ADD_SECONDARY,Thriller
9781398704411,Particularly Nasty Case,Fiction,Crime Fiction,FH,Thriller,ADD_SECONDARY,Thriller
9780349441696,Wild Card - 4 Rose Hill,Fiction,General Fiction,FRD,Romance,RECLASSIFY,Romance
9781408722329,Heartbeats - A Memoir,Sport,General Sport And Fitness,BGSA,Biography,ADD_SECONDARY,Biography
9780316581394,Invisible String Family Celebration - A Reimagining of the Invisible String,Well Being,Childrens Well Being,YBCS,Childrens Picture Books,ADD_SECONDARY,Childrens Picture Books
9781774581605,Hear And Beyond - Live Skillfully With Hearing Loss,Well Being,Health,VFJB,Psychology,ADD_SECONDARY,Psychology
9781804180570,Empire - 1 Empire,Fiction,Historical Fiction,FRH,Romance,ADD_SECONDARY,Romance
9781399703352,Widow,Fiction,Crime Fiction,FHP,Thriller,ADD_SECONDARY,Thriller
9781529423136,Defector - Apollo Murders,Fiction,Crime Fiction,FH,Thriller,ADD_SECONDARY,Thriller
9781250373519,Austen Affair,Fiction,Historical Fiction,FR,Romance,ADD_SECONDARY,Romance
9781035042975,Strangers in the Car,Fiction,Crime Fiction,FH,Thriller,ADD_SECONDARY,Thriller
9781837291014,Le Corbusier Le Grand,The Arts,Art,AM,Architecture,ADD_SECONDARY,Architecture
9781250248329,Harrowing Game,Fiction,Science Fiction and Fantasy,FK,Horror,ADD_SECONDARY,Horror
9781646514892,Attack on Titan Omnibus 8 - Volumes 22-24,Fiction,Graphic Novels,FXA,Manga,ADD_SECONDARY,Manga
9781761425707,Capture or Kill,Fiction,Crime Fiction,FH,Thriller,ADD_SECONDARY,Thriller
9781035083992,Making of the Modern Middle East - A Personal History,History And Politics,History,BM,Biography,ADD_SECONDARY,Biography
9781804091821,Rule Breaker Investing - How to Pick the Best Stocks of the Future and Build Lasting Wealth,Sciences,Business,KF,Economics,ADD_SECONDARY,Economics
9781804091357,Crypto Trader - How anyone can make money trading Bitcoin and other cryptocurrencies - 2nd Edition,Sciences,Business,KFFM,Economics,ADD_SECONDARY,Economics
9781250391216,Fish Sense,Fiction,General Fiction,RGBR,Environment,RECLASSIFY,Environment
9780719055614,Uncanny,Reference,General,DSA,Classics,RECLASSIFY,Classics
9780241711118,Mysterious Case of the Missing Crime Writer,Fiction,Crime Fiction,FH,Thriller,ADD_SECONDARY,Thriller
9780241756409,Suspicion,Fiction,Crime Fiction,FH,Thriller,ADD_SECONDARY,Thriller
9780241726372,My Family and Other Spies,History And Politics,History,BGHA,Biography,ADD_SECONDARY,Biography
9781667211510,H P Lovecraft Tales of Horror,Fiction,Classics,FK,Horror,ADD_SECONDARY,Horror
9781784879792,I Am a Cat - Volume One,Fiction,General Fiction,FC,Classics,RECLASSIFY,Classics
9781455504404,Shaq Uncut - My Story,Sport,General Sport And Fitness,BGSA,Biography,ADD_SECONDARY,Biography
9780751585575,Counting Miracles,Fiction,General Fiction,FR,Romance,RECLASSIFY,Romance
9781399713665,Crash,Fiction,Historical Fiction,FFH,Crime Fiction,ADD_SECONDARY,Crime Fiction
9781915798602,Beirut Station,Fiction,Crime Fiction,FHD,Thriller,ADD_SECONDARY,Thriller
9781460766736,Highways And Byways - Tall Tales And Short Stories From The Long Way Round,The Arts,Music And Performing Arts,BM,Biography,ADD_SECONDARY,Biography
9780008478162,Dirty Diana - 1,Fiction,General Fiction,FRD,Romance,RECLASSIFY,Romance
9780349434285,Twisted Lies - 4 Twisted,Fiction,General Fiction,FRD,Romance,RECLASSIFY,Romance
9781398525283,I Was There - Dispatches From A Life In Rock nd Roll,The Arts,Music And Performing Arts,BGFA,Biography,ADD_SECONDARY,Biography
9780241998076,Racket - On Tour with Tennis's Golden Generation - and the other 99%,Sport,General Sport And Fitness,BGSA,Biography,ADD_SECONDARY,Biography
9781761381348,People with No Charisma,Fiction,General Fiction,FYT,Translated Fiction,RECLASSIFY,Translated Fiction
9781760632144,Last Hours - 1 Last Hours,Fiction,Historical Fiction,FFH,Crime Fiction,ADD_SECONDARY,Crime Fiction
9781804995716,Safe Enough: And Other Stories,Fiction,Crime Fiction,FH,Thriller,ADD_SECONDARY,Thriller
9781804995334,Blue Hour,Fiction,Crime Fiction,FH,Thriller,ADD_SECONDARY,Thriller
9781785948176,Coming Storm - Inside America's Radical New Politics of Paranoia,History And Politics,History,JPSL,Politics,ADD_SECONDARY,Politics
9781761473081,Late Show - 1 Renee Ballard,Fiction,Crime Fiction,FH,Thriller,ADD_SECONDARY,Thriller
9781760878702,Night Fire - 3 Renee Ballard,Fiction,Crime Fiction,FH,Thriller,ADD_SECONDARY,Thriller
9781405958219,Paris Affair,Fiction,Historical Fiction,FRH,Romance,ADD_SECONDARY,Romance
9780241956236,Legacy Of Ashes - The History Of The CIA,History And Politics,History,JPSH,Politics,ADD_SECONDARY,Politics
9781529927382,Downfall - Putin Prigozhin And The Fight For The Future Of Russia,History And Politics,History,BGH,Biography,ADD_SECONDARY,Biography
9781529158892,On Leadership - Lessons for the 21st Century,History And Politics,History,JPHL,Politics,ADD_SECONDARY,Politics
9780063485303,Inner Space A Novel,Fiction,Crime Fiction,FHD,Thriller,ADD_SECONDARY,Thriller
9780241741344,Seascraper,Fiction,General Fiction,FV,Historical Fiction,RECLASSIFY,Historical Fiction
9781107622265,Ho Chi Minh - A Biography,History And Politics,History,JPHL,Politics,ADD_SECONDARY,Politics
9781923345041,My Supercharged ADHD Brain,Well Being,Childrens Well Being,YBC,Childrens Picture Books,ADD_SECONDARY,Childrens Picture Books
9780241767641,Ms Rachel - Frankies Train Day - A Story About Expression and Emotional Regulation,Well Being,Childrens Well Being,YBCH,Childrens Picture Books,ADD_SECONDARY,Childrens Picture Books
9788499365848,Art of Country Living. - A Timeless Celebration of Simplicity and Beauty,The Arts,Art,AMR,Architecture,ADD_SECONDARY,Architecture
9788499365862,Nordic Wonders,The Arts,Art,AM,Architecture,ADD_SECONDARY,Architecture
9780764369728,Architreasures - A Journey Through 20th-Century Architecture,The Arts,Art,AMX,Architecture,ADD_SECONDARY,Architecture
9788417557829,Modular Rural House,The Arts,Art,AM,Architecture,ADD_SECONDARY,Architecture
9788417557843,Wild Living Homes,The Arts,Art,AM,Architecture,ADD_SECONDARY,Architecture
9788417557836,Footprint In Ecological Architecture,The Arts,Art,AMCR,Architecture,ADD_SECONDARY,Architecture
9781837732210,Kremlins Noose - Vladimir Putin's Bitter Feud with the Oligarch Who Made Him Ruler of Russia,History And Politics,History,JPZ,Politics,ADD_SECONDARY,Politics
9781760993214,Ghost Walk,Fiction,Crime Fiction,FHP,Thriller,ADD_SECONDARY,Thriller
9781864709919,Coastal Bliss - Beautiful Beach Houses From Around The World,The Arts,Art,AMK,Architecture,ADD_SECONDARY,Architecture
9781781454992,Mastering Street Photography,The Arts,Art,AJG,Photography,ADD_SECONDARY,Photography
9781398851733,Edgar Allan Poes Tales of Mystery And Imagination - Illustrated by Harry Clarke,Fiction,Classics,FKC,Horror,ADD_SECONDARY,Horror
9781035063338,Nightingale - 10th Anniversary Edition,Fiction,General Fiction,FV,Historical Fiction,RECLASSIFY,Historical Fiction
9781760689247,Twisted River,Fiction,Crime Fiction,FH,Thriller,ADD_SECONDARY,Thriller
9781803511245,Sunny Place for Shady People,Fiction,Science Fiction and Fantasy,FK,Horror,ADD_SECONDARY,Horror
9781471157653,White Line Fever - Lemmy - The Autobiography,The Arts,Music And Performing Arts,BGFA,Biography,ADD_SECONDARY,Biography
9781408734032,Silent Bones - 8 Karen Pirie,Fiction,Crime Fiction,FH,Thriller,ADD_SECONDARY,Thriller
9781837262953,"Transformer - Klopp, the Revolution of a Club and Culture",Sport,General Sport And Fitness,BGS,Biography,ADD_SECONDARY,Biography
9780753735664,Literary Cat for Every Day of the Year,Reference,General,DQ,General Fiction,RECLASSIFY,General Fiction
9780241446935,Too Old For This,Fiction,Crime Fiction,FH,Thriller,ADD_SECONDARY,Thriller
9780241738450,Whyte Python World Tour,Fiction,Crime Fiction,FHD,Thriller,ADD_SECONDARY,Thriller
9780241641408,Runner 13,Fiction,Crime Fiction,FH,Thriller,ADD_SECONDARY,Thriller
9780241493038,Love Sex & Frankenstein,Fiction,Historical Fiction,FFH,Crime Fiction,ADD_SECONDARY,Crime Fiction
9780241652015,UNMASKED - The Ultimate Guide To ADHD Autism And Neurodivergence,Well Being,Health,VFJB,Psychology,ADD_SECONDARY,Psychology
9780748675555,Textual Deceptions - False Memoirs and Literary Hoaxes in the Contemporary Era,Reference,General,DSBH,Classics,RECLASSIFY,Classics
9780141011462,Kurt Cobain - Journals,The Arts,Music And Performing Arts,BGFA,Biography,ADD_SECONDARY,Biography
9780241753019,Structured Literacy Playbook - Preplanned Lessons for Building Phonics and Fluency Skills,Reference,General,YQF,Childrens Picture Books,RECLASSIFY,Childrens Picture Books
9781782953463,Curious Incident of the Dog In the Night Time,Fiction,General Fiction,YF,Childrens Fiction,RECLASSIFY,Childrens Fiction
9780857507853,Artificial Wisdom,Fiction,Crime Fiction,FHP,Thriller,ADD_SECONDARY,Thriller
9781529929287,On Freedom,History And Politics,History,JPV,Politics,ADD_SECONDARY,Politics
9780008534929,One Of Us,Fiction,General Fiction,FHP,Thriller,RECLASSIFY,Thriller
9780008752330,Truly,The Arts,Music And Performing Arts,BGFA,Biography,ADD_SECONDARY,Biography
9780008708757,On My Watch - Leading NATO In A Time Of War,History And Politics,History,BGHA,Biography,ADD_SECONDARY,Biography
9780008769024,Inside - Winning Losing Starting Again,Sport,General Sport And Fitness,BGSA,Biography,ADD_SECONDARY,Biography
9781529938418,Strangeland - How Britain Stopped Making Sense,History And Politics,History,JP,Politics,ADD_SECONDARY,Politics
9781529945935,"Mind over Miles - A Story of Endurance Running, Overcoming Obstacles and Finding Inner Peace",Sport,General Sport And Fitness,BM,Biography,ADD_SECONDARY,Biography
9781761260773,Detective,Fiction,Crime Fiction,FH,Thriller,ADD_SECONDARY,Thriller
9781529053739,Art of a Lie,Fiction,Historical Fiction,FFH,Crime Fiction,ADD_SECONDARY,Crime Fiction
9781035048519,Ramayana,Fiction,Classics,DC,Poetry,ADD_SECONDARY,Poetry
9781035048533,Mahabharata,Fiction,Classics,DC,Poetry,ADD_SECONDARY,Poetry
9781399635301,"Colonel and the King - Tom Parker, Elvis Presley and the Partnership that Rocked the World",The Arts,Music And Performing Arts,BGF,Biography,ADD_SECONDARY,Biography
9781399635295,"Colonel and the King - Tom Parker, Elvis Presley and the Partnership that Rocked the World",The Arts,Music And Performing Arts,BGF,Biography,ADD_SECONDARY,Biography
9781761425660,Evil Bones - 24 Temperance Brennan,Fiction,Crime Fiction,FH,Thriller,ADD_SECONDARY,Thriller
9780008363550,Kennedy 35 - 3 BOX 88,Fiction,Crime Fiction,FHD,Thriller,ADD_SECONDARY,Thriller
9781394346103,Fun Finance Formula - Unlock the Secret to Growing Your Money and Loving Every Step,Sciences,Business,KF,Economics,ADD_SECONDARY,Economics
9781035079971,Ask for Andrea,Fiction,Crime Fiction,FH,Thriller,ADD_SECONDARY,Thriller
9781785516047,Photography of Herman Leonard,The Arts,Art,AJB,Photography,ADD_SECONDARY,Photography
9780008705862,With A Little Help From Their Friends - The Beatles changed the world. But who changed theirs?,The Arts,Music And Performing Arts,BGF,Biography,ADD_SECONDARY,Biography
9780008653446,Punishing Putin - Inside the Global Economic War to Bring Down Russia,History And Politics,History,JPSL,Politics,ADD_SECONDARY,Politics
9780008694913,Butcher,Fiction,General Fiction,FH,Thriller,RECLASSIFY,Thriller
9781526662927,"Strong Roots - A Ukrainian Family Story of War, Exile and Hope",History And Politics,History,BM,Biography,ADD_SECONDARY,Biography
9781836431466,Israel on the Brink - Eight Steps for a Better Future,History And Politics,History,JP,Politics,ADD_SECONDARY,Politics
9781838958954,"Peacemaker - U Thant, the United Nations and the Untold Story of the 1960s",History And Politics,History,BGH,Biography,ADD_SECONDARY,Biography
9781991016881,Fundamentals Of Finance - Financial Institutions And Markets Personal Finance Financial Management,Sciences,Business,KFFX,Economics,ADD_SECONDARY,Economics
9781405986465,Chasing The Wild - 1 Crimson Ridge,Fiction,General Fiction,FRD,Romance,RECLASSIFY,Romance
9780241772539,Sheepdogs,Fiction,Crime Fiction,FHD,Thriller,ADD_SECONDARY,Thriller
9781760875527,Scrublands - 1 Martin Scarsden,Fiction,Crime Fiction,FH,Thriller,ADD_SECONDARY,Thriller
9781529958904,Star of the Show - My Life on Stage,The Arts,Music And Performing Arts,BGFA,Biography,ADD_SECONDARY,Biography
9780753560181,Umbrella Murder - The Hunt for the Notorious Cold War Killer,History And Politics,History,JKVF,Politics,ADD_SECONDARY,Politics
9780008697860,Uncool,The Arts,Music And Performing Arts,BM,Biography,ADD_SECONDARY,Biography
9781785949401,Rick Steins Christmas - Recipes Memories And Stories For The Festive Season,Christmas,Christmas Cooking,WBB,Food And Beverage,ADD_SECONDARY,Food And Beverage
9781848454446,Christmas Ever After - 3 Puffin Island Trilogy,Fiction,General Fiction,FRD,Romance,RECLASSIFY,Romance
9780143779957,Everyone On This Train Is A Suspect - 2 Ernest Cunningham,Fiction,Crime Fiction,FH,Thriller,ADD_SECONDARY,Thriller
9781035417766,Takeover,History And Politics,History,JPFQ,Politics,ADD_SECONDARY,Politics
9781035094837,Nash Falls - 1 Walter Nash,Fiction,Crime Fiction,FHP,Thriller,ADD_SECONDARY,Thriller
9781035057580,Castle Barebane,Fiction,Historical Fiction,FRH,Romance,ADD_SECONDARY,Romance
9781035029396,Rassie - Stories Of Life And Rugby,Sport,General Sport And Fitness,BGSA,Biography,ADD_SECONDARY,Biography
9781035431335,Hamnet,Fiction,General Fiction,FV,Historical Fiction,RECLASSIFY,Historical Fiction
9781529447828,Wild Animal,Fiction,Crime Fiction,FH,Thriller,ADD_SECONDARY,Thriller
9780751565829,Tin Men - 3 Scott Brodie,Fiction,Crime Fiction,FH,Thriller,ADD_SECONDARY,Thriller
9780994590619,Hey Warrior Workbook - A Book For Kids About Anxiety,Well Being,Childrens Well Being,YBC,Childrens Picture Books,ADD_SECONDARY,Childrens Picture Books
9781761566851,Molly,Fiction,Historical Fiction,FRH,Romance,ADD_SECONDARY,Romance
9781761773105,"Last Battle - Australian SAS, Commandos and our Greatest Victory in our Longest War",History And Politics,History,BGHA,Biography,ADD_SECONDARY,Biography
9781250442147,Stand,History And Politics,History,JPHV,Politics,ADD_SECONDARY,Politics
9781250388988,Word Nerd Dictionary of Obscure and Enchanting Words,Reference,General,CBD,Languages,RECLASSIFY,Languages
9781035049356,Money Trap - Grand Fortunes and Lost Illusions Inside the Tech Bubble,Sciences,Business,KFF,Economics,ADD_SECONDARY,Economics
9781460768716,Working Class Man,The Arts,Music And Performing Arts,BGFA,Biography,ADD_SECONDARY,Biography
9781529160598,Bono - Stories Of Surrender,The Arts,Music And Performing Arts,BGFA,Biography,ADD_SECONDARY,Biography
9781529151787,"Surrender - The Autobiography -  40 Songs, One Story",The Arts,Music And Performing Arts,BM,Biography,ADD_SECONDARY,Biography
9781250372833,Dark & Dreamy Tales from Japan - Curious Legends from the Greatest Storytellers on Earth,Fiction,Graphic Novels,FXA,Manga,ADD_SECONDARY,Manga
9781035037100,Total Control,Fiction,Crime Fiction,FH,Thriller,ADD_SECONDARY,Thriller
9781421554983,One Piece Omnibus - 5,Fiction,Graphic Novels,FXA,Manga,ADD_SECONDARY,Manga
9781421554990,One Piece Omnibus - 6,Fiction,Graphic Novels,FXA,Manga,ADD_SECONDARY,Manga
9781421555003,One Piece Omnibus - 7,Fiction,Graphic Novels,FXA,Manga,ADD_SECONDARY,Manga
9781421555010,One Piece Omnibus - 8,Fiction,Graphic Novels,FXA,Manga,ADD_SECONDARY,Manga
9781421555034,One Piece Omnibus - 9,Fiction,Graphic Novels,FXA,Manga,ADD_SECONDARY,Manga
9781421555041,One Piece Omnibus - 10,Fiction,Graphic Novels,FXA,Manga,ADD_SECONDARY,Manga
9781421555058,One Piece Omnibus - 11,Fiction,Graphic Novels,FXA,Manga,ADD_SECONDARY,Manga
9780393974065,Beowulf - A Prose Translation - A Norton Critical Edition,Fiction,Classics,DCF,Poetry,ADD_SECONDARY,Poetry
9781761473067,Kill Your Boss,Fiction,Crime Fiction,FH,Thriller,ADD_SECONDARY,Thriller
9781804442265,Erasing History - How Fascists Rewrite the Past to Control the Future,History And Politics,History,JPHV,Politics,ADD_SECONDARY,Politics
9781804442227,Hotel Lux - An Intimate History of Communism's Forgotten Radicals,History And Politics,History,JPFC,Politics,ADD_SECONDARY,Politics
9781805680161,Hour of the Predator - Encounters with the Autocrats and Tech Billionaires Taking Over the World,History And Politics,History,JP,Politics,ADD_SECONDARY,Politics
9781405964890,Dark Room,Fiction,Crime Fiction,FH,Thriller,ADD_SECONDARY,Thriller
9781507223062,Autistic Burnout Workbook - Your Guide To Your Personal Recovery Plan,Well Being,Health,VFJB,Psychology,ADD_SECONDARY,Psychology
9781399744256,If Only You Knew,The Arts,Music And Performing Arts,BM,Biography,ADD_SECONDARY,Biography
9781405953849,Talking At Night,Fiction,General Fiction,FRD,Romance,RECLASSIFY,Romance
9780300279870,How States Think - The Rationality of Foreign Policy,History And Politics,History,JPS,Politics,ADD_SECONDARY,Politics
9781529956887,Gone Before Goodbye,Fiction,Crime Fiction,FH,Thriller,ADD_SECONDARY,Thriller
9781787304710,Super-Frog Saves Tokyo,Fiction,General Fiction,FC,Classics,RECLASSIFY,Classics
9781464251320,Intruder,Fiction,Crime Fiction,FH,Thriller,ADD_SECONDARY,Thriller
9780473744014,Homes Of This Decade -  2015-2025,The Arts,Art,AM,Architecture,ADD_SECONDARY,Architecture
9783791380476,Iconic Hotels of the World,The Arts,Art,AMG,Architecture,ADD_SECONDARY,Architecture
9783967041927,Cottagecore - New Countryside Living,The Arts,Art,AMR,Architecture,ADD_SECONDARY,Architecture
9781761222016,Christmas Collection,Christmas,Christmas Cooking,WBR,Food And Beverage,ADD_SECONDARY,Food And Beverage
9781035435890,It Doesnt Have To Hurt - Your Smart Guide To A Pain-Free Life,Well Being,Health,VFJB,Psychology,ADD_SECONDARY,Psychology
9783791393919,Walk the Earth - Photographs of Africa's Last Great Elephants,The Arts,Art,AJCR,Photography,ADD_SECONDARY,Photography
9781036710200,Nothing New Under the Sun,Fiction,Crime Fiction,FH,Thriller,ADD_SECONDARY,Thriller
9781837731190,To Catch a Spy - How the Spycatcher Affair Brought MI5 in from the Cold,History And Politics,History,JPSH,Politics,ADD_SECONDARY,Politics
9781797231587,"Upstate Now - Art, Design, and Rural Life in the Hudson Valley and Catskills",The Arts,Art,AMR,Architecture,ADD_SECONDARY,Architecture
9781398854000,Tales of the Supernatural - From Ghouls and Ghosts to Demons and Werewolves,Fiction,Classics,FKC,Horror,ADD_SECONDARY,Horror
9781398849686,Vampire Stories - Blood-Curdling Tales of Horror,Fiction,Classics,FKC,Horror,ADD_SECONDARY,Horror
9780857508195,Darker Days,Fiction,Science Fiction and Fantasy,FK,Horror,ADD_SECONDARY,Horror
9781804991749,Outback,Fiction,Crime Fiction,FH,Thriller,ADD_SECONDARY,Thriller
9781847927125,Age of Extraction - How Tech Platforms Conquered the Economy and Threaten Our Future Prosperity,Sciences,Business,KCS,Economics,ADD_SECONDARY,Economics
9781958395554,Chappell Roan - The Rise of a Midwest Princess,The Arts,Music And Performing Arts,BGF,Biography,ADD_SECONDARY,Biography
9781529151923,Insomnia,The Arts,Music And Performing Arts,BGFA,Biography,ADD_SECONDARY,Biography
9781804940136,Scarcely English - An A to Z of Assaults On Our Language,Reference,General,CBX,Languages,RECLASSIFY,Languages
9781464228636,Crash,Fiction,Crime Fiction,FH,Thriller,ADD_SECONDARY,Thriller
9781399430883,Leo XIV - The New Pope and Catholic Reform,History And Politics,History,BGX,Biography,ADD_SECONDARY,Biography
9781035908707,Shakespeare is Hard - but so is Life,Reference,General,DSGS,Classics,RECLASSIFY,Classics
9780760393048,Pearl Jam Live - 35 Years of Legendary Music and Revolutionary Shows,The Arts,Music And Performing Arts,BGF,Biography,ADD_SECONDARY,Biography
9781408724064,Last Rites,The Arts,Music And Performing Arts,BM,Biography,ADD_SECONDARY,Biography
9781471195464,Money - A Story of Humanity,Sciences,Business,KCA,Economics,ADD_SECONDARY,Economics
9781782695301,What Feelings Do at Night,Well Being,Childrens Well Being,YBCS,Childrens Picture Books,ADD_SECONDARY,Childrens Picture Books
9781801994422,What Makes a Family - A Let's Talk picture book to help young children understand different types of families,Well Being,Childrens Well Being,YQNP,Childrens Picture Books,ADD_SECONDARY,Childrens Picture Books
9780063509627,Burning Down the House - Talking Heads and the New York Scene That Transformed Rock,The Arts,Music And Performing Arts,BGF,Biography,ADD_SECONDARY,Biography
9781787705838,Feeling Of Iron,Fiction,Crime Fiction,FH,Thriller,ADD_SECONDARY,Thriller
9781526652713,Hidden Hand - 2 Manon Tyler,Fiction,Crime Fiction,FHD,Thriller,ADD_SECONDARY,Thriller
9781526689344,Language Lovers Lexipedia - An A-Z of Linguistic Curiosities,Reference,General,CBX,Languages,RECLASSIFY,Languages
9781803287041,Cello - A Journey Through Silence to Sound,The Arts,Music And Performing Arts,BGF,Biography,ADD_SECONDARY,Biography
9781836006022,Atlas of Unidentified Flying Objects - and Unidentified Anomalous Phenomena,Reference,General,WTRM,Travel Literature,RECLASSIFY,Travel Literature
9781035051052,From Here to the Great Unknown - A Memoir,The Arts,Music And Performing Arts,BM,Biography,ADD_SECONDARY,Biography
9780063477056,Headache - The Science Of A Most Confounding Affliction - And A Search For Relief,Well Being,Health,VFJB,Psychology,ADD_SECONDARY,Psychology
9781405964784,Slow Dance,Fiction,General Fiction,FRD,Romance,RECLASSIFY,Romance
9780241758571,Wings - Story Of A Band On The Run,The Arts,Music And Performing Arts,BGF,Biography,ADD_SECONDARY,Biography
9781472123602,Life in Football - My Autobiography,Sport,General Sport And Fitness,BGSA,Biography,ADD_SECONDARY,Biography
9781038965943,How to Grieve Like a Victorian,Fiction,General Fiction,FRD,Romance,RECLASSIFY,Romance
9780197620885,John Williams - A Composers Life,The Arts,Music And Performing Arts,BGF,Biography,ADD_SECONDARY,Biography
9781399611596,Such A Perfect Family,Fiction,Crime Fiction,FH,Thriller,ADD_SECONDARY,Thriller
9781529085983,For Richer For Poorer,Fiction,General Fiction,FR,Romance,RECLASSIFY,Romance
9781804541944,Henry V - The Astonishing Rise of England's Greatest Warrior King,History And Politics,History,BGH,Biography,ADD_SECONDARY,Biography
9780141994437,Hitlers People - The Faces of the Third Reich,History And Politics,History,BGH,Biography,ADD_SECONDARY,Biography
9780349439273,Keeping 13 - 2 Boys of Tommen,Fiction,General Fiction,FRD,Romance,RECLASSIFY,Romance
9780349439259,Binding 13 - 1 Boys of Tommen,Fiction,General Fiction,FRD,Romance,RECLASSIFY,Romance
9780349439280,Saving 6 - 3 Boys of Tommen,Fiction,General Fiction,FRD,Romance,RECLASSIFY,Romance
9780349439303,Redeeming 6 - 4 Boys of Tommen,Fiction,General Fiction,FRD,Romance,RECLASSIFY,Romance
9780349439358,Taming 7 - 5 Boys of Tommen,Fiction,General Fiction,FRD,Romance,RECLASSIFY,Romance
9780349439341,Releasing 10 - 6 Boys of Tommen,Fiction,General Fiction,FRD,Romance,RECLASSIFY,Romance
9781761222054,Belle Beautiful Australian Homes -  Volume 5,The Arts,Art,AMR,Architecture,ADD_SECONDARY,Architecture
9781250424464,Hitchhikers,Fiction,Crime Fiction,FH,Thriller,ADD_SECONDARY,Thriller
9781035093823,Girlfriend,Fiction,Crime Fiction,FH,Thriller,ADD_SECONDARY,Thriller
9781529093841,White King - 3 Antonia Scott,Fiction,Crime Fiction,FH,Thriller,ADD_SECONDARY,Thriller
9781035080182,Eye of the Needle,Fiction,Crime Fiction,FH,Thriller,ADD_SECONDARY,Thriller
9781774585788,Write a Must-Read - Craft a Book That Changes Lives-Including Your Own,Reference,General,CBW,Languages,RECLASSIFY,Languages
9781035082667,Invisible ADHD - Proven Mood and Life Management for Smart Yet Scattered Women,Well Being,Health,VFJB,Psychology,ADD_SECONDARY,Psychology
9781035083015,My Husband's Wife,Fiction,Crime Fiction,FH,Thriller,ADD_SECONDARY,Thriller
9781761355257,After the Siren,Fiction,General Fiction,FRD,Romance,RECLASSIFY,Romance
9781783256600,Bedtime Stories to Help You Sleep - Relaxing tales for adults and teens,Fiction,General Fiction,VFJB,Psychology,RECLASSIFY,Psychology
9781419777936,Eden of Witches - Volume 1,Fiction,Graphic Novels,FXA,Manga,ADD_SECONDARY,Manga
9781419778452,Eden of Witches - Volume 2,Fiction,Graphic Novels,FXA,Manga,ADD_SECONDARY,Manga
9780500028971,Robert Capa - In the Making,The Arts,Art,AJB,Photography,ADD_SECONDARY,Photography
9788869659782,"Letizia Battaglia - Bilingual edition - Life, Love and Death in Sicily",The Arts,Art,AJB,Photography,ADD_SECONDARY,Photography
9781529345957,Music in the Dark,Fiction,General Fiction,FV,Historical Fiction,RECLASSIFY,Historical Fiction
9781529090956,Burial Plot,Fiction,General Fiction,FFH,Crime Fiction,RECLASSIFY,Crime Fiction
9781398534803,Golden Hour,Fiction,General Fiction,FRH,Romance,RECLASSIFY,Romance
9780733651687,Mademoiselle Alliance,Fiction,General Fiction,FV,Historical Fiction,RECLASSIFY,Historical Fiction
9781035019083,Palace Of Shadows,Fiction,General Fiction,FV,Historical Fiction,RECLASSIFY,Historical Fiction
9781509841981,Rules Of The Heart,Fiction,General Fiction,FRH,Romance,RECLASSIFY,Romance
9781529090963,Burial Plot,Fiction,General Fiction,FFH,Crime Fiction,RECLASSIFY,Crime Fiction
9781800756625,Hostage - The unflinching first memoir by an Israeli hostage,History And Politics,History,BM,Biography,ADD_SECONDARY,Biography
9781035086023,Simply More,The Arts,Music And Performing Arts,BM,Biography,ADD_SECONDARY,Biography
9781836430407,Haunted Wood - A History Of Childhood Reading,Reference,General,DSY,Classics,RECLASSIFY,Classics
9781526683755,Spy Among Friends - Kim Philby and the Great Betrayal,History And Politics,History,BGH,Biography,ADD_SECONDARY,Biography
9781804185094,Cold Wind From Moscow,Fiction,Crime Fiction,FHD,Thriller,ADD_SECONDARY,Thriller
9781923046795,Long Night,Fiction,Crime Fiction,FH,Thriller,ADD_SECONDARY,Thriller
9781785127465,Freddie Flintoff: Coming Home - Autobiography from the Cricket Legend,Sport,General Sport And Fitness,BGSA,Biography,ADD_SECONDARY,Biography
9781785124136,Jane Austen's Bookshelf - The women writers who shaped a legend,Reference,General,DSK,Classics,RECLASSIFY,Classics
9781975319458,Solo Leveling Comic - 2,Fiction,Graphic Novels,FXA,Manga,ADD_SECONDARY,Manga
9781646092277,My Clueless First Friend - 6,Fiction,Graphic Novels,FXA,Manga,ADD_SECONDARY,Manga
9781974710034,Jujutsu Kaisen - 2,Fiction,Graphic Novels,FXA,Manga,ADD_SECONDARY,Manga
9781974710041,Jujutsu Kaisen - 3,Fiction,Graphic Novels,FXA,Manga,ADD_SECONDARY,Manga
9781974714803,Jujutsu Kaisen - 4,Fiction,Graphic Novels,FXA,Manga,ADD_SECONDARY,Manga
9781974714810,Jujutsu Kaisen - 5,Fiction,Graphic Novels,FXA,Manga,ADD_SECONDARY,Manga
9781421587660,Haikyu - 1,Fiction,Graphic Novels,FXA,Manga,ADD_SECONDARY,Manga
9781421587677,Haikyu - 2,Fiction,Graphic Novels,FXA,Manga,ADD_SECONDARY,Manga
9781421587684,Haikyu - 3,Fiction,Graphic Novels,FXA,Manga,ADD_SECONDARY,Manga
9781974747092,Haikyu - 3-in-1 Edition - 1,Fiction,Graphic Novels,FXA,Manga,ADD_SECONDARY,Manga
9781974747108,Haikyu - 3-in-1 Edition - 2,Fiction,Graphic Novels,FXA,Manga,ADD_SECONDARY,Manga
9781974749454,Haikyu - 3-in-1 Edition - 3,Fiction,Graphic Novels,FXA,Manga,ADD_SECONDARY,Manga
9781974752171,Haikyu - 3-in-1 Edition - 4,Fiction,Graphic Novels,FXA,Manga,ADD_SECONDARY,Manga
9781974755066,Haikyu - 3-in-1 Edition - 5,Fiction,Graphic Novels,FXA,Manga,ADD_SECONDARY,Manga
9781421539898,Naruto 3-in-1 Edition - 1,Fiction,Graphic Novels,FXA,Manga,ADD_SECONDARY,Manga
9781421536279,One Piece Omnibus - 3,Fiction,Graphic Novels,FXA,Manga,ADD_SECONDARY,Manga
9781421536286,One Piece Omnibus - 4,Fiction,Graphic Novels,FXA,Manga,ADD_SECONDARY,Manga
9781421577791,One Piece Omnibus - 12,Fiction,Graphic Novels,FXA,Manga,ADD_SECONDARY,Manga
9781421577807,One Piece Omnibus - 13,Fiction,Graphic Novels,FXA,Manga,ADD_SECONDARY,Manga
9781421580869,One Piece Omnibus - 14,Fiction,Graphic Novels,FXA,Manga,ADD_SECONDARY,Manga
9781421583402,One Piece Omnibus - 15,Fiction,Graphic Novels,FXA,Manga,ADD_SECONDARY,Manga
9781421583365,One Piece Omnibus - 16,Fiction,Graphic Novels,FXA,Manga,ADD_SECONDARY,Manga
9781421583372,One Piece Omnibus - 17,Fiction,Graphic Novels,FXA,Manga,ADD_SECONDARY,Manga
9781421583389,One Piece Omnibus - 18,Fiction,Graphic Novels,FXA,Manga,ADD_SECONDARY,Manga
9781421591179,One Piece Omnibus - 20,Fiction,Graphic Novels,FXA,Manga,ADD_SECONDARY,Manga
9781421591186,One Piece Omnibus - 21,Fiction,Graphic Novels,FXA,Manga,ADD_SECONDARY,Manga
9781421591193,One Piece Omnibus - 22,Fiction,Graphic Novels,FXA,Manga,ADD_SECONDARY,Manga
9781421591209,One Piece Omnibus - 23,Fiction,Graphic Novels,FXA,Manga,ADD_SECONDARY,Manga
9781421596167,One Piece Omnibus - 24,Fiction,Graphic Novels,FXA,Manga,ADD_SECONDARY,Manga
9781421596174,One Piece Omnibus - 25,Fiction,Graphic Novels,FXA,Manga,ADD_SECONDARY,Manga
9781421596181,One Piece Omnibus - 26,Fiction,Graphic Novels,FXA,Manga,ADD_SECONDARY,Manga
9781421596198,One Piece Omnibus - 27,Fiction,Graphic Novels,FXA,Manga,ADD_SECONDARY,Manga
9781974705078,One Piece Omnibus - 28,Fiction,Graphic Novels,FXA,Manga,ADD_SECONDARY,Manga
9781974705085,One Piece Omnibus - 29,Fiction,Graphic Novels,FXA,Manga,ADD_SECONDARY,Manga
9781974709427,One Piece Omnibus - 30,Fiction,Graphic Novels,FXA,Manga,ADD_SECONDARY,Manga
9781974721139,One Piece Omnibus - 31,Fiction,Graphic Novels,FXA,Manga,ADD_SECONDARY,Manga
9781974724062,One Piece Omnibus - 32,Fiction,Graphic Novels,FXA,Manga,ADD_SECONDARY,Manga
9781974741090,One Piece Omnibus - 33,Fiction,Graphic Novels,FXA,Manga,ADD_SECONDARY,Manga
9781974749553,One Piece Omnibus - 34,Fiction,Graphic Novels,FXA,Manga,ADD_SECONDARY,Manga
9781974755899,One Piece Omnibus - 35,Fiction,Graphic Novels,FXA,Manga,ADD_SECONDARY,Manga
9781838930608,Oligarchs Daughter,Fiction,Crime Fiction,FH,Thriller,ADD_SECONDARY,Thriller
9780861549146,"What Iranians Want - Women, Life, Freedom",History And Politics,History,JPW,Politics,ADD_SECONDARY,Politics
9781035072088,Last Love Song,Fiction,Historical Fiction,FRD,Romance,ADD_SECONDARY,Romance
9780349437569,Seven Rings - 3 Lost Bride Trilogy,Fiction,General Fiction,FM,Science Fiction and Fantasy,RECLASSIFY,Science Fiction and Fantasy
9781529953473,Loft,Fiction,General Fiction,FC,Classics,RECLASSIFY,Classics
9780349443317,Hidden Nature,Fiction,Crime Fiction,FH,Thriller,ADD_SECONDARY,Thriller
9780241253069,Selected Poems and Prose,Fiction,Classics,DCF,Poetry,ADD_SECONDARY,Poetry
9788499366142,Sustainable And Stylish Homes,The Arts,Art,AMK,Architecture,ADD_SECONDARY,Architecture
9781580937047,Tom Kundig - Complete Houses,The Arts,Art,AMK,Architecture,ADD_SECONDARY,Architecture
9788412491210,Living Architecture - Integrating Modern Design in Urban and Rural Environments,The Arts,Art,AMCR,Architecture,ADD_SECONDARY,Architecture
9781837291052,Drawing Architecture,The Arts,Art,AMC,Architecture,ADD_SECONDARY,Architecture
9781837312948,Fight Oligarchy - Where We Go From Here,History And Politics,History,JPZ,Politics,ADD_SECONDARY,Politics
9781399751629,Introducing Mrs Collins - A Pride and Prejudice sequel telling the story of what Charlotte Lucas did next....,Fiction,Classics,FRH,Romance,ADD_SECONDARY,Romance
9781797236049,Olle Lundberg - An Architecture of Craft,The Arts,Art,AMB,Architecture,ADD_SECONDARY,Architecture
9781529441178,SAS The Great Train Raid - The Most Daring SAS Mission Of WWII,History And Politics,History,BGHA,Biography,ADD_SECONDARY,Biography
9783037683064,New Tiny Houses - space-saving architecture,The Arts,Art,AM,Architecture,ADD_SECONDARY,Architecture
9780500298602,Iconic House - Architectural Masterworks Since 1900,The Arts,Art,AMX,Architecture,ADD_SECONDARY,Architecture
9781937715885,"Haywire Heart - How too much exercise can kill you, and what you can do to protect your heart",Well Being,Health,VFJB,Psychology,ADD_SECONDARY,Psychology
9781405969833,Karlas Choice,Fiction,Crime Fiction,FHD,Thriller,ADD_SECONDARY,Thriller
9783836599481,Robert Doisneau - Paris,The Arts,Art,AJB,Photography,ADD_SECONDARY,Photography
9783754400135,Barbra Streisand - Steve Schapiro & Lawrence Schiller,The Arts,Art,AJB,Photography,ADD_SECONDARY,Photography
9783836599672,Frank Lloyd Wright - 45th Ed,The Arts,Art,AMB,Architecture,ADD_SECONDARY,Architecture
9781761341762,Bad Bridesmaid,Fiction,General Fiction,FRD,Romance,RECLASSIFY,Romance
9781405979320,Teacher of the Year,Fiction,General Fiction,FR,Romance,RECLASSIFY,Romance
9780241767221,Million Kisses In Your Lifetime,Fiction,General Fiction,FRD,Romance,RECLASSIFY,Romance
9780241740828,Utterly Lazy and Inattentive - Martin Parr in Words and Pictures,The Arts,Art,AJB,Photography,ADD_SECONDARY,Photography
9780241638194,Gemini and Mercury Remastered,The Arts,Art,AJC,Photography,ADD_SECONDARY,Photography
9781849164177,Prague Fatale,Fiction,Crime Fiction,FHD,Thriller,ADD_SECONDARY,Thriller
9781837265008,Writing Creativity and Soul,Reference,General,CBV,Languages,RECLASSIFY,Languages
9781529963601,Best Offer Wins,Fiction,Crime Fiction,FH,Thriller,ADD_SECONDARY,Thriller
9781529979244,There Is No Antimemetics Division,Fiction,Science Fiction and Fantasy,FK,Horror,ADD_SECONDARY,Horror
9781805530084,Black Crow Book of Best New Horror Volume 1,Fiction,General Fiction,FK,Horror,RECLASSIFY,Horror
9781529956351,Black Magic,Fiction,Classics,FKC,Horror,ADD_SECONDARY,Horror
9781529955644,Apple and Knife,Fiction,Classics,FK,Horror,ADD_SECONDARY,Horror
9781529963939,Year At Highclere - Secrets and Stories from the Real Downton Abbey,The Arts,Art,AMX,Architecture,ADD_SECONDARY,Architecture
9780140443264,Crab Flower Club - 2 Story of the Stone,Fiction,General Fiction,FC,Classics,RECLASSIFY,Classics
9781911717317,Look Closer - How to Get More Out of Reading,Reference,General,DS,Classics,RECLASSIFY,Classics
9780262049863,"Water of the Sky - A Dictionary of 2,000 Japanese Rain Words",Reference,General,AGB,Art,RECLASSIFY,Art
9781529923261,What in Me Is Dark - The Revolutionary Life of Paradise Lost,Reference,General,DSRC,Classics,RECLASSIFY,Classics
9780593582220,"Harmonious Home - Designing Peaceful, Personal Spaces Inspired by Nature",The Arts,Art,AM,Architecture,ADD_SECONDARY,Architecture
9780147514028,Heidi,Fiction,General Fiction,YFA,Childrens Fiction,RECLASSIFY,Childrens Fiction
9781119837527,Accounting For Dummies,Sciences,Business,KFC,Economics,ADD_SECONDARY,Economics
9781847926074,Revolutionists - The Story of the Extremists Who Hijacked the 1970s,History And Politics,History,JPWQ,Politics,ADD_SECONDARY,Politics
9781035421640,Softly As I Leave You - Life After Elvis,The Arts,Music And Performing Arts,BM,Biography,ADD_SECONDARY,Biography
9781399742924,Seriously Silly - The Life Of Terry Jones,The Arts,Music And Performing Arts,BGF,Biography,ADD_SECONDARY,Biography
9781405983099,People We Meet On Vacation,Fiction,General Fiction,FRD,Romance,RECLASSIFY,Romance
9781905662968,Bon Jovi - Forever,The Arts,Music And Performing Arts,BGF,Biography,ADD_SECONDARY,Biography
9781905662982,Words of Love - Buddy Holly,The Arts,Music And Performing Arts,BM,Biography,ADD_SECONDARY,Biography
9781905662890,Night Divides The Day - The Doors Anthology,The Arts,Music And Performing Arts,BM,Biography,ADD_SECONDARY,Biography
9781905662913,This Is Our Life,The Arts,Music And Performing Arts,BGF,Biography,ADD_SECONDARY,Biography
9781529959567,Two Women Living Together,Fiction,General Fiction,BGA,Biography,RECLASSIFY,Biography
9781804998632,Secret Service,Fiction,Crime Fiction,FHP,Thriller,ADD_SECONDARY,Thriller
9781804994238,We All Shine On - John Yoko and Me,The Arts,Music And Performing Arts,BM,Biography,ADD_SECONDARY,Biography
9781464266492,Dear Debbie,Fiction,Crime Fiction,FH,Thriller,ADD_SECONDARY,Thriller
9780471495529,Investment Biker - Around the World with Jim Rogers,Sciences,Business,KFFM,Economics,ADD_SECONDARY,Economics
9780470510766,Hot Commodities - How Anyone Can Invest Profitably in the World's Best Market,Sciences,Business,KFFM1,Economics,ADD_SECONDARY,Economics
9780473748142,In the Best Interests - Intrigue and Payback in Papua New Guinea,History And Politics,History,BM,Biography,ADD_SECONDARY,Biography
9781805222521,Challenges Off Democracy - And The Rule Of Law,History And Politics,History,JPHV,Politics,ADD_SECONDARY,Politics
9780008743420,School Spelling Dictionary,Reference,Dictionaries,CBD,Languages,ADD_SECONDARY,Languages
9781761568053,Might Cry Later,Fiction,General Fiction,FR,Romance,RECLASSIFY,Romance
9781529064643,Manual for Good Wives,Fiction,General Fiction,FRH,Romance,RECLASSIFY,Romance
9781250876317,Night Guest,Fiction,Science Fiction and Fantasy,FK,Horror,ADD_SECONDARY,Horror
9781035058907,Fog,Fiction,Science Fiction and Fantasy,FK,Horror,ADD_SECONDARY,Horror
9781035090785,Writers And Lovers,Fiction,General Fiction,FRD,Romance,RECLASSIFY,Romance
9781035076796,Book of Evidence,Fiction,General Fiction,FF,Crime Fiction,RECLASSIFY,Crime Fiction
9781035062102,Why We Drink Too Much - The Hidden Science of Just One More,Well Being,Health,VFJK,Psychology,ADD_SECONDARY,Psychology
9780374617127,"Tomorrow Is Yesterday - Life, Death, and the Pursuit of Peace in Israel/Palestine",History And Politics,History,JP,Politics,ADD_SECONDARY,Politics
9780241728178,Evil in High Places,Fiction,Crime Fiction,FV,Historical Fiction,ADD_SECONDARY,Historical Fiction
9781035099825,So I Met This Guy . . .,Fiction,General Fiction,FRD,Romance,RECLASSIFY,Romance
9781035064878,This House of Burning Bones,Fiction,Crime Fiction,FH,Thriller,ADD_SECONDARY,Thriller
9781035015801,Strangers in Time,Fiction,Crime Fiction,FH,Thriller,ADD_SECONDARY,Thriller
9781035095605,Run On Red,Fiction,Crime Fiction,FH,Thriller,ADD_SECONDARY,Thriller
9781035083336,Underdogs,Fiction,Crime Fiction,FHP,Thriller,ADD_SECONDARY,Thriller
9781035040766,Tell Tale - Short Stories,Fiction,Crime Fiction,FH,Thriller,ADD_SECONDARY,Thriller
9781035085262,Rosy Is My Relative,Fiction,General Fiction,FC,Classics,RECLASSIFY,Classics
9781035068456,Last Days,Fiction,Science Fiction and Fantasy,FK,Horror,ADD_SECONDARY,Horror
9781035068449,Apartment 16,Fiction,Science Fiction and Fantasy,FK,Horror,ADD_SECONDARY,Horror
9781035047130,Magic Flutes,Fiction,General Fiction,YFB,Childrens Fiction,RECLASSIFY,Childrens Fiction
9781035037506,"Meltdown - Scandal, Sleaze and the Collapse of Credit Suisse",Sciences,Business,KFFK,Economics,ADD_SECONDARY,Economics
9781250397553,Linguaphile - A Life of Language Love,Reference,General,GTC,Languages,RECLASSIFY,Languages
9781035058150,It Is All In Your Body - A Practical Roadmap to Healing Through Mind-Body Connection,Well Being,Health,VFJB,Psychology,ADD_SECONDARY,Psychology
9780241598993,Antihero - 11 Orphan X,Fiction,Crime Fiction,FHD,Thriller,ADD_SECONDARY,Thriller
9781038979995,Heated Rivalry - 2 Game Changers,Fiction,General Fiction,FRD,Romance,RECLASSIFY,Romance
9781038979988,Game Changer - 1 Game Changers,Fiction,General Fiction,FRD,Romance,RECLASSIFY,Romance
9781800754898,Persian,Fiction,Crime Fiction,FHD,Thriller,ADD_SECONDARY,Thriller
9780571396801,Confessions,Fiction,Crime Fiction,FH,Thriller,ADD_SECONDARY,Thriller
9781399800440,Clown Town - 9 Slough House,Fiction,Crime Fiction,FHD,Thriller,ADD_SECONDARY,Thriller
9781529931778,V13 - Chronicle of a Trial,History And Politics,History,JPWL,Politics,ADD_SECONDARY,Politics
9781805680345,Brontes in Brussels,Reference,General,BGL,Biography,RECLASSIFY,Biography
9781399744690,This Story Might Save Your Life,Fiction,Crime Fiction,FH,Thriller,ADD_SECONDARY,Thriller
9781804299517,Surviving the 21st Century,History And Politics,History,JPFF,Politics,ADD_SECONDARY,Politics
9780522880816,Fair Days Work - The Quest to Win Back Time,Sciences,Business,KCF,Economics,ADD_SECONDARY,Economics
9780063236790,I Have a Dream,Reference,General,HBTB,History,RECLASSIFY,History
9781805460923,For the Sun After Long Nights - The Story of Iran's Women-led Uprising,History And Politics,History,JPWF,Politics,ADD_SECONDARY,Politics
9781529305241,Cursed Place - 3 William Carver,Fiction,Crime Fiction,FH,Thriller,ADD_SECONDARY,Thriller
9781913172626,Careless Whispers - The Life and Career of George Michael,The Arts,Music And Performing Arts,BGF,Biography,ADD_SECONDARY,Biography
9781394250073,Memoir Writing For Dummies,Reference,General,CBW,Languages,RECLASSIFY,Languages
9781465449665,Beginners Photography Guide - The Ultimate Step-by-Step Manual for Getting the Most from Your Digital Camera,The Arts,Art,AJ,Photography,ADD_SECONDARY,Photography
9780143138129,Traitor of Sherwood Forest,Fiction,General Fiction,FV,Historical Fiction,RECLASSIFY,Historical Fiction
9781405986441,Braving the Storm - 2 Crimson Ridge,Fiction,General Fiction,FRD,Romance,RECLASSIFY,Romance
9781405986502,Taming the Heart - 3 Crimson Ridge,Fiction,General Fiction,FRD,Romance,RECLASSIFY,Romance
9781398861183,Poetry of John Keats - Gilded Pocket Edition,Fiction,Classics,DCF,Poetry,ADD_SECONDARY,Poetry
9781923058828,Consider Yourself Kissed,Fiction,General Fiction,FRD,Romance,RECLASSIFY,Romance
9780063440999,Together We Roared - Alongside Tiger for His Epic Twelve-Year Thirteen-Majors Run,Sport,General Sport And Fitness,BGSA,Biography,ADD_SECONDARY,Biography
9780958267359,Tino Tabak Dreams and Demons of a New Zealand Cycling Legend,Sport,General Sport And Fitness,BGS,Biography,ADD_SECONDARY,Biography
9780008469672,Motherland - A Feminist History of Modern Russia From Revolution to Autocracy,History And Politics,History,BM,Biography,ADD_SECONDARY,Biography
9780008767747,Chain,Sport,General Sport And Fitness,BGSA,Biography,ADD_SECONDARY,Biography
9780349437705,Powerless - 3 Chestnut Springs,Fiction,General Fiction,FRD,Romance,RECLASSIFY,Romance
9780349437743,Hopeless - 5 Chestnut Springs,Fiction,General Fiction,FR,Romance,RECLASSIFY,Romance
9780349437729,Reckless - 4 Chestnut Springs,Fiction,General Fiction,FR,Romance,RECLASSIFY,Romance
9781776560981,Wellington Summer Shakespeare,Reference,General,HB,History,RECLASSIFY,History
9781922616708,Writely Or Wrongly - An unstuffy guide to language stuff,Reference,General,WH,Humour,RECLASSIFY,Humour
9781399823890,Crystals Curiosity Cabinet - An English Language Miscellany,Reference,General,CBX,Languages,RECLASSIFY,Languages
9781991179876,Book Collector - Reading And Living With Literature,Reference,General,BM,Biography,RECLASSIFY,Biography
9781529110197,Our Times In Rhymes - Being A Prosodical Chronicle Of Our Damnable Age,Reference,General,DC,Poetry,RECLASSIFY,Poetry
9781423604785,Remarkably Jane - Notable Quotations On Jane Austen,Reference,General,DSRC,Classics,RECLASSIFY,Classics
9781035417100,ADHD For Smart Ass Women - How To Fall In Love With Your Neurodivergent Brain,Well Being,Health,VFJB,Psychology,ADD_SECONDARY,Psychology
9780575084346,Green Mile,Fiction,General Fiction,FK,Horror,RECLASSIFY,Horror
9780300273755,Bloomsbury Photographs,The Arts,Art,AJ,Photography,ADD_SECONDARY,Photography
9781529154429,Agrippa,Fiction,Historical Fiction,FH,Thriller,ADD_SECONDARY,Thriller
9781038980052,Tough Guy - 3 Game Changers,Fiction,General Fiction,FRD,Romance,RECLASSIFY,Romance
9781038980069,Common Goal - 4 Game Changers,Fiction,General Fiction,FRD,Romance,RECLASSIFY,Romance
9781038980076,Role Model - 5 Game Changers,Fiction,General Fiction,FRD,Romance,RECLASSIFY,Romance
9781038980083,Long Game - 6 Game Changers,Fiction,General Fiction,FRD,Romance,RECLASSIFY,Romance
9781035052738,Wolf Worm,Fiction,Science Fiction and Fantasy,FK,Horror,ADD_SECONDARY,Horror
9781835011058,Peacock and the Sparrow,Fiction,Crime Fiction,FH,Thriller,ADD_SECONDARY,Thriller
9781805229124,"Polar War - Submarines, Spies and the Struggle for Power in a Melting Arctic",History And Politics,History,JPSL,Politics,ADD_SECONDARY,Politics
9780593580509,Throwbacks Home Interiors - One of a Kind Home Design from Reclaimed and Salvaged Goods,The Arts,Art,AM,Architecture,ADD_SECONDARY,Architecture
9780712354516,Book Lover's Joke Book,Reference,General,WHJ,Humour,RECLASSIFY,Humour
9781464221408,Boyfriend,Fiction,Crime Fiction,FH,Thriller,ADD_SECONDARY,Thriller
9781405958721,Last Laugh Club,Fiction,Crime Fiction,FH,Thriller,ADD_SECONDARY,Thriller
9781405979368,Napkins and Other Distractions,Fiction,General Fiction,FR,Romance,RECLASSIFY,Romance
9781405985239,Classic Horror - An Anthology,Fiction,Classics,FKC,Horror,ADD_SECONDARY,Horror
9781405985994,Witch and the Priest,Fiction,Classics,FKC,Horror,ADD_SECONDARY,Horror
9781405986144,Pomegranate Seed and Other Ghostly Tales,Fiction,Classics,FKC,Horror,ADD_SECONDARY,Horror
9781405985970,Moths,Fiction,Classics,FKC,Horror,ADD_SECONDARY,Horror
9781405985802,Benighted,Fiction,Classics,FKC,Horror,ADD_SECONDARY,Horror
9780241774076,Magpie at Night,Fiction,Classics,DCF,Poetry,ADD_SECONDARY,Poetry
9781837310289,By My Hands - A Potter's Apprenticeship,The Arts,Art,WFN,Craft,ADD_SECONDARY,Craft
9781802066418,Augustus The Strong - A Study in Artistic Greatness and Political Fiasco,History And Politics,History,BGH,Biography,ADD_SECONDARY,Biography
9780241732847,"Science of Reading - The Brain Science, Language Development, and Phonemic Awareness Behind Literacy",Reference,General,YQF,Childrens Picture Books,RECLASSIFY,Childrens Picture Books
9781473686700,Ghost Eye,Fiction,General Fiction,FV,Historical Fiction,RECLASSIFY,Historical Fiction
9780648488880,Dear You - Love From Your Brain - A Book For Kids About The Brain,Well Being,Childrens Well Being,YBC,Childrens Picture Books,ADD_SECONDARY,Childrens Picture Books
9781804994177,Cleaner,Fiction,Crime Fiction,FH,Thriller,ADD_SECONDARY,Thriller
9781761639852,Wife The Maid and the Mistress,Fiction,Historical Fiction,FFH,Crime Fiction,ADD_SECONDARY,Crime Fiction
9781398554252,Ugly Love,Fiction,General Fiction,FR,Romance,RECLASSIFY,Romance
9781803367354,Basilisk,Fiction,Crime Fiction,FH,Thriller,ADD_SECONDARY,Thriller
9781787743625,Somali and the Forest Spirit Vol. 1,Fiction,Graphic Novels,FXA,Manga,ADD_SECONDARY,Manga
9781545821749,Little Step,Fiction,Graphic Novels,FXA,Manga,ADD_SECONDARY,Manga
9781426224409,National Geographic The Photographs - Iconic Images from National Geographic,The Arts,Art,AJC,Photography,ADD_SECONDARY,Photography
9781368116091,Bigger Picture - My Blockbuster Life & Lessons Learned Along the Way,The Arts,Music And Performing Arts,BM,Biography,ADD_SECONDARY,Biography
9781804958490,"Original Sin - President Biden's decline, its cover-up, and his disastrous choice to run again",History And Politics,History,JPHF,Politics,ADD_SECONDARY,Politics
9781464249198,Where It All Began - A Small Town Grumpy Sunshine Romance  - Blue Moon Book 7,Fiction,General Fiction,FRD,Romance,RECLASSIFY,Romance
9781786583079,Door To Door Bookstore,Fiction,General Fiction,FM,Science Fiction and Fantasy,RECLASSIFY,Science Fiction and Fantasy
9781761568053,Might Cry Later,Fiction,Classics,FR,Romance,ADD_SECONDARY,Romance
9781035005697,Women,Fiction,General Fiction,FV,Historical Fiction,RECLASSIFY,Historical Fiction
9781398540057,New Tao of Warren Buffett,Sciences,Business,KC,Economics,ADD_SECONDARY,Economics
9781538712610,Healing Back Pain - Mind-Body Connection,Well Being,Health,VFJB,Psychology,ADD_SECONDARY,Psychology
9781761358050,Inflection Point - Biden Trump and the Future World Order - A Lowy Institute Paper - Penguin Special,History And Politics,History,JPSL,Politics,ADD_SECONDARY,Politics
9781529952957,Dead Heat,Fiction,Crime Fiction,FH,Thriller,ADD_SECONDARY,Thriller
9781804993682,Exit Strategy - 30 Jack Reacher,Fiction,Crime Fiction,FH,Thriller,ADD_SECONDARY,Thriller
9781529981094,We Need to Talk About Putin - new updated edition,History And Politics,History,JPHL,Politics,ADD_SECONDARY,Politics
9780143789833,Tea Gardens,Fiction,General Fiction,FRH,Romance,RECLASSIFY,Romance
9780349442839,Say You'll Remember Me - 1,Fiction,General Fiction,FRD,Romance,RECLASSIFY,Romance
9780349442846,Night We Met - 2 Say You'll Remember Me,Fiction,General Fiction,FRD,Romance,RECLASSIFY,Romance
9780198605126,Pocket Oxford Classical Greek Dictionary,Reference,Dictionaries,CBDX,Languages,ADD_SECONDARY,Languages
9780198605126,Pocket Oxford Classical Greek Dictionary,Reference,General,CBDX,Languages,RECLASSIFY,Languages
9780241725924,A Kids Book About OCD,Well Being,Childrens Well Being,YQNP,Childrens Picture Books,ADD_SECONDARY,Childrens Picture Books
9781035003976,Honourable Exit,Fiction,General Fiction,FV,Historical Fiction,RECLASSIFY,Historical Fiction
9781837930876,Poor Girls,Fiction,General Fiction,FFH,Crime Fiction,RECLASSIFY,Crime Fiction
9780857527608,Madame Matisse,Fiction,General Fiction,FV,Historical Fiction,RECLASSIFY,Historical Fiction
9781526678737,33 Place Brugmann,Fiction,General Fiction,FV,Historical Fiction,RECLASSIFY,Historical Fiction
9781668209585,Daikon - A Novel,Fiction,General Fiction,FV,Historical Fiction,RECLASSIFY,Historical Fiction
9781805223122,Rush,Fiction,General Fiction,FFH,Crime Fiction,RECLASSIFY,Crime Fiction
9781761343643,Soldiers Daughter,Fiction,General Fiction,FV,Historical Fiction,RECLASSIFY,Historical Fiction
9781800753860,New China Playbook - Beyond Socialism and Capitalism,History And Politics,History,JP,Politics,ADD_SECONDARY,Politics
9780008208578,Alchemy - 7 Giordano Bruno,Fiction,Historical Fiction,FFH,Crime Fiction,ADD_SECONDARY,Crime Fiction
9781761778193,Girls Before,Fiction,Crime Fiction,FH,Thriller,ADD_SECONDARY,Thriller
9781035097371,Love Letter,Fiction,General Fiction,FRD,Romance,RECLASSIFY,Romance
9781035076802,Untouchable,Fiction,Crime Fiction,FHD,Thriller,ADD_SECONDARY,Thriller
9781035059065,Statecraft - The New Rules of Power in a Divided World,History And Politics,History,JPS,Politics,ADD_SECONDARY,Politics
9780374395438,"Yes I Can - The Story of Sammy Davis, Jr.",The Arts,Music And Performing Arts,BGF,Biography,ADD_SECONDARY,Biography
9781804091463,"Stock Market Maestros - The winning habits, strategies, and mindsets of the world's best investors",Sciences,Business,KFFM,Economics,ADD_SECONDARY,Economics
9781035026760,Poems on Nature,Fiction,Classics,DCQ,Poetry,ADD_SECONDARY,Poetry
9781529065428,Poems for New Parents,Fiction,Classics,DCQ,Poetry,ADD_SECONDARY,Poetry
9781035090983,"All About Allergies - How to Live Well with Asthma, Food Allergies, Hay Fever and More",Well Being,Health,VFJB,Psychology,ADD_SECONDARY,Psychology
9783791394039,Sebastiao Salgado - Glaciers,The Arts,Art,AJB,Photography,ADD_SECONDARY,Photography
9788417557898,Evergreen Homes - A New Wave of Country Living,The Arts,Art,AMK,Architecture,ADD_SECONDARY,Architecture
9781761473746,Body of Lies,Fiction,Crime Fiction,FH,Thriller,ADD_SECONDARY,Thriller
9781405975247,Seascraper,Fiction,General Fiction,FV,Historical Fiction,RECLASSIFY,Historical Fiction
9784805320235,Japanese Architecture - An Exploration Of Elements And Forms,The Arts,Art,AM,Architecture,ADD_SECONDARY,Architecture
9781835627785,Tales Of Mystery And Imagination,Fiction,Classics,FKC,Horror,ADD_SECONDARY,Horror
9781847924520,Will In The World - How Shakespeare Became Shakespeare,Reference,General,DSGS,Classics,RECLASSIFY,Classics
9781529952605,Bells Of Nagasaki,History And Politics,History,BM,Biography,ADD_SECONDARY,Biography
9781009618328,Strikingly Similar - Plagiarism and Appropriation from Chaucer to Chatbots,Reference,General,JHB,Sociology,RECLASSIFY,Sociology
9781529931600,Wolf Hour,Fiction,Crime Fiction,FH,Thriller,ADD_SECONDARY,Thriller
9781399721738,In Her Defence,Fiction,Crime Fiction,FHP,Thriller,ADD_SECONDARY,Thriller
9781399408639,How to Think Like an Economist - Great Economists Who Shaped the World and What They Can Teach Us,Sciences,Business,KCZ,Economics,ADD_SECONDARY,Economics
9781398541474,War,History And Politics,History,JPA,Politics,ADD_SECONDARY,Politics
9781037400421,Hope Rises - 2 Walter Nash,Fiction,Crime Fiction,FHP,Thriller,ADD_SECONDARY,Thriller
9780140184358,State and Revolution,History And Politics,History,JPFC,Politics,ADD_SECONDARY,Politics
9781421593470,Legend of Zelda - 1 Twilight Princess,Fiction,Graphic Novels,FXA,Manga,ADD_SECONDARY,Manga
9781806173150,Make Believe - On Telling Stories To Children,Reference,General,VS,Psychology,RECLASSIFY,Psychology
9781836009818,Paul Nicklen - A Photography Masterclass,The Arts,Art,AJR,Photography,ADD_SECONDARY,Photography
9781405958806,Perfumers Secret,Fiction,Historical Fiction,FRH,Romance,ADD_SECONDARY,Romance
9781804996096,Revenge of Odessa - 2 Odessa,Fiction,Crime Fiction,FHD,Thriller,ADD_SECONDARY,Thriller
9781760995133,Time of Living Graciously - Reflections on Growing Older,Well Being,Health,VFJG,Psychology,ADD_SECONDARY,Psychology
9780008739270,Ending Writes Itself,Fiction,General Fiction,FH,Thriller,RECLASSIFY,Thriller
9780008742591,It Is Not What You Think,Fiction,Crime Fiction,FH,Thriller,ADD_SECONDARY,Thriller
9781685793241,Dinosaur Sanctuary Vol 1,Fiction,Graphic Novels,FXA,Manga,ADD_SECONDARY,Manga
9781685793258,Dinosaur Sanctuary Vol 2,Fiction,Graphic Novels,FXA,Manga,ADD_SECONDARY,Manga
9798888430064,Dinosaur Sanctuary Vol 3,Fiction,Graphic Novels,FXA,Manga,ADD_SECONDARY,Manga
9798888433492,Dinosaur Sanctuary Vol 4,Fiction,Graphic Novels,FXA,Manga,ADD_SECONDARY,Manga
9798891604957,Dinosaur Sanctuary Vol 5,Fiction,Graphic Novels,FXA,Manga,ADD_SECONDARY,Manga
9798893732665,Dinosaur Sanctuary Vol 6,Fiction,Graphic Novels,FXA,Manga,ADD_SECONDARY,Manga
9798895616451,Dinosaur Sanctuary Vol 7,Fiction,Graphic Novels,FXA,Manga,ADD_SECONDARY,Manga
9780008739638,Victorian Psycho,Fiction,Crime Fiction,FH,Thriller,ADD_SECONDARY,Thriller
9780857507921,Esther is Now Following You,Fiction,Crime Fiction,FH,Thriller,ADD_SECONDARY,Thriller
9781529939163,Hotel,Fiction,General Fiction,FK,Horror,RECLASSIFY,Horror
9781804940266,Dont Let Him In,Fiction,Crime Fiction,FH,Thriller,ADD_SECONDARY,Thriller
9781804995488,Carrion Crow,Fiction,General Fiction,FK,Horror,RECLASSIFY,Horror
9780753562161,Its On You - How Corporations and Behavioral Scientists Convince Us that We're to Blame for Society's Deepest Problems,Sciences,Business,KCK,Economics,ADD_SECONDARY,Economics
9781406323252,All At Sea - Theres A New Baby In The Family,Well Being,Childrens Well Being,YBC,Childrens Picture Books,ADD_SECONDARY,Childrens Picture Books
9781529925722,Stranger Than Fiction - Lives of the Twentieth-Century Novel,Reference,General,DSRC,Classics,RECLASSIFY,Classics
9780753558126,Prosecutor - One Mans Battle to Bring Nazis to Justice,History And Politics,History,BGH,Biography,ADD_SECONDARY,Biography
9781464228575,Ward D,Fiction,Crime Fiction,FH,Thriller,ADD_SECONDARY,Thriller
9780702268991,Two Islands,Fiction,General Fiction,FHD,Thriller,RECLASSIFY,Thriller
9780349143484,Golden Rule,Fiction,General Fiction,FF,Crime Fiction,RECLASSIFY,Crime Fiction
9780751547177,Virgin In The Ice - 6 Cadfael Chronicles,Fiction,Historical Fiction,FFH,Crime Fiction,ADD_SECONDARY,Crime Fiction
9781038980014,Unrivaled - 7 Game Changers,Fiction,General Fiction,FRD,Romance,RECLASSIFY,Romance
9781408724354,Hard Line - 15 Gray Man,Fiction,Crime Fiction,FHD,Thriller,ADD_SECONDARY,Thriller
9781838959494,Golden Gate,Fiction,Historical Fiction,FF,Crime Fiction,ADD_SECONDARY,Crime Fiction
9781785123191,Sacrifice,Fiction,Crime Fiction,FH,Thriller,ADD_SECONDARY,Thriller
9780241322529,Smileys People - 7 Smiley Penguin Modern Classics,Fiction,Crime Fiction,FHD,Thriller,ADD_SECONDARY,Thriller
9780241321935,Absolute Friends - Penguin Modern Classics,Fiction,Crime Fiction,FHD,Thriller,ADD_SECONDARY,Thriller
9780241322505,Single And Single - Penguin Modern Classics,Fiction,Crime Fiction,FHD,Thriller,ADD_SECONDARY,Thriller
9781421580364,Tokyo Ghoul - 1,Fiction,Graphic Novels,FXA,Manga,ADD_SECONDARY,Manga
9781421501680,Boredom - 1 Death Note,Fiction,Graphic Novels,FXA,Manga,ADD_SECONDARY,Manga
9781398704428,Particularly Nasty Case,Fiction,Crime Fiction,FH,Thriller,ADD_SECONDARY,Thriller
9781869718404,Secrets Of The Little Greek Taverna,Fiction,General Fiction,FRD,Romance,RECLASSIFY,Romance
9781783786763,Surviving Autocracy,History And Politics,History,JP,Politics,ADD_SECONDARY,Politics
9781783786787,Surviving Autocracy,History And Politics,History,JP,Politics,ADD_SECONDARY,Politics
9781460768174,Not Everything Counts but Everything Matters - Special Grand Final Edition,Sport,General Sport And Fitness,BGSA,Biography,ADD_SECONDARY,Biography
9781804366493,Fisherman,Fiction,Science Fiction and Fantasy,FKC,Horror,ADD_SECONDARY,Horror
9781789093285,Twisted Ones,Fiction,General Fiction,FK,Horror,RECLASSIFY,Horror
9781250621993,Slewfoot - A Tale Of Bewitchery,Fiction,Science Fiction and Fantasy,FK,Horror,ADD_SECONDARY,Horror
9781035041961,Carnival of Lies - 5 Cesare Aldo,Fiction,Historical Fiction,FFH,Crime Fiction,ADD_SECONDARY,Crime Fiction
9781035059270,Brides,Fiction,Science Fiction and Fantasy,FK,Horror,ADD_SECONDARY,Horror
9781035030897,Witchcraft for Wayward Girls,Fiction,Science Fiction and Fantasy,FK,Horror,ADD_SECONDARY,Horror
9781800754478,Haunted Tales - Ghostly stories for the darkest nights,Fiction,Science Fiction and Fantasy,FK,Horror,ADD_SECONDARY,Horror
9780349014753,"Kingmaker - Pamela Churchill Harrimans astonishing life of seduction, intrigue and power",History And Politics,History,BGH,Biography,ADD_SECONDARY,Biography
9781474614825,Young Stalin,History And Politics,History,BGH,Biography,ADD_SECONDARY,Biography
9781788704878,Traitor King - The Scandalous Exile Of The Duke And Duchess Of Windsor,History And Politics,History,BGR,Biography,ADD_SECONDARY,Biography
9781761473036,"Just Saying - Exploring twenty-five remarkable quotations to enlighten, challenge and inspire",Reference,General,VS,Psychology,RECLASSIFY,Psychology
9781035044023,Lets Make Things Better - A Holocaust Survivor's Message of Hope and Celebration of Life,History And Politics,History,BM,Biography,ADD_SECONDARY,Biography
9781529932478,Vagabond,The Arts,Music And Performing Arts,BGFA,Biography,ADD_SECONDARY,Biography
9781761821035,Book Of Sheen,The Arts,Music And Performing Arts,BGFA,Biography,ADD_SECONDARY,Biography
9780008742775,Yesteryear,Fiction,Crime Fiction,FH,Thriller,ADD_SECONDARY,Thriller
9780008723736,How to Kill a Language - Power Resistance and the Race to Save Our Words,Reference,General,CBX,Languages,RECLASSIFY,Languages
9780008695521,Other Side of the Dream - My Life In and Out of Blondie,The Arts,Music And Performing Arts,BM,Biography,ADD_SECONDARY,Biography
9781398507296,Beautiful Things - A Memoir,History And Politics,History,BGA,Biography,ADD_SECONDARY,Biography
9781761065378,Reckoning - Americas Trauma And Finding A Way To Heal,History And Politics,History,BM,Biography,ADD_SECONDARY,Biography
9780571365630,Nina Simones Gum -  A Memoir of Things Lost and Found,The Arts,Music And Performing Arts,BGF,Biography,ADD_SECONDARY,Biography
9781399810807,Moederland - Nine Daughters of South Africa,History And Politics,History,BGH,Biography,ADD_SECONDARY,Biography
9781805462231,All The Worst Humans - How I Made News For Dictators Tycoons And Politicians,History And Politics,History,BM,Biography,ADD_SECONDARY,Biography
9781761470936,Miles Franklin Undercover - The Little Known Years When She Created Her Own Brilliant Career,History And Politics,History,BGL,Biography,ADD_SECONDARY,Biography
9781761634819,We Did OK Kid - A Memoir,The Arts,Music And Performing Arts,BM,Biography,ADD_SECONDARY,Biography
9781038981769,Shots You Take,Fiction,General Fiction,FRD,Romance,RECLASSIFY,Romance
9781038981752,Time to Shine,Fiction,General Fiction,FRD,Romance,RECLASSIFY,Romance
9780241725610,Exes,Fiction,Crime Fiction,FH,Thriller,ADD_SECONDARY,Thriller
9780241764299,Family Friend,Fiction,Crime Fiction,FH,Thriller,ADD_SECONDARY,Thriller
9780702270987,Life Drawing,Fiction,General Fiction,VFJX,Psychology,RECLASSIFY,Psychology
9781405974882,Nazi Mind - Twelve Warnings From History,History And Politics,History,JPFQ,Politics,ADD_SECONDARY,Politics
9781835417386,Wretch Or The Unbecoming Of Porcelain Khaw,Fiction,General Fiction,FK,Horror,RECLASSIFY,Horror
9781804946138,Sonny Boy - A Memoir,The Arts,Music And Performing Arts,BM,Biography,ADD_SECONDARY,Biography
9780857507686,How to Get Away with Murder,Fiction,Crime Fiction,FH,Thriller,ADD_SECONDARY,Thriller
9780857507532,Three Summers,Fiction,General Fiction,FRD,Romance,RECLASSIFY,Romance
9781529979015,My Death,Fiction,Classics,FKC,Horror,ADD_SECONDARY,Horror
9781629637129,Liberating Sapmi - Indigenous Resistance in Europe's Far North,History And Politics,History,JPW,Politics,ADD_SECONDARY,Politics
9781761428869,Woman In Me,The Arts,Music And Performing Arts,BGFA,Biography,ADD_SECONDARY,Biography
9781464268526,Want to Know a Secret,Fiction,Crime Fiction,FH,Thriller,ADD_SECONDARY,Thriller
9781506746340,H P Lovecraft's The Shadow Out of Time - Manga,Fiction,Graphic Novels,FXA,Manga,ADD_SECONDARY,Manga
9781542025614,Woman Down,Fiction,General Fiction,FH,Thriller,RECLASSIFY,Thriller
9781529366587,Last Night at the Telegraph Club,Fiction,General Fiction,FRH,Romance,RECLASSIFY,Romance
9781405974738,Great Big Beautiful Life,Fiction,General Fiction,FRD,Romance,RECLASSIFY,Romance
9781974734399,Jujutsu Kaisen - 18,Fiction,Graphic Novels,FXA,Manga,ADD_SECONDARY,Manga
9781837264117,Future Is Peace,History And Politics,History,JPSD,Politics,ADD_SECONDARY,Politics
9781836431091,Irans Rise and Rivalry with the US in the Middle East,History And Politics,History,JPSL,Politics,ADD_SECONDARY,Politics
9781805464594,Solace House,Fiction,General Fiction,FK,Horror,RECLASSIFY,Horror
9781805465317,Icarus Economics - Why Rich Economies Are Struggling - and How to Fix Them,Sciences,Business,KFF,Economics,ADD_SECONDARY,Economics
9781761381799,Old Fire,Fiction,General Fiction,FYT,Translated Fiction,RECLASSIFY,Translated Fiction
9781761451263,Pretty Dirty - The Life of Flowers From Creation to Compost,The Arts,Art,WFW,Craft,ADD_SECONDARY,Craft
9781399746762,Kids Wait Till You Hear This - My Memoir,The Arts,Music And Performing Arts,BGFA,Biography,ADD_SECONDARY,Biography
9781764020954,Reinventing Marcos - From Dictator to Hero,History And Politics,History,BG,Biography,ADD_SECONDARY,Biography
9780691155999,Dostoevsky - A Writer in His Time,Reference,General,BGL,Biography,RECLASSIFY,Biography
9781974741021,Chainsaw Man - 13,Fiction,Graphic Novels,FXA,Manga,ADD_SECONDARY,Manga
9781974743582,Chainsaw Man - 14,Fiction,Graphic Novels,FXA,Manga,ADD_SECONDARY,Manga
9781974746408,Chainsaw Man - 15,Fiction,Graphic Novels,FXA,Manga,ADD_SECONDARY,Manga
9781974748747,Chainsaw Man - 16,Fiction,Graphic Novels,FXA,Manga,ADD_SECONDARY,Manga
9781974752690,Chainsaw Man - 17,Fiction,Graphic Novels,FXA,Manga,ADD_SECONDARY,Manga
9781974754939,Chainsaw Man - 18,Fiction,Graphic Novels,FXA,Manga,ADD_SECONDARY,Manga
9781974762231,Chainsaw Man - 20,Fiction,Graphic Novels,FXA,Manga,ADD_SECONDARY,Manga
9781835013205,Boring Asian Female,Fiction,Crime Fiction,FH,Thriller,ADD_SECONDARY,Thriller
9780008623272,This is Also a Love Story - Searching for Good in a Divided World,History And Politics,History,JPZ,Politics,ADD_SECONDARY,Politics
9780008470227,Confidence Man - The Making of Donald Trump and the Breaking of America,History And Politics,History,BGH,Biography,ADD_SECONDARY,Biography
9780008670986,Crowns Silence - The Hidden History of Slavery and the British Monarchy,History And Politics,History,BGR,Biography,ADD_SECONDARY,Biography
9781399408318,How to Think Like a Poet - The Poets That Made Our World and Why We Need Them,Reference,General,DSC,Classics,RECLASSIFY,Classics
9780141998596,"Rural Hours - The Country Lives of Virginia Woolf, Sylvia Townsend Warner and Rosamond Lehmann",History And Politics,History,BGL,Biography,ADD_SECONDARY,Biography
9780241453490,American Fantasy,Fiction,General Fiction,FRD,Romance,RECLASSIFY,Romance
9780241688434,Cherry Baby,Fiction,General Fiction,FRD,Romance,RECLASSIFY,Romance
9781405968973,Mysterious Case of the Missing Crime Writer,Fiction,Crime Fiction,FH,Thriller,ADD_SECONDARY,Thriller
9781786582041,Always Remember Your Name - The Children who Survived Auschwitz,History And Politics,History,BM,Biography,ADD_SECONDARY,Biography
9780857508331,Maneater,Fiction,General Fiction,FK,Horror,RECLASSIFY,Horror
9781804954386,2024 - How Trump Retook the White House and the Democrats Lost America,History And Politics,History,JPHF,Politics,ADD_SECONDARY,Politics
9781035072699,Dissection of a Murder,Fiction,Crime Fiction,FHP,Thriller,ADD_SECONDARY,Thriller
9781037402531,Face Off,Fiction,General Fiction,FRD,Romance,RECLASSIFY,Romance
9781035099573,Matcha Maker Cafe,Fiction,General Fiction,FRD,Romance,RECLASSIFY,Romance
9781035037841,How to Fake It in Society,Fiction,Historical Fiction,FRH,Romance,ADD_SECONDARY,Romance
9781250437594,Gilgamesh - A Rendering in English Verse,Fiction,Classics,DCF,Poetry,ADD_SECONDARY,Poetry
9780749026950,Tomorrows Path,Fiction,General Fiction,FR,Romance,RECLASSIFY,Romance
9780473724627,Jewish Not Zionist,History And Politics,History,JPW,Politics,ADD_SECONDARY,Politics
9780241836040,Rolling Stones,The Arts,Music And Performing Arts,BGF,Biography,ADD_SECONDARY,Biography
9781802066883,Righting Wrongs - Three Decades on the Front Lines Battling Abusive Governments,History And Politics,History,JPVH,Politics,ADD_SECONDARY,Politics
9781405967143,Myth of American Idealism - How U.S. Foreign Policy Endangers the World,History And Politics,History,JPS,Politics,ADD_SECONDARY,Politics
9781529957518,Mrs Shim is a Killer,Fiction,Crime Fiction,FH,Thriller,ADD_SECONDARY,Thriller
9780857505828,Library After Dark,Fiction,Crime Fiction,FH,Thriller,ADD_SECONDARY,Thriller
9781787305229,Frame 37,Fiction,Crime Fiction,FHP,Thriller,ADD_SECONDARY,Thriller
9781529979633,ADHD Sleep Book - A Compassionate Guide for the Wired and Overtired Brain,Well Being,Health,VFJB,Psychology,ADD_SECONDARY,Psychology
9781761452840,"When the World Sleeps - Stories, Words and Wounds of Palestine",History And Politics,History,JPVR,Politics,ADD_SECONDARY,Politics
9781923293496,Breath Reset Plan,Well Being,Health,VS,Psychology,ADD_SECONDARY,Psychology
9781789298444,Short History of the World in 50 Tyrants,History And Politics,History,JPFQ,Politics,ADD_SECONDARY,Politics
9780099751816,Instance of the Fingerpost,Fiction,Crime Fiction,FH,Thriller,ADD_SECONDARY,Thriller
9781974747245,Kagurabachi - 1,Fiction,Graphic Novels,FXA,Manga,ADD_SECONDARY,Manga
9781761474293,Housemate Special Edition,Fiction,Crime Fiction,FH,Thriller,ADD_SECONDARY,Thriller
9781786587022,Murder Bimbo,Fiction,Crime Fiction,FH,Thriller,ADD_SECONDARY,Thriller
9781785308680,Winterbourne,Fiction,Crime Fiction,FH,Thriller,ADD_SECONDARY,Thriller
9781800754522,Presumed Guilty,Fiction,Crime Fiction,FHP,Thriller,ADD_SECONDARY,Thriller
9780811227605,Good Comb - The Sayings Of Muriel Spark,Reference,General,BGL,Biography,RECLASSIFY,Biography
9781761473326,Writers Room,Reference,General,CBV,Languages,RECLASSIFY,Languages
9781837264162,Writing Life,Reference,General,CBV,Languages,RECLASSIFY,Languages
9788416500499,Container and Prefab Homes - Eco-Friendly Architecture,The Arts,Art,AMK,Architecture,ADD_SECONDARY,Architecture
9783791387611,Living in Tiny Homes -  Big Ideas for Small Spaces,The Arts,Art,AMR,Architecture,ADD_SECONDARY,Architecture
9781805464556,Think Less Sleep More,Well Being,Health,VFJB,Psychology,ADD_SECONDARY,Psychology
9780702233555,Follow The Rabbit Proof Fence,Fiction,General Fiction,JFSL9,Sociology,RECLASSIFY,Sociology
9781526687883,Femme Feral,Fiction,Science Fiction and Fantasy,FK,Horror,ADD_SECONDARY,Horror
9781923058804,Love Is An Algorithm,Fiction,General Fiction,FR,Romance,RECLASSIFY,Romance
9781529442427,Caught Up - 2 Into Darkness,Fiction,General Fiction,FRD,Romance,RECLASSIFY,Romance
9781529442458,Game On - 3 Into Darkness,Fiction,General Fiction,FRD,Romance,RECLASSIFY,Romance
9781844886913,Lies Between Us,Fiction,Crime Fiction,FH,Thriller,ADD_SECONDARY,Thriller
9780143777731,Songwriters on the Run,Fiction,General Fiction,BG,Biography,RECLASSIFY,Biography
9781405977029,Not Quite Dead Yet,Fiction,Crime Fiction,FH,Thriller,ADD_SECONDARY,Thriller
9780241760901,Warning Signs,Fiction,Crime Fiction,FH,Thriller,ADD_SECONDARY,Thriller
9781405964876,Black Flowers,Fiction,Crime Fiction,FH,Thriller,ADD_SECONDARY,Thriller
9781421539904,Naruto 3-in-1 Edition - 2,Fiction,Graphic Novels,FXA,Manga,ADD_SECONDARY,Manga
9781421539911,Naruto 3-in-1 Edition - 3,Fiction,Graphic Novels,FXA,Manga,ADD_SECONDARY,Manga
9781421554884,Naruto 3-in-1 Edition - 4,Fiction,Graphic Novels,FXA,Manga,ADD_SECONDARY,Manga
9780241649169,Politics Without Politicians - The Case for Citizen Rule,History And Politics,History,JPHV,Politics,ADD_SECONDARY,Politics
9781991006325,This Is ADHD,Well Being,Health,VSP,Psychology,ADD_SECONDARY,Psychology
9781509893713,Billy Bear And The New Baby,Well Being,Childrens Well Being,YBCS,Childrens Picture Books,ADD_SECONDARY,Childrens Picture Books
9780241795712,Israel - A Personal History,History And Politics,History,BM,Biography,ADD_SECONDARY,Biography
9781638932482,Wheres Molly - 2.5 Cat and Mouse Spin-Off,Fiction,General Fiction,FH,Thriller,RECLASSIFY,Thriller
9781638933373,Phantom - 0 Cat And Mouse Duet,Fiction,General Fiction,FH,Thriller,RECLASSIFY,Thriller
9781408724606,"Welcome to Your Life - Love, Death and Tears for Fears",The Arts,Music And Performing Arts,BM,Biography,ADD_SECONDARY,Biography
9780552178013,Secret Of Secrets - 6 Robert Langdon,Fiction,Crime Fiction,FHD,Thriller,ADD_SECONDARY,Thriller
9798318604393,Page One to Done - Finish Your Novel in 30 Days with the Fast Drafting Method,Reference,General,CBV,Languages,RECLASSIFY,Languages
9780008739270,Ending Writes Itself,Fiction,Crime Fiction,FH,Thriller,ADD_SECONDARY,Thriller
9780008639754,After Nations - The Making and Unmaking of a World Order,History And Politics,History,JPFN,Politics,ADD_SECONDARY,Politics
9781635869101,Herbal Gut Health,Well Being,Health,VFJB,Psychology,ADD_SECONDARY,Psychology
9781917226233,Endurance Photographs - A Definitive Visual Record of Shackleton's Expedition,The Arts,Art,AJR,Photography,ADD_SECONDARY,Photography
9780008645892,Kingpin,Fiction,Crime Fiction,FH,Thriller,ADD_SECONDARY,Thriller
9781038963215,For All the Dead Girls,Fiction,Crime Fiction,FH,Thriller,ADD_SECONDARY,Thriller
9781953953575,Poor Charlies Almanack - The Essential Wit and Wisdom of Charles T Munger,Sciences,Business,KFFM2,Economics,ADD_SECONDARY,Economics
9781426337529,Yoga Animals - Playful Poses for Calming Your Wild Ones,Well Being,Childrens Well Being,YBCS,Childrens Picture Books,ADD_SECONDARY,Childrens Picture Books
9783967042177,Home for Now - Living Well in Temporary Spaces,The Arts,Art,AMR,Architecture,ADD_SECONDARY,Architecture
9783967042078,House in Japan - Lessons in Living,The Arts,Art,AMK,Architecture,ADD_SECONDARY,Architecture
9783791394053,Same Sun Same Moon,The Arts,Art,AJB,Photography,ADD_SECONDARY,Photography
9781408737262,Verity,Fiction,General Fiction,FH,Thriller,RECLASSIFY,Thriller
9781035423293,Power Play - Video Games Politics and the Battle for Global Influence,History And Politics,History,JPSL,Politics,ADD_SECONDARY,Politics
9781035435340,Main Characters,Fiction,General Fiction,FR,Romance,RECLASSIFY,Romance
9781408724071,Last Rites,The Arts,Music And Performing Arts,BM,Biography,ADD_SECONDARY,Biography
9781435173446,Treasury of Classic Ghost Stories,Fiction,Classics,FK,Horror,ADD_SECONDARY,Horror
9781982176921,Leonard Cohen - Untold Stories -  That's How the Light Gets In -  Volume 3,The Arts,Music And Performing Arts,BGF,Biography,ADD_SECONDARY,Biography
9781035023431,Before We Say Goodbye - 4 Before The Coffee Gets Cold,Fiction,General Fiction,FM,Science Fiction and Fantasy,RECLASSIFY,Science Fiction and Fantasy
9781035046256,Before We Forget Kindness - 5 Before The Coffee Gets Cold,Fiction,General Fiction,FM,Science Fiction and Fantasy,RECLASSIFY,Science Fiction and Fantasy
9781529136906,My Name is Barbra,The Arts,Music And Performing Arts,BM,Biography,ADD_SECONDARY,Biography
9781760859985,Storyteller - Tales of Life and Music,The Arts,Music And Performing Arts,BGFA,Biography,ADD_SECONDARY,Biography
9781408867730,Bread Of Angels,The Arts,Music And Performing Arts,BG,Biography,ADD_SECONDARY,Biography
9780008534950,One Of Us,Fiction,Crime Fiction,FHP,Thriller,ADD_SECONDARY,Thriller
9798888432624,Orb - On the Movements of the Earth (Omnibus) Vol. 1-2,Fiction,Graphic Novels,FXA,Manga,ADD_SECONDARY,Manga
9798888433416,Orb - On the Movements of the Earth (Omnibus) Vol. 3-4,Fiction,Graphic Novels,FXA,Manga,ADD_SECONDARY,Manga
9798888435816,Orb - On the Movements of the Earth (Omnibus) Vol. 5-6,Fiction,Graphic Novels,FXA,Manga,ADD_SECONDARY,Manga
9798888435823,Orb - On the Movements of the Earth (Omnibus) Vol. 7-8,Fiction,Graphic Novels,FXA,Manga,ADD_SECONDARY,Manga
9780316272247,Overlord Vol 1 Novel - The Undead King,Fiction,Graphic Novels,FXA,Manga,ADD_SECONDARY,Manga
9781974711222,Pokemon Adventures Collector's Edition - 2,Fiction,Graphic Novels,FXA,Manga,ADD_SECONDARY,Manga
9781974711239,Pokemon Adventures Collector's Edition - 3,Fiction,Graphic Novels,FXA,Manga,ADD_SECONDARY,Manga
9781760764852,Garden Room - Outdoor Spaces Reimagined For Creative Living,The Arts,Art,AMCR,Architecture,ADD_SECONDARY,Architecture
9781761776625,Where Truth Ends,Fiction,Crime Fiction,FH,Thriller,ADD_SECONDARY,Thriller
9781761775628,Detective,Fiction,Crime Fiction,FH,Thriller,ADD_SECONDARY,Thriller
9781035088096,Great Alone,Fiction,General Fiction,FRH,Romance,RECLASSIFY,Romance
9781035064991,Blood Rust and Steel - 3 DS Roberta Steel,Fiction,Crime Fiction,FH,Thriller,ADD_SECONDARY,Thriller
9781035076758,One Day You Were My Husband,Fiction,General Fiction,FRD,Romance,RECLASSIFY,Romance
9781035018321,Unreliable Narrator,Fiction,Crime Fiction,FH,Thriller,ADD_SECONDARY,Thriller
9781035063079,Poems for Happiness,Fiction,Classics,DCQ,Poetry,ADD_SECONDARY,Poetry
9781035046300,Before I Knew I Loved You - 6 Before The Coffee Gets Cold,Fiction,General Fiction,FM,Science Fiction and Fantasy,RECLASSIFY,Science Fiction and Fantasy
9780340689547,Tunnel Rats,Fiction,Crime Fiction,FH,Thriller,ADD_SECONDARY,Thriller
9781250462220,Aint Nobodys Fool  - The Life And Times Of Dolly Parton,The Arts,Music And Performing Arts,BGF,Biography,ADD_SECONDARY,Biography
9781760879914,Murder in Paris - 2 Charlie James Mystery,Fiction,Crime Fiction,FV,Historical Fiction,ADD_SECONDARY,Historical Fiction
9781035076819,Doctor Copernicus,Fiction,General Fiction,FV,Historical Fiction,RECLASSIFY,Historical Fiction
9781250830173,"Longest Con - How Grifters, Swindlers, and Frauds Hijacked American Conservatism",History And Politics,History,JPA,Politics,ADD_SECONDARY,Politics
9781035062263,Iron Hope - Lessons Learned from Conquering the Impossible,Sport,General Sport And Fitness,BGSA,Biography,ADD_SECONDARY,Biography
9781804093641,Market Wizards - The Next Generation - The world's top young traders reveal how they beat the market,Sciences,Business,KFFM,Economics,ADD_SECONDARY,Economics
9780063445055,Viscount Who Loved Me  -Deluxe Collectors Edition,Fiction,Historical Fiction,FRH,Romance,ADD_SECONDARY,Romance
9781761826788,How to Kill a Guy in Ten Dates,Fiction,Science Fiction and Fantasy,FK,Horror,ADD_SECONDARY,Horror
9781398556768,Just Friends,Fiction,General Fiction,FRD,Romance,RECLASSIFY,Romance
9780008706753,Dylan Thomas - Selected Poetry And Prose,Fiction,Classics,DC,Poetry,ADD_SECONDARY,Poetry
9781526648365,Violeta,Fiction,General Fiction,FV,Historical Fiction,RECLASSIFY,Historical Fiction
9781837260799,Heart in Winter,Fiction,General Fiction,FV,Historical Fiction,RECLASSIFY,Historical Fiction
9781804541845,Bride Stone,Fiction,General Fiction,FV,Historical Fiction,RECLASSIFY,Historical Fiction
9780241657300,Tell Me Where It Hurts - The Science Of Pain And How To Heal,Well Being,Health,VSP,Psychology,ADD_SECONDARY,Psychology
9781444720693,Carrie,Fiction,Science Fiction and Fantasy,FK,Horror,ADD_SECONDARY,Horror
9781444720723,Shining,Fiction,Science Fiction and Fantasy,FK,Horror,ADD_SECONDARY,Horror
9780571081783,Bell Jar,Fiction,General Fiction,BGLA,Biography,RECLASSIFY,Biography
9781509840199,Missing Sister - 7 Seven Sisters,Fiction,Historical Fiction,FRD,Romance,ADD_SECONDARY,Romance
9781405950220,Lake - 10 William Wisting,Fiction,Crime Fiction,FH,Thriller,ADD_SECONDARY,Thriller
9780241720943,One of the Family,Fiction,Crime Fiction,FH,Thriller,ADD_SECONDARY,Thriller
9780241810446,Catalogue,Reference,General,DSRC,Classics,RECLASSIFY,Classics
9781405971980,My Family And Other Spies,History And Politics,History,BGHA,Biography,ADD_SECONDARY,Biography
9781786585479,Flowers in July,Fiction,General Fiction,FRD,Romance,RECLASSIFY,Romance
9781761635359,Fever Dream - 1 Emerald Lake,Fiction,General Fiction,FRD,Romance,RECLASSIFY,Romance
9781760688509,Outback - 1 DS Walker,Fiction,Crime Fiction,FH,Thriller,ADD_SECONDARY,Thriller
9781835415382,Angel Down,Fiction,General Fiction,FK,Horror,RECLASSIFY,Horror
9781904263784,Proverbs - Words Of Wisdom,Reference,General,CBX,Languages,RECLASSIFY,Languages
9781784780944,Capitalism - A Ghost Story,History And Politics,History,JPH,Politics,ADD_SECONDARY,Politics
9781408730591,Ten Seconds - 3 Ben Harper,Fiction,Crime Fiction,FH,Thriller,ADD_SECONDARY,Thriller
9781408730607,Nine Hidden Lives - 4 Ben Harper,Fiction,Crime Fiction,FH,Thriller,ADD_SECONDARY,Thriller
9780241651988,UNMASKED - The Ultimate Guide To ADHD Autism And Neurodivergence,Well Being,Health,VFJB,Psychology,ADD_SECONDARY,Psychology
9781529155464,Nord Stream Conspiracy - The Inside Story of the Explosions That Shook the World,History And Politics,History,JPSL,Politics,ADD_SECONDARY,Politics
9780807022757,Echo Machine - How Right-Wing Extremism Created a Post-Truth America,History And Politics,History,JP,Politics,ADD_SECONDARY,Politics
9781464280184,Divorce,Fiction,Crime Fiction,FH,Thriller,ADD_SECONDARY,Thriller
9781400347278,English Masterpiece,Fiction,Crime Fiction,FV,Historical Fiction,ADD_SECONDARY,Historical Fiction
9781398730410,Into the Blue,Fiction,General Fiction,FR,Romance,RECLASSIFY,Romance
9781632366436,Silent Voice Complete Series Box Set,Fiction,Graphic Novels,FXA,Manga,ADD_SECONDARY,Manga
9781632360564,Silent Voice - Volume 1,Fiction,Graphic Novels,FXA,Manga,ADD_SECONDARY,Manga
9781632360571,Silent Voice - Volume 2,Fiction,Graphic Novels,FXA,Manga,ADD_SECONDARY,Manga
9781632360588,Silent Voice - Volume 3,Fiction,Graphic Novels,FXA,Manga,ADD_SECONDARY,Manga
9781421525815,Death Note Complete Box Set,Fiction,Graphic Novels,FXA,Manga,ADD_SECONDARY,Manga
9781835414316,Buffalo Hunter Hunter,Fiction,Science Fiction and Fantasy,FK,Horror,ADD_SECONDARY,Horror
9780062072900,Night Like This - 2 Smythe-Smith Quartet,Fiction,Historical Fiction,FRH,Romance,ADD_SECONDARY,Romance
9781805462514,Braver New World - The Countries Daring to Do Things Others Won't,History And Politics,History,JPB,Politics,ADD_SECONDARY,Politics
9781529931785,Good Liar,Fiction,Crime Fiction,FH,Thriller,ADD_SECONDARY,Thriller
9781423668565,Art of the Clash - A Manifesto Against the Mundane,The Arts,Art,AM,Architecture,ADD_SECONDARY,Architecture
9781787335639,Eat the Planet Well - How to fix our toxic food system - one meal at a time,Well Being,Health,VSZ,Psychology,ADD_SECONDARY,Psychology
9780143501442,Beginnings And Endings With Lifetimes In Between,Well Being,Childrens Well Being,YQV,Childrens Picture Books,ADD_SECONDARY,Childrens Picture Books
9781035080267,Last to Drown,Fiction,Crime Fiction,FH,Thriller,ADD_SECONDARY,Thriller
9781035034475,Nash Falls,Fiction,Crime Fiction,FHP,Thriller,ADD_SECONDARY,Thriller
9781035043033,Eye Spy,Fiction,Crime Fiction,FH,Thriller,ADD_SECONDARY,Thriller
9781035069538,Keys of the Kingdom,Fiction,General Fiction,FC,Classics,RECLASSIFY,Classics
9781250622037,Evil in Me,Fiction,Science Fiction and Fantasy,FK,Horror,ADD_SECONDARY,Horror
9781775535911,Bungalow - From Heritage to Contemporary,The Arts,Art,AMK,Architecture,ADD_SECONDARY,Architecture
9781509827756,Frankenstein - Macmillan Collectors Library,Fiction,Classics,FKC,Horror,ADD_SECONDARY,Horror
9781035011643,Lost Girls of Autism - The Untold Story of Women on the Spectrum,Well Being,Health,VFJB,Psychology,ADD_SECONDARY,Psychology
9781776891771,Shane Cameron - Mountain Warrior,Sport,General Sport And Fitness,BGS,Biography,ADD_SECONDARY,Biography
9781446317853,Film Photographers Handbook - Compose Develop Print,The Arts,Art,AJ,Photography,ADD_SECONDARY,Photography
9781761382338,Taiwan Travelogue,Fiction,General Fiction,FYT,Translated Fiction,RECLASSIFY,Translated Fiction
9780063081390,Helping Hospital - A Community Helpers Book,Well Being,Childrens Well Being,YBC,Childrens Picture Books,ADD_SECONDARY,Childrens Picture Books
9781460769133,Teeth Kicker,Fiction,Crime Fiction,FH,Thriller,ADD_SECONDARY,Thriller
9780008696948,"Rebel and a Traitor - A Fugitive, the Manhunt and the Birth of the IRA",History And Politics,History,BGH,Biography,ADD_SECONDARY,Biography
9780008736798,Lifeboat at the End of the World - A Volunteer's Story,History And Politics,History,JKSW,Politics,ADD_SECONDARY,Politics
9781037405556,Orlando - Seven Sisters,Fiction,Historical Fiction,FRD,Romance,ADD_SECONDARY,Romance
9781038986634,Long Game Deluxe Limited Edition,Fiction,General Fiction,FRD,Romance,RECLASSIFY,Romance
9781038975966,Woman Missing,Fiction,Crime Fiction,FH,Thriller,ADD_SECONDARY,Thriller
9780008660895,Queen James - The Life and Loves of Britains First King,History And Politics,History,BGR,Biography,ADD_SECONDARY,Biography
9781775542735,Champions Do Extra - Lessons Learned in Footy to build a Winning Mindset,Sport,General Sport And Fitness,BGSA,Biography,ADD_SECONDARY,Biography
9781405292436,Girl with Two Dads,Well Being,Childrens Well Being,YBCS,Childrens Picture Books,ADD_SECONDARY,Childrens Picture Books
9781846436444,Balloonia,Well Being,Childrens Well Being,YBCS,Childrens Picture Books,ADD_SECONDARY,Childrens Picture Books
9781529502817,I Talk Like a River,Well Being,Childrens Well Being,YBCS,Childrens Picture Books,ADD_SECONDARY,Childrens Picture Books
9781916745322,Key Skills for Kids - Dyslexia,Well Being,Childrens Well Being,YQC,Childrens Picture Books,ADD_SECONDARY,Childrens Picture Books
9781738599509,Arohas Choice,Well Being,Childrens Well Being,YBC,Childrens Picture Books,ADD_SECONDARY,Childrens Picture Books
9780241733455,Amberglow Candy Store,Fiction,General Fiction,FM,Science Fiction and Fantasy,RECLASSIFY,Science Fiction and Fantasy
9781405290692,Mr Men Go To The Doctor,Well Being,Childrens Well Being,YBCH,Childrens Picture Books,ADD_SECONDARY,Childrens Picture Books
9781805225850,Crossing the Wine-Dark Sea - Journeys through Ancient Literature,Reference,General,HBLA,History,RECLASSIFY,History
9781923135444,German Ward,Fiction,General Fiction,FV,Historical Fiction,RECLASSIFY,Historical Fiction
9781804959602,Murder at Mount Fuji,Fiction,General Fiction,FF,Crime Fiction,RECLASSIFY,Crime Fiction
9781405975780,Killer on the Streets - 2 Samurai Detectives,Fiction,General Fiction,FFH,Crime Fiction,RECLASSIFY,Crime Fiction
9781805336297,Strange Buildings - 3 Strange Pictures,Fiction,General Fiction,FF,Crime Fiction,RECLASSIFY,Crime Fiction
9781805335399,Strange Pictures - 1 Strange Pictures,Fiction,General Fiction,FF,Crime Fiction,RECLASSIFY,Crime Fiction
9781805335375,Strange Houses - 2 Strange Pictures,Fiction,General Fiction,FF,Crime Fiction,RECLASSIFY,Crime Fiction
9781842125991,Ataturk - The Rebirth Of A Nation,History And Politics,History,JPHL,Politics,ADD_SECONDARY,Politics
9781646512010,Sailor Moon - 1 Naoko Takeuchi Collection,Fiction,Graphic Novels,FXA,Manga,ADD_SECONDARY,Manga
9781646512140,Sailor Moon - 2 Naoko Takeuchi Collection,Fiction,Graphic Novels,FXA,Manga,ADD_SECONDARY,Manga
9781646512461,Sailor Moon - 3 Naoko Takeuchi Collection,Fiction,Graphic Novels,FXA,Manga,ADD_SECONDARY,Manga
9781646512560,Sailor Moon - 4 Naoko Takeuchi Collection,Fiction,Graphic Novels,FXA,Manga,ADD_SECONDARY,Manga
9781646512577,Sailor Moon - 5 Naoko Takeuchi Collection,Fiction,Graphic Novels,FXA,Manga,ADD_SECONDARY,Manga
9781646513697,Sailor Moon - 6 Naoko Takeuchi Collection,Fiction,Graphic Novels,FXA,Manga,ADD_SECONDARY,Manga
9781646513710,Sailor Moon - 8 Naoko Takeuchi Collection,Fiction,Graphic Novels,FXA,Manga,ADD_SECONDARY,Manga
9781646513727,Sailor Moon - 9 Naoko Takeuchi Collection,Fiction,Graphic Novels,FXA,Manga,ADD_SECONDARY,Manga
9781646513734,Sailor Moon - 10 Naoko Takeuchi Collection,Fiction,Graphic Novels,FXA,Manga,ADD_SECONDARY,Manga
9781761353512,Mortons,Fiction,Crime Fiction,FH,Thriller,ADD_SECONDARY,Thriller
9780241776315,Permanence,Fiction,General Fiction,FRD,Romance,RECLASSIFY,Romance
9781405949002,Love Sex & Frankenstein,Fiction,Historical Fiction,FFH,Crime Fiction,ADD_SECONDARY,Crime Fiction
9780241961148,How the World Works,History And Politics,History,JPSL,Politics,ADD_SECONDARY,Politics
9780008640316,Adam and Eve,Fiction,Historical Fiction,FH,Thriller,ADD_SECONDARY,Thriller
9781529196009,It Could Have Been Her,Fiction,Crime Fiction,FH,Thriller,ADD_SECONDARY,Thriller
9781628861891,Housemaids Wedding - A Short Story,Fiction,Crime Fiction,FH,Thriller,ADD_SECONDARY,Thriller
9781805228677,What Happened to Liberal Democracy? Remaking a Politics of Shared Prosperity,History And Politics,History,JPA,Politics,ADD_SECONDARY,Politics
9780241648063,Caller Unknown,Fiction,Crime Fiction,FH,Thriller,ADD_SECONDARY,Thriller
9780241720530,Hide And Seek,Fiction,Crime Fiction,FH,Thriller,ADD_SECONDARY,Thriller
9780241795279,Taste For Murder,Fiction,Crime Fiction,FH,Thriller,ADD_SECONDARY,Thriller
9781761354601,Sink or Swim,Sport,General Sport And Fitness,BGSA,Biography,ADD_SECONDARY,Biography
9780349450452,Deal - 1 Off-Campus,Fiction,General Fiction,FRD,Romance,RECLASSIFY,Romance
9780349440842,Deal - 1 Off-Campus,Fiction,General Fiction,FRD,Romance,RECLASSIFY,Romance
9780349440859,Mistake - 2 Off-Campus,Fiction,General Fiction,FRD,Romance,RECLASSIFY,Romance
9780349440927,Score - 3 Off-Campus,Fiction,General Fiction,FRD,Romance,RECLASSIFY,Romance
9780349440873,Goal - 4 Off-Campus,Fiction,General Fiction,FRD,Romance,RECLASSIFY,Romance
9780349440897,Legacy - 5 Off-Campus,Fiction,General Fiction,FRD,Romance,RECLASSIFY,Romance
9781399727891,Stalins Apostles - The Cambridge Five And The Making Of The Soviet Empire,History And Politics,History,BGH,Biography,ADD_SECONDARY,Biography
9780857509642,Caretaker,Fiction,Science Fiction and Fantasy,FK,Horror,ADD_SECONDARY,Horror
9781804955994,Gone Before Goodbye,Fiction,Crime Fiction,FH,Thriller,ADD_SECONDARY,Thriller
9781398535558,Human Remains - 3 Kat and Lock,Fiction,Crime Fiction,FH,Thriller,ADD_SECONDARY,Thriller
9781035063895,Tonight the Music Seems So Loud - The Meaning of George Michael,The Arts,Music And Performing Arts,BGF,Biography,ADD_SECONDARY,Biography
9781405965439,One Golden Summer,Fiction,General Fiction,FRD,Romance,RECLASSIFY,Romance
9781398860643,Homer - The Iliad and The Odyssey - World Classics Library,Fiction,Classics,DCF,Poetry,ADD_SECONDARY,Poetry
9781399836807,Wake - 1 Buccmaster,Fiction,General Fiction,FC,Classics,RECLASSIFY,Classics
9781662536120,Reminders of Him,Fiction,General Fiction,FRD,Romance,RECLASSIFY,Romance
9781398567047,Fourth Option,Fiction,Crime Fiction,FH,Thriller,ADD_SECONDARY,Thriller
9781642281309,Get Your Back Back,Well Being,Health,VFJB,Psychology,ADD_SECONDARY,Psychology
9781911746010,Delicate Escape - 2 Sparrow Falls,Fiction,General Fiction,FR,Romance,RECLASSIFY,Romance
9781408728888,Deep End,Fiction,General Fiction,FRD,Romance,RECLASSIFY,Romance
9781421597713,Death Note - All-in-One Edition,Fiction,Graphic Novels,FXA,Manga,ADD_SECONDARY,Manga
9780300270211,Stephen Sondheim - Art Isnt Easy,The Arts,Music And Performing Arts,BGF,Biography,ADD_SECONDARY,Biography
9781421501697,Confluence - 2 Death Note,Fiction,Graphic Novels,FXA,Manga,ADD_SECONDARY,Manga
9781421501703,Hard Run - 3 Death Note,Fiction,Graphic Novels,FXA,Manga,ADD_SECONDARY,Manga
9781421503318,Love - 4 Death Note,Fiction,Graphic Novels,FXA,Manga,ADD_SECONDARY,Manga
9781421506265,Whiteout - 5 Death Note,Fiction,Graphic Novels,FXA,Manga,ADD_SECONDARY,Manga
9781421506272,Give and Take - 6 Death Note,Fiction,Graphic Novels,FXA,Manga,ADD_SECONDARY,Manga
9781421506289,Zero - 7 Death Note,Fiction,Graphic Novels,FXA,Manga,ADD_SECONDARY,Manga
9781421506296,Target - 8 Death Note,Fiction,Graphic Novels,FXA,Manga,ADD_SECONDARY,Manga
9781421506302,Contact - 9 Death Note,Fiction,Graphic Novels,FXA,Manga,ADD_SECONDARY,Manga
9781421511559,Deletion - 10 Death Note,Fiction,Graphic Novels,FXA,Manga,ADD_SECONDARY,Manga
9781421511788,Kindred Spirit - 11 Death Note,Fiction,Graphic Novels,FXA,Manga,ADD_SECONDARY,Manga
9781421513270,Finis - 12 Death Note,Fiction,Graphic Novels,FXA,Manga,ADD_SECONDARY,Manga
9781421518886,Death Note - How to Read,Fiction,Graphic Novels,FXA,Manga,ADD_SECONDARY,Manga
9781646514878,Attack on Titan Omnibus 6 - Volumes 16-18,Fiction,Graphic Novels,FXA,Manga,ADD_SECONDARY,Manga
9781646514885,Attack on Titan Omnibus 7 - Volumes 19-21,Fiction,Graphic Novels,FXA,Manga,ADD_SECONDARY,Manga
9781646514908,Attack on Titan Omnibus 9 - Volumes 25-27,Fiction,Graphic Novels,FXA,Manga,ADD_SECONDARY,Manga
9781646514922,Attack on Titan Omnibus 11 - Volumes 31-32,Fiction,Graphic Novels,FXA,Manga,ADD_SECONDARY,Manga
9781646514939,Attack on Titan Omnibus 12 - Volumes 33-34,Fiction,Graphic Novels,FXA,Manga,ADD_SECONDARY,Manga
9781421540184,"Fullmetal Alchemist - 1, 2 & 3",Fiction,Graphic Novels,FXA,Manga,ADD_SECONDARY,Manga
9781421540191,"Fullmetal Alchemist - 4, 5 & 6",Fiction,Graphic Novels,FXA,Manga,ADD_SECONDARY,Manga
9781421540207,"Fullmetal Alchemist - 7, 8 & 9",Fiction,Graphic Novels,FXA,Manga,ADD_SECONDARY,Manga
9781421554914,"Fullmetal Alchemist - 10, 11 & 12",Fiction,Graphic Novels,FXA,Manga,ADD_SECONDARY,Manga
9781421554921,"Fullmetal Alchemist - 13, 14 & 15",Fiction,Graphic Novels,FXA,Manga,ADD_SECONDARY,Manga
9781421554938,"Fullmetal Alchemist - 16, 17 & 18",Fiction,Graphic Novels,FXA,Manga,ADD_SECONDARY,Manga
9781421554945,"Fullmetal Alchemist - 19, 20 & 21",Fiction,Graphic Novels,FXA,Manga,ADD_SECONDARY,Manga
9781421554969,"Fullmetal Alchemist - 22, 23 & 24",Fiction,Graphic Novels,FXA,Manga,ADD_SECONDARY,Manga
9781421554976,"Fullmetal Alchemist - 25, 26 & 27",Fiction,Graphic Novels,FXA,Manga,ADD_SECONDARY,Manga
9781421520544,Invincible Under the Sun - 1 Vagabond,Fiction,Graphic Novels,FXA,Manga,ADD_SECONDARY,Manga
9781421522449,Enlightenment - 2 Vagabond,Fiction,Graphic Novels,FXA,Manga,ADD_SECONDARY,Manga
9781421522463,Infinite Universe - 4 Vagabond,Fiction,Graphic Novels,FXA,Manga,ADD_SECONDARY,Manga
9781421522470,Glimmering Waves - 5 Vagabond,Fiction,Graphic Novels,FXA,Manga,ADD_SECONDARY,Manga
9781421522807,Battlefield - 6 Vagabond,Fiction,Graphic Novels,FXA,Manga,ADD_SECONDARY,Manga
9781421522814,Vagabond - 7,Fiction,Graphic Novels,FXA,Manga,ADD_SECONDARY,Manga
9781421522821,Vagabond - 8,Fiction,Graphic Novels,FXA,Manga,ADD_SECONDARY,Manga
9781421523132,Vagabond - 9,Fiction,Graphic Novels,FXA,Manga,ADD_SECONDARY,Manga
9781421529158,Vagabond - 10,Fiction,Graphic Novels,FXA,Manga,ADD_SECONDARY,Manga
9781421549293,Vagabond - 11,Fiction,Graphic Novels,FXA,Manga,ADD_SECONDARY,Manga
9781421573342,Vagabond - 12,Fiction,Graphic Novels,FXA,Manga,ADD_SECONDARY,Manga
