isbn,title,bookscan_maincat,bookscan_subcat,bic_code,bic_tag,assessment,tags_to_add
9781787290358,My World,Sport,Cycling,BGSA,Biography,MISMATCH,
9781988516844,Big O - The Life and Times of Olsen Filipaina,Sport,Rugby,BGS,Biography,MISMATCH,
9781472252470,Pride and Passion -  My Autobiography,Sport,Rugby,BGSA,Biography,MISMATCH,
9781399830379,Black Box Thinking - Growth Mindset And The Secrets Of High Performance,Sport,General Sport And Fitness,VSP,Psychology,MISMATCH,
9780143566397,I Claudius - Popular Penguins,Fiction,Classics,FA,General Fiction,MISMATCH,
9780241458884,Fall,Fiction,Classics,FA,General Fiction,MISMATCH,
9780241986608,Case Book Of Sherlock Holmes,Fiction,Classics,FFC,Crime Fiction,MISMATCH,
9781509852956,Communist Manifesto And Selected Writings - Macmillan Collectors Library,Fiction,Classics,JPFC,Politics,MISMATCH,
9781509826780,Tiger in The Smoke - Macmillan Collectors Library,Fiction,Classics,FFC,Crime Fiction,MISMATCH,
9781509827695,On the Origin of Species - Macmillan Collectors Library,Fiction,Classics,PSAJ,General Science,MISMATCH,
9780099572961,Little Women,Fiction,Classics,YFA,Childrens Fiction,MISMATCH,
9780241472408,Anarchist Communism,Fiction,Classics,JPFB,Politics,MISMATCH,
9780939680634,Secrets Of Mayan Science Religion,Well Being,New Age,JFHF,Sociology,MISMATCH,
9781590308820,Taoism - An Essential Guide,Well Being,New Age,HRKN5,Religion,MISMATCH,
9781784161859,Short History Of Nearly Everything,History And Politics,History,PDZ,General Science,MISMATCH,
9781780191386,Art And Architecture Of The Incas,The Arts,Architecture,HBJK,History,MISMATCH,
9781509852697,Yorkshire Shepherdess - 3 Adventures Of The Yorkshire Shepherdess,Travel,Travel Literature,BM,Biography,MISMATCH,
9780789496904,Fertility And Conception - A Complete Guide To Getting Pregnant,Well Being,Family,VFJ,Psychology,MISMATCH,
9781529112214,Magdalena - River Of Dreams A Story Of Colombia,Travel,Travel Literature,WTL,Travel Guides,MISMATCH,
9780007216857,Year of Magical Thinking,Well Being,Psychology,BGA,Biography,MISMATCH,
9781785043352,Untamed - Stop Pleasing Start Living,Well Being,Psychology,BM,Biography,MISMATCH,
9781788166515,Dictionary Of Omens And Superstitions,Well Being,New Age,JFHF,Sociology,MISMATCH,
9781760526139,Dog,Fiction,Graphic Novels,YBC,Childrens Picture Books,MISMATCH,
9781988547602,Im In A United State,Travel,Travel Literature,BM,Biography,MISMATCH,
9781788167451,Essex Girls - For Profane And Opinionated Women Everywhere,Biographies,Essays,BM,Biography,MISMATCH,
9780711245082,Great Pilgrimage Sites Of Europe,Travel,Travel Literature,HRC,Religion,MISMATCH,
9780241464625,Unquiet,Biographies,Biography,FA,General Fiction,MISMATCH,
9780241440766,Call Of The Wild - Green Puffin Classics,Fiction,Classics,YFP,Childrens Fiction,MISMATCH,
9780241440735,Wind in the Willows - Green Puffin Classics,Fiction,Classics,YFA,Childrens Fiction,MISMATCH,
9780241440759,Jungle Book - Green Puffin Classics,Fiction,Classics,YFA,Childrens Fiction,MISMATCH,
9781250193537,Displacement,Fiction,Graphic Novels,YFW,Childrens Fiction,MISMATCH,
9780571340224,Days Without End - 1 Days Without End,Fiction,Historical Fiction,FA,General Fiction,MISMATCH,
9781784751371,Outlander - 1 Outlander,Fiction,Historical Fiction,FA,General Fiction,MISMATCH,
9781760760755,Art Of Cake - The Creme de la Creme of the World's Favourite Desserts,Well Being,Food And Beverage,JFCV,Sociology,MISMATCH,
9780008244453,Wolf Within - The Astonishing Evolution Of Mans Best Friend,Sciences,Environment,PDZ,General Science,MISMATCH,
9781787835658,Conspiracy Theories - A Compendium of History's Greatest Mysteries and More Recent Cover-Ups,History And Politics,History,JFHC,Sociology,MISMATCH,
9781472272324,Subterranea - Discovering The Earths Extraordinary Hidden Depths,Sciences,General Science,WTR,Travel Literature,MISMATCH,
9781914240348,Women Dont Owe You Pretty - The Small Edition,Well Being,Gender,BM,Biography,MISMATCH,
9781398504653,Men Who Hate Women - From Incels To Pickup Artists The Truth About Extreme Misogyny And How It Affects Us All,Well Being,Gender,JFFK,Sociology,MISMATCH,
9781779504210,Superman Smashes the Klan,Fiction,Graphic Novels,YF,Childrens Fiction,MISMATCH,
9781909889347,Granta 152 -  Still Life,Biographies,Essays,DQ,General Fiction,MISMATCH,
9781783783007,Summer Isles -  A Voyage of the Imagination,Travel,Travel Literature,WTL,Travel Guides,MISMATCH,
9781785786266,Chip Shop in Poznan -  My Unlikely Year in Poland,Travel,Travel Literature,WTL,Travel Guides,MISMATCH,
9781784424206,Veteran Motor Cars,,Motoring and Transport,WGCB,Gardening,MISMATCH,
9780785838395,365 AircrAircraft You Must Fly,,Motoring and Transport,HBW,History,MISMATCH,
9781760761325,2020 - The Year That Changed Us,Sciences,Philosophy,JF,Sociology,MISMATCH,
9781472979575,Madness Of Crowds - Gender Race And Identity,History And Politics,History,JFFL,Sociology,MISMATCH,
9781409523932,Animals - Babies Very First Black And White Books,Children,Books For Babies,YFY,Childrens Fiction,MISMATCH,
9781409535768,Faces - Babies Very First Black And White Books,Children,Books For Babies,YBCB,Childrens Picture Books,MISMATCH,
9780008304966,Lowly Worms ABC,Children,Childrens Picture Books,YBLA,Childrens Non Fiction,MISMATCH,
9780007491650,Best First Book Ever,Children,Childrens Picture Books,YBL,Childrens Non Fiction,MISMATCH,
9781408896532,Pravda Ha Ha - True Travels to the End of Europe,Travel,Travel Literature,BGL,Biography,MISMATCH,
9781776563227,This Is Not A Pipe,Fiction,Poetry,FX,Graphic Novels,MISMATCH,
9781472247872,Flight,,Motoring and Transport,PDZ,General Science,MISMATCH,
9780241408407,Women Race And Class,Well Being,Gender,JFSJ1,Sociology,MISMATCH,
9781760760847,Resident Dog - Incredible Homes and the Dogs That Live There,The Arts,Architecture,AJ,Photography,MISMATCH,
9781775435778,Chinatown Girl - My New Zealand Story,Children,Childrens Non Fiction,YFT,Childrens Fiction,MISMATCH,
9780473528874,Go Fast Or Go Home The Garth Hogan Story,,Motoring and Transport,BG,Biography,MISMATCH,
9781838690434,Perfect Shot,Travel,Travel Literature,WTM,Travel Guides,MISMATCH,
9781782218159,Pocket Guide to Calligraphy,The Arts,Craft,WFU,Fashion,MISMATCH,
9781529032628,Art Of Solitude -  Selected Writings,Fiction,Classics,DQ,General Fiction,MISMATCH,
9781846681325,Complications - A Surgeons Notes On An Imperfect Science,Well Being,Psychology,BGA,Biography,MISMATCH,
9780545208871,Last Council - Amulet 4,Fiction,Graphic Novels,YFW,Childrens Fiction,MISMATCH,
9780593094396,Little Engine That Could - 90th Anniversary Edition,Children,Childrens Picture Books,YNM,Childrens Non Fiction,MISMATCH,
9781846149443,Smoke and Mirrors -  Cars Photography and Dreams of the Open Road,,Motoring and Transport,AJC,Photography,MISMATCH,
9780241977521,On The Plain Of Snakes -  A Mexican Road Trip,Travel,Travel Literature,WTH,Travel Guides,MISMATCH,
9780241376942,Cousins,Fiction,Teen Fiction,YFCB,"Childrens Fiction, Thriller",MISMATCH,
9781761040900,Un Cook Yourself - A Ratbags Rules for Life,Well Being,Humour,VSPM,Psychology,MISMATCH,
9780008328269,Smallest Lights In The Universe,Sciences,General Science,BGA,Biography,MISMATCH,
9781742997001,Possum Magic Baby Book New Edition,Children,Books For Babies,YBC,Childrens Picture Books,MISMATCH,
9781743795828,"Sustainable House Handbook -  How to plan and build an affordable, energy-efficient and waterwise home for the future",The Arts,Architecture,WKD,General Sport And Fitness,MISMATCH,
9781406385557,House By The Lake - The Story of a Home and a Hundred Years of History,Children,Childrens Picture Books,YNH,Childrens Non Fiction,MISMATCH,
9780141368887,Outsiders,Fiction,Teen Fiction,YFB,Childrens Fiction,MISMATCH,
9781406391725,Wonderscape,Fiction,Teen Fiction,YFH,Childrens Fiction,MISMATCH,
9781741254181,Naplan Style Literacy Tests,Children,Study And Education,YQC,Childrens Picture Books,MISMATCH,
9781925243666,Party - Reading Eggs Bath Book,Children,Books For Babies,YBLC,Childrens Non Fiction,MISMATCH,
9781847178190,Rugby Flyer -  Haunting History Thrilling Tries,Sport,Rugby,YFR,Childrens Fiction,MISMATCH,
9781847178190,Rugby Flyer -  Haunting History Thrilling Tries,Fiction,Teen Fiction,YFR,Childrens Fiction,MISMATCH,
9781847178190,Rugby Flyer -  Haunting History Thrilling Tries,Children,Childrens Non Fiction,YFR,Childrens Fiction,MISMATCH,
9780008262693,Seussisms - The Wisdom Of Dr Seuss,Well Being,Psychology,YBCH,Childrens Picture Books,MISMATCH,
9780008381684,Bring Up The Bodies - 2 The Wolf Hall Trilogy,Fiction,Historical Fiction,FA,General Fiction,MISMATCH,
9781775594321,Life Of Extremes - The Life And Times Of A Polar Filmmaker,Travel,Travel Literature,AJG,Photography,MISMATCH,
9780241459997,Peter Rabbit Snuggle Set,Children,Books For Babies,YBCS,Childrens Picture Books,MISMATCH,
9780241373354,Secret Commonwealth - 2 Book of Dust,Fiction,Teen Fiction,YFH,Childrens Fiction,MISMATCH,
9780857524201,Bill Brysons African Diary,Travel,Travel Literature,WTL,Travel Guides,MISMATCH,
9781786632661,Glitch Feminism -  A Manifesto,Biographies,Essays,JFFK,Sociology,MISMATCH,
9781787394926,Heroines of Olympus - Women of Greek Mythology,History And Politics,Mythology,JFHF,Sociology,MISMATCH,
9781911547662,In The Kitchen - Essays on food and life,Well Being,Food And Beverage,JFCV,Sociology,MISMATCH,
9781787300521,Orwell On Truth,Sciences,Philosophy,JPVH2,Politics,MISMATCH,
9780241365854,La Belle Sauvage - 1 Book Of Dust,Fiction,Teen Fiction,YFH,Childrens Fiction,MISMATCH,
9780755501618,Gone - 1 Gone Series,Fiction,Teen Fiction,YFCB,"Childrens Fiction, Thriller",MISMATCH,
9780451479914,Jane Austens Pride And Prejudice - A Book To Table Classic,Fiction,Classics,YF,Childrens Fiction,MISMATCH,
9780241967874,Landmarks,Travel,Travel Literature,HBTP,History,MISMATCH,
9780007590094,Beowulf - A Translation and Commentary Together with Sellic Spell,Fiction,Science Fiction and Fantasy,FQ,General Fiction,MISMATCH,
9781760973223,Smile - Collectors Edition,Fiction,Graphic Novels,YFW,Childrens Fiction,MISMATCH,
9781840226881,Wealth Of Nations,Sciences,Philosophy,KCA,Economics,MISMATCH,
9780763631611,Secret Garden,Fiction,Classics,FA,General Fiction,MISMATCH,
9781454938040,Secret Garden,Fiction,Classics,YFA,Childrens Fiction,MISMATCH,
9781631062506,Little Princess,Fiction,Classics,YFA,Childrens Fiction,MISMATCH,
9781631062513,Wind in the Willows,Fiction,Classics,YFA,Childrens Fiction,MISMATCH,
9781631061714,Essential Grimms Fairy Tales,Fiction,Classics,FQ,General Fiction,MISMATCH,
9781786571984,Unfolding Journeys - Following The Great Wall,Children,Childrens Non Fiction,YBGP,Books For Babies,MISMATCH,
9780141014593,Blink - The Power Of Thinking Without Thinking,Sciences,General Science,VSP,Psychology,MISMATCH,
9780753556672,Guy Martin - When You Dead You Dead,,Motoring and Transport,BGSA,Biography,MISMATCH,
9780241387054,Myths And Legends - An Illustrated Guide To Their Origins And Meanings,History And Politics,Mythology,JFHF,Sociology,MISMATCH,
9780751549256,Cuckoos Calling - 1 Cormoran Strike,Fiction,Crime Fiction,FA,General Fiction,MISMATCH,
9781460757161,Phosphorescence,Well Being,Psychology,BM,Biography,MISMATCH,
9780008355562,Think Like A Monk,Well Being,Psychology,JFSR,Sociology,MISMATCH,
9781775500056,Victory At Point 209,Fiction,Graphic Novels,YFW,Childrens Fiction,MISMATCH,
9780857087454,How To Talk To Absolutely Anyone - Confident Communication For Work Life And Relationships,Sciences,Business,VSP,Psychology,MISMATCH,
9781782409571,Lizards of the World - A Guide to Every Family,Sciences,Environment,PSVP,General Science,MISMATCH,
9781782407584,Mindfulness In Knitting,Well Being,Psychology,WFBS,Craft,MISMATCH,
9780241501214,English Pastoral - An Inheritance,Travel,Travel Literature,VFJX,Psychology,MISMATCH,
9781607109471,Aesops Fables,Fiction,Classics,YFA,Childrens Fiction,MISMATCH,
9781913679231,Great Railway Journeys in New Zealand And Australia,Travel,Travel Literature,WTH,Travel Guides,MISMATCH,
9781913679231,Great Railway Journeys in New Zealand And Australia,,Motoring and Transport,WTH,Travel Guides,MISMATCH,
9780008403492,Narrative of the Life of Frederick Douglass,Fiction,Classics,BGHA,Biography,MISMATCH,
9780143770350,Aotearoa,Children,Childrens Non Fiction,YBC,Childrens Picture Books,MISMATCH,
9781405940368,Heroes - The Myths Of The Ancient Greek Heroes Retold,History And Politics,Mythology,FQ,General Fiction,MISMATCH,
9781405934138,Mythos - A Retelling Of The Myths Of Ancient Greece,History And Politics,Mythology,FQ,General Fiction,MISMATCH,
9780525534822,Book Of Joy Journal - A 365 Day Companion,Well Being,New Age,VS,Psychology,MISMATCH,
9781526619211,Norse Mythology,History And Politics,Mythology,FQ,General Fiction,MISMATCH,
9781927262290,Little Bo Peep And More,Children,Books For Babies,YBCB,Childrens Picture Books,MISMATCH,
9781984816122,Boy Who Harnessed The Wind,Biographies,Biography,YF,Childrens Fiction,MISMATCH,
9781408870587,Why I'm No Longer Talking To White People About Race,History And Politics,Politics,JFFJ,Sociology,MISMATCH,
9780241289129,Breath - New Science Of A Lost Art,Well Being,Health,PDZ,General Science,MISMATCH,
9780545942201,Lost Heir - 2 Wings Of Fire - Graphix,Fiction,Graphic Novels,YFW,Childrens Fiction,MISMATCH,
9781338344059,Hidden Kingdom - 3 Wings of Fire Graphix,Fiction,Graphic Novels,YFW,Childrens Fiction,MISMATCH,
9780545581608,Adventures Of Dog Man - 1 Adventures Of Dog Man,Fiction,Graphic Novels,YFQ,Childrens Fiction,MISMATCH,
9781407194530,Naughty Narwhal,Children,Childrens Picture Books,YFB,Childrens Fiction,MISMATCH,
9781407199924,Ugly Five - Book And CD,Children,Childrens Picture Books,YFB,Childrens Fiction,MISMATCH,
9781743621752,Very Hungry Bear,Children,Books For Babies,YBC,Childrens Picture Books,MISMATCH,
9780711249523,Story Orchestra - Carnival Of The Animals,Children,Childrens Picture Books,YBGT1,Books For Babies,MISMATCH,
9781786030689,Story Orchestra - The Nutcracker,Children,Childrens Picture Books,YBGT1,Books For Babies,MISMATCH,
9781786030931,Story Orchestra - The Sleeping Beauty,Children,Childrens Picture Books,YBGT1,Books For Babies,MISMATCH,
9780141364094,Tower of Nero - 5 The Trials of Apollo,Fiction,Teen Fiction,YFH,Childrens Fiction,MISMATCH,
9781925321814,Brains Way Of Healing - Remarkable Discoveries And Recoveries From The Frontiers Of Neuroplasticity,Well Being,Psychology,PSAN,General Science,MISMATCH,
9781921372742,Brain That Changes Itself - Stories Of Personal Triumph FromThe Frontiers Of Brain Science,Well Being,Psychology,PDZ,General Science,MISMATCH,
9781784708283,21 Lessons For The 21st Century,Sciences,General Science,HBLX,History,MISMATCH,
9781784758578,Erebus - The Story Of A Ship,Travel,Travel Literature,RGR,Environment,MISMATCH,
9781775503996,Porangi Boy,Fiction,Teen Fiction,YFB,Childrens Fiction,MISMATCH,
9781776572663,Inkberg Enigma,Fiction,Graphic Novels,YFW,Childrens Fiction,MISMATCH,
9781925820577,Fearless Footsteps - True Stories That Capture The Spirit Of Adventure,Travel,Travel Literature,WTLC,Travel Guides,MISMATCH,
9780099590088,Sapiens - A Brief History Of Humankind,Sciences,General Science,HBG,History,MISMATCH,
9780241379400,Changing Mind - A Neuroscientists Guide To Ageing Well,Well Being,Psychology,PDZ,General Science,MISMATCH,
9780241438091,Stephen Hawking - A Memoir Of Friendship And Physics,Sciences,General Science,BM,Biography,MISMATCH,
9780143504863,Slinky Malinki,Children,Books For Babies,YBCS,Childrens Picture Books,MISMATCH,
9781877517990,In The Garden - Explore And Discover The New Zealand Backyard,Children,Childrens Fiction,YNNR,Childrens Non Fiction,MISMATCH,
9781785216169,Slow Tech - The Perfect Antidote To Todays Digital World,The Arts,Craft,WFV,Fashion,MISMATCH,
9781623261177,Distant Shores -  Surfing the Ends of the Earth,Sport,General Sport And Fitness,AJCR,Photography,MISMATCH,
9781927262917,Great Kiwi ABC Book,Children,Books For Babies,YBLA,Childrens Non Fiction,MISMATCH,
9780007531141,Best Counting Book Ever,Children,Childrens Picture Books,YBLC,Childrens Non Fiction,MISMATCH,
9780007546367,Busiest People Ever,Children,Childrens Picture Books,YBL,Childrens Non Fiction,MISMATCH,
9780007357383,Cars And Trucks And Things That Go,Children,Childrens Picture Books,YBL,Childrens Non Fiction,MISMATCH,
9780008409302,Times Great Events 200 Years of History as it Happened,History And Politics,History,KNTJ,Business,MISMATCH,
9780008382209,What Well Build - Plans For Our Together Future,Children,Childrens Picture Books,YFN,Childrens Fiction,MISMATCH,
9781742971254,Crazy Cousins - 1 Hey Jack,Children,Childrens Picture Books,YFB,Childrens Fiction,MISMATCH,
9781776572984,Egg And Spoon - An Illustrated Cookbook,Well Being,Food And Beverage,YNPC,Childrens Non Fiction,MISMATCH,
9780143773443,I Am The Universe,Children,Childrens Picture Books,YNTS,Childrens Non Fiction,MISMATCH,
9781529110630,Another Now - Dispatches From An Alternative Present,Sciences,Philosophy,KCA,Economics,MISMATCH,
9780995117440,Alex - The Quartet,Fiction,Teen Fiction,YN,Childrens Non Fiction,MISMATCH,
9781760652210,Brasswitch And Bot - 1 Rise Of The Remarkables,Fiction,Teen Fiction,YF,Childrens Fiction,MISMATCH,
9781988547787,How To Walk A Dog,Sciences,Environment,BM,Biography,MISMATCH,
9781784162849,Lost Pianos Of Siberia,Travel,Travel Literature,WTL,Travel Guides,MISMATCH,
9781922268570,Pluses And Minuses - How Maths Solves Our Problems,Sciences,Economics,PB,General Science,MISMATCH,
9781788160414,x+y  A Mathematicians Manifesto for Rethinking Gender,Well Being,Gender,PDZ,General Science,MISMATCH,
9780241420676,Peekaboo Monsters - Pop Up,Children,Childrens Picture Books,YBGT,Books For Babies,MISMATCH,
9780241308295,Living With The Gods,History And Politics,Mythology,HRAX,Religion,MISMATCH,
9780141986258,Living With The Gods - On Beliefs And Peoples,History And Politics,Mythology,HRAX,Religion,MISMATCH,
9780241324325,Peter Rabbit 123 - A Counting Book,Children,Books For Babies,YBCH,Childrens Picture Books,MISMATCH,
9780241324332,Peter Rabbit - Hello Peter,Children,Books For Babies,YBCH,Childrens Picture Books,MISMATCH,
9781406361841,Norse Myths - Tales Of Odin Thor And Loki,History And Politics,Mythology,YFJ,Childrens Fiction,MISMATCH,
9781447268970,Station Eleven,Fiction,Science Fiction and Fantasy,FA,General Fiction,MISMATCH,
9781911641018,Remarkable Road Trips,Travel,Travel Literature,WT,Travel Guides,MISMATCH,
9781509843527,Range - How Generalists Triumph In A Specialized World,Sciences,Business,VSC,Psychology,MISMATCH,
9781788683029,Curiosities And Splendour - An Anthology Of Classic Travel Literature,Travel,Travel Literature,WTLC,Travel Guides,MISMATCH,
9781925240702,Between The World And Me,Biographies,Biography,HBTB,History,MISMATCH,
9781743836811,Ballad Of Songbirds And Snakes - 4 Hunger Games,Fiction,Teen Fiction,YFG,Childrens Fiction,MISMATCH,
9781775541561,This Is Not How It Ends,Well Being,Psychology,BM,Biography,MISMATCH,
9781775541332,Rich Enough - A Laid Back Guide For Every Kiwi,Sciences,Business,VSB,Psychology,MISMATCH,
9781509873142,Pandoras Jar - Women in the Greek Myths,Fiction,Poetry,HBLA1,History,MISMATCH,
9781907411755,Wishing Spell - 1 Land Of Stories,Biographies,Biography,YFB,Childrens Fiction,MISMATCH,
9781472252302,Year of Wonder -  Classical Music for Every Day,Sciences,Environment,AVGC,Music And Performing Arts,MISMATCH,
9781529378771,Burning The Books - A History Of Knowledge Under Attack,Biographies,Biography,HBG,History,MISMATCH,
9780349006208,Lab Girl - A Story Of Trees Science Love,Sciences,Environment,BM,Biography,MISMATCH,
9781409313731,Im A New Big Sister - A Princess Polly Book,Children,Childrens Picture Books,YBL,Childrens Non Fiction,MISMATCH,
9781784945091,Woodland Whittling,The Arts,Craft,WFS,Fashion,MISMATCH,
9780091955106,Life Changing Magic Of Tidying,Well Being,Psychology,WK,General Sport And Fitness,MISMATCH,
9781509523016,Geography - Why It Matters,History And Politics,History,RG,Environment,MISMATCH,
9781406360196,Stormbreaker - 1 Alex Rider,Fiction,Teen Fiction,YFC,Childrens Fiction,MISMATCH,
9781789290479,My Four Seasons in France -  A Year of the Good Life,Travel,Travel Literature,BM,Biography,MISMATCH,
9781783784950,Hiking With Nietzsche - Becoming Who You Are,Travel,Travel Literature,WTL,Travel Guides,MISMATCH,
9781784706289,Invisible Women,Well Being,Gender,JFFJ,Sociology,MISMATCH,
9780571360185,Gender Swapped Fairy Tales,Well Being,Gender,JFHF,Sociology,MISMATCH,
9783899558456,Tales Of The Rails - Legendary Train Routes of the World,,Motoring and Transport,YNTR,Childrens Non Fiction,MISMATCH,
9780473406332,Pitbull Returns - 2 Dragon Defenders,Children,Childrens Fiction,FJ,General Fiction,MISMATCH,
9781408893210,Utopia For Realists - And How We Can Get There,Sciences,Philosophy,JFCX,Sociology,MISMATCH,
9780995133877,My Little Book Of Bugs,Children,Books For Babies,YBCB,Childrens Picture Books,MISMATCH,
9781787301405,Orwell On Freedom,Sciences,Philosophy,JPV,Politics,MISMATCH,
9781473687936,Threads Of Life - A History Of The World Through The Eye Of A Needle,Biographies,Biography,WFBC,Craft,MISMATCH,
9781405291545,Villain - 8 Gone,Fiction,Teen Fiction,YFG,Childrens Fiction,MISMATCH,
9781405294669,Hero - 3 Monster,Fiction,Teen Fiction,YFG,Childrens Fiction,MISMATCH,
9780755501663,Light - 6 Gone,Fiction,Teen Fiction,YFCB,"Childrens Fiction, Thriller",MISMATCH,
9781405284837,Monster,Fiction,Teen Fiction,YFCB,"Childrens Fiction, Thriller",MISMATCH,
9781783962433,Prisoners Of Geography - Ten Maps That Tell You Everything You Need to Know About Global Politics,History And Politics,History,RGCP,Environment,MISMATCH,
9781406386769,Were Going On A Bear Hunt - 30th Anniversary Edition,Children,Books For Babies,YBCS,Childrens Picture Books,MISMATCH,
9781406379242,Scythe - 1 Arc Of A Scythe,Fiction,Teen Fiction,YFM,"Childrens Fiction, Romance",MISMATCH,
9781783963034,Worth Dying For - The Power And Politics Of Flags,History And Politics,Politics,GTJ,Maps,MISMATCH,
9780007452880,Sharpes Siege - 18 Sharpe Series,Fiction,Historical Fiction,FJMC,General Fiction,MISMATCH,
9781783964451,Shadowplay - Behind The Lines And Under Fire - The Inside Story Of Europes Last War,History And Politics,Politics,HBW,History,MISMATCH,
9781775593553,Going By Train - The Complete New Zealand Railways Story,,Motoring and Transport,WGF,Gardening,MISMATCH,
9780141018881,Social Contract - Penguin Great Ideas,Sciences,Philosophy,JPA,Politics,MISMATCH,
9780141192536,We Will All Go Down Fighting to the End - Penguin Great Ideas,History And Politics,Politics,BGH,Biography,MISMATCH,
9780241453575,Digital Minimalism - On Living Better With Less Technology,Sciences,General Science,VS,Psychology,MISMATCH,
9780224091626,Sports Gene - Talent Practice and the Truth About Success,Sport,General Sport And Fitness,PDZ,General Science,MISMATCH,
9780857080097,Art Of War,Sciences,Philosophy,VSC,Psychology,MISMATCH,
9781869664916,New Zealand Adventures By Rail,,Motoring and Transport,WTL,Travel Guides,MISMATCH,
9781472979575,Madness Of Crowds - Gender Race And Identity,Well Being,Gender,JFFL,Sociology,MISMATCH,
9780723263586,Spot Bakes A Cake,Children,Books For Babies,YBC,Childrens Picture Books,MISMATCH,
9780723263654,Spot Goes On Holiday,Children,Books For Babies,YBCH,Childrens Picture Books,MISMATCH,
9780723263609,Spot Goes To School,Children,Books For Babies,YFB,Childrens Fiction,MISMATCH,
9780723286424,Spot Goes Shopping,Children,Books For Babies,YBCH,Childrens Picture Books,MISMATCH,
9780723266990,Spot Goes To The Library,Children,Books For Babies,YBCH,Childrens Picture Books,MISMATCH,
9780241324271,Peter Rabbit Tales - Happy Birthday,Children,Books For Babies,YBCH,Childrens Picture Books,MISMATCH,
9780241411780,Wheres Spot - Book And Toy Gift Set,Children,Books For Babies,YBCB,Childrens Picture Books,MISMATCH,
9780241446850,Wheres Spot,Children,Childrens Picture Books,YBGT,Books For Babies,MISMATCH,
9780141343792,Spot Can Count,Children,Childrens Picture Books,YBLC,Childrens Non Fiction,MISMATCH,
9780723263401,Wheres Spot,Children,Childrens Picture Books,YBGT,Books For Babies,MISMATCH,
9780241426128,Wheres Spot - 40th Anniversary Edition,Children,Childrens Picture Books,YBGP,Books For Babies,MISMATCH,
9780241247921,Spots Big Look And Learn Book,Children,Childrens Picture Books,YBL,Childrens Non Fiction,MISMATCH,
9780723270706,Peter Rabbit Bathtime Fun,Children,Books For Babies,YBL,Childrens Non Fiction,MISMATCH,
9780241003008,Very Hungry Caterpillar - Board Book,Children,Books For Babies,YBC,Childrens Picture Books,MISMATCH,
9780141356594,Peter Rabbits Bedtime Tales,Children,Childrens Picture Books,YBL,Childrens Non Fiction,MISMATCH,
9781633220843,My Sunflower - A Pop-Up Book From Seed To Sunflower,Children,Childrens Picture Books,YBGP,Books For Babies,MISMATCH,
9780241373323,Unicorn - Pop Up Peekaboo,Children,Childrens Picture Books,YBGP,Books For Babies,MISMATCH,
9780241317075,Numbers - Pop Up Peekaboo,Children,Childrens Picture Books,YBLC,Childrens Non Fiction,MISMATCH,
9780241411117,Baby Animals - Pop Up Peekaboo,Children,Childrens Picture Books,YBGP,Books For Babies,MISMATCH,
9780241317068,First Words - Pop Up Peekaboo,Children,Childrens Picture Books,YBLA1,Childrens Non Fiction,MISMATCH,
9780241388402,Wake Up Farm - Pop Up Peekaboo,Children,Childrens Picture Books,YNNF,Childrens Non Fiction,MISMATCH,
9781408885246,JK Rowlings Wizarding World - A Pop-Up Gallery Of Curiosities,Children,Childrens Picture Books,YFH,Childrens Fiction,MISMATCH,
9781442445741,Have You Seen My Cat - Ready To Read Reader,Children,Childrens Picture Books,YFP,Childrens Fiction,MISMATCH,
9781481409179,Walter The Baker - Ready To Read Reader,Children,Childrens Picture Books,YF,Childrens Fiction,MISMATCH,
9781408891957,Norse Mythology,History And Politics,Mythology,FQ,General Fiction,MISMATCH,
9781840226997,Capital - Volumes One and Two,Sciences,Philosophy,JPFC,Politics,MISMATCH,
9781460757406,Woman Who Changed Her Brain - Revised Edition,Well Being,Psychology,PDZ,General Science,MISMATCH,
9781783783977,To The Lake - A Balkan Journey Of War And Peace,Travel,Travel Literature,WTL,Travel Guides,MISMATCH,
9781612681122,Rich Dad Poor Dad - What the Rich Teach Their Kids About Money That the Poor and Middle Class Do Not!,Sciences,Business,VSB,Psychology,MISMATCH,
9781529030693,Gospel Of The Eels - A Father A Son And the Worlds Most Enigmatic Fish,Sciences,Environment,JFFZ,Sociology,MISMATCH,
9781626720831,Mars Challenge,Fiction,Graphic Novels,YFW,Childrens Fiction,MISMATCH,
9781607107293,Secret Garden,Fiction,Classics,FA,General Fiction,MISMATCH,
9781684122882,Wuthering Heights,Fiction,Classics,FA,General Fiction,MISMATCH,
9781524859503,LEWSER - More Doonesbury in the Time of Trump,Fiction,Graphic Novels,WHC,Humour,MISMATCH,
9781509532322,Literature - Why It Matters,Sciences,Philosophy,DSB,Classics,MISMATCH,
9780730397533,Barefoot Investor,Sciences,Business,VSB,Psychology,MISMATCH,
9781509894901,Sex Robots And Vegan Meat - Adventures At The Frontier Of Birth Food Sex And Death,Sciences,Environment,BGT,Biography,MISMATCH,
9781474611244,How To Argue With A Racist - History Science Race And Reality,History And Politics,Politics,PSAK,General Science,MISMATCH,
9781250181985,You Cant Spell Truth Without Ruth - An Unauthorized Collection Of Witty And Wise Quotes From The Queen Of Supreme Ruth Bader Ginsburg,History And Politics,Politics,BG,Biography,MISMATCH,
9780500651827,Train Journey - A Pop up History of Rail Travel,Children,Childrens Picture Books,YBGP,Books For Babies,MISMATCH,
9781741177329,Rainbow Atlas - A Guide to the World's 500 Most Colourful Places,Travel,Travel Literature,WTD,Travel Guides,MISMATCH,
9781406387476,Secret Weapon - 12 Short Stories,Fiction,Teen Fiction,YFC,Childrens Fiction,MISMATCH,
9781509529704,Theology and Religion - Why It Matters,Sciences,Philosophy,HRLB,Religion,MISMATCH,
9780099561361,Stalingrad,Fiction,Classics,FV,Historical Fiction,MISMATCH,
9780241350386,Ecology Book - Big Ideas Simply Explained,Sciences,Environment,PSAF,General Science,MISMATCH,
9781922330192,Memory Of Babel - 3 Mirror Visitor,Fiction,Teen Fiction,YFH,Childrens Fiction,MISMATCH,
9780062449658,House Without Windows - A Novel,Fiction,Teen Fiction,FA,General Fiction,MISMATCH,
9780143775065,Beyond Burnout - How to Spot It Stop It and Stamp It Out,Well Being,Psychology,KJMV2,Business,MISMATCH,
9781631065064,Twelve Years a Slave,Fiction,Classics,HBTS,History,MISMATCH,
9780241449455,Wreck This Picture Book,Children,Childrens Picture Books,YNA,Childrens Non Fiction,MISMATCH,
9781509890057,"Promise Me Dad -  A Year of Hope, Hardship, and Purpose",History And Politics,Politics,BM,Biography,MISMATCH,
9781988547626,Shit Moments In New Zealand Sport,Sport,General Sport And Fitness,WH,Humour,MISMATCH,
9781529040517,Counting Creatures,Children,Childrens Picture Books,YBGT,Books For Babies,MISMATCH,
9781999747145,Big Ideas For Curious Minds - An Introduction To Philosophy,Sciences,Philosophy,YN,Childrens Non Fiction,MISMATCH,
9781786270542,Read This If You Want To Be Great At Drawing,The Arts,Art,WFA,Fashion,MISMATCH,
9781786496478,Scoff -  A History of Food and Class in Britain,Well Being,Food And Beverage,HBJD1,History,MISMATCH,
9781782407706,Mindfulness And The Art Of Drawing - A Creative Path To Awareness,The Arts,Art,VS,Psychology,MISMATCH,
9781847495730,Secret Garden,Fiction,Classics,YFA,Childrens Fiction,MISMATCH,
9780785836988,Bulfinchs Mythology - Stories Of Gods And Heroes,History And Politics,Mythology,FQ,General Fiction,MISMATCH,
9781631066443,Complete Sherlock Holmes - 2 Timeless Classics,Fiction,Classics,FFC,Crime Fiction,MISMATCH,
9781742375281,Press Here,Children,Childrens Picture Books,YBGT,Books For Babies,MISMATCH,
9781846044311,Mind Change - How Digital Technologies Are Leaving Their Mark On Our Brains,Well Being,Psychology,PSAN,General Science,MISMATCH,
9780723247913,Appley Dapplys Nursery Rhymes - Beatrix Potter Originals,Children,Childrens Picture Books,YFA,Childrens Fiction,MISMATCH,
9780141191591,Horrors And Absurdities Of Religion - Penguin Great Ideas,Sciences,Philosophy,HRAB,Religion,MISMATCH,
9781847175892,Oscar Wilde - Stories for Children,Children,Childrens Picture Books,YFA,Childrens Fiction,MISMATCH,
9781473699038,Maiden Voyages - Women And The Golden Age Of Transatlantic Travel,Travel,Travel Literature,HBTB,History,MISMATCH,
9781784424084,Fashion In The 1960s,The Arts,Fashion,HBTB,History,MISMATCH,
9781788164726,Rules Of Contagion - Why Things Spread And Why They Stop,Sciences,General Science,MJCJ,Health,MISMATCH,
9781787302143,Italian Life - A Modern Fable Of Loyalty And Betrayal,Travel,Travel Literature,JFC,Sociology,MISMATCH,
9780241291740,Peter Rabbit Tales - Three Little Bunnies,Children,Books For Babies,YBCH,Childrens Picture Books,MISMATCH,
9780141987262,Owls of the Eastern Ice - The Quest to Find and Save the World's Largest Owl,Travel,Travel Literature,WTL,Travel Guides,MISMATCH,
9783961713097,Porsche 911 Book,,Motoring and Transport,WGCB,Gardening,MISMATCH,
9781840227826,Wind in the Willows - Wordsworth Collectors Editions,Fiction,Classics,YFA,Childrens Fiction,MISMATCH,
9781840227802,Alice In Wonderland - Wordsworth Collectors Editions,Fiction,Classics,YFA,Childrens Fiction,MISMATCH,
9781840227864,Little Prince - Wordsworth Collectors Editions,Fiction,Classics,YFA,Childrens Fiction,MISMATCH,
9781840227796,Secret Garden - Wordsworth Collectors Editions,Fiction,Classics,YFA,Childrens Fiction,MISMATCH,
9781840227789,Little Women - Wordsworth Collectors Editions,Fiction,Classics,YFA,Childrens Fiction,MISMATCH,
9780753466094,Rocks And Minerals Flash Cards - A Diamond Deck,Children,Study And Education,YQS,Childrens Picture Books,MISMATCH,
9781782405153,"30 Second Shakespeare - The 50 Key Aspects of his works, life and legacy, each explained in half a minute",Fiction,Plays,DSGS,Classics,MISMATCH,
9781611599060,"Chicken Soup For The Soul - Angels Among Us 101 Inspirational Stories of Miracles, Faith, and Answered Prayers",Well Being,Psychology,HR,Religion,MISMATCH,
9781529018646,Seven And A Half Lessons About The Brain,Well Being,Psychology,PSAN,General Science,MISMATCH,
9781250250353,Switchback,Fiction,Teen Fiction,YFC,Childrens Fiction,MISMATCH,
9781529032703,Down and Out in Paris and London,Fiction,Classics,BM,Biography,MISMATCH,
9781529032710,Homage to Catalonia,Fiction,Classics,BM,Biography,MISMATCH,
9780760350515,Hot Rod Reader,,Motoring and Transport,WGCB,Gardening,MISMATCH,
9780393730883,Canals,Travel,Travel Literature,WGGN,Gardening,MISMATCH,
9780995115484,Fair Weather Hitchhiker,Travel,Travel Literature,BM,Biography,MISMATCH,
9781785007354,Porsche Model by Model,,Motoring and Transport,WGCB,Gardening,MISMATCH,
9780473539023,Covid Schmovid -  19 Ways To make your small business boom,Sciences,Business,VSC,Psychology,MISMATCH,
9781645950028,Black Sand Beach - Are You Afraid Of The Light?,Fiction,Graphic Novels,YFW,Childrens Fiction,MISMATCH,
9781529020991,Classic Cat Stories,Sciences,Environment,FC,Classics,MISMATCH,
9781529021059,Classic Dog Stories,Sciences,Environment,FC,Classics,MISMATCH,
9781529344530,These Violent Delights,Fiction,Teen Fiction,FM,Science Fiction and Fantasy,MISMATCH,
9781440342790,Amplified Art - Dynamic Techniques For High Impact Pages,The Arts,Craft,WFA,Fashion,MISMATCH,
9781633222151,Pretty Patterns To Paint,The Arts,Craft,WF,Fashion,MISMATCH,
9781423648888,Illustrated Field Guide to Vintage Trailers,,Motoring and Transport,WTHH1,Travel Guides,MISMATCH,
9781633220577,How To Build A Motorcycle - A Racing Adventure Of Mechanics Teamwork And Friendship,,Motoring and Transport,YNTR,Childrens Non Fiction,MISMATCH,
9781787552869,Short Stories From The Age Of Queen Victoria,Fiction,Classics,FFC,Crime Fiction,MISMATCH,
9781592539918,Draw 500 Fabulous Flowers - A Sketchbook For Artists Designers And Doodlers,The Arts,Craft,WFA,Fashion,MISMATCH,
9781440333910,Printmaking Unleashed - More Than 50 Techniques For Expressive Mark Making,The Arts,Craft,WFA,Fashion,MISMATCH,
9781596687752,Mollie Makes Feathered Friends,The Arts,Craft,WF,Fashion,MISMATCH,
9782361950590,Forbidden Places Vol 2 - Exploring Our Abandoned Heritage,The Arts,Photography,WTH,Travel Guides,MISMATCH,
9782361950590,Forbidden Places Vol 2 - Exploring Our Abandoned Heritage,The Arts,Architecture,WTH,Travel Guides,MISMATCH,
9781590788622,Bug Off - Creepy Crawly Poems,Children,Childrens Fiction,DC,Poetry,MISMATCH,
9781782276647,Editors Burial - Journals and Journalism from the New Yorker and Other Magazines,Biographies,Essays,KNTJ,Business,MISMATCH,
9781776191109,Autopsy - Life In The Trenches with a forensic pathologist in Africa,Sciences,General Science,BGT,Biography,MISMATCH,
9781526630810,Soul of a Woman,Well Being,Gender,JFFK,Sociology,MISMATCH,
9780711254534,Artistic Places,Travel,Travel Literature,WTLC,Travel Guides,MISMATCH,
9780008312800,Death Of Truth,History And Politics,History,JFC,Sociology,MISMATCH,
9780785836186,DC Comics Super Heroines,Fiction,Graphic Novels,DQ,General Fiction,MISMATCH,
9780141180939,Sixty Stories,Biographies,Essays,DQ,General Fiction,MISMATCH,
9784805310069,Early Japanese Railways 1853-1914 - Engineering Triumphs That Transformed Meiji Japan,,Motoring and Transport,KNGT,Business,MISMATCH,
9781589236578,Deck Ideas You Can Use - Creative Deck Designs For Every Home And Yard,The Arts,Craft,WKD,General Sport And Fitness,MISMATCH,
9780760334744,365 Motorcycles You Must Ride,,Motoring and Transport,WGCK,Gardening,MISMATCH,
9781849944991,Learn Acrylics Quickly,The Arts,Art,WFA,Fashion,MISMATCH,
9780760340202,Convertibles,,Motoring and Transport,WGCB,Gardening,MISMATCH,
9781999613570,Livingstones London,Travel,Travel Literature,WTL,Travel Guides,MISMATCH,
9781760789022,Dry - Film Tie-In,Fiction,Crime Fiction,FA,General Fiction,MISMATCH,
9782361950590,Forbidden Places Vol 2 - Exploring Our Abandoned Heritage,Travel,Travel Literature,WTH,Travel Guides,MISMATCH,
9781631597206,Digital Hand Lettering And Modern Calligraphy,The Arts,Craft,WFU,Fashion,MISMATCH,
9781626928176,Clockwork Planet Light Novel Vol 2,Fiction,Graphic Novels,YFW,Childrens Fiction,MISMATCH,
9781988595320,Towards Compostela,Travel,Travel Literature,BM,Biography,MISMATCH,
9780316436670,New Yorker Encyclopedia of Cartoons,Fiction,Graphic Novels,WHC,Humour,MISMATCH,
9781760978723,Dark Secret - 4 Wings of Fire Graphix,Fiction,Graphic Novels,YFH,Childrens Fiction,MISMATCH,
9781597071710,Dr Jekyll And Mr Hyde - Classic Illustrated,Fiction,Graphic Novels,YFW,Childrens Fiction,MISMATCH,
9781597074391,Tales from the Crisper - 4 Annoying Orange,Fiction,Graphic Novels,YFW,Childrens Fiction,MISMATCH,
9781597074209,Pulped Fiction - Annoying Orange,Fiction,Graphic Novels,YFW,Childrens Fiction,MISMATCH,
9781452144979,London - A Sightseeing Scavenger Hunt - City Scratch-Off Map,Travel,Maps,WTRS,Travel Literature,MISMATCH,
9781849763813,100 Coloring Book,The Arts,Craft,YBG,Books For Babies,MISMATCH,
9781781573112,Fashion - The 1000 Dot-to-Dot Book,The Arts,Craft,WFA,Fashion,MISMATCH,
9781597075022,Transfarmers - Food Processors in Disguise - 5 Annoying Orange,Fiction,Graphic Novels,YFW,Childrens Fiction,MISMATCH,
9781597073615,Secret Agent Orange - 1 Annoying Orange,Fiction,Graphic Novels,YFW,Childrens Fiction,MISMATCH,
9781597073905,Orange You Glad Youre Not Me - 2 Annoying Orange,Fiction,Graphic Novels,YFW,Childrens Fiction,MISMATCH,
9781787018112,Photocity London,Travel,Travel Literature,WTM,Travel Guides,MISMATCH,
9781988032474,Disney Pixar Finding Dory Cinestory Comic,Fiction,Graphic Novels,YFW,Childrens Fiction,MISMATCH,
9781772755015,Disney Snow White And The Seven Dwarfs Cinestory Comic,Fiction,Graphic Novels,YFW,Childrens Fiction,MISMATCH,
9781760402624,Pictura - Birds Of Paradise,The Arts,Craft,WF,Fashion,MISMATCH,
9781772753332,Disney/Pixar Finding Dory Graphic Novel,Fiction,Graphic Novels,YFW,Childrens Fiction,MISMATCH,
9780143774747,Calling,Fiction,Teen Fiction,YFT,Childrens Fiction,MISMATCH,
9781499800074,Build A Book For Girls,Children,Activities,YBG,Books For Babies,MISMATCH,
9781775541578,Richer You - How To Make The Most Of Your Money,Sciences,Business,VSB,Psychology,MISMATCH,
9781760342593,You Only Live Once - A Lifetime Of Experiences For The Explorer In All Of Us,Travel,Travel Literature,WTM,Travel Guides,MISMATCH,
9781987955057,Disney Alice In Wonderland Cinestory Comic - Collectors Edition,Fiction,Graphic Novels,YFW,Childrens Fiction,MISMATCH,
9781594772849,Sacred Center - The Ancient Art Of Locating Sanctuaries,Well Being,New Age,JFH,Sociology,MISMATCH,
9780241413463,Hitler Conspiracies,History And Politics,History,JFHC,Sociology,MISMATCH,
9780811874502,Handmade Weddings - More Than 50 Crafts To Personalize Your Big Day,The Arts,Craft,WF,Fashion,MISMATCH,
9780545942157,Dragonet Prophecy - 1 Wings Of Fire Graphix,Fiction,Graphic Novels,YFH,Childrens Fiction,MISMATCH,
9780753829004,Midnight In Europe,Fiction,Historical Fiction,FA,General Fiction,MISMATCH,
9781438076843,Magic Of Flowers - Color Frame And Display,The Arts,Craft,WF,Fashion,MISMATCH,
9781576877036,Steampunk City - An Alphabetical Journey,Children,Childrens Picture Books,YFA,Childrens Fiction,MISMATCH,
9780241338995,Leaving The Yellow House - 36 Penguin Modern,Fiction,Classics,FA,General Fiction,MISMATCH,
9780995113596,Wild Honey - Reading New Zealand Womens Poetry,Fiction,Poetry,DSC,Classics,MISMATCH,
9781933821054,Middle East,History And Politics,Politics,HBJF1,History,MISMATCH,
9781785760686,Stasi Wolf - 2 Oberleutnant Karen Muller,Fiction,Crime Fiction,FA,General Fiction,MISMATCH,
9781785767944,Call Of The Raven,Fiction,Historical Fiction,FJH,General Fiction,MISMATCH,
9781471155581,Betrayal,Fiction,Historical Fiction,FA,General Fiction,MISMATCH,
9780007580071,General,Fiction,Historical Fiction,FJMF,General Fiction,MISMATCH,
9780330463331,Demelza - 2 Poldark,Fiction,Historical Fiction,FT,General Fiction,MISMATCH,
9781784751357,Voyager - 3 Outlander,Fiction,Historical Fiction,FL,Science Fiction and Fantasy,MISMATCH,
9780718186814,Sword Saint - 3 Empire of Salt,Fiction,Historical Fiction,FJH,General Fiction,MISMATCH,
9781529003468,Storm Sister - 2 Seven Sisters,Fiction,Historical Fiction,FA,General Fiction,MISMATCH,
9781784752699,Red Sky At Noon - 3 Moscow Trilogy,Fiction,Historical Fiction,FJMS,General Fiction,MISMATCH,
9780241972786,Masters Of Mankind,Sciences,Philosophy,JPA,Politics,MISMATCH,
9780367430580,Internationalism Or Extinction,Sciences,Philosophy,JHB,Sociology,MISMATCH,
9781509873142,Pandoras Jar - Women in the Greek Myths,History And Politics,Mythology,HBLA1,History,MISMATCH,
9781788160612,Women And Power - A Manifesto,History And Politics,Politics,JFFK,Sociology,MISMATCH,
9781786852847,From Ace to Ze - The Little Book of LGBT Terms,Well Being,Gender,JFSK,Sociology,MISMATCH,
9780008285685,Strange Antics - A History of Seduction,History And Politics,Politics,HBTB,History,MISMATCH,
9781579658939,Newish Jewish Encyclopedia - From Abraham To Zabars And Everything In Between,History And Politics,Religion,JFSR1,Sociology,MISMATCH,
9781838950569,Home Stretch - Why Its Time To Come Clean About Who Does the Dishes,Well Being,Gender,JFFK,Sociology,MISMATCH,
9781471189197,Thousand Shards of Glass,Biographies,Essays,JFF,Sociology,MISMATCH,
9781529353808,Mediocre - The Dangerous Legacy Of White Male Power,History And Politics,Politics,JFFJ,Sociology,MISMATCH,
9780500514498,Holy Places Sacred Sites,History And Politics,Mythology,HRLK,Religion,MISMATCH,
9781593720551,Sacred Spaces - Turkish Mosques And Tombs,History And Politics,Religion,AMN,Architecture,MISMATCH,
9780823257140,Becoming Christian - Race Reformation And Early Modern English Romance,History And Politics,Religion,DSBD,Classics,MISMATCH,
9780993537875,Corinth - All You Need to Know About the Gods  Myths and Legends of This Sacred Site,History And Politics,Mythology,HBLA1,History,MISMATCH,
9780993489075,Kos - All You Need to Know About the Gods  Myths and Legends of This Sacred Site,History And Politics,Mythology,HBLA1,History,MISMATCH,
9780993489099,Naxos - All You Need to Know About the Gods  Myths and Legends of This Sacred Site,History And Politics,Mythology,HBLA1,History,MISMATCH,
9780993537851,Eleusis - All You Need to Know About the Gods  Myths and Legends of This Sacred Site,History And Politics,Mythology,HBLA1,History,MISMATCH,
9780993537868,Epidarus - All You Need to Know About the Gods  Myths and Legends of This Sacred Site,History And Politics,Mythology,HBLA1,History,MISMATCH,
9780993537837,Delphi - All You Need to Know About the Gods  Myths and Legends of This Sacred Site,History And Politics,Mythology,HBLA1,History,MISMATCH,
9780062390929,Toltec Art Of Life And Death - A Story Of Discovery,Well Being,New Age,BGX,Biography,MISMATCH,
9788779897717,Dianetics - The Modern Science Of Mental Health,Well Being,New Age,VS,Psychology,MISMATCH,
9781905222537,On The Trail Of The Holy Grail,History And Politics,Mythology,JFHF,Sociology,MISMATCH,
9780140194968,Of Water And The Spirit - Ritual Magic And Initiation In The Life Of An African Shaman,Well Being,New Age,BG,Biography,MISMATCH,
9781620553213,Path To The Guru - The Science Of Self Realization According To The Bhagavad Gita,Well Being,New Age,HRGP,Religion,MISMATCH,
9781921024740,Leaders - People Who Shaped The Last Century,History And Politics,History,JFCA,Sociology,MISMATCH,
9781408893210,Utopia For Realists - And How We Can Get There,History And Politics,Politics,JFCX,Sociology,MISMATCH,
9781784701543,Water Kingdom - Secret History Of China,History And Politics,History,PDZ,General Science,MISMATCH,
9781250207579,Threat - How The FBI Protects America In The Age Of Terror And Trump,History And Politics,Politics,BGH,Biography,MISMATCH,
9781846684302,Why Nations Fail - The Origins Of Power Prosperity And Poverty,History And Politics,Politics,KC,Economics,MISMATCH,
9781472958006,Strange Death Of Europe - Immigration Identity Islam,History And Politics,Politics,HBJD,History,MISMATCH,
9781910821084,London At War,History And Politics,History,WQH,Transport,MISMATCH,
9781781258095,More - The 10000 Year Rise of the World Economy,History And Politics,Politics,KCZ,Economics,MISMATCH,
9780374188504,Little America -  Incredible True Stories of Immigrants in America,History And Politics,Politics,JFFN,Sociology,MISMATCH,
9781783783458,Strange Labyrinth - Outlaws Poets Mystics Murderers and a Coward in Londons Great Forest,History And Politics,History,RGBL,Environment,MISMATCH,
9781783783458,Strange Labyrinth - Outlaws Poets Mystics Murderers and a Coward in Londons Great Forest,History And Politics,Politics,RGBL,Environment,MISMATCH,
9788791563041,Development and Ethnocide - Colonial Practices in the Andaman Islands,History And Politics,History,JHMP,Sociology,MISMATCH,
9780141983424,Learning From The Germans - Confronting Race And The Memory Of Evil,History And Politics,Politics,HBJD,History,MISMATCH,
9781925321388,Fathoms - The World In The Whale,Sciences,Environment,JFFZ,Sociology,MISMATCH,
9781925456752,Body Count - How Climate Change Is Killing Us,Sciences,Environment,FR,Romance,MISMATCH,
9781788682480,First Words - English,Travel,Languages,YBLA1,Childrens Non Fiction,MISMATCH,
9781786576309,China - Lonely Planet Phrasebook And Dictionary,Travel,Languages,WTK,Travel Guides,MISMATCH,
9781788680622,French - Lonely Planet Phrasebook & Dictionary,Travel,Languages,WTK,Travel Guides,MISMATCH,
9780199111008,First Italian Words,Travel,Languages,YQF,Childrens Picture Books,MISMATCH,
9780008326784,German - GCSE Revision With Audio,Travel,Languages,YQF,Childrens Picture Books,MISMATCH,
9781409570387,First Thousand Words In Chinese,Travel,Languages,YQF,Childrens Picture Books,MISMATCH,
9780008326760,French - GCSE Revision With Audio,Travel,Languages,YQF,Childrens Picture Books,MISMATCH,
9780192733412,At Home With French,Travel,Languages,YQF,Childrens Picture Books,MISMATCH,
9780141986661,Globalization And Its Discontents Revisited - Anti-Globalization in the Era of Trump,History And Politics,History,JFFS,Sociology,MISMATCH,
9781788164726,Rules Of Contagion - Why Things Spread And Why They Stop,Sciences,Business,MJCJ,Health,MISMATCH,
9781509523016,Geography - Why It Matters,History And Politics,Politics,RG,Environment,MISMATCH,
9781784873615,Adventures In The Anthropocene - A Journey To The Heart Of The Planet We Made - Patterns Of Life,Sciences,Environment,PDZ,General Science,MISMATCH,
9781784700171,I Contain Multitudes - The Microbes Within Us and a Grander View of Life,Sciences,Environment,PDZ,General Science,MISMATCH,
9780007650989,Greek Phrase Book CD Pack - Collins Gem,Travel,Languages,WTK,Travel Guides,MISMATCH,
9780195553109,Oxford Study Italian Dictionary,Travel,Languages,YQF,Childrens Picture Books,MISMATCH,
9780374273538,Thank You For Being Late - An Optimists Guide To Thriving In The Age Of Accelerations,History And Politics,Politics,JFFS,Sociology,MISMATCH,
9780947492892,Late Love - BWB Texts,History And Politics,Politics,VSD,Psychology,MISMATCH,
9780947492991,Playing For Both Sides - Love Across the Tasman - BWB Texts,History And Politics,Politics,BGA,Biography,MISMATCH,
9780947518110,Stolen Island - Searching For Ata - BWB Texts,History And Politics,Politics,HBJM,History,MISMATCH,
9781788684804,First Words Italian,Travel,Languages,YBLA1,Childrens Non Fiction,MISMATCH,
9781988533537,Island Time - New Zealands Pacific Futures - BWB Texts,History And Politics,Politics,JF,Sociology,MISMATCH,
9781927277713,Piketty Phenomenon - New Zealand Perspectives - BWB Texts,History And Politics,Politics,KCA,Economics,MISMATCH,
9780994135469,Hopes Dashed - The Economics of Gender Inequality,Well Being,Gender,JFSJ1,Sociology,MISMATCH,
9781788686242,First Words Italian Flashcards,Travel,Languages,YQF,Childrens Picture Books,MISMATCH,
9780140449709,Rashomon and Seventeen Other Stories - Penguin Black Classics,Fiction,Classics,FA,General Fiction,MISMATCH,
9780947518509,Old Asian - New Asian - BWB Texts,History And Politics,Politics,JHMC,Sociology,MISMATCH,
9780947518301,Sugar Rum And Tobacco - BWB Texts,History And Politics,Politics,KFFD1,Economics,MISMATCH,
9780947518851,Fair Borders - Migration Policy In The Twenty First Century - BWB Texts,History And Politics,Politics,JFFN,Sociology,MISMATCH,
9781988533759,Better Lives - Migration Wellbeing And New Zealand  - BWB Texts,History And Politics,Politics,KC,Economics,MISMATCH,
9781784875299,Ascent Of Rum Doodle,Fiction,Classics,FA,General Fiction,MISMATCH,
9781784709389,My Purple Scented Novel,Fiction,Classics,FA,General Fiction,MISMATCH,
9780141037462,Mother Tongue - The English Language - Popular Penguin,Fiction,Classics,CBX,Languages,MISMATCH,
9780143566373,Ragtime - Popular Penguins,Fiction,Classics,FA,General Fiction,MISMATCH,
9780143202738,Journey from Venice - Popular Penguins,Fiction,Classics,WTL,Travel Guides,MISMATCH,
9780141399362,Inheritance of Loss - Popular Penguins,Fiction,Classics,FA,General Fiction,MISMATCH,
9780141195018,Wonderful Wizard of Oz - Popular Penguins,Fiction,Classics,YFA,Childrens Fiction,MISMATCH,
9780143206019,Sons For The Return Home - Popular Penguins,Fiction,Classics,FA,General Fiction,MISMATCH,
9780143202745,Merry-Go-Round In The Sea - Popular Penguins,Fiction,Classics,FA,General Fiction,MISMATCH,
9781760978723,Dark Secret - 4 Wings of Fire Graphix,Fiction,Graphic Novels,YFH,Childrens Fiction,MISMATCH,
9780143204718,In the Winter Dark - Popular Penguins,Fiction,Classics,FA,General Fiction,MISMATCH,
9780143202752,Harp In The South - Popular Penguins,Fiction,Classics,FA,General Fiction,MISMATCH,
9780143204879,Playing Beatie Bow - Popular Penguins,Fiction,Classics,YFA,Childrens Fiction,MISMATCH,
9780241252246,Nun of Murano - 97 Penguin Little Black Classics,Fiction,Classics,BGLA,Biography,MISMATCH,
9781853260650,Secret Agent - Wordsworth Classics,Fiction,Classics,FA,General Fiction,MISMATCH,
9781909621787,Memoirs Of Sherlock Holmes - 30 Macmillan Collectors Library,Fiction,Classics,FFC,Crime Fiction,MISMATCH,
9781909621749,Hound of the Baskervilles And The Valley of Fear - Macmillan Collector's Library,Fiction,Classics,FFC,Crime Fiction,MISMATCH,
9781509826797,Sweet Danger - Macmillan Collectors Library,Fiction,Classics,FFC,Crime Fiction,MISMATCH,
9781787014572,India - Lonely Planet Planning Map,Travel,Maps,WTR,Travel Literature,MISMATCH,
9781787015944,Munich - Lonely Planet Map,Travel,Maps,WTRM,Travel Literature,MISMATCH,
9781787016026,New York - Lonely Planet City Map,Travel,Maps,WTRM,Travel Literature,MISMATCH,
9781787015814,Ireland - Lonely Planet Planning Map,Travel,Maps,WTRM,Travel Literature,MISMATCH,
9781788685894,Africa - Lonely Planet Planning Map,Travel,Maps,WTR,Travel Literature,MISMATCH,
9781787017818,Thailand - Lonely Planet Planning Map,Travel,Maps,WTRM,Travel Literature,MISMATCH,
9781787015203,Amsterdam - Lonely Planet City Map,Travel,Maps,WTRM,Travel Literature,MISMATCH,
9781787014527,Spain - Lonely Planet Planning Map,Travel,Maps,WTR,Travel Literature,MISMATCH,
9781787018211,Dublin - Lonely Planet Map,Travel,Maps,WTRM,Travel Literature,MISMATCH,
9781786574121,Hong Kong - Lonely Planet Map,Travel,Maps,WTRS,Travel Literature,MISMATCH,
9781787015708,France - Planning Map,Travel,Maps,WTRM,Travel Literature,MISMATCH,
9781787016118,Paris - Lonely Planet City Map,Travel,Maps,WTRM,Travel Literature,MISMATCH,
9781786575043,Boston - Lonely Planet Map,Travel,Maps,WTR,Travel Literature,MISMATCH,
9781760340636,Just Point,Travel,Languages,WTK,Travel Guides,MISMATCH,
9781787017849,Tokyo - Lonely Planet City Map,Travel,Travel Guides,WTRM,Travel Literature,MISMATCH,
9780571324392,Infused - Adventures In Tea,Travel,Travel Literature,WTL,Travel Guides,MISMATCH,
9781474608299,You Are Here - A Brief Guide To The World,Travel,Travel Literature,RGB,Environment,MISMATCH,
9781785831140,Road School - Learning Through Exploration And Experience,Travel,Travel Literature,WTL,Travel Guides,MISMATCH,
9781408888834,Epic City - The World On The Streets Of Calcutta,Travel,Travel Literature,WTL,Travel Guides,MISMATCH,
9780141182858,Wide Sargasso Sea,Fiction,Classics,FA,General Fiction,MISMATCH,
9780099769910,Songlines,Travel,Travel Literature,WTL,Travel Guides,MISMATCH,
9781784161811,Life And Times Of The Thunderbolt Kid - Travels Through My Childhood,Travel,Travel Literature,BGA,Biography,MISMATCH,
9781783783168,Florence Diary,Travel,Travel Literature,BM,Biography,MISMATCH,
9781905864829,Walkers Anthology - Further Tales,Travel,Travel Literature,WTL,Travel Guides,MISMATCH,
9781681371023,Everything Or Almost Everything About Paris,Travel,Travel Literature,WTH,Travel Guides,MISMATCH,
9781419730795,New York In Bloom,Travel,Travel Literature,WTM,Travel Guides,MISMATCH,
9780500284100,Ganges,Travel,Travel Literature,AJCR,Photography,MISMATCH,
9780785836049,Ultimate Book Of Lighthouses - An Illustrated Companion To The History Design And Lore,Travel,Travel Literature,AJC,Photography,MISMATCH,
9781788681261,Epic Runs Of The World,Travel,Travel Literature,WTH,Travel Guides,MISMATCH,
9781786578648,Epic Drives Of The World,Travel,Travel Literature,WTHA,Travel Guides,MISMATCH,
9780500252024,Crossing Of Antartica,Travel,Travel Literature,WTLP,Travel Guides,MISMATCH,
9781786331908,North Korea Journal,Travel,Travel Literature,WTL,Travel Guides,MISMATCH,
9780586087077,Seven Years in Tibet,Travel,Travel Literature,WTL,Travel Guides,MISMATCH,
9781775541004,South Sea Vagabonds,Travel,Travel Literature,BGA,Biography,MISMATCH,
9780241977156,Big Pig Little Pig - A Year On A Smallholding In South West France,Travel,Travel Literature,BM,Biography,MISMATCH,
9781529000467,Bells Of Old Tokyo - Travels In Japanese Time,Travel,Travel Literature,WTL,Travel Guides,MISMATCH,
9781942549123,Journey Of Heart - A Sojourn To K2,Travel,Travel Literature,WTL,Travel Guides,MISMATCH,
9781250148445,Un Discovered Islands,Travel,Travel Literature,HBTP,History,MISMATCH,
9781510105256,Ruin and Rising - 3 Shadow And Bone,Fiction,Science Fiction and Fantasy,YFB,Childrens Fiction,MISMATCH,
9781510105263,Siege And Storm - 2 Shadow And Bone,Fiction,Science Fiction and Fantasy,YFH,Childrens Fiction,MISMATCH,
9781510105249,Shadow And Bone - 1 Shadow And Bone,Fiction,Science Fiction and Fantasy,YFB,Childrens Fiction,MISMATCH,
9780733635274,Lord Of The Darkwood -  3 And 4 Tale Of Shikanoko,Fiction,Science Fiction and Fantasy,FJH,General Fiction,MISMATCH,
9781405937184,Salt Path,Travel,Travel Literature,BM,Biography,MISMATCH,
9781529351309,Clanlands - Whisky Warfare And A Scottish Adventure Like No Other,Travel,Travel Literature,WTL,Travel Guides,MISMATCH,
9780473516536,Oscar Garden - A Tale Of One Mans Love Of Flying,Travel,Travel Literature,BG,Biography,MISMATCH,
9781788689373,Around The World,Travel,Travel Literature,WTM,Travel Guides,MISMATCH,
9780241379738,Short History Of Trains,,Motoring and Transport,WGF,Gardening,MISMATCH,
9780947503918,We Had One Of Those Too,,Motoring and Transport,WGCB,Gardening,MISMATCH,
9780753545461,We Need To Weaken The Mixture,,Motoring and Transport,BGSA,Biography,MISMATCH,
9781911658252,Before Rocket - The Steam Locomotive Up To 1829,,Motoring and Transport,WGF,Gardening,MISMATCH,
9781911658016,British Railway Disasters - Lessons Learned From Tragedies On The Tracks,,Motoring and Transport,WGF,Gardening,MISMATCH,
9780947506742,Life With Cars - New Zealanders Motoring Memories 1950s-1980s,,Motoring and Transport,WGCB,Gardening,MISMATCH,
9780143774037,Driven - My Story,,Motoring and Transport,BGSA,Biography,MISMATCH,
9780099532613,Crying Of Lot 49,Fiction,Science Fiction and Fantasy,FA,General Fiction,MISMATCH,
9781526619877,Trick - Why Some People Can Make Money And Other People Cant,Sciences,Business,BM,Biography,MISMATCH,
9781460752661,How To Win Friends And Influence People,Sciences,Business,VSC,Psychology,MISMATCH,
9781785042409,How to Win Friends and Influence People - Vermilion Life Essentials,Sciences,Business,VSP,Psychology,MISMATCH,
9781399830379,Black Box Thinking - Growth Mindset And The Secrets Of High Performance,Sciences,Business,VSP,Psychology,MISMATCH,
9780062289070,Fins - Harley Earl The Rise Of General Motors And The Glory Days Of Detroit,,Motoring and Transport,BGB,Biography,MISMATCH,
9781760856823,7 Habits of Highly Effective People - 30th Anniversary Edition,Sciences,Business,VS,Psychology,MISMATCH,
9781250013743,Lexus and the Olive Tree - Understanding Globalization,Sciences,Business,JFFS,Sociology,MISMATCH,
9780730383765,Be Brilliant - How To Lead A Life Of Influence,Sciences,Business,VS,Psychology,MISMATCH,
9781550464092,Aviation Century - The Golden Age,,Motoring and Transport,WGM,Gardening,MISMATCH,
9781869539986,Rottenomics -The Story of New Zealands Leaky Buildings Disaster,Sciences,Business,JFFB,Sociology,MISMATCH,
9781550464283,Wings Of Change,,Motoring and Transport,WGM,Gardening,MISMATCH,
9780712352611,Taking To The Air - An Illustrated History of Flight,,Motoring and Transport,WGM,Gardening,MISMATCH,
9781598698817,We Need to Talk - Tough Conversations With Your Boss: From Promotions to Resignations Tackle Any Topic with Sensitivity and Smarts,Sciences,Business,VSC,Psychology,MISMATCH,
9780241240489,Classic Car Book - The Definitive Visual History,,Motoring and Transport,WGCB,Gardening,MISMATCH,
9781988538242,Automania - Iconic New Zealand Collections,,Motoring and Transport,WGC,Gardening,MISMATCH,
9780393350647,"Second Machine Age - Work Progress, and Prosperity in a Time of Brilliant Technologies",Sciences,Business,PDR,General Science,MISMATCH,
9781398501973,White Feminism,Well Being,Gender,JFM,Sociology,MISMATCH,
9781474837873,Military Machines,,Motoring and Transport,HBW,History,MISMATCH,
9781849082228,Tank Spotters Guide,,Motoring and Transport,HBWN,History,MISMATCH,
9781472820488,Loco Spotters Guide,,Motoring and Transport,WGF,Gardening,MISMATCH,
9781780960517,Plane Spotters Guide,,Motoring and Transport,HBW,History,MISMATCH,
9780750988162,First Gear - Myth Busting Motoring Milestones,,Motoring and Transport,WGC,Gardening,MISMATCH,
9780760349779,Greatest One Percenter Myths Mysteries And Rumors Revealed,,Motoring and Transport,WGCK,Gardening,MISMATCH,
9781869539719,Holden - A Kiwi Obsession,,Motoring and Transport,WGCB,Gardening,MISMATCH,
9781921874994,Passion for Muscle Cars - The Australian Pursuit of Power: 1950-1980,,Motoring and Transport,WGCB,Gardening,MISMATCH,
9781988538075,RV There Yet - A Guide To Owning And Using A Recreational Vehicle In New Zealand,,Motoring and Transport,WGC,Gardening,MISMATCH,
9780785830016,Weapons Of War Submarines 1776-1940,,Motoring and Transport,HBW,History,MISMATCH,
9781988538167,My Mini Could Tow That - A Collection Of Teardrops And Tiny Caravans,,Motoring and Transport,WG,Gardening,MISMATCH,
9788494191527,Alt - Comic Book,Fiction,Graphic Novels,AMA,Architecture,MISMATCH,
9781401231774,World Of Warcraft Vol 4,Fiction,Graphic Novels,AJ,Photography,MISMATCH,
9781444931686,Illegal - A Graphic Novel Telling One Boys Epic Journey To Europe,Fiction,Graphic Novels,YFW,Childrens Fiction,MISMATCH,
9780241426258,Artemis Fowl - The Graphic Novel,Fiction,Graphic Novels,YFW,Childrens Fiction,MISMATCH,
9781593275495,Incredible Plate Tectonics Comic,Fiction,Graphic Novels,YFW,Childrens Fiction,MISMATCH,
9781772754469,Disney Princess Comic Strips Collection  - Vol 2 - Comic Strips Collection,Fiction,Graphic Novels,YFW,Childrens Fiction,MISMATCH,
9780764161407,Macbeth - Graphic Classics,Fiction,Graphic Novels,YFW,Childrens Fiction,MISMATCH,
9783575021960,Europe Marco Polo Map,Travel,Maps,WTRM,Travel Literature,MISMATCH,
9783829769525,Berlin - Marco Polo City Map,Travel,Maps,WTRM,Travel Literature,MISMATCH,
9780008126476,Making Of Poetry - Coleridge The Wordsworths And Their Year Of Marvels,Fiction,Poetry,BGL,Biography,MISMATCH,
9781786715609,Barcelona - Insight Flexi Map,Travel,Maps,WTRM,Travel Literature,MISMATCH,
9781786719164,Amsterdam - Insight Flexi Map,Travel,Maps,WTRS,Travel Literature,MISMATCH,
9783829759007,Amsterdam - Marco Polo Maps,Travel,Maps,WTRS,Travel Literature,MISMATCH,
9781787017924,Vienna - Lonely Planet City Map,Travel,Maps,WTRS,Travel Literature,MISMATCH,
9780008403980,France - Collins Road Map,Travel,Maps,WTRD,Travel Literature,MISMATCH,
9783575017659,Austria - Marco Polo Map,Travel,Maps,WTRM,Travel Literature,MISMATCH,
9782067170278,Great Britain And Ireland - Michelin National Map 713,Travel,Maps,WTRD,Travel Literature,MISMATCH,
9780571354023,On Connection,Fiction,Poetry,AVH,Music And Performing Arts,MISMATCH,
9780008403973,Europe - Collins Map,Travel,Maps,WTRD,Travel Literature,MISMATCH,
9783829770033,Sweden Map - Marco Polp Maps,Travel,Maps,WTRM,Travel Literature,MISMATCH,
9783829767125,Denmark - Marco Polo Maps,Travel,Maps,WTRM,Travel Literature,MISMATCH,
9783829767200,Finland - Marco Polo Maps,Travel,Maps,WTRM,Travel Literature,MISMATCH,
9783829767231,Iceland - Marco Polo Map,Travel,Maps,WTRM,Travel Literature,MISMATCH,
9781780058238,Vietnam - Insight Flexi Map,Travel,Maps,WTRM,Travel Literature,MISMATCH,
9781789190557,Hong Kong - Insight Fleximap,Travel,Maps,WTR,Travel Literature,MISMATCH,
9781780050058,Bangkok - Insight Fleximap,Travel,Maps,WTRD,Travel Literature,MISMATCH,
9780731930821,Albury Wodonga Murray River And High Country Map 381,Travel,Maps,WTRM,Travel Literature,MISMATCH,
9780731930807,Southern Highland South Coast,Travel,Maps,WTRM,Travel Literature,MISMATCH,
9783575016997,"USA East Marco Polo Map - Atlantic Coast, Great Lakes and Appalachian Mountains",Travel,Maps,WTRM,Travel Literature,MISMATCH,
9781566956369,Canada Central - Travel Maps International Adventure Map,Travel,Maps,WTR,Travel Literature,MISMATCH,
9781780054391,South Africa - Insight Map,Travel,Maps,WTRD,Travel Literature,MISMATCH,
9781786719270,Los Angeles - Insight Flexi Map,Travel,Maps,WTRM,Travel Literature,MISMATCH,
9781401232924,Leviathan - 4,Fiction,Graphic Novels,FA,General Fiction,MISMATCH,
9781434208644,Rumpelstiltskin - The Graphic Novel,Fiction,Graphic Novels,YFW,Childrens Fiction,MISMATCH,
9780545326995,Drama,Fiction,Graphic Novels,YFB,Childrens Fiction,MISMATCH,
9780545540629,Ghosts,Fiction,Graphic Novels,YFW,Childrens Fiction,MISMATCH,
9781743832684,Guts,Fiction,Graphic Novels,YFQ,Childrens Fiction,MISMATCH,
9781338353846,Share Your Smile - Rainas Guide to Telling Your Own Story,Fiction,Graphic Novels,YFS,Childrens Fiction,MISMATCH,
9780545132060,Smile - 1 Smile,Fiction,Graphic Novels,YFS,Childrens Fiction,MISMATCH,
9780545540605,Sisters - 2 Smile,Fiction,Graphic Novels,YFW,Childrens Fiction,MISMATCH,
9781405295338,Narwhals Otter Friend - 4 Narwhal and Jelly,Fiction,Graphic Novels,YFP,Childrens Fiction,MISMATCH,
9780733340635,Odds - 1 The Odds,Fiction,Graphic Novels,YFQ,Childrens Fiction,MISMATCH,
9780994127501,Astarons - 1 Cosmic Guardians,Fiction,Graphic Novels,YFW,Childrens Fiction,MISMATCH,
9780809067930,Ray Bradburys The Martian Chronicles - The Authorized Adaptation,Fiction,Graphic Novels,FA,General Fiction,MISMATCH,
9780545828604,Supernova - 8 Amulet,Fiction,Graphic Novels,YFW,Childrens Fiction,MISMATCH,
9780439846813,Stonekeeper - 1 Amulet,Fiction,Graphic Novels,YFB,Childrens Fiction,MISMATCH,
9781781316924,Year Of The Geek - 365 Adventures From The Sci Fi Universe,Fiction,Graphic Novels,APFG,Music And Performing Arts,MISMATCH,
9781302904401,Color Your Own Guardians Of The Galaxy,Fiction,Graphic Novels,WF,Fashion,MISMATCH,
9781302900946,Color Your Own Star Wars,Fiction,Graphic Novels,YBGT,Books For Babies,MISMATCH,
9781302903848,Color Your Own Wolverine,Fiction,Graphic Novels,WF,Fashion,MISMATCH,
9781302901585,Color Your Own Women Of Power,Fiction,Graphic Novels,YBGT,Books For Babies,MISMATCH,
9781600619137,Cartoon 360 Secrets To Drawing Cartoon People And Poses In 3D,Fiction,Graphic Novels,WFA,Fashion,MISMATCH,
9781936096749,Cartoon Faces - How To Draw Heads Features And Expressions,Fiction,Graphic Novels,WFA,Fashion,MISMATCH,
9780571350247,March Calf - Collected Animal Poems Vol 3,Fiction,Poetry,YQE,Childrens Picture Books,MISMATCH,
9781609927301,Design A Skyscraper,Fiction,Graphic Novels,YQM,Childrens Picture Books,MISMATCH,
9781484705582,Star Wars The Force Awakens,Fiction,Graphic Novels,YF,Childrens Fiction,MISMATCH,
9781597074032,Secret Of Whale Island - 1 Thea Stilton,Fiction,Graphic Novels,YFW,Childrens Fiction,MISMATCH,
9781629914787,Thea Sisters And The Mystery At Sea - 6 Thea Stilton,Fiction,Graphic Novels,YFW,Childrens Fiction,MISMATCH,
9781597075145,Treasure Of The Viking Ship - Thea Stilton 3,Fiction,Graphic Novels,YFW,Childrens Fiction,MISMATCH,
9781988547145,Adventures Of Tupaia,Fiction,Graphic Novels,YN,Childrens Non Fiction,MISMATCH,
9781629917405,There Will be Chaos - 1 Loud House,Fiction,Graphic Novels,YFW,Childrens Fiction,MISMATCH,
9781629917580,Lost In Translation - 19 Geronimo Stilton Graphic Novel,Fiction,Graphic Novels,YFW,Childrens Fiction,MISMATCH,
9781545804773,Barry The Moustache - 5 Geronimo Stilton Reporter,Fiction,Graphic Novels,YFW,Childrens Fiction,MISMATCH,
9781545804285,Girl Meets Cat - 1 Cat and Cat,Fiction,Graphic Novels,YFW,Childrens Fiction,MISMATCH,
9781629917368,Little Rats Of The Opera - 10 Ariol,Fiction,Graphic Novels,YFW,Childrens Fiction,MISMATCH,
9781484716618,Secret Academy - Star Wars Rebels,Fiction,Graphic Novels,YFB,Childrens Fiction,MISMATCH,
9781629910543,Nancy Drew Diaries - 3,Fiction,Graphic Novels,YFW,Childrens Fiction,MISMATCH,
9781629914626,Nancy Drew Diaries - 7,Fiction,Graphic Novels,YFCF,Childrens Fiction,MISMATCH,
9781629914251,New Kid On The Block - 2 Sanjay And Craig,Fiction,Graphic Novels,YFW,Childrens Fiction,MISMATCH,
9781484716441,Star Wars Rebels Servants Of The Empire - Rebel In The Ranks,Fiction,Graphic Novels,YFC,Childrens Fiction,MISMATCH,
9781608866793,Incredible Shrinking Allowance - Word Girl,Fiction,Graphic Novels,YFW,Childrens Fiction,MISMATCH,
9781784701994,When Breath Becomes Air,Well Being,Psychology,BM,Biography,MISMATCH,
9781788160582,Breaking And Mending - A Junior Doctors Stories Of Compassion And Burnout,Well Being,Psychology,BM,Biography,MISMATCH,
9781471173066,Critical - Stories From The Front Line Of Intensive Care Medicine,Well Being,Psychology,BGA,Biography,MISMATCH,
9781988538174,Stop The Clock - A Memoir On Ageing With Dignity Grace And Humour,Well Being,Psychology,BM,Biography,MISMATCH,
9781250013743,Lexus and the Olive Tree - Understanding Globalization,Well Being,Psychology,JFFS,Sociology,MISMATCH,
9781449463007,Optimism Sounds Exhausting - Dilbert,Fiction,Graphic Novels,WHC,Humour,MISMATCH,
9780349010328,Deep Water - A Virago Modern Classic,Fiction,Crime Fiction,FC,Classics,MISMATCH,
9783836552844,Walt Disneys Mickey Mouse - The Ultimate History,Fiction,Graphic Novels,APFV,Music And Performing Arts,MISMATCH,
9780374236410,And How Are You Dr Sacks - A Biographical Memoir Of Oliver Sacks,Well Being,Psychology,BGT,Biography,MISMATCH,
9780241374511,Three Hours,Fiction,Crime Fiction,FA,General Fiction,MISMATCH,
9781786032331,L  M Montgomery - Little People Big Dreams,Children,Childrens Picture Books,YNM,Childrens Non Fiction,MISMATCH,
9781786031228,Georgia OKeeffe - Little People Big Dreams,Children,Childrens Picture Books,YNA,Childrens Non Fiction,MISMATCH,
9780711245853,Evonne Goolagong - Little People Big Dreams,Children,Childrens Picture Books,YNW,Childrens Non Fiction,MISMATCH,
9780711246928,Billie Jean King - Little People Big Dreams,Children,Childrens Picture Books,YNM,Childrens Non Fiction,MISMATCH,
9781786033345,"Mahatma Gandhi - Little People, BIG DREAMS",Children,Childrens Picture Books,YNM,Childrens Non Fiction,MISMATCH,
9781786032485,My First Frida Kahlo,Children,Childrens Picture Books,YNA,Childrens Non Fiction,MISMATCH,
9781786032553,Audrey Hepburn - My First Audrey Hepburn,Children,Childrens Picture Books,YNM,Childrens Non Fiction,MISMATCH,
9780711257658,John Lennon - Little People Big Dreams,Children,Childrens Picture Books,YNM,Childrens Non Fiction,MISMATCH,
9780711245792,Jean-Michel Basquiat - Little People Big Dreams,Children,Childrens Picture Books,YNM,Childrens Non Fiction,MISMATCH,
9780753473016,Fast Facts - Incredible Human Body,Children,Childrens Non Fiction,YQCR,Childrens Picture Books,MISMATCH,
9780241454817,Corner That Held Them,Fiction,Classics,FA,General Fiction,MISMATCH,
9780750982429,Who Made England - The Saxon Viking Race to Create a Country,Children,Childrens Non Fiction,HBJD1,History,MISMATCH,
9781526301055,Generation Code - Im An HTML Web Page Builder,Children,Childrens Non Fiction,YQTU,Childrens Picture Books,MISMATCH,
9781743838396,Jurassic World - Sticker Activity Book,Children,Childrens Non Fiction,YBG,Books For Babies,MISMATCH,
9780809043118,Evolution - The Story Of Life On Earth,Children,Childrens Non Fiction,PDZ,General Science,MISMATCH,
9781743214251,How To Be A World Explorer,Children,Childrens Non Fiction,WTHA,Travel Guides,MISMATCH,
9781501374012,Blackface - Object Lessons,History And Politics,History,DSA,Classics,MISMATCH,
9781786571076,Unfolding Journeys Rocky Mountain Explorer,Children,Childrens Non Fiction,YBGP,Books For Babies,MISMATCH,
9781627178716,Waves Of Light And Sound,Children,Childrens Non Fiction,YQSP,Childrens Picture Books,MISMATCH,
9781621697695,Look At Renaissance Art,Children,Childrens Non Fiction,YQA,Childrens Picture Books,MISMATCH,
9781621697725,Look At Urban Art,Children,Childrens Non Fiction,YQA,Childrens Picture Books,MISMATCH,
9781621697701,Look At Pop Art,Children,Childrens Non Fiction,YQA,Childrens Picture Books,MISMATCH,
9780655628491,Stories - The Collected Short Fiction,Audio,Audio Books,FA,General Fiction,MISMATCH,
9780008310578,Miracle Of Vinegar - 150 Easy Recipes And Uses For Home Health And Beauty,Well Being,Food And Beverage,WKH,General Sport And Fitness,MISMATCH,
9781907598296,Ten Poems About Knitting,Fiction,Poetry,WFBS,Craft,MISMATCH,
9781592539932,500 Tangled Artworks - A Showcase Of Inspired Illustrated Designs,The Arts,Craft,WFA,Fashion,MISMATCH,
9781633221437,1000 Tangles Patterns And Doodled Designs,The Arts,Craft,WFA,Fashion,MISMATCH,
9781440246302,Cotton And Steel Coloring Book - 75 Whimsical Designs To Color And Love,The Arts,Craft,WF,Fashion,MISMATCH,
9781631593376,Draw Color And Sticker Creative Lettering Sketchbook - An Imaginative Illustration Journal,The Arts,Craft,WFA,Fashion,MISMATCH,
9781631590900,Draw 500 Faces And Features,The Arts,Craft,WFA,Fashion,MISMATCH,
9781633220188,Coloring New York Jazz,The Arts,Craft,AGZ,Art,MISMATCH,
9780762452743,Scratch And Stencil - Tie Dye,The Arts,Craft,YN,Childrens Non Fiction,MISMATCH,
9781592539499,Circus Adult Colouring Book,The Arts,Craft,AG,Art,MISMATCH,
9781454929314,Spots Splashes And Fingerprints Fun,The Arts,Craft,YBG,Books For Babies,MISMATCH,
9784805314661,Origami Peace Cranes,The Arts,Craft,YFB,Childrens Fiction,MISMATCH,
9780552177344,Stranger Times - 1 Stranger Times,Fiction,Science Fiction and Fantasy,FA,General Fiction,MISMATCH,
9781784944056,Oils - Techniques And Tutorials For The Complete Beginner,The Arts,Craft,WFA,Fashion,MISMATCH,
9781440328664,Acrylic Painting With Passion - Explorations For Creating Art That Nourishes The Soul,The Arts,Craft,WFA,Fashion,MISMATCH,
9781844485376,"Incredible Acrylics - Techniques, Ideas and New Ways to Use This Versatile Medium",The Arts,Craft,WFA,Fashion,MISMATCH,
9781844480234,Landscapes In Acrylics,The Arts,Craft,WFA,Fashion,MISMATCH,
9781782215325,Drawing Using Grids - Portraits Of Babies And Children,The Arts,Craft,WFA,Fashion,MISMATCH,
9781440241673,LeatherCrafted - A Simple Guide To Creating Unconventional Leather Goods,The Arts,Craft,WF,Fashion,MISMATCH,
9781529110197,Our Times In Rhymes - Being A Prosodical Chronicle Of Our Damnable Age,Reference,Dictionaries,DC,Poetry,MISMATCH,
9781452107745,Amy Butlers Stencils,The Arts,Craft,WF,Fashion,MISMATCH,
9781529355277,99% Invisible City - A Field Guide To The Hidden World Of Everyday Design,The Arts,Design,WTRS,Travel Literature,MISMATCH,
9781529355277,99% Invisible City - A Field Guide To The Hidden World Of Everyday Design,The Arts,Architecture,WTRS,Travel Literature,MISMATCH,
9781529031744,Endurance - SAS Soldier Polar Adventurer Decorated Leader,Travel,Travel Literature,BGHA,Biography,MISMATCH,
9780789434814,Star Wars - Visual Dictionary,Children,Childrens Non Fiction,APF,Music And Performing Arts,MISMATCH,
9781788104319,Battling Dinosaurs Sticker And Activity,Children,Childrens Non Fiction,YBGS,Books For Babies,MISMATCH,
9781631597732,Wonder Art Workshop,Children,Childrens Non Fiction,WF,Fashion,MISMATCH,
9781631590955,Cloud Sketching - Creative Drawing For Cloud Spotters And Daydreamers,Children,Activities,WFA,Fashion,MISMATCH,
9781776560981,Wellington Summer Shakespeare,Sciences,Business,HB,History,MISMATCH,
9781465453372,Art Book - Big Ideas Simply Explained,Children,Childrens Non Fiction,AB,Art,MISMATCH,
9780718185855,Climate Change - A Ladybird Expert Book,Sciences,Environment,PDZ,General Science,MISMATCH,
9780141986005,Good Night Stories For Rebel Girls,Children,Childrens Non Fiction,BGH,Biography,MISMATCH,
9780892811366,Awakening To Animal Voices -  A Teen Guide To Telepathic Communication With All Life,Sciences,Environment,YNX,Childrens Non Fiction,MISMATCH,
9781631060434,Outrageously Adorable Dog Knits,Sciences,Environment,WFBS,Craft,MISMATCH,
9780226195186,Personalities On The Plate - The Lives And Minds Of Animals We Eat,Sciences,Environment,JFFZ,Sociology,MISMATCH,
9780393356502,Astrophysics For Young People In A Hurry - Young Readers Edition,Children,Childrens Non Fiction,YQS,Childrens Picture Books,MISMATCH,
9781782094432,100 Facts - Birds,Sciences,Environment,YNNR,Childrens Non Fiction,MISMATCH,
9781782811992,Little Book Of Eventing,Sciences,Environment,HB,History,MISMATCH,
9781869664480,All About Kiwiana,Children,Childrens Non Fiction,YBGC,Books For Babies,MISMATCH,
9781550748932,Kids Cottage Memory Book,Children,Childrens Non Fiction,YBG,Books For Babies,MISMATCH,
9780994145406,Explore Aotearoa,Children,Childrens Non Fiction,RGR,Environment,MISMATCH,
9780473508135,Living World,Children,Childrens Non Fiction,YQ,Childrens Picture Books,MISMATCH,
9780473508135,Living World,Children,Study And Education,YQ,Childrens Picture Books,MISMATCH,
9781408898161,Harry Potter And The Chamber Of Secrets - 2 Hufflepuff Edition,Children,Childrens Fiction,FA,General Fiction,MISMATCH,
9781608870080,Harry Potter - A Pop Up Book,Children,Childrens Fiction,YBGP,Books For Babies,MISMATCH,
9781635861914,Storeys Curious Compendium of Practical and Obscure Skills -  214 Things You Can Actually Learn How to Do,The Arts,Craft,WKD,General Sport And Fitness,MISMATCH,
9780805098273,Little Elliot Big Fun,Children,Childrens Picture Books,YF,Childrens Fiction,MISMATCH,
9780805098266,Little Elliot Big Family,Children,Childrens Picture Books,YFP,Childrens Fiction,MISMATCH,
9781596435889,Hold Hands,Children,Childrens Picture Books,YBLN1,Childrens Non Fiction,MISMATCH,
9781449461034,Candy Experiments 2,Children,Childrens Non Fiction,YQSC,Childrens Picture Books,MISMATCH,
9780241502204,Breathless,Children,Childrens Fiction,YFM,"Childrens Fiction, Romance",MISMATCH,
9781510105010,Boy At The Back Of The Class,Children,Childrens Fiction,YFM,"Childrens Fiction, Romance",MISMATCH,
9780473327088,Hokos Choice,Children,Childrens Fiction,FL,Science Fiction and Fantasy,MISMATCH,
9780995109285,Fairies Of Down Under And Other Pakeha Fairy Tales,Children,Childrens Fiction,FA,General Fiction,MISMATCH,
9780473489717,Tui Street Heroes - 2 Tui Street,Children,Childrens Fiction,YN,Childrens Non Fiction,MISMATCH,
9781775503347,Legacy,Children,Childrens Fiction,FJMF,General Fiction,MISMATCH,
9780995117440,Alex - The Quartet,Children,Childrens Fiction,YN,Childrens Non Fiction,MISMATCH,
9780810926318,Cars of Cuba,,Motoring and Transport,AJC,Photography,MISMATCH,
9780486440699,Practical Woodcarving - Elementary And Advanced,The Arts,Craft,WFS,Fashion,MISMATCH,
9781406392463,Smell My Foot - Chicken And Brain,Children,Childrens Fiction,YBLA1,Childrens Non Fiction,MISMATCH,
9781558707726,Beautiful Wooden Projects For Outdoor Living,The Arts,Craft,WKDW,General Sport And Fitness,MISMATCH,
9781621452416,Family Handyman Ultimate 1 Day Projects,The Arts,Craft,WKD,General Sport And Fitness,MISMATCH,
9781440346002,Woodworkers Kitchen - 24 Projects You Can Make,The Arts,Craft,WKDW,General Sport And Fitness,MISMATCH,
9781591866640,DIY Solar Projects - Updated Edition,The Arts,Craft,WKD,General Sport And Fitness,MISMATCH,
9781776572786,Bibbit Jumps,Children,Childrens Fiction,YBCS,Childrens Picture Books,MISMATCH,
9781877578373,Kitchens - The New Zealand Kitchen In The 20th Century,The Arts,Architecture,HBT,History,MISMATCH,
9781784882525,This Guy - Portraits of Modern Mens Style,The Arts,Fashion,AJ,Photography,MISMATCH,
9780500293966,Parisian Gentleman,The Arts,Fashion,WFB,Craft,MISMATCH,
9780500022009,Supreme Glamour,The Arts,Fashion,AVH,Music And Performing Arts,MISMATCH,
9780847835669,Clarence House - The Art Of The Textile,The Arts,Design,KNDD,Business,MISMATCH,
9780500021569,Sartorial Travel Guide,The Arts,Fashion,WTH,Travel Guides,MISMATCH,
9781611800289,Surrealist Home - A Box Of Domestic Games,The Arts,Craft,WK,General Sport And Fitness,MISMATCH,
9781782491910,Photo Art - 35 Ways to Use Old and New Photographs,The Arts,Photography,WF,Fashion,MISMATCH,
9781609809379,Rabbits Rebellion,Children,Childrens Fiction,YNM,Childrens Non Fiction,MISMATCH,
9788881584826,Moises Saman - This Is War,The Arts,Photography,AG,Art,MISMATCH,
9781788004695,Clifftoppers - The Arrowhead Moor Adventure,Children,Childrens Fiction,YFCB,"Childrens Fiction, Thriller",MISMATCH,
9780755501618,Gone - 1 Gone Series,Children,Childrens Fiction,YFCB,"Childrens Fiction, Thriller",MISMATCH,
9781405284837,Monster,Children,Childrens Fiction,YFCB,"Childrens Fiction, Thriller",MISMATCH,
9780340999226,Guardian Angel - 14 Cherub,Children,Childrens Fiction,YFCB,"Childrens Fiction, Thriller",MISMATCH,
9780340894330,Killing - 4 Cherub Series,Children,Childrens Fiction,YFCB,"Childrens Fiction, Thriller",MISMATCH,
9780340881538,Recruit - 1 Cherub Series,Children,Childrens Fiction,YFCB,"Childrens Fiction, Thriller",MISMATCH,
9781780979021,Little Book Of Chanel,The Arts,Fashion,BGF,Biography,MISMATCH,
9781760786564,Treehouse Joke Book,Children,Childrens Fiction,YNU,Childrens Non Fiction,MISMATCH,
9780473403430,Rushing Womans Syndrome - Revised Edition,Well Being,Family,VS,Psychology,MISMATCH,
9781988516295,Croczilla - The Wyatt Crockett Story,Sport,Rugby,BGS,Biography,MISMATCH,
9781529042368,"Running Book -  A Journey through Memory, Landscape and History",Travel,Travel Literature,HBJD1,History,MISMATCH,
9780473461751,Plant Paradigm,Well Being,Health,JF,Sociology,MISMATCH,
9781529112733,Spoon Fed - Why Almost Everything We've Been Told About Food Is Wrong,Well Being,Health,JFCV,Sociology,MISMATCH,
9780473423827,Take Heart - My Journey With Cardiomyopathy And Heart Failure,Well Being,Health,BG,Biography,MISMATCH,
9781988538006,I Am More Than Just My Tits - Surviving Breast Cancer,Well Being,Health,BGA,Biography,MISMATCH,
9780958267359,Tino Tabak Dreams and Demons of a New Zealand Cycling Legend,Sport,Cycling,BGS,Biography,MISMATCH,
9780994145475,Swart Brothers Jack and Stephen,Sport,Cycling,BGS,Biography,MISMATCH,
9780008714703,Collins New Zealand and the South Pacific School Atlas,Travel,Atlases And Globes,YQG,Childrens Picture Books,MISMATCH,
9780593115053,Tiny Chef And Da Mishing Weshipee Blook,Children,Childrens Picture Books,YFQ,Childrens Fiction,MISMATCH,
9781787332812,Sapiens Graphic Novel - Volume 1,History And Politics,History,FXZ,Graphic Novels,MISMATCH,
9781787416895,Monstrous Book Of Monsters,Children,Childrens Picture Books,YFD,"Childrens Fiction, Horror",MISMATCH,
9780711256439,Greta Thunberg - Little People BIG DREAMS,Children,Childrens Picture Books,YNM,Childrens Non Fiction,MISMATCH,
9780545465137,Bird King - An Artists Notebook,The Arts,Art,YQA,Childrens Picture Books,MISMATCH,
9781775541172,Down South,Travel,Travel Literature,BGA,Biography,MISMATCH,
9781776572168,Rivers,Children,Childrens Non Fiction,YFT,Childrens Fiction,MISMATCH,
9780143775256,Amazing Aotearoa Activity Book,Children,Childrens Non Fiction,YBG,Books For Babies,MISMATCH,
9781776572748,House Of Madame M,Children,Childrens Non Fiction,YBGP,Books For Babies,MISMATCH,
9780655214113,Little Genius Learning Workbook,Children,Study And Education,YBLH,Childrens Non Fiction,MISMATCH,
9781927194041,Level 2 Mathematics - NCEA Level 2 - ESA Study Guide,Children,Study And Education,YQM,Childrens Picture Books,MISMATCH,
9781927194614,Level 3 Economics Study Guide,Children,Study And Education,YQV,Childrens Picture Books,MISMATCH,
9780071745888,Beginning Chemistry - Schaums Easy Outline,Children,Study And Education,PN,General Science,MISMATCH,
9781877401411,Level 1 English Study Guide,Children,Study And Education,YQC,Childrens Picture Books,MISMATCH,
9780143775119,All About Hairy Maclary,Children,Childrens Picture Books,YBGT,Books For Babies,MISMATCH,
9781988547473,High Country Life - Tales And Recipes From A New Zealand Sheep Station,Well Being,Food And Beverage,BM,Biography,MISMATCH,
9781909889378,Granta 154 -  I Have Been Away for a While,Biographies,Essays,DQ,General Fiction,MISMATCH,
9781783783984,To the Lake - A Journey of War and Peace,Travel,Travel Literature,WTL,Travel Guides,MISMATCH,
9781683963318,I Am Not Okay With This,Fiction,Graphic Novels,DS,Classics,MISMATCH,
9781775432524,Wonky Donkey Sticker Scenes,Children,Activities,YBGS,Books For Babies,MISMATCH,
9781633223868,Chalkboard Alphabet - Learn The ABCs With Chalkboard Pages,Children,Activities,YBLA,Childrens Non Fiction,MISMATCH,
9781631594991,How To Draw Almost Everything For Kids,Children,Activities,YNA,Childrens Non Fiction,MISMATCH,
9780143133223,Brave Learner - Finding Everyday Magic In Homeschool Learning And Life,Well Being,Family,VSK,Psychology,MISMATCH,
9781526630230,World Travel - An Irreverent Guide,Travel,Travel Literature,JFCV,Sociology,MISMATCH,
9781408873748,My Trip To The Dentist - Activity and Sticker Book,Children,Childrens Picture Books,YBG,Books For Babies,MISMATCH,
9781760068813,How to Pee - Potty-Training for Girls,Children,Childrens Picture Books,YBL,Childrens Non Fiction,MISMATCH,
9781408873724,My Day At School - Activity and Sticker Book,Children,Childrens Picture Books,YBG,Books For Babies,MISMATCH,
9781409508687,Going To The Dentist,Children,Childrens Picture Books,YBLN,Childrens Non Fiction,MISMATCH,
9781409304234,Topsy and Tim - Go to Hospital,Children,Childrens Picture Books,YFN,Childrens Fiction,MISMATCH,
9780525580102,My Two Dads And Me,Children,Childrens Picture Books,YB,Childrens Non Fiction,MISMATCH,
9781529004021,Were Going to the Dentist - Going For A Check Up,Children,Childrens Picture Books,YBGT,Books For Babies,MISMATCH,
9780375854613,Bible Stories Of Boys And Girl - Little Golden Book,Children,Childrens Picture Books,YNRB,Childrens Non Fiction,MISMATCH,
9780349011400,Hormonal,Well Being,Health,BM,Biography,MISMATCH,
9780857059390,Bell in the Lake - 1 The Sister Bells Trilogy,Fiction,Historical Fiction,FA,General Fiction,MISMATCH,
9781454923206,Kids Family Tree Book,Children,Childrens Picture Books,YNP,Childrens Non Fiction,MISMATCH,
9781742834948,I Love Easter,Children,Childrens Picture Books,YBG,Books For Babies,MISMATCH,
9781616894597,Strange Trees,Children,Childrens Picture Books,YNN,Childrens Non Fiction,MISMATCH,
9781338566260,Attack of the 50 Foot Fly Guy - 19 Fly Guy,Children,Childrens Picture Books,YFC,Childrens Fiction,MISMATCH,
9781728206592,No Reading Aloud - The Worst Read Aloud Book Ever,Children,Childrens Picture Books,YN,Childrens Non Fiction,MISMATCH,
9781509813766,Gruffalo What Can You Hear? - Buggy Book,Children,Activities,YBCB,Childrens Picture Books,MISMATCH,
9780241411544,Street Through Time - A 12000 Year Journey Along The Same Street,Children,Childrens Picture Books,YNH,Childrens Non Fiction,MISMATCH,
9781783125685,Trucks - And Other Things With Wheels,Children,Childrens Picture Books,YNTR,Childrens Non Fiction,MISMATCH,
9781484767603,Drawn Together,Children,Childrens Picture Books,YFN,Childrens Fiction,MISMATCH,
9781847806895,London Through Time,Children,Childrens Picture Books,YNH,Childrens Non Fiction,MISMATCH,
9780525581390,Fairy Science,Children,Childrens Picture Books,YF,Childrens Fiction,MISMATCH,
9781250195111,Awesome Impossible Unstoppable Gadget,Children,Childrens Picture Books,YFQ,Childrens Fiction,MISMATCH,
9781877401343,Year 9 Maths And Statistics - ESA Study Guide,Children,Study And Education,YQM,Childrens Picture Books,MISMATCH,
9780947504854,Year 9 Mathematics And Statistics - Learning Workbook,Children,Study And Education,YQMT,Childrens Picture Books,MISMATCH,
9780986469367,Year 11 IAS 1.9 - Transformation Geometry,Children,Study And Education,YQM,Childrens Picture Books,MISMATCH,
9780986469381,Year 11 IAS 1.11 - Bivariate Data,Children,Study And Education,YQM,Childrens Picture Books,MISMATCH,
9780986469350,Year 11 IAS 1.8 - Geometric Representations,Children,Study And Education,YQM,Childrens Picture Books,MISMATCH,
9780908340507,Level 1 Maths And Statistics - Learning Workbook,Children,Study And Education,YQM,Childrens Picture Books,MISMATCH,
9781927245590,Level 3 English Learning Workbook,Children,Study And Education,YQE,Childrens Picture Books,MISMATCH,
9780947504786,Year 10 Science - Study Guide,Children,Study And Education,YQS,Childrens Picture Books,MISMATCH,
9781877401381,Year 10 English Study Guide,Children,Study And Education,YQC,Childrens Picture Books,MISMATCH,
9781990015625,Senior Handwriting Start Right Workbook,Children,Study And Education,YQZ,Childrens Picture Books,MISMATCH,
9781990015809,Year 2 Mathematics Start Right Workbook,Children,Study And Education,YQZ,Childrens Picture Books,MISMATCH,
9781838771409,Foundling,Fiction,Historical Fiction,FA,General Fiction,MISMATCH,
9780753467657,Pirates,Children,Study And Education,YNM,Childrens Non Fiction,MISMATCH,
9781776191123,Wilder Life - Journey of an Adventuring Doctor,Travel,Travel Literature,BM,Biography,MISMATCH,
9780823085774,Draw 50 Animal Toons - The Step-by-Step Way To Draw Dogs Cats Birds Fish And Many Many More...,Children,Activities,YNA,Childrens Non Fiction,MISMATCH,
9781465470959,Energy - DK Findout,Children,Childrens Non Fiction,YQSC,Childrens Picture Books,MISMATCH,
9781788171328,Lucky Bitch - A Guide For Exceptional Women To Create Outrageous Success,Sciences,Business,VSC,Psychology,MISMATCH,
9781510202191,Tale of Witchcraft - 2,Fiction,Teen Fiction,YFC,Childrens Fiction,MISMATCH,
9780349132259,Land Of Stories - Mother Goose Diaries,Fiction,Teen Fiction,YFH,Childrens Fiction,MISMATCH,
9780349132235,Land Of Stories - Queen Red Riding Hoods Guide To Royalty,Fiction,Teen Fiction,YFH,Childrens Fiction,MISMATCH,
9781913322076,Inkspell,Fiction,Teen Fiction,YFH,Childrens Fiction,MISMATCH,
9781913322328,Inkdeath,Fiction,Teen Fiction,YFH,Childrens Fiction,MISMATCH,
9781775436218,New Zealand Disasters,Children,Childrens Non Fiction,YFB,Childrens Fiction,MISMATCH,
9780753553893,Think Again - The Power Of Knowing What You Dont Know,Well Being,Psychology,KJD,Business,MISMATCH,
9781761121753,You Should See Me In A Crown,Fiction,Teen Fiction,YFB,Childrens Fiction,MISMATCH,
9781775436607,Spycraft - 2 Katipo Joe,Fiction,Teen Fiction,YFT,Childrens Fiction,MISMATCH,
9781775436447,Blitzkrieg - 1 Katipo Joe,Fiction,Teen Fiction,YFT,Childrens Fiction,MISMATCH,
9781338538090,Invasion - 1 Animorphs Graphic Novel,Fiction,Graphic Novels,YFG,Childrens Fiction,MISMATCH,
9781545804056,Loud House 9 - Ultimate Hangout,Fiction,Graphic Novels,YFW,Childrens Fiction,MISMATCH,
9781444960112,Girls Ive Been,Fiction,Teen Fiction,YFCB,"Childrens Fiction, Thriller",MISMATCH,
9780143104865,Arsene Lupin Gentleman Thief,Fiction,Classics,FH,Thriller,MISMATCH,
9780465097746,History Of American Sports In 100 Objects,Sport,General Sport And Fitness,HBJK,History,MISMATCH,
9780143776048,All Of This Is For You - Special Collectors Edition A Little Book Of Kindness,Well Being,Psychology,HRCV9,Religion,MISMATCH,
9781785152627,Transient Desires - 30 Brunetti,Fiction,Crime Fiction,FA,General Fiction,MISMATCH,
9781786090775,German Heiress,Fiction,Historical Fiction,FJMS,General Fiction,MISMATCH,
9780008386313,Dead Or Alive - 14 Skulduggery Pleasant,Fiction,Teen Fiction,YFH,Childrens Fiction,MISMATCH,
9781760528799,Mortality,Well Being,Psychology,BM,Biography,MISMATCH,
9781743837849,Call Down The Hawk - 1 Dreamer Trilogy,Fiction,Teen Fiction,YFH,Childrens Fiction,MISMATCH,
9780141990415,Head Hand Heart,Well Being,Psychology,JHBL,Sociology,MISMATCH,
9781800322585,Shake Loose the Border - 3 Border Reivers,Fiction,Historical Fiction,FJH,General Fiction,MISMATCH,
9781988587431,Platform - The Radical Legacy Of The Polynesian Panthers,History And Politics,Politics,HBJM,History,MISMATCH,
9781922310248,Palace Letters,History And Politics,Politics,HBJM,History,MISMATCH,
9781580118477,Building Your Tiny House Dream - Create and Build a Tiny House with Your Own Hands,The Arts,Architecture,WK,General Sport And Fitness,MISMATCH,
9781440592119,Tiny Houses Built with Recycled Materials: Inspiration for Constructing Tiny Homes Using Salvaged and Reclaimed Supplies,The Arts,Architecture,WKD,General Sport And Fitness,MISMATCH,
9781565238169,Jay Shafers DIY Book of Backyard Sheds & Tiny Houses,The Arts,Architecture,WKD,General Sport And Fitness,MISMATCH,
9780199685363,Fascism - A Very Short Introduction,Sciences,Philosophy,JPFQ,Politics,MISMATCH,
9781789551211,Big Book Of Wisdom - The ultimate guide for a life well-lived,Well Being,Psychology,HRQM2,Religion,MISMATCH,
9780241531815,Becoming - Adapted for Younger Readers,Fiction,Teen Fiction,YNM,Childrens Non Fiction,MISMATCH,
9783791374567,A Continent of Wonder - Antarctica,Sciences,Environment,YNM,Childrens Non Fiction,MISMATCH,
9781925847864,Antarctica,Sciences,Environment,WTLP,Travel Guides,MISMATCH,
9781925847574,Australias Amazing Dinosaurs,Sciences,Environment,YNN,Childrens Non Fiction,MISMATCH,
9781474622578,Queens Gambit,Fiction,Crime Fiction,FA,General Fiction,MISMATCH,
9781529052596,Wedding Readings and Poems,Fiction,Classics,DQ,General Fiction,MISMATCH,
9780241461419,Why Is Blood Red?,Well Being,Health,YQSB,Childrens Picture Books,MISMATCH,
9781784876579,Animal Farm,Fiction,Classics,FA,General Fiction,MISMATCH,
9781784876555,1984,Fiction,Classics,FLC,Science Fiction and Fantasy,MISMATCH,
9781784876586,Down And Out In Paris And London,Fiction,Classics,BM,Biography,MISMATCH,
9781784876562,Homage To Catalonia,Fiction,Classics,BM,Biography,MISMATCH,
9781787465350,Kennedy Curse,Well Being,Psychology,BGH,Biography,MISMATCH,
9780593087190,Power of Knitting - Stitching Together Our Lives In A Fractured World,The Arts,Art,JFFK,Sociology,MISMATCH,
9781922419347,Grandest Bookshop In The World,Fiction,Teen Fiction,YFB,Childrens Fiction,MISMATCH,
9781473630802,One Quiet Woman - 1 Ellindale Saga,Fiction,Historical Fiction,FT,General Fiction,MISMATCH,
9781787302273,Without Ever Reaching the Summit - A Himalayan Journey,Biographies,Biography,WTL,Travel Guides,MISMATCH,
9781509896127,I Wanna Be Yours,Fiction,Poetry,BM,Biography,MISMATCH,
9781501106408,After Ever Happy - 4 After,Fiction,Teen Fiction,FRD,Romance,MISMATCH,
9781645672050,Woven In Moonlight,Fiction,Teen Fiction,YFH,Childrens Fiction,MISMATCH,
9781910593158,Dali,Fiction,Graphic Novels,BGF,Biography,MISMATCH,
9781784287139,Underground Railroad - Arcturus Classics,Fiction,Classics,HBTS,History,MISMATCH,
9781526615732,We Are Bellingcat - An Intelligence Agency for the People,History And Politics,True Crime,JKVF,Politics,MISMATCH,
9781784287184,Vindication of the Rights of Woman - Arcturus Classics,Well Being,Gender,JFFK,Sociology,MISMATCH,
9781786492487,Good Doctor Of Warsaw,Fiction,Historical Fiction,FA,General Fiction,MISMATCH,
9781782391166,Return To Fourwinds,Fiction,Historical Fiction,FA,General Fiction,MISMATCH,
9781786075833,Talking to Alaska,Fiction,Teen Fiction,YFB,Childrens Fiction,MISMATCH,
9781847179135,"Rugby Runner -  Ancient Roots, Modern Boots",Fiction,Teen Fiction,YFR,Childrens Fiction,MISMATCH,
9780008389093,Girl A,Fiction,Crime Fiction,FA,General Fiction,MISMATCH,
9780008662226,Divergent -  1 Divergent,Fiction,Teen Fiction,YFB,Childrens Fiction,MISMATCH,
9781406385397,Knife of Never Letting Go - 1 Chaos Walking,Fiction,Teen Fiction,YFB,Childrens Fiction,MISMATCH,
9781841593593,Brave New World,Fiction,Science Fiction and Fantasy,FC,Classics,MISMATCH,
9780141049373,Hothouse Flower,Fiction,Historical Fiction,FT,General Fiction,MISMATCH,
9780525948230,How To Be Lovely The Audrey Hepburn Guide to Life,Well Being,Psychology,APF,Music And Performing Arts,MISMATCH,
9780143796992,House Of Hollow,Fiction,Teen Fiction,YFCB,"Childrens Fiction, Thriller",MISMATCH,
9781789541403,Wild Isles - An Anthology of the Best of British and Irish Nature Writing,Travel,Travel Literature,DQ,General Fiction,MISMATCH,
9781788542654,Bermondsey Bookshop,Fiction,Historical Fiction,FT,General Fiction,MISMATCH,
9780345525970,Garfields Sunday Finest,Fiction,Graphic Novels,WHC,Humour,MISMATCH,
9781848312104,Introducing Psychoanalysis - A Graphic Guide,Fiction,Graphic Novels,VSP,Psychology,MISMATCH,
9780142437605,Autobiography and Other Writings - Penguin Black Classics,Fiction,Classics,BGHA,Biography,MISMATCH,
9781760297152,Waking Romeo,Fiction,Science Fiction and Fantasy,YFG,Childrens Fiction,MISMATCH,
9781784708023,Shadow City - A Woman Walks Kabul,Travel,Travel Literature,WTL,Travel Guides,MISMATCH,
9780241479285,Create Space - Declutter Your Home To Clear Your Mind,Well Being,Health,WKH,General Sport And Fitness,MISMATCH,
9780141996882,Hot Money,Sciences,Environment,KCN,Economics,MISMATCH,
9780241412909,Whats Where On Earth - Animal Atlas,Sciences,Environment,YNN,Childrens Non Fiction,MISMATCH,
9780241459140,Earths Incredible Oceans,Sciences,Environment,YNNR,Childrens Non Fiction,MISMATCH,
9781946511553,Ancestors,Biographies,Essays,JH,Sociology,MISMATCH,
9781982157807,Believe It - How To Go From Underestimated To Unstoppable,Well Being,Health,KJMB,Business,MISMATCH,
9781501159312,Vagabonds - The Story of Henry Ford and Thomas Edison's Ten-Year Road Trip,,Motoring and Transport,BGH,Biography,MISMATCH,
9781781573716,You Will be Able to Draw by the End of This Book,The Arts,Art,WFA,Fashion,MISMATCH,
9781406386295,Gargantis - 2 The Legends Of Eerie-on-Sea,Fiction,Teen Fiction,YFC,Childrens Fiction,MISMATCH,
9781501372865,Psychological Roots of the Climate Crisis - Neoliberal Exceptionalism and the Culture of Uncare,Sciences,Environment,DSA,Classics,MISMATCH,
9781449493554,Lucy - Speak Out,Fiction,Graphic Novels,YFW,Childrens Fiction,MISMATCH,
9781449485405,Im Not Your Sweet Babboo,Fiction,Graphic Novels,YFW,Childrens Fiction,MISMATCH,
9781419725784,Alexander Hamilton - The Making Of America 1,History And Politics,Politics,YNM,Childrens Non Fiction,MISMATCH,
9781786899033,Radical Acts Of Love - Twenty Conversations To Inspire Hope At The End Of Life,Well Being,Health,BM,Biography,MISMATCH,
9781988538273,Amazing Machines Down Under,,Motoring and Transport,WGC,Gardening,MISMATCH,
9781631067686,Create Comics - A Sketchbook,Fiction,Graphic Novels,AGZ,Art,MISMATCH,
9780760368053,Four Wheelers Bible - The Complete Guide To Off Road And Overland Adventure Driving,,Motoring and Transport,WGCV,Gardening,MISMATCH,
9780760369753,Riders - Motorcycle Adventurers Cruisers Outlaws And Racers The World Over,,Motoring and Transport,WGCK,Gardening,MISMATCH,
9780857088826,Room of Ones Own - The Feminist Classic,Sciences,Philosophy,JFFK,Sociology,MISMATCH,
9781788162609,Lives Of The Stoics - The Art of Living from Zeno to Marcus Aurelius,Sciences,Philosophy,VS,Psychology,MISMATCH,
9780241432860,Penguin Book of Feminist Writing,Well Being,Gender,JFFK,Sociology,MISMATCH,
9780691210841,Open Society and Its Enemies,Sciences,Philosophy,JPHX,Politics,MISMATCH,
9781838579852,Adventure Stories For Daring Girls,Fiction,Teen Fiction,YFJ,Childrens Fiction,MISMATCH,
9781853260803,Thirty Nine Steps - Wordsworth Classics,Fiction,Classics,FH,Thriller,MISMATCH,
9781509868643,Lord Peter Wimsey Investigates - Selected Short Stories,Fiction,Classics,FFC,Crime Fiction,MISMATCH,
9781509865987,Black Beauty - Macmillan Collectors Library,Fiction,Classics,YFA,Childrens Fiction,MISMATCH,
9783836582087,Rolling Stones,The Arts,Art,AVH,Music And Performing Arts,MISMATCH,
9783791387352,Edward Hopper - The Story Of His Life,The Arts,Art,BGF,Biography,MISMATCH,
9781787331297,Difficult Women - A History Of Feminism In 11 Fights,Well Being,Gender,JFFK,Sociology,MISMATCH,
9781988547855,Labour Saving - A Memoir,History And Politics,Politics,BM,Biography,MISMATCH,
9783791374703,Great Rivers Of The World,Sciences,Environment,YNN,Childrens Non Fiction,MISMATCH,
9780753556337,Hooked - How Processed Food Became Addictive,Well Being,Health,JFFH,Sociology,MISMATCH,
9780241436493,Nineteen Eighty-Four - The Graphic Novel,Fiction,Graphic Novels,FA,General Fiction,MISMATCH,
9781529500776,Chain Of Iron - 2 The Last Hours,Fiction,Teen Fiction,YFH,Childrens Fiction,MISMATCH,
9781683647379,Healing Collective Trauma - A Process for Integrating Our Intergenerational and Cultural Wounds,Well Being,New Age,HRQM2,Religion,MISMATCH,
9781644230527,Alice Neel - The Art of Not Sitting Pretty,The Arts,Art,BGF,Biography,MISMATCH,
9781788686075,South Australia - Lonely Planet Planning Map,Travel,Maps,WTRM,Travel Literature,MISMATCH,
9781855147386,Hold Still - A Portrait of our Nation in 2020,The Arts,Photography,AGHF,Art,MISMATCH,
9781839130069,We Played With Fire,Fiction,Teen Fiction,YFT,Childrens Fiction,MISMATCH,
9781529416817,Lewis Man - 2 Lewis Trilogy,Fiction,Crime Fiction,FA,General Fiction,MISMATCH,
9781782761563,More Peanuts,Fiction,Graphic Novels,WHC,Humour,MISMATCH,
9780063138810,Influence - The Psychology of Persuasion - New And Expanded Edition,Sciences,Business,VFJ,Psychology,MISMATCH,
9781501198557,Animalkind - Remarkable Discoveries about Animals and Revolutionary New Ways to Show Them Compassion,Sciences,Environment,JFFZ,Sociology,MISMATCH,
9780192853608,Animal Rights - A Very Short Introduction,Sciences,Environment,JFFZ,Sociology,MISMATCH,
9780062858412,Stiffed - The Roots Of Modern Male Rage,Well Being,Gender,JFSJ2,Sociology,MISMATCH,
9781465479556,Feminism Is...,Well Being,Gender,YNM,Childrens Non Fiction,MISMATCH,
9780062301857,Simpsons Comics Shake-Up,Fiction,Graphic Novels,WHC,Humour,MISMATCH,
9781761040214,Escape From Manus - The Untold True Story,History And Politics,History,JFFD,Sociology,MISMATCH,
9781761043666,Stalins Wine Cellar,History And Politics,History,WBXD1,Food And Beverage,MISMATCH,
9780723292081,Peppa Pig - Practise With Peppa - Wipe-Clean First Letters,Children,Childrens Non Fiction,YQCS1,Childrens Picture Books,MISMATCH,
9780241254028,Peppa Pig - Practise With Peppa - Wipe-Clean First Writing,Children,Childrens Non Fiction,YBCH,Childrens Picture Books,MISMATCH,
9780241488430,Peppa Pig - Practise With Peppa - First Phonics - Sticker Activity Book,Children,Childrens Non Fiction,YBGS,Books For Babies,MISMATCH,
9780062439802,How To Win at Feminism - The Definitive Guide to Having it All - and Then Some!,Well Being,Gender,JFFK,Sociology,MISMATCH,
9781683690726,Girl Squad - 20 Female Friendships That Changed History,Well Being,Gender,BG,Biography,MISMATCH,
9781922330000,Diary Of A Young Naturalist,Sciences,Environment,BM,Biography,MISMATCH,
9781350040205,Neither Man nor Beast - Feminism and the Defense of Animals,Sciences,Environment,JFFK,Sociology,MISMATCH,
9781760522544,Better Brain Food - Eat to cheat dementia and cognitive decline,Well Being,Health,WBH,Food And Beverage,MISMATCH,
9780099530374,Worst Journey In The World,Travel,Travel Literature,WTLP,Travel Guides,MISMATCH,
9788412155020,Venice in Silence,Travel,Travel Literature,AJC,Photography,MISMATCH,
9781781558294,Queen Elizabeth 2 -  Ship of Legend,,Motoring and Transport,WGG,Gardening,MISMATCH,
9781509542529,Post Growth - Life After Capitalism,History And Politics,History,KCP,Economics,MISMATCH,
9781789094725,Victories Greater Than Death - 1 Unstoppable,Fiction,Science Fiction and Fantasy,YFG,Childrens Fiction,MISMATCH,
9780062843371,Plant Paradox Cookbook,Well Being,Health,WBHS,Food And Beverage,MISMATCH,
9781857886702,Timbuktu School for Nomads  - Across the Sahara in the Shadow of Jihad -,Travel,Travel Literature,WTL,Travel Guides,MISMATCH,
9781409570370,First Thousand Words in Japanese,Travel,Languages,YBLA1,Childrens Non Fiction,MISMATCH,
9781471166204,They Both Die at the End,Fiction,Teen Fiction,YFB,Childrens Fiction,MISMATCH,
9781510109063,Shadow And Bone - 1 Shadow And Bone,Fiction,Teen Fiction,YFH,Childrens Fiction,MISMATCH,
9781780622316,Crooked Kingdom - 2 Six Of Crows,Fiction,Science Fiction and Fantasy,YFH,Childrens Fiction,MISMATCH,
9781908745859,Driving Over Lemons - An Optimist In Andalucia - Special Anniversary Edition,Travel,Travel Literature,BG,Biography,MISMATCH,
9781472263667,Parable of the Sower - 1 Earthseed,Fiction,Science Fiction and Fantasy,FA,General Fiction,MISMATCH,
9781760508753,Tim Te Maro and the Subterranean Heartsick Blues,Fiction,Teen Fiction,YFH,Childrens Fiction,MISMATCH,
9781786896346,To The Island of Tides -  A Journey to Lindisfarne,Travel,Travel Literature,WTL,Travel Guides,MISMATCH,
9781444000955,Asterix And Obelixs Birthday The Golden Book - 34,Fiction,Graphic Novels,YFW,Childrens Fiction,MISMATCH,
9781444004236,"Asterix Omnibus 1 - Asterix The Gaul, Asterix and The Golden Sickle, Asterix and The Goths",Fiction,Graphic Novels,YFW,Childrens Fiction,MISMATCH,
9781444004243,"Asterix Omnibus 2 - Asterix The Gladiator, Asterix and The Banquet, Asterix and Cleopatra",Fiction,Graphic Novels,YFW,Childrens Fiction,MISMATCH,
9781405206181,Black Island - The Adventures of Tintin,Fiction,Graphic Novels,YFW,Childrens Fiction,MISMATCH,
9781405282765,Adventures Of Tintin - 2,Fiction,Graphic Novels,YFW,Childrens Fiction,MISMATCH,
9781405282772,Adventures Of Tintin - 3,Fiction,Graphic Novels,YFW,Childrens Fiction,MISMATCH,
9781405282789,Adventures Of Tintin - 4,Fiction,Graphic Novels,YFW,Childrens Fiction,MISMATCH,
9781405282796,Adventures Of Tintin - 5,Fiction,Graphic Novels,YFW,Childrens Fiction,MISMATCH,
9781405282802,Adventures Of Tintin - 6,Fiction,Graphic Novels,YFW,Childrens Fiction,MISMATCH,
9781405282819,Adventures Of Tintin - 7,Fiction,Graphic Novels,YFW,Childrens Fiction,MISMATCH,
9781405282826,Adventures Of Tintin - 8,Fiction,Graphic Novels,YFW,Childrens Fiction,MISMATCH,
9781405206198,King Ottokars Sceptre - Adventures of Tintin,Fiction,Graphic Novels,YFC,Childrens Fiction,MISMATCH,
9781405206341,Tintin And The Lake Of Sharks,Fiction,Graphic Novels,YFW,Childrens Fiction,MISMATCH,
9781405206358,Tintin And The Picaros - Adventures Of Tintin,Fiction,Graphic Novels,YFW,Childrens Fiction,MISMATCH,
9781405206143,Tintin In America - Adventures Of Tintin,Fiction,Graphic Novels,YFW,Childrens Fiction,MISMATCH,
9781405206310,Tintin In Tibet - Adventures Of Tintin,Fiction,Graphic Novels,YFW,Childrens Fiction,MISMATCH,
9780752866468,Asterix And Caesars Gift - 21,Fiction,Graphic Novels,YFW,Childrens Fiction,MISMATCH,
9780752866079,Asterix And Cleopatra - 6,Fiction,Graphic Novels,YFW,Childrens Fiction,MISMATCH,
9780752847788,Asterix And Obelix All At Sea - 30,Fiction,Graphic Novels,YFW,Childrens Fiction,MISMATCH,
9780752847757,Asterix And Son - 27,Fiction,Graphic Novels,YFW,Childrens Fiction,MISMATCH,
9780752846583,Asterix And The Actress - 31,Fiction,Graphic Novels,YFW,Childrens Fiction,MISMATCH,
9780752866093,Asterix And The Banquet - 5,Fiction,Graphic Novels,YFW,Childrens Fiction,MISMATCH,
9780752866178,Asterix And The Big Fight - 7,Fiction,Graphic Novels,YFW,Childrens Fiction,MISMATCH,
9780752847740,Asterix And The Black Gold - 26,Fiction,Graphic Novels,YFW,Childrens Fiction,MISMATCH,
9780752866291,Asterix And The Cauldron - 13,Fiction,Graphic Novels,YFW,Childrens Fiction,MISMATCH,
9781510105003,Asterix And The Chariot Race - 37,Fiction,Graphic Novels,YFW,Childrens Fiction,MISMATCH,
9781510107144,Asterix And The Chieftains Daughter - 38,Fiction,Graphic Novels,YFW,Childrens Fiction,MISMATCH,
9780752866253,Asterix And The Chieftains Shield - 11,Fiction,Graphic Novels,YFW,Childrens Fiction,MISMATCH,
9780752866406,Asterix And The Class Act - 32,Fiction,Graphic Novels,YFW,Childrens Fiction,MISMATCH,
9780752875484,Asterix And The Falling Sky - 33,Fiction,Graphic Novels,YFW,Childrens Fiction,MISMATCH,
9780752866130,Asterix And The Golden Sickle - 2,Fiction,Graphic Novels,YFW,Childrens Fiction,MISMATCH,
9780752866154,Asterix And The Goths - 3,Fiction,Graphic Novels,YFW,Childrens Fiction,MISMATCH,
9780752866482,Asterix And The Great Crossing - 22,Fiction,Graphic Novels,YFW,Childrens Fiction,MISMATCH,
9780752847733,Asterix And The Great Divide - 25,Fiction,Graphic Novels,YFW,Childrens Fiction,MISMATCH,
9780752866376,Asterix And The Laurel Wreath - 18,Fiction,Graphic Novels,YFW,Childrens Fiction,MISMATCH,
9780752847764,Asterix And The Magic Carpet - 28,Fiction,Graphic Novels,YFW,Childrens Fiction,MISMATCH,
9781510100466,Asterix And The Missing Scroll - 36,Fiction,Graphic Novels,YFW,Childrens Fiction,MISMATCH,
9780752866239,Asterix And The Normans - 9,Fiction,Graphic Novels,YFW,Childrens Fiction,MISMATCH,
9781444011692,Asterix And The Picts - 35,Fiction,Graphic Novels,YFW,Childrens Fiction,MISMATCH,
9780752866338,Asterix And The Roman Agent - 15,Fiction,Graphic Novels,YFW,Childrens Fiction,MISMATCH,
9780752847771,Asterix And The Secret Weapon - 29,Fiction,Graphic Novels,YFW,Childrens Fiction,MISMATCH,
9780752866420,Asterix And The Soothsayer - 19,Fiction,Graphic Novels,YFW,Childrens Fiction,MISMATCH,
9780752888767,Asterix And The Vikings - The Book Of The Film,Fiction,Graphic Novels,YFW,Childrens Fiction,MISMATCH,
9780752866277,Asterix At The Olympic Games - 12,Fiction,Graphic Novels,YFW,Childrens Fiction,MISMATCH,
9780141990286,Finding The Mother Tree - Uncovering The Wisdom And Intelligence Of The Forest,Sciences,Environment,PSTS,General Science,MISMATCH,
9781925816297,Idle Torque,,Motoring and Transport,WGCB,Gardening,MISMATCH,
9780241443996,Endgame,Fiction,Teen Fiction,YFM,"Childrens Fiction, Romance",MISMATCH,
9780752866505,Asterix In Belgium - 24,Fiction,Graphic Novels,YFW,Childrens Fiction,MISMATCH,
9780752866192,Asterix In Britain - 8,Fiction,Graphic Novels,YFW,Childrens Fiction,MISMATCH,
9780752866444,Asterix In Corsica - 20,Fiction,Graphic Novels,YFW,Childrens Fiction,MISMATCH,
9780752866314,Asterix In Spain - 14,Fiction,Graphic Novels,YFW,Childrens Fiction,MISMATCH,
9780752866352,Asterix In Switzerland - 16,Fiction,Graphic Novels,YFW,Childrens Fiction,MISMATCH,
9780752866055,Asterix The Gaul - 1,Fiction,Graphic Novels,YFW,Childrens Fiction,MISMATCH,
9780752866116,Asterix The Gladiator - 4,Fiction,Graphic Novels,YFW,Childrens Fiction,MISMATCH,
9780752866215,Asterix The Legionary - 10,Fiction,Graphic Novels,YFW,Childrens Fiction,MISMATCH,
9781444000948,Asterix - How Obelix Fell Into The Magic Potion,Fiction,Graphic Novels,YFW,Childrens Fiction,MISMATCH,
9780752866529,Asterix - Obelix And Co - 23,Fiction,Graphic Novels,YFW,Childrens Fiction,MISMATCH,
9780745341125,Decolonial Feminism,Well Being,Gender,JFFK,Sociology,MISMATCH,
9781471192043,Niki Lauda - The Biography,,Motoring and Transport,BGS,Biography,MISMATCH,
9781974700585,Pokemon Horizon 1 - Sun Moon,Fiction,Graphic Novels,YFW,Childrens Fiction,MISMATCH,
9781591163275,Case Closed - 1 Case Closed,Fiction,Graphic Novels,FA,General Fiction,MISMATCH,
9781407132105,Mockingjay - 3 Hunger Games,Fiction,Teen Fiction,YFG,Childrens Fiction,MISMATCH,
9780593175170,Take Back The Block,Fiction,Teen Fiction,YF,Childrens Fiction,MISMATCH,
9781925498783,Eat The Buddha,History And Politics,Religion,BGX,Biography,MISMATCH,
9780143774143,Big Bike Trip,Travel,Travel Literature,WTL,Travel Guides,MISMATCH,
9781631498718,Whats Your Pronoun - Beyond He And She,Well Being,Gender,JFSJ,Sociology,MISMATCH,
9780995118072,My Cat Can See Ghosts,Children,Childrens Fiction,YBC,Childrens Picture Books,MISMATCH,
9780689871313,Nixies Song - 1 Beyond Spiderwick,Fiction,Teen Fiction,YFH,Childrens Fiction,MISMATCH,
9781925300048,Lizzys Triumph Over Cyber-Bullying - 2 Cyber safety can be fun,Well Being,Childrens Well Being,YF,Childrens Fiction,MISMATCH,
9781925300055,Lucy's Family Launches into the Cyber-World - 3 Cyber safety can be fun,Well Being,Childrens Well Being,YF,Childrens Fiction,MISMATCH,
9781925300109,Dennis and His Online Gaming Adventure - 5 Cyber safety can be fun,Well Being,Childrens Well Being,YF,Childrens Fiction,MISMATCH,
9781925300079,Tom Tames His Online World - 4 Cyber safety can be fun,Fiction,Teen Fiction,YF,Childrens Fiction,MISMATCH,
9780141335391,Percy Jackson And The Lightning Thief - The Graphic Novel,Fiction,Graphic Novels,YFW,Childrens Fiction,MISMATCH,
9780143795469,Champagne War,Fiction,Historical Fiction,FJMF,General Fiction,MISMATCH,
9780241441060,Francis War - One Womans Survival Of The Holocaust,Biographies,Biography,HBTZ1,History,MISMATCH,
9781847943040,Talent Code,Sport,General Sport And Fitness,VSP,Psychology,MISMATCH,
9781529106800,To Hell and Back - An Autobiography,,Motoring and Transport,BGSA,Biography,MISMATCH,
9781786784834,Self Sufficiency Bible - 100s of Ways to Live More Sustainably - Wherever You Are,Sciences,Environment,VSZ,Psychology,MISMATCH,
9781578268924,"Earth My Dearest - Inspirations on Nature, Conservation, Sustainability and Stewardship - Over 200 Quotations",Sciences,Environment,AGN,Art,MISMATCH,
9781529300390,Toto Among The Murderers,Fiction,Crime Fiction,FA,General Fiction,MISMATCH,
9780711258457,Fungi - A Species Guide,Sciences,Environment,PSQ,General Science,MISMATCH,
9781838694487,Armchair Explorer,Travel,Travel Literature,WTM,Travel Guides,MISMATCH,
9780141047973,23 Things They Dont Tell You About Capitalism,Sciences,General Science,KCS,Economics,MISMATCH,
9780473549565,Poured Me A Glass Of Life -  One Womans Journey Of Choosing Life Over The Bottle,Well Being,Health,BG,Biography,MISMATCH,
9780500094259,Barbara Hepworth - Art and Life,Biographies,Biography,AGB,Art,MISMATCH,
9781786892690,Notes On A Nervous Planet,Well Being,Psychology,BM,Biography,MISMATCH,
9780007340958,Shape Of Me And Other Stuff,Children,Childrens Picture Books,YBLH,Childrens Non Fiction,MISMATCH,
9781990035005,Life And Times Of Eddie McGrath,Fiction,Teen Fiction,YFB,Childrens Fiction,MISMATCH,
9780691226477,Great Guide - What David Hume Can Teach Us about Being Human and Living Well,Sciences,Philosophy,BG,Biography,MISMATCH,
9781474603874,Admissions - A Life in Brain Surgery,Well Being,Psychology,BGTA,Biography,MISMATCH,
9780947504786,Year 10 Science - Study Guide,Children,Study And Education,YQS,Childrens Picture Books,MISMATCH,
9781788165174,Dancing with the Octopus - The Telling of a True Crime,History And Politics,True Crime,BM,Biography,MISMATCH,
9780008312879,Everyday Hero Manifesto,Sciences,Business,VSC,Psychology,MISMATCH,
9781849946414,Atlas of Imagined Places -  from Lilliput to Gotham City,Travel,Travel Literature,JFCA,Sociology,MISMATCH,
9780753553459,Madhouse At The End Of The Earth - The Belgicas Journey Into The Dark Antarctic Night,Travel,Travel Literature,HBG,History,MISMATCH,
9780241512357,Kate In Waiting,Fiction,Teen Fiction,YFM,"Childrens Fiction, Romance",MISMATCH,
9781761065750,Girl From The Channel Islands,Fiction,Crime Fiction,FA,General Fiction,MISMATCH,
9780141377056,Pony,Fiction,Teen Fiction,YFC,Childrens Fiction,MISMATCH,
9781471182747,Icebound,Travel,Travel Literature,HBTM,History,MISMATCH,
9781844884889,OK Lets Do Your Stupid Idea,Biographies,Essays,BM,Biography,MISMATCH,
9781925868593,Passion for Hot Rods And Australian Custom Vehicles,,Motoring and Transport,WGC,Gardening,MISMATCH,
9781911641568,My Cool Classic Car - An inspirational guide to classic cars,,Motoring and Transport,WGCB,Gardening,MISMATCH,
9780760366783,1970 Maximum Muscle - The Pinnacle of Muscle Car Power,,Motoring and Transport,WGCB,Gardening,MISMATCH,
9780473563752,Women And Money - Mastering the Struggle,Sciences,Business,VSB,Psychology,MISMATCH,
9780995143111,Architect And The Artists - Hackshaw McCahon Dibble,The Arts,Architecture,AGB,Art,MISMATCH,
9780241381878,Connections - A Story of Human Feeling,Sciences,General Science,MJN,Health,MISMATCH,
9781922458254,Storm of Echoes - 4 Mirror Visitor,Fiction,Teen Fiction,YFH,Childrens Fiction,MISMATCH,
9781405947343,Latitude - The Astonishing Adventure That Shaped The World,Sciences,General Science,BGH,Biography,MISMATCH,
9780141992136,How To Fight Anti Semitism,History And Politics,Politics,JFFJ,Sociology,MISMATCH,
9780141992136,How To Fight Anti Semitism,History And Politics,History,JFFJ,Sociology,MISMATCH,
9781909489424,Death Cure - 3 Maze Runner,Fiction,Teen Fiction,YFG,Childrens Fiction,MISMATCH,
9781800750326,"Cynical Theories- How Activist Scholarship Made Everything about Race, Gender, and Identity - And Why this Harms Everybody",History And Politics,History,JF,Sociology,MISMATCH,
9780753829356,Olive Season,Travel,Travel Literature,WTL,Travel Guides,MISMATCH,
9781784708276,Entangled Life - How Fungi Make Our Worlds Change Our Minds And Shape Our Futures,Sciences,Environment,PSQ,General Science,MISMATCH,
9781922310958,American Kompromat,History And Politics,True Crime,JPSL,Politics,MISMATCH,
9780143774280,Worlds Fastest Indian,,Motoring and Transport,BGS,Biography,MISMATCH,
9781933392455,When Technology Fails,Sciences,Environment,VSZ,Psychology,MISMATCH,
9780241423233,What Is A Refugee,Children,Childrens Non Fiction,YBC,Childrens Picture Books,MISMATCH,
9780241461389,Really Incredible Science Book,Children,Childrens Non Fiction,YBGT,Books For Babies,MISMATCH,
9781510104464,King Of Scars - 1 King Of Scars,Fiction,Science Fiction and Fantasy,YFH,Childrens Fiction,MISMATCH,
9781510109186,Rule of Wolves - 2 King of Scars Duology,Fiction,Science Fiction and Fantasy,YFC,Childrens Fiction,MISMATCH,
9781800750302,Nomadland,History And Politics,History,JF,Sociology,MISMATCH,
9781760982461,Survivors,Fiction,Crime Fiction,FA,General Fiction,MISMATCH,
9781529042382,Running Book - Journey Through Memory Landscape And History,Travel,Travel Literature,HBJD1,History,MISMATCH,
9781529004885,Palace Of Palms,Sciences,Environment,HBTB,History,MISMATCH,
9781760987305,Deep End,Fiction,Teen Fiction,YF,Childrens Fiction,MISMATCH,
9781760983031,Lakesedge,Fiction,Teen Fiction,YF,Childrens Fiction,MISMATCH,
9780691220550,Mushroom At The End Of The World - On the Possibility of Life in Capitalist Ruins,History And Politics,History,JHMC,Sociology,MISMATCH,
9780861540907,Firekeepers Daughter,Fiction,Teen Fiction,FH,Thriller,MISMATCH,
9780241472279,Ride - Cycle The World,Sport,Cycling,WTH,Travel Guides,MISMATCH,
9781526642653,I Alone Can Fix It - Donald J Trumps Catastrophic Final Year,History And Politics,Politics,HB,History,MISMATCH,
9781761150050,Men Without Country - The True Story Of Exploration And Rebellion In The South Seas,Travel,Travel Literature,BGH,Biography,MISMATCH,
9780857088765,Communist Manifesto - The Political Classic,Sciences,Philosophy,KJ,Business,MISMATCH,
9781840220964,Communist Manifesto - The Condition of the Working Class in England in 1844 Socialism Utopian and Scientific,Sciences,Philosophy,JPFC,Politics,MISMATCH,
9780947506933,New Zealand Wars,Children,Childrens Non Fiction,HBJM,History,MISMATCH,
9781529308686,Plant Based Diet Revolution - 28 days to a happier gut and a healthier you,Well Being,Health,WBH,Food And Beverage,MISMATCH,
9780141982571,English Pastoral - An Inheritance,Sciences,Environment,JFSF,Sociology,MISMATCH,
9780241503331,12 Birds to Save Your Life - Nature's Lessons in Happiness,Sciences,Environment,BM,Biography,MISMATCH,
9780857527578,Authority Gap - Why Women Are Still Taken Less Seriously Than Men And What We Can Do About It,Well Being,Gender,JFFK,Sociology,MISMATCH,
9780995146570,Queer Existence - The Lives Of Young Gay Men In Aotearoa New Zealand,Well Being,Gender,JFSJ2,Sociology,MISMATCH,
9780140432084,Wealth Of Nations Books I-III - Penguin Black Classics,History And Politics,History,KCA,Economics,MISMATCH,
9780140436150,Wealth of Nations - Books IV-V - Penguin Black Classics,History And Politics,History,KCP,Economics,MISMATCH,
9781788168601,Nation Of Plants,Sciences,Environment,PST,General Science,MISMATCH,
9781580935852,Flower Flash,The Arts,Design,WF,Fashion,MISMATCH,
9789401455237,Mahy - A Family of Cars - The Tranquil Beauty Of Unique Classic Cars,,Motoring and Transport,WGCB,Gardening,MISMATCH,
9783667118028,Holy Halls - The Secret Car Collection Of Mercedes-Benz,,Motoring and Transport,WGCB,Gardening,MISMATCH,
9783961713639,Vinyl World - You Spin Me Right Round,The Arts,Photography,AVX,Music And Performing Arts,MISMATCH,
9783961713479,Far Far East - A Tribute To Faraway Asia,Travel,Travel Literature,WTM,Travel Guides,MISMATCH,
9780995103108,Hei Taonga Ma Nga Uri Whakatipu - Treasures For The Rising Generation,History And Politics,History,JHMC,Sociology,MISMATCH,
9780995143142,Forgotten Coast,Biographies,Biography,HBJM,History,MISMATCH,
9780141989402,War Against The BBC,History And Politics,History,JFD,Sociology,MISMATCH,
9780702263408,Where We Swim,Travel,Travel Literature,WTL,Travel Guides,MISMATCH,
9780241491409,"Italian for Everyone - 5 Words a Day Learn and Practise 1,000 Italian Words",Travel,Languages,YQF,Childrens Picture Books,MISMATCH,
9780241491393,"French for Everyone - Junior 5 Words a Day Learn and Practise 1,000 French Words",Travel,Languages,YQF,Childrens Picture Books,MISMATCH,
9780593156391,Garfield Fat Cat - 23,Fiction,Graphic Novels,WH,Humour,MISMATCH,
9781789502534,Fairy Tales for Fearless Girls,Fiction,Teen Fiction,YFB,Childrens Fiction,MISMATCH,
9781786493101,Beginners - The Curious Power of Lifelong Learning,Well Being,Psychology,PDZ,General Science,MISMATCH,
9780062484932,Invisible Emmie,Fiction,Graphic Novels,YFW,Childrens Fiction,MISMATCH,
9781840227888,Treasure Island - Wordsworth Collectors Editions,Fiction,Classics,YFA,Childrens Fiction,MISMATCH,
9781840227857,Railway Children - Wordsworth Collectors Editions,Fiction,Classics,YFA,Childrens Fiction,MISMATCH,
9781840227840,Anne of Green Gables - Wordsworth Collectors Editions,Fiction,Classics,YFA,Childrens Fiction,MISMATCH,
9781785787164,Sealand - The True Story of the World's Most Stubborn Micronation,Travel,Travel Literature,HBTV,History,MISMATCH,
9781785043567,Better Brain - Overcome Anxiety Combat Depression And Reduce ADHD And Stress With Nutrition,Well Being,Psychology,PDZ,General Science,MISMATCH,
9781405206167,Blue Lotus -  Adventures of Tintin,Fiction,Graphic Novels,YFW,Childrens Fiction,MISMATCH,
9781529336382,Murder On Mustique,Fiction,Crime Fiction,FA,General Fiction,MISMATCH,
9781780724669,Looking For An Enemy - 8 Essays on Antisemitism,History And Politics,History,JFSR1,Sociology,MISMATCH,
9780062990464,Girl And The Galdurian - 1 Lightfall,Fiction,Graphic Novels,YFW,Childrens Fiction,MISMATCH,
9780500094365,Spring Cannot Be Cancelled - David Hockney In Normandy,The Arts,Design,AGB,Art,MISMATCH,
9782869251595,Damien Hirst - Cherry Blossoms,The Arts,Design,AGB,Art,MISMATCH,
9781419747502,Art of VIVO,The Arts,Art,APFV,Music And Performing Arts,MISMATCH,
9781419747502,Art of VIVO,The Arts,Design,APFV,Music And Performing Arts,MISMATCH,
9788857244853,Edvard Munch - 1863 - 1944,The Arts,Design,AGB,Art,MISMATCH,
9782080203939,Hotel Du Cap-Eden-Roc - A Timeless Legend On The French Riviera,The Arts,Photography,WTM,Travel Guides,MISMATCH,
9782080203939,Hotel Du Cap-Eden-Roc - A Timeless Legend On The French Riviera,Travel,Travel Literature,WTM,Travel Guides,MISMATCH,
9781908714961,Young Cyclists Companion,Sport,General Sport And Fitness,YNWY,Childrens Non Fiction,MISMATCH,
9781908714930,Grandmas House Of Rules,Children,Childrens Fiction,YBCS,Childrens Picture Books,MISMATCH,
9781908714879,Atlas Of Amazing Architecture - The Most Incredible Buildings You've Probably Never Heard Of,The Arts,Architecture,YNTB,Childrens Non Fiction,MISMATCH,
9781908714879,Atlas Of Amazing Architecture - The Most Incredible Buildings You've Probably Never Heard Of,The Arts,Design,YNTB,Childrens Non Fiction,MISMATCH,
9781951836061,Little Sap - The Magical Story Of A Forest Family,Sciences,General Science,YBCS,Childrens Picture Books,MISMATCH,
9781473630833,Secret Lives Of Colour,The Arts,Design,HBTB,History,MISMATCH,
9780062998989,An Ordinary Age - Finding Your Way In A World That Expects Exceptional,Well Being,Psychology,JFCA,Sociology,MISMATCH,
9781786279194,Mythical World - A Jigsaw Puzzle Filled with Fantastical Creatures,History And Politics,Mythology,JFHF,Sociology,MISMATCH,
9781419744693,Underexposed - The 50 Greatest Movies Never Made,The Arts,Photography,APF,Music And Performing Arts,MISMATCH,
9780500024478,Self Reliance - The Original 1841 Essay With Twelve New Essays,Biographies,Essays,JFCA,Sociology,MISMATCH,
9781784744076,Promise,Fiction,Historical Fiction,FA,General Fiction,MISMATCH,
9780571366699,Second Place,The Arts,Art,FA,General Fiction,MISMATCH,
9781760984076,3 Day Diet,Well Being,Health,WBH,Food And Beverage,MISMATCH,
9781783966028,Power of Geography - Ten Maps That Reveal the Future of Our World,History And Politics,History,RGCP,Environment,MISMATCH,
9781787333352,Silent Earth - Averting The Insect Apocalypse,Sciences,Environment,PDZ,General Science,MISMATCH,
9781783444656,Booked,Fiction,Teen Fiction,YFR,Childrens Fiction,MISMATCH,
9781789544671,Cabin In The Mountains - A Norwegian Odyssey,Travel,Travel Literature,BM,Biography,MISMATCH,
9780062278265,Fire Never Goes Out - A Memoir In Pictures,Fiction,Graphic Novels,YFW,Childrens Fiction,MISMATCH,
9781471194979,Sleeper,Fiction,Graphic Novels,FA,General Fiction,MISMATCH,
9780571366712,Breakthrough -  Spectacular Stories Of Scientific Discovery From The Higgs Particle To Black Holes,Sciences,General Science,BGT,Biography,MISMATCH,
9780711256781,How It All Works - All Scientific Laws And Phenomena Illustrated And Demonstrated,Fiction,Classics,PDZ,General Science,MISMATCH,
9781760875749,Dark Rise - 1 Dark Rise,Fiction,Teen Fiction,YFH,Childrens Fiction,MISMATCH,
9780241485750,Riddley Walker,Fiction,Classics,FLC,Science Fiction and Fantasy,MISMATCH,
9781529028850,Somewhere Becoming Rain -  Collected Writings on Philip Larkin,Fiction,Poetry,DSC,Classics,MISMATCH,
9780063138810,Influence - The Psychology of Persuasion - New And Expanded Edition,Sciences,Business,VFJ,Psychology,MISMATCH,
9781760984892,Self Less,Fiction,Teen Fiction,YFCB,"Childrens Fiction, Thriller",MISMATCH,
9780008389093,Girl A,Fiction,Crime Fiction,FA,General Fiction,MISMATCH,
9780552571906,Lamplighter - 2 Monster Blood Tattoo,Fiction,Teen Fiction,YFH,Childrens Fiction,MISMATCH,
9780008447373,Greatest Secret,Well Being,New Age,VS,Psychology,MISMATCH,
9781849086363,US Amphibious Tanks of World War II,,Motoring and Transport,HBWQ,History,MISMATCH,
9781783782802,Between Light And Storm - How We Live With Other Species,Sciences,Environment,JFFZ,Sociology,MISMATCH,
9781841885360,Living The Chateau Dream,The Arts,Design,BGFA,Biography,MISMATCH,
9781841885360,Living The Chateau Dream,Travel,Travel Literature,BGFA,Biography,MISMATCH,
9781788167802,Handshake - A Gripping History,History And Politics,History,JHMC,Sociology,MISMATCH,
9780008299941,Encounters with Euclid - How an Ancient Greek Geometry Text Shaped the World,Sciences,General Science,HBLA,History,MISMATCH,
9780099528487,Call of Cthulhu and Other Weird Tales,Fiction,Classics,FL,Science Fiction and Fantasy,MISMATCH,
9781444763645,Constant Rabbit,Fiction,Science Fiction and Fantasy,FA,General Fiction,MISMATCH,
9783836588164,Art Record Covers,The Arts,Art,AV,Music And Performing Arts,MISMATCH,
9781648290749,Kinfolk Travel -  Slower Ways to See the World,Travel,Travel Literature,AJ,Photography,MISMATCH,
9783961712892,Penguin - A Story of Survival,Sciences,Environment,AJC,Photography,MISMATCH,
9781921997945,Graevale - 4 Medoran Chronicles,Fiction,Teen Fiction,YFH,Childrens Fiction,MISMATCH,
9781925700985,Vardaesia - 5 Medoran Chronicles,Fiction,Teen Fiction,YFH,Childrens Fiction,MISMATCH,
9781788163477,Hogarth - Life In Progress,The Arts,Art,BGF,Biography,MISMATCH,
9781788166003,Velvet Rope Economy - How Inequality Became Big Business,Sciences,Economics,JFFJ,Sociology,MISMATCH,
9781788166003,Velvet Rope Economy - How Inequality Became Big Business,Sciences,Business,JFFJ,Sociology,MISMATCH,
9781781255629,Music Of Time - Poetry In The Twentieth Century,Fiction,Poetry,HBTB,History,MISMATCH,
9780473541194,Youll Never Make It,,Motoring and Transport,BM,Biography,MISMATCH,
9781529030785,Sentient - What Animals Reveal About Our Senses,Sciences,Environment,PDZ,General Science,MISMATCH,
9780738215679,Velvet Rage - Overcoming The Pain Of Growing Up Gay In A Straight Mans World,Well Being,Gender,JFSK2,Sociology,MISMATCH,
9780143774143,Big Bike Trip,Sport,Cycling,WTL,Travel Guides,MISMATCH,
9780143774143,Big Bike Trip,The Arts,Photography,WTL,Travel Guides,MISMATCH,
9781797202839,Men To Avoid In Art And Life,The Arts,Art,WH,Humour,MISMATCH,
9780241991848,Pursuit of Love,Fiction,Historical Fiction,FA,General Fiction,MISMATCH,
9780711262768,Rescuing Titanic - A True Story Of Quiet Bravery In The North Atlantic,History And Politics,History,YNH,Childrens Non Fiction,MISMATCH,
9781645178149,Classic Tales of Mystery,Fiction,Classics,FF,Crime Fiction,MISMATCH,
9780747599043,Epitaph of a Small Winner,Fiction,Classics,FA,General Fiction,MISMATCH,
9781864719048,Ruins Of Gorlan - 1 Rangers Apprentice,Fiction,Teen Fiction,YFH,Childrens Fiction,MISMATCH,
9781785767951,Call of the Raven,Fiction,Historical Fiction,FJH,General Fiction,MISMATCH,
9781846046452,How Do You Live,Sciences,Philosophy,FA,General Fiction,MISMATCH,
9780241515624,Help Your Kids With Geography,Children,Childrens Non Fiction,YQG,Childrens Picture Books,MISMATCH,
9781409383468,Help Your Kids With Science,Children,Childrens Non Fiction,VSK,Psychology,MISMATCH,
9781529063318,Song Of Gladness - A Story Of Hope For Us And Our Planet,Children,Childrens Fiction,YBCS,Childrens Picture Books,MISMATCH,
9781529063318,Song Of Gladness - A Story Of Hope For Us And Our Planet,Children,Childrens Non Fiction,YBCS,Childrens Picture Books,MISMATCH,
9781787467842,Transient Desires - 30 Brunetti,Fiction,Crime Fiction,FA,General Fiction,MISMATCH,
9781846047251,Yes To Life In Spite of Everything,Sciences,Philosophy,VSPM,Psychology,MISMATCH,
9781760896973,Youre Doing it Wrong - A History of Bad And Bonkers Advice to Women,Well Being,Gender,JFCX,Sociology,MISMATCH,
9780241543740,Abolition Feminism Now.,Well Being,Gender,JFFK,Sociology,MISMATCH,
9781775436089,Whutuporo Tahi Rua Toru - Rugby 1 2 3,Sport,Rugby,YFR,Childrens Fiction,MISMATCH,
9781988538587,123 With New Zealand Rugby,Sport,Rugby,YNWB,Childrens Non Fiction,MISMATCH,
9781784877675,Scandinavian Christmas - Festive Tales For A Nordic Noel,Fiction,Classics,FYB,General Fiction,MISMATCH,
9781529112214,Magdalena - River Of Dreams A Story Of Colombia,Travel,Travel Literature,WTL,Travel Guides,MISMATCH,
9781784708276,Entangled Life - How Fungi Make Our Worlds Change Our Minds And Shape Our Futures,Sciences,Environment,PSQ,General Science,MISMATCH,
9780008318871,Wood Age - How Wood Shaped the Whole of Human History,Sciences,Environment,HBG,History,MISMATCH,
9781990035074,Neands Book 2,Fiction,Teen Fiction,YF,Childrens Fiction,MISMATCH,
9781529108941,Dead Men Dont Tell Tales,,Motoring and Transport,BM,Biography,MISMATCH,
9781472263650,Parable of the Talents - 2 Earthseed,Fiction,Science Fiction and Fantasy,FA,General Fiction,MISMATCH,
9780141194882,Call Of The Wild / White Fang - Popular Penguins,Fiction,Classics,YFA,Childrens Fiction,MISMATCH,
9781905460045,Yakari and Great Eagle - 1 Yakari,Fiction,Graphic Novels,YFW,Childrens Fiction,MISMATCH,
9781905460052,Yakari and the White Buffalo - 2 Yakari,Fiction,Graphic Novels,YFW,Childrens Fiction,MISMATCH,
9781905460113,Billy The Kid - 1 Lucky Luke,Fiction,Graphic Novels,YFW,Childrens Fiction,MISMATCH,
9781905460144,Jesse James - 4 Lucky Luke,Fiction,Graphic Novels,YFW,Childrens Fiction,MISMATCH,
9781405266512,Tintin In the Land of the Soviets - The Adventures of Tintin,Fiction,Graphic Novels,YFC,Childrens Fiction,MISMATCH,
9781529360684,Immune,Sciences,General Science,MJCM,Health,MISMATCH,
9781800781146,Goods,Children,Activities,YBG,Books For Babies,MISMATCH,
9780571357888,Book Cat,Children,Childrens Non Fiction,YFP,Childrens Fiction,MISMATCH,
9781526640956,These Precious Days,Biographies,Essays,BGA,Biography,MISMATCH,
9781526604125,What Its Like To Be A Bird,Children,Childrens Fiction,YNNR,Childrens Non Fiction,MISMATCH,
9780751584318,Woman The Mink The Cod And The Donkey - An affectionate parody of a little-known book,Fiction,Graphic Novels,VS,Psychology,MISMATCH,
9781788169660,Sum of Us - What Racism Costs Everyone and How We Can Prosper Together,History And Politics,History,JFFJ,Sociology,MISMATCH,
9781785043772,Atlas Of The Heart - Mapping Meaningful Connection And The Language Of Human Experience,Well Being,Psychology,KJMB,Business,MISMATCH,
9781406391763,Norse Tales - Stories from Across the Rainbow Bridge,History And Politics,Mythology,YFJ,Childrens Fiction,MISMATCH,
9781529060614,Bat Cant Sleep,Children,Childrens Picture Books,YFP,Childrens Fiction,MISMATCH,
9781408354414,Giraffes Cant Dance - 20th Anniversary Edition,Children,Childrens Picture Books,YBLB1,Childrens Non Fiction,MISMATCH,
9781911622710,Wild Words - How Language Engages With Nature,Sciences,Environment,AGN,Art,MISMATCH,
9780733341465,Rabbit Soldier Angel Thief,Fiction,Teen Fiction,YFT,Childrens Fiction,MISMATCH,
9780008471286,Lord Of The Rings - Illustrated Edition,Fiction,Science Fiction and Fantasy,FC,Classics,MISMATCH,
9781529059342,Glove Shop in Vienna and Other Stories,Children,Childrens Fiction,FC,Classics,MISMATCH,
9781405206235,Red Rackhams Treasure  -  The Adventures of Tintin,Fiction,Graphic Novels,YBCH,Childrens Picture Books,MISMATCH,
9781405206303,Red Sea Sharks  - The Adventures of Tintin,Fiction,Graphic Novels,YFW,Childrens Fiction,MISMATCH,
9780241988336,Women of Troy - 2 Troy,History And Politics,Mythology,FV,Historical Fiction,MISMATCH,
9781472937476,Kindred - Neanderthal Life Love Death and Art,History And Politics,History,PDZ,General Science,MISMATCH,
9781405952286,Chestnut Man,Fiction,Crime Fiction,FYT,Translated Fiction,MISMATCH,
9780473470807,Arohas Way - A Childrens Guide Through Emotions,Well Being,Childrens Well Being,YB,Childrens Non Fiction,MISMATCH,
9780473527457,Aroha Te Whai Ora - Arohas Way (Te Reo),Well Being,Childrens Well Being,YF,Childrens Fiction,MISMATCH,
9780473516680,Let It Go - Emotions Are Energy In Motion,Well Being,Childrens Well Being,YB,Childrens Non Fiction,MISMATCH,
9780473527440,Aroha Knows,Well Being,Childrens Well Being,YB,Childrens Non Fiction,MISMATCH,
9780525580102,My Two Dads And Me,Well Being,Childrens Well Being,YB,Childrens Non Fiction,MISMATCH,
9781999153304,Hell Be Home Soon,Well Being,Childrens Well Being,YF,Childrens Fiction,MISMATCH,
9781925970449,When Im Feeling Angry,Well Being,Childrens Well Being,YBLN,Childrens Non Fiction,MISMATCH,
9781925970500,When Im Feeling Nervous,Well Being,Childrens Well Being,YBLN,Childrens Non Fiction,MISMATCH,
9781925970678,My Calm Me Down Book,Well Being,Childrens Well Being,YBLN,Childrens Non Fiction,MISMATCH,
9781419719233,Brave As Can Be - A Book of Courage,Well Being,Childrens Well Being,YBLN,Childrens Non Fiction,MISMATCH,
9781760684723,My First Book of Feelings,Well Being,Childrens Well Being,YBLN,Childrens Non Fiction,MISMATCH,
9781445174044,Angelfish Feels Angry - Emotion Ocean,Well Being,Childrens Well Being,YFP,Childrens Fiction,MISMATCH,
9781849053563,Panicosaurus - Managing Anxiety in Children Including Those with Asperger Syndrome,Well Being,Childrens Well Being,YFB,Childrens Fiction,MISMATCH,
9780241427347,Feelings - Baby Touch,Well Being,Childrens Well Being,YBGT3,Books For Babies,MISMATCH,
9780141340845,Spot Goes to the Farm,Children,Childrens Picture Books,YBGP,Books For Babies,MISMATCH,
9780143774990,Navigating The Stars - Maori Creation Myths,History And Politics,Mythology,JFHF,Sociology,MISMATCH,
9781510107786,Julia And The Shark,Fiction,Teen Fiction,YFN,Childrens Fiction,MISMATCH,
9781786630780,How Did We Get Into This Mess - Politics Equality Nature,History And Politics,Sociology,JP,Politics,MISMATCH,
9781509843527,Range - How Generalists Triumph In A Specialized World,History And Politics,Sociology,VSC,Psychology,MISMATCH,
9781471408618,Hacking Heists And Flaming Arrows - 1 Robin Hood,Fiction,Teen Fiction,YFC,Childrens Fiction,MISMATCH,
9780340956489,Escape - 1 Henderson Boys,Fiction,Teen Fiction,YFC,Childrens Fiction,MISMATCH,
9781988538969,Hot Rods Downunder,,Motoring and Transport,WGCB,Gardening,MISMATCH,
9781787081147,Frida Kahlo - Great Lives in Graphics,Fiction,Graphic Novels,YNM,Childrens Non Fiction,MISMATCH,
9781784946227,Wood ID Handbook,The Arts,Craft,WKDW,General Sport And Fitness,MISMATCH,
9781988538761,Worse Things Happen At Sea,,Motoring and Transport,HBTM,History,MISMATCH,
9781988538938,Your Soul Is Wintering - Rediscovering Joy After Baby Loss,Well Being,Family,VS,Psychology,MISMATCH,
9781869539092,Living The Dream - Kiwi Bikers,,Motoring and Transport,WGCK,Gardening,MISMATCH,
9780749397029,Berlin Novels - Mr Norris Changes Trains / Goodbye to Berlin,Fiction,Classics,FA,General Fiction,MISMATCH,
9780008100735,Well Gardened Mind - Rediscovering Nature In The Modern World,Sciences,Environment,VSP,Psychology,MISMATCH,
9781990003226,Draw Some Awesome,Children,Activities,YNA,Childrens Non Fiction,MISMATCH,
9781405944465,Troy - Our Greatest Story Retold,History And Politics,Mythology,FQ,General Fiction,MISMATCH,
9780241446096,Against White Feminism,Well Being,Gender,JPW,Politics,MISMATCH,
9780241426098,Spots Slide and Seek - Aquarium,Children,Books For Babies,YBL,Childrens Non Fiction,MISMATCH,
9781529369526,Time Of Gifts - A John Murray Journey,Travel,Travel Literature,WTLC,Travel Guides,MISMATCH,
9780241446355,Aircraft Book - The Definitive Visual History,,Motoring and Transport,WGM,Gardening,MISMATCH,
9781760526320,One Clucky Hen,Children,Books For Babies,YBCB,Childrens Picture Books,MISMATCH,
9781524715786,Golden Mother Goose,Children,Childrens Picture Books,YBLB1,Childrens Non Fiction,MISMATCH,
9780762495979,Aesops Fables,Children,Childrens Picture Books,YFA,Childrens Fiction,MISMATCH,
9781529412499,Lick Of Love - How Dogs Changed My Life,Sciences,Environment,BGFA,Biography,MISMATCH,
9781869714628,Sonny Bill Williams - You Cant Stop The Sun From Shining,Sport,Rugby,BGSA,Biography,MISMATCH,
9781912650538,Ten Little Dogs,Children,Childrens Picture Books,YBLC,Childrens Non Fiction,MISMATCH,
9781509801640,Animalphabet,Children,Childrens Picture Books,YBG,Books For Babies,MISMATCH,
9781529023640,Gruffalo Carousel Book,Children,Childrens Picture Books,YBGP,Books For Babies,MISMATCH,
9781840227895,Peter Pan - Wordsworth Collectors Editions,Fiction,Classics,YFA,Childrens Fiction,MISMATCH,
9781840227833,Jungle Book - Wordsworth Collectors Editions,Fiction,Classics,YFA,Childrens Fiction,MISMATCH,
9781840227871,Black Beauty - Wordsworth Collectors Editions,Fiction,Classics,YFA,Childrens Fiction,MISMATCH,
9798765671696,Fierce Little Woman And The Wicked Pirate,Children,Childrens Picture Books,YFC,Childrens Fiction,MISMATCH,
9780723263661,Wheres Spot,Children,Childrens Picture Books,YBGT,Books For Babies,MISMATCH,
9781509838790,Hatchet - 1 Brian Robeson,Fiction,Teen Fiction,YFB,Childrens Fiction,MISMATCH,
9781529023367,Sometimes I Am Worried,Well Being,Childrens Well Being,YBGT,Books For Babies,MISMATCH,
9780711249523,Story Orchestra - Carnival Of The Animals,Children,Novelty Books,YBGT1,Books For Babies,MISMATCH,
9781847808776,Story Orchestra - Four Seasons In One Day,Children,Novelty Books,YNC,Childrens Non Fiction,MISMATCH,
9780711241503,Story Orchestra - Swan Lake,Children,Novelty Books,YB,Childrens Non Fiction,MISMATCH,
9780711260139,Story Orchestra - The Magic Flute,Children,Novelty Books,YBG,Books For Babies,MISMATCH,
9781786030689,Story Orchestra - The Nutcracker,Children,Novelty Books,YBGT1,Books For Babies,MISMATCH,
9781786030931,Story Orchestra - The Sleeping Beauty,Children,Novelty Books,YBGT1,Books For Babies,MISMATCH,
9781408330043,Giraffes Cant Dance - Touch And Feel Board Book,Children,Books For Babies,YBCB,Childrens Picture Books,MISMATCH,
9781782276241,Darkroom Of Damocles,Fiction,Classics,FA,General Fiction,MISMATCH,
9781472279286,Greatest British Railway Journeys,Travel,Travel Literature,WGF,Gardening,MISMATCH,
9781840228106,Dubliners  - Wordsworth Collectors Edition,Fiction,Classics,YQE,Childrens Picture Books,MISMATCH,
9781782409779,I Cant Draw - This Book Will Prove You Can,Children,Activities,WFA,Fashion,MISMATCH,
9780552574839,Factotum - 3 Monster Blood Tattoo,Fiction,Teen Fiction,YFH,Childrens Fiction,MISMATCH,
9781406382778,Grow - Secrets Of Our DNA,Sciences,General Science,YNT,Childrens Non Fiction,MISMATCH,
9781913074753,Tiger Walk,Children,Childrens Picture Books,YFP,Childrens Fiction,MISMATCH,
9781534469518,Angelina Ballerina Dresses Up,Children,Childrens Picture Books,YFP,Childrens Fiction,MISMATCH,
9780007442485,Lion the Witch and the Wardrobe - Picture Story Book Edition,Children,Childrens Picture Books,YFH,Childrens Fiction,MISMATCH,
9780062894533,Becoming Brianna,Fiction,Graphic Novels,YFW,Childrens Fiction,MISMATCH,
9781406389821,Ten Delicious Teachers,Children,Childrens Picture Books,YBLC,Childrens Non Fiction,MISMATCH,
9780008435479,Listen - How To Find The Words For Tender Conversations,Well Being,Psychology,BM,Biography,MISMATCH,
9783961713592,Jaguar Book,,Motoring and Transport,WGCB,Gardening,MISMATCH,
9781760110956,Mix It Up,Children,Activities,YNA,Childrens Non Fiction,MISMATCH,
9781776574001,Pops,Children,Books For Babies,YBCB,Childrens Picture Books,MISMATCH,
9781776572403,Two for Me One for You,Children,Childrens Picture Books,YFB,Childrens Fiction,MISMATCH,
9780993038358,Little Turtle Turns the Tide,Children,Childrens Non Fiction,YBC,Childrens Picture Books,MISMATCH,
9781529347852,Dune - Film Tie In,Fiction,Science Fiction and Fantasy,FA,General Fiction,MISMATCH,
9780465089956,Vision of the Anointed - Self-Congratulation as a Basis for Social Policy,Sciences,Economics,JPQB,Politics,MISMATCH,
9780316486231,Invisible String,Children,Childrens Picture Books,YFB,Childrens Fiction,MISMATCH,
9780711260252,Natural History of Magick,Children,Childrens Picture Books,YFH,Childrens Fiction,MISMATCH,
9780241395585,Kitchen Science Cookbook,Children,Childrens Non Fiction,PDZ,General Science,MISMATCH,
9780099273936,Beloved,Fiction,Historical Fiction,FA,General Fiction,MISMATCH,
9781787479050,Tour According to G - My Journey to the Yellow Jersey,Sport,Cycling,BGSA,Biography,MISMATCH,
9780307118394,Just Me And My Dad,Children,Childrens Picture Books,YFB,Childrens Fiction,MISMATCH,
9780062844958,Look Up With Me - Neil deGrasse Tyson  A Life Among the Stars,Children,Childrens Non Fiction,YQS,Childrens Picture Books,MISMATCH,
9781406353365,Dear Tooth Fairy,Children,Childrens Picture Books,YBGT,Books For Babies,MISMATCH,
9781471184482,If My Dad Were The Tooth Fairy,Children,Childrens Picture Books,YFB,Childrens Fiction,MISMATCH,
9780755501649,Plague - 4 Gone,Fiction,Teen Fiction,YFCB,"Childrens Fiction, Thriller",MISMATCH,
9780143505150,Hairy Maclary And Friends - A Touch And Feel Book,Children,Books For Babies,YBCH,Childrens Picture Books,MISMATCH,
9780241412060,Peppa Pig - Peppas Magical Friends Sticker Activity,Children,Activities,YBGS,Books For Babies,MISMATCH,
9780063043220,Mapping Sam,Children,Childrens Picture Books,YN,Childrens Non Fiction,MISMATCH,
9781839642241,Polynesian Island Myths,History And Politics,Mythology,FQ,General Fiction,MISMATCH,
9780008373115,Green Eggs and Ham - 60th Anniversary Edition,Children,Childrens Picture Books,YBLN,Childrens Non Fiction,MISMATCH,
9781761125324,Loki - Where Mischief Lies,Fiction,Teen Fiction,YF,Childrens Fiction,MISMATCH,
9781761121166,Duck Called Brian,Children,Childrens Picture Books,YFQ,Childrens Fiction,MISMATCH,
9781338777246,Kaleidoscope,Fiction,Teen Fiction,YFC,Childrens Fiction,MISMATCH,
9781788160612,Women And Power - A Manifesto,Well Being,Gender,JFFK,Sociology,MISMATCH,
9780241451946,Really Short History of Nearly Everything,History And Politics,History,YNT,Childrens Non Fiction,MISMATCH,
9781800750784,Woke Inc - Inside the Corporate Social Justice Scam,Sciences,Economics,KJG,Business,MISMATCH,
9781681886626,Ultimate Self-Sufficiency Manual,Sciences,Environment,WK,General Sport And Fitness,MISMATCH,
9781405288125,Little Prince - Picture Storybook,Children,Childrens Picture Books,YFA,Childrens Fiction,MISMATCH,
9781780556994,Wheres The Dinosaur,Children,Activities,YNNA,Childrens Non Fiction,MISMATCH,
9781988516264,Great Kiwi 123 Book,Children,Books For Babies,YBLC,Childrens Non Fiction,MISMATCH,
9781788167826,Confronting Leviathan - A History Of Ideas,Sciences,Philosophy,JPA,Politics,MISMATCH,
9780241423103,Never Grow Up,Children,Childrens Picture Books,YFQ,Childrens Fiction,MISMATCH,
9781925713886,Beowulf - A New Translation,History And Politics,Mythology,JFHF,Sociology,MISMATCH,
9780241454503,Puffin Keeper,Children,Childrens Picture Books,YFC,Childrens Fiction,MISMATCH,
9781847924889,On Tyranny - Twenty Lessons From The Twentieth Century,History And Politics,Politics,HBLW,History,MISMATCH,
9780141182865,Confederacy Of Dunces,Fiction,Classics,FA,General Fiction,MISMATCH,
9781419713743,Countablock,Children,Books For Babies,YBLC,Childrens Non Fiction,MISMATCH,
9781683838609,From The Films Of Harry Potter - Mini Book Of Spells And Charms,Children,Activities,YB,Childrens Non Fiction,MISMATCH,
9780008640712,War Horse,Children,Childrens Fiction,YNJ,Childrens Non Fiction,MISMATCH,
9781869408985,Mophead - How Your Difference Makes a Difference,Fiction,Graphic Novels,YNM,Childrens Non Fiction,MISMATCH,
9780008454654,When Fishes Flew - The Story of Elena's War,Children,Childrens Fiction,YNH,Childrens Non Fiction,MISMATCH,
9781529018646,Seven And A Half Lessons About The Brain,Well Being,Psychology,PSAN,General Science,MISMATCH,
9781683692522,Stuff Every Coffee Lover Should Know,History And Politics,History,WB,Food And Beverage,MISMATCH,
9780711259324,Hans Christian Andersen - Little People BIG DREAMS,Children,Childrens Fiction,YNM,Childrens Non Fiction,MISMATCH,
9781786032928,Anne Frank - Little People Big Dreams,Biographies,Biography,YNM,Childrens Non Fiction,MISMATCH,
9781847809599,Agatha Christie - Little People Big Dreams,Biographies,Biography,YNM,Childrens Non Fiction,MISMATCH,
9781786030191,Emmeline Pankhurst - Little People Big Dreams,Biographies,Biography,YNM,Childrens Non Fiction,MISMATCH,
9781786037442,Zaha Hadid - Little People Big Dreams,Biographies,Biography,YNM,Childrens Non Fiction,MISMATCH,
9780525565680,Memoirs and Misinformation - A novel,Biographies,Biography,FA,General Fiction,MISMATCH,
9783967040203,Epic Train Journeys - The Inside Track to the World's Greatest Rail Routes,,Motoring and Transport,WTH,Travel Guides,MISMATCH,
9780143504450,Hairy Maclary From Donaldsons Dairy - Board Book,Children,Books For Babies,YBCS,Childrens Picture Books,MISMATCH,
9780241412022,Peppa Pig - Peppas Best Day Ever Magnet Book,Children,Activities,YBGT5,Books For Babies,MISMATCH,
9781529105476,Inges War - A Story Of Family Secrets And Survival Under Hitler,Fiction,Historical Fiction,BM,Biography,MISMATCH,
9781419737046,Sofia Valdez Future Prez,Children,Childrens Picture Books,YFB,Childrens Fiction,MISMATCH,
9781908745675,Memoirs Of Moominpappa,Children,Childrens Fiction,YBCH,Childrens Picture Books,MISMATCH,
9781529031768,Endurance - SAS Soldier Polar Adventurer Decorated Leader,Travel,Travel Literature,BGHA,Biography,MISMATCH,
9780241356722,Shackleton,Travel,Travel Literature,BGT,Biography,MISMATCH,
9781616205867,Here We Are - Feminism For The Real World,Well Being,Childrens Well Being,YNM,Childrens Non Fiction,MISMATCH,
9780143773634,Hairy Maclary And Friends - Colours In Maori And English,Children,Books For Babies,YBCH,Childrens Picture Books,MISMATCH,
9780995124622,Kuwis Very Shiny Bum,Children,Books For Babies,YBC,Childrens Picture Books,MISMATCH,
9780995124615,Kuwis First Egg,Children,Books For Babies,YBC,Childrens Picture Books,MISMATCH,
9783791373935,Weather - Pop Up Book,Children,Novelty Books,YBGP,Books For Babies,MISMATCH,
9781526608123,Quidditch Through The Ages - Illustrated Edition,Children,Childrens Picture Books,YFH,Childrens Fiction,MISMATCH,
9780857536051,Wee Free Men - 1 Tiffany Aching - 30 Discworld,Fiction,Science Fiction and Fantasy,YFQ,Childrens Fiction,MISMATCH,
9780857536075,Wintersmith - 3 Tiffany Aching - 35 Discworld,Fiction,Science Fiction and Fantasy,YFQ,Childrens Fiction,MISMATCH,
9780857536068,Hat Full of Sky - 2 Tiffany Aching - 32 Discworld,Fiction,Science Fiction and Fantasy,YFQ,Childrens Fiction,MISMATCH,
9781788161442,Steam Trains Today - Journeys Along Britains Heritage Railways,,Motoring and Transport,WGF,Gardening,MISMATCH,
9781922351760,How To Draw Cute Stuff From Around the World,Children,Activities,WFA,Fashion,MISMATCH,
9781760522810,How To Draw Cute Stuff,Children,Activities,WFA,Fashion,MISMATCH,
9781846149719,Atlas Of The Invisible - Maps and Graphics That Will Change How You See the World,Travel,Travel Literature,RGS,Environment,MISMATCH,
9780711264014,Atlas Of Improbable Places - A Journey to the World's Most Unusual Corners,Travel,Travel Literature,RGS,Environment,MISMATCH,
9781800780323,Harry Potter - Crafting Wizardry - With 32 pages of press-outs and templates!,Children,Activities,YNPH,Childrens Non Fiction,MISMATCH,
9780593224915,When Cloud Became a Cloud,Sciences,General Science,YNT,Childrens Non Fiction,MISMATCH,
9781775435266,Wheres Kiwi NOW,Children,Activities,YBC,Childrens Picture Books,MISMATCH,
9781760295752,Auroras End - 3 Aurora Cycle,Fiction,Teen Fiction,YFG,Childrens Fiction,MISMATCH,
9781789505306,91 Cool Maths Tricks to Make You Gasp,Children,Activities,YNT,Childrens Non Fiction,MISMATCH,
9781761065910,Left Handed Booksellers of London - 1 Left Handed Booksellers of London,Fiction,Science Fiction and Fantasy,YFH,Childrens Fiction,MISMATCH,
9781442490048,Anne Of The Island,Fiction,Classics,FA,General Fiction,MISMATCH,
9781869798420,Denniston Rose - 1 The Denniston Rose,Fiction,Historical Fiction,FA,General Fiction,MISMATCH,
9781442490178,Rainbow Valley,Fiction,Classics,YFA,Childrens Fiction,MISMATCH,
9781442490208,Rilla Of Ingleside,Fiction,Classics,YFA,Childrens Fiction,MISMATCH,
9780545688987,I Am a Big Sister,Well Being,Childrens Well Being,YFN,Childrens Fiction,MISMATCH,
9781742996202,Holocaust,Fiction,Graphic Novels,YFW,Childrens Fiction,MISMATCH,
9780062240309,Keeper Of Secrets - 1 Horowitz Family,Fiction,Historical Fiction,FA,General Fiction,MISMATCH,
9781743838754,Michaela Masons Big List Of 23 Worries,Fiction,Teen Fiction,YFB,Childrens Fiction,MISMATCH,
9781743837436,Man from Snowy River,Children,Childrens Picture Books,YFC,Childrens Fiction,MISMATCH,
9781338568844,Dog Man - Guide to Creating Comics in 3-D,Children,Activities,YBGT,Books For Babies,MISMATCH,
9781775436126,Dinky Donkey - Boxed Set,Children,Novelty Books,YBC,Childrens Picture Books,MISMATCH,
9780593426265,Richard Scarrys Best Busytown Games  And Activity Book,Children,Activities,YF,Childrens Fiction,MISMATCH,
9781925866438,Kids Love to Cook,Well Being,Food And Beverage,YNPC,Childrens Non Fiction,MISMATCH,
9780593309278,School Play - Little Critter Little Golden Book,Children,Childrens Picture Books,YFA,Childrens Fiction,MISMATCH,
9780593174715,Dinosaurs Before Dark Graphic Novel,Fiction,Graphic Novels,YF,Childrens Fiction,MISMATCH,
9780593174623,Lets Go to the Beach,Children,Childrens Picture Books,YFA,Childrens Fiction,MISMATCH,
9780593174661,My Little Golden Book About Trains,Children,Childrens Picture Books,YFA,Childrens Fiction,MISMATCH,
9780593175422,My Little Golden Book About Frida Kahlo,Children,Childrens Picture Books,YFA,Childrens Fiction,MISMATCH,
9781524761981,101 Things I Learned In Fashion School - 2nd Edition,The Arts,Fashion,VS,Psychology,MISMATCH,
9780992249335,Liberating Self - A Souls Journey,Well Being,Gender,JFSJ1,Sociology,MISMATCH,
9780857057785,Border - A Journey Around Russia,Travel,Travel Literature,HB,History,MISMATCH,
9781786273581,Dino Domino,Children,Activities,YNV,Childrens Non Fiction,MISMATCH,
9781786277466,Poo Bingo,Children,Activities,YNV,Childrens Non Fiction,MISMATCH,
9781786277756,Stencil Kit - Make Art with Six Stencil Sheets,Children,Activities,YBG,Books For Babies,MISMATCH,
9781786275974,Story Out of the Box - 80 Cards for Hours of Storytelling Fun,Children,Activities,YQCS,Childrens Picture Books,MISMATCH,
9781786279293,Who Did This Poo - A Jigsaw Puzzle,Children,Activities,YNNR,Childrens Non Fiction,MISMATCH,
9781786275875,My First Story Puzzle Animals,Children,Activities,YBGT7,Books For Babies,MISMATCH,
9781786277220,Home - My First Story Puzzle,Children,Activities,YBGT7,Books For Babies,MISMATCH,
9781786275899,My First Story Puzzle Nature,Children,Activities,YBGT7,Books For Babies,MISMATCH,
9781789589610,Construction Site,Children,Activities,YBGK,Books For Babies,MISMATCH,
9781789589627,Farm Animals,Children,Activities,YBGK,Books For Babies,MISMATCH,
9781626860575,Moby Dick,Fiction,Classics,FA,General Fiction,MISMATCH,
9780451533364,Who Is Pope Francis,Biographies,Biography,YNR,Childrens Non Fiction,MISMATCH,
9780141340111,Jolly Christmas Postman,Children,Novelty Books,YBGT,Books For Babies,MISMATCH,
9781250792556,Antiquarian Sticker Book - Bibliophilia,The Arts,Art,WF,Fashion,MISMATCH,
9780374313654,All Together Now - 2 Eagle Rock,Fiction,Graphic Novels,YFW,Childrens Fiction,MISMATCH,
9781250222817,Other Boys,Fiction,Graphic Novels,YFW,Childrens Fiction,MISMATCH,
9780241341414,World Without Email -  Reimagining Work in the Age of Overload,Sciences,Business,PDR,General Science,MISMATCH,
9780374310714,All Summer Long - 1 Eagle Rock,Fiction,Graphic Novels,YFW,Childrens Fiction,MISMATCH,
9780241473665,Youll Be the Death of Me,Children,Childrens Fiction,YFCB,"Childrens Fiction, Thriller",MISMATCH,
9780755501656,Fear - 5 Gone,Fiction,Teen Fiction,YFB,Childrens Fiction,MISMATCH,
9780241481318,Georgia OKeeffe - She Saw The World In A Flower,Children,Childrens Picture Books,YNA,Childrens Non Fiction,MISMATCH,
9780241479001,Vincent Van Gogh - He Saw The World In Vibrant Colours,Children,Childrens Picture Books,YNA,Childrens Non Fiction,MISMATCH,
9781925713299,Year In Fleurville,Children,Childrens Picture Books,YNPC,Childrens Non Fiction,MISMATCH,
9781788310079,History Of The Caucasus - At The Crossroads Of Empires - Vol 1,History And Politics,Religion,HBJF,History,MISMATCH,
9781786897404,I Go Quiet,Children,Childrens Fiction,FX,Graphic Novels,MISMATCH,
9781786897404,I Go Quiet,Children,Childrens Picture Books,FX,Graphic Novels,MISMATCH,
9780008368340,Green Eggs and Ham Slipcase Edition,Children,Childrens Picture Books,YBLN,Childrens Non Fiction,MISMATCH,
9781474968935,Why Should I Brush My Teeth,Well Being,Childrens Well Being,YBGP,Books For Babies,MISMATCH,
9781460756904,Alphabet Book - Learn With Ruby Red Shoes,Children,Childrens Picture Books,YB,Childrens Non Fiction,MISMATCH,
9780007464388,Frog And Toad Are Friends,Fiction,Classics,YBCS,Childrens Picture Books,MISMATCH,
9781406392128,Roxy,Fiction,Teen Fiction,YFB,Childrens Fiction,MISMATCH,
9780141991238,Booksellers Tale,Biographies,Biography,KNTP,Business,MISMATCH,
9780141987262,Owls of the Eastern Ice - The Quest to Find and Save the World's Largest Owl,Travel,Travel Literature,WTL,Travel Guides,MISMATCH,
9780995137660,Bikes We Built - A Journey Through New Zealand Made Bicycles,Sport,Cycling,HBTK,History,MISMATCH,
9781534495623,Family Fun Day,Children,Childrens Picture Books,YFP,Childrens Fiction,MISMATCH,
9780143309291,Maui And Other Maori Legends - 8 Classic Tales Of Aotearoa,History And Politics,Mythology,YFJ,Childrens Fiction,MISMATCH,
9781473659056,Golden Thread - How Fabric Changed History,The Arts,Fashion,HBTK,History,MISMATCH,
9780241285145,World War II - DK Findout,History And Politics,History,YNJ,Childrens Non Fiction,MISMATCH,
9780995122055,Dont Let the Sun Fall,Children,Childrens Picture Books,YB,Childrens Non Fiction,MISMATCH,
9781616899080,Chickenology - The Ultimate Encyclopedia,Children,Childrens Picture Books,YNNF,Childrens Non Fiction,MISMATCH,
9781760665524,Descendants Box Set Book 1-4,Children,Childrens Fiction,YNF,Childrens Non Fiction,MISMATCH,
9781869714710,Our Violent Ends - 2 Violent Ends,Fiction,Teen Fiction,YFH,Childrens Fiction,MISMATCH,
9781338729382,Geronimo Stilton the Graphic Novel - the Great Rat Rally,Fiction,Graphic Novels,YFC,Childrens Fiction,MISMATCH,
9781911077985,Aurelia Curse - 3 Dragon Rider,Fiction,Teen Fiction,YFH,Childrens Fiction,MISMATCH,
9781529043143,Alices Adventures in Wonderland,Children,Childrens Picture Books,YFA,Childrens Fiction,MISMATCH,
9781408357224,Story of the Nativity,Children,Childrens Picture Books,YFA,Childrens Fiction,MISMATCH,
9781838953850,Florentines - From Dante to Galileo,The Arts,Art,HBJD,History,MISMATCH,
9780316493352,Sweet Child O Mine,Children,Childrens Picture Books,YFN,Childrens Fiction,MISMATCH,
9780241470145,Peter Rabbit Tales - Little Library,Children,Childrens Fiction,YBCH,Childrens Picture Books,MISMATCH,
9780241412985,Explanatorium Of History,History And Politics,History,YNH,Childrens Non Fiction,MISMATCH,
9780723292081,Peppa Pig - Practise With Peppa - Wipe-Clean First Letters,Children,Activities,YQCS1,Childrens Picture Books,MISMATCH,
9780723297789,Peppa Pig - Practise With Peppa - Wipe-Clean First Words,Children,Activities,YBL,Childrens Non Fiction,MISMATCH,
9780241254028,Peppa Pig - Practise With Peppa - Wipe-Clean First Writing,Children,Activities,YBCH,Childrens Picture Books,MISMATCH,
9780241411940,Peppa Pig - Peppa At Playgroup Sticker Activity Book,Children,Activities,YBGS,Books For Babies,MISMATCH,
9781409312680,Peppa Pig - Peppa Amazing Activity Book,Children,Activities,YBGS,Books For Babies,MISMATCH,
9780241371671,Peppa Pig - Mermaids Unicorns and Dragons Sticker Activity Book,Children,Activities,YBGS,Books For Babies,MISMATCH,
9780241321515,Peppa Pig - Go Go Go - Vehicles Sticker Book,Children,Activities,YBGS,Books For Babies,MISMATCH,
9781409309284,Peppa Pig - Peppa and the Tooth Fairy,Children,Childrens Picture Books,YBL,Childrens Non Fiction,MISMATCH,
9780241411810,Peppa Pig - Peppa Loves The Park - A Push And Pull Adventure,Children,Childrens Picture Books,YBGT,Books For Babies,MISMATCH,
9780241405017,Peppa Pig - Peppa Loves Yoga,Children,Childrens Picture Books,YFP,Childrens Fiction,MISMATCH,
9780241488430,Peppa Pig - Practise With Peppa - First Phonics - Sticker Activity Book,Children,Activities,YBGS,Books For Babies,MISMATCH,
9780723292111,Peppa Pig - Practise with Peppa - Wipe-Clean First Numbers,Children,Activities,YBCH,Childrens Picture Books,MISMATCH,
9780241470145,Peter Rabbit Tales - Little Library,Children,Books For Babies,YBCH,Childrens Picture Books,MISMATCH,
9780143775409,Black Wolf - 2 Black Spiral,Fiction,Teen Fiction,YFH,Childrens Fiction,MISMATCH,
9780689871320,Giant Problem - 2 Beyond Spiderwick,Fiction,Teen Fiction,YFH,Childrens Fiction,MISMATCH,
9781529035544,Love Our Earth - A Colourful Counting Story,Children,Childrens Picture Books,YBGT,Books For Babies,MISMATCH,
9781920885489,Wollemi Pine - The Incredible Discovery of a Living Fossil From the Age of the Dinosaurs,Sciences,Environment,PDZ,General Science,MISMATCH,
9780241330319,Sleep Tight Very Hungry Caterpillar,Children,Books For Babies,YBCH,Childrens Picture Books,MISMATCH,
9781990048098,Cant Get There From Here -  New Zealand Passenger Rail Since 1920,,Motoring and Transport,HB,History,MISMATCH,
9783791387918,Mark Rothko - The Story of His Life,Fiction,Graphic Novels,BGF,Biography,MISMATCH,
9780226294032,Limits Of Critique,Biographies,Essays,DS,Classics,MISMATCH,
9780143505945,Slinky Malinki Early Bird - Board Book,Children,Books For Babies,YBCS,Childrens Picture Books,MISMATCH,
9780141977744,Warhol - A Life as Art,The Arts,Art,BGF,Biography,MISMATCH,
9780241411780,Wheres Spot - Book And Toy Gift Set,Children,Novelty Books,YBCB,Childrens Picture Books,MISMATCH,
9781526618238,Harry Potter And The Half Blood Prince - 6 Gryffindor Edition,Children,Childrens Fiction,FA,General Fiction,MISMATCH,
9780861542611,Poison for Breakfast,Children,Childrens Fiction,FY,General Fiction,MISMATCH,
9781250271273,Draw Your Own Comic Book -  Heroes and Villains,Children,Activities,YNUC,Childrens Non Fiction,MISMATCH,
9781529017571,Dear Zoo,Children,Childrens Picture Books,YBGP,Books For Babies,MISMATCH,
9781408338629,Orchard Book Of Nursery Rhymes,Children,Childrens Picture Books,YBLB1,Childrens Non Fiction,MISMATCH,
9781877467134,Whos Hiding,Children,Childrens Picture Books,YB,Childrens Non Fiction,MISMATCH,
9780586088869,Womens History Of The World,Well Being,Gender,JFSJ,Sociology,MISMATCH,
9780994136435,Kuwis Kitchen - Kiwi Kids Cookbook,Children,Activities,YB,Childrens Non Fiction,MISMATCH,
9781760507923,Me Microbes and I,Sciences,General Science,YBC,Childrens Picture Books,MISMATCH,
9781526622808,Harry Potter and the Prisoner of Azkaban - Illustrated Edition Book 3,Children,Childrens Fiction,FM,Science Fiction and Fantasy,MISMATCH,
9780995126473,Te Haerenga,Children,Childrens Picture Books,YNC,Childrens Non Fiction,MISMATCH,
9781405292443,War Horse - Picture Story Book Edition,Children,Childrens Picture Books,YFP,Childrens Fiction,MISMATCH,
9780008431341,Rise,Sport,Rugby,BM,Biography,MISMATCH,
9781803284279,Dopesick - Dealers Doctors And The Drug Company that Addicted America,History And Politics,True Crime,JFFH1,Sociology,MISMATCH,
9780806541839,Law And Disorder - Inside the Dark Heart of Murder with the FBI's Legendary Mindhunter,History And Politics,True Crime,FF,Crime Fiction,MISMATCH,
9780473360627,Bruce Wants to Go Faster,Children,Childrens Non Fiction,YBCS,Childrens Picture Books,MISMATCH,
9780241363737,Lego Harry Potter Build Your Own Adventure - With Lego Harry Potter Minifigure And Exclusive Model,Children,Activities,YBGT,Books For Babies,MISMATCH,
9780143770978,Hairy Maclary Hide and Seek - A Lift The Flap Book,Children,Childrens Picture Books,YBGP,Books For Babies,MISMATCH,
9781509824908,It Shouldn't Happen to a Vet - Macmillan Collector's Library,Fiction,Classics,BGA,Biography,MISMATCH,
9780241444313,Little Prince - Puffin Clothbound Classics,Fiction,Classics,YFA,Childrens Fiction,MISMATCH,
9780241348215,Tim Cook -  The Genius Who Took Apple to the Next Level,Sciences,Business,BGB,Biography,MISMATCH,
9781728220208,Whispers in the Mist,Fiction,Science Fiction and Fantasy,FJH,General Fiction,MISMATCH,
9781789464184,Valentino Rossi -  The Definitive Biography,,Motoring and Transport,BGS,Biography,MISMATCH,
9781853261008,Fairy Tales,Children,Childrens Picture Books,YFJ,Childrens Fiction,MISMATCH,
9781642690132,Fairy Tales - 3 Minute Take Along Treasury,Children,Childrens Picture Books,YFJ,Childrens Fiction,MISMATCH,
9781857159011,Fairy Tales,Fiction,Classics,YFA,Childrens Fiction,MISMATCH,
9780746064115,Book Of Fairy Tales,Children,Childrens Picture Books,YFJ,Childrens Fiction,MISMATCH,
9781760506742,Best Day Ever - 25 Billie B Brown,Children,Childrens Fiction,YB,Childrens Non Fiction,MISMATCH,
9780099533115,Manufacturing Consent - The Political Economy Of The Mass Media,History And Politics,Politics,JFD,Sociology,MISMATCH,
9781853261213,Christmas Carol,Children,Childrens Fiction,FC,Classics,MISMATCH,
9780143776482,Pukeko In a Ponga Tree - 40th anniversary edition,Christmas,Christmas Books,YBC,Childrens Picture Books,MISMATCH,
9781438007830,Christmas Magic - Fabulous Festive Designs To Color,Christmas,Christmas Books,WF,Fashion,MISMATCH,
9781869439422,Kiwi Christmas Carol,Christmas,Christmas Books,YBCS,Childrens Picture Books,MISMATCH,
9780762447190,Peanuts - Be Joyful - Peanuts Wisdom To Carry You Through,Christmas,Christmas Books,YF,Childrens Fiction,MISMATCH,
9780241449394,Christmas Carol,Christmas,Christmas Books,YFA,Childrens Fiction,MISMATCH,
9780711245396,12 Days Of Christmas,Christmas,Christmas Books,YBCS,Childrens Picture Books,MISMATCH,
9781773210292,Paper Bag Princess,Children,Childrens Picture Books,YFC,Childrens Fiction,MISMATCH,
9781338568844,Dog Man - Guide to Creating Comics in 3-D,Fiction,Graphic Novels,YBGT,Books For Babies,MISMATCH,
9781847927064,On Tyranny Graphic Edition - Twenty Lessons from the Twentieth Century,History And Politics,Politics,FXZ,Graphic Novels,MISMATCH,
9780241986783,Philosophy Of An Explorer - 16 Life Lessons from Surviving the Extreme,Travel,Travel Literature,VS,Psychology,MISMATCH,
9780762472383,Treat Too - Two Tails Are Better Than One,Sciences,Environment,AJC,Photography,MISMATCH,
9780762470013,"Classical Mythology A to Z - An Encyclopedia of Gods & Goddesses, Heroes & Heroines, Nymphs, Spirits, Monsters, and Places",History And Politics,Mythology,JFHF,Sociology,MISMATCH,
9781760527150,Thunderstorm Dancing,Children,Childrens Picture Books,YB,Childrens Non Fiction,MISMATCH,
9780241513736,Cecily Parsleys Nursery Rhymes -  Centenary Gold Edition,Children,Childrens Picture Books,YBLB1,Childrens Non Fiction,MISMATCH,
9780241301913,Mythology Book - Big Ideas Simply Explained,History And Politics,Mythology,JFHF,Sociology,MISMATCH,
9780785838418,Mythology - Whos Who in Greek and Roman Mythology,History And Politics,Mythology,FQ,General Fiction,MISMATCH,
9780993489044,Chios - All You Need to Know About the Gods  Myths and Legends of This Sacred Site,History And Politics,Mythology,HBLA1,History,MISMATCH,
9780473330279,Sleepy Kiwi,Children,Books For Babies,YBCB,Childrens Picture Books,MISMATCH,
9780711252264,How Zoologists Organize Things - The Art of Classification,Sciences,Environment,PSV,General Science,MISMATCH,
9781760661885,Predators Gold - 2 Mortal Engines,Fiction,Teen Fiction,YFH,Childrens Fiction,MISMATCH,
9780141037653,Language Instinct - Popular Penguin,Sciences,General Science,CBX,Languages,MISMATCH,
9781784701994,When Breath Becomes Air,Sciences,General Science,BM,Biography,MISMATCH,
9781509837526,How Emotions Are Made - The Secret Life Of The Brain,Sciences,General Science,VSP,Psychology,MISMATCH,
9780141024530,Shock Doctrine - The Rise of Disaster Capitalism,Well Being,Psychology,KCP,Economics,MISMATCH,
9781784707576,In Praise of Walking - The New Science Of How We Walk And Why It's Good For Us,Sport,General Sport And Fitness,PDZ,General Science,MISMATCH,
9780374247850,Reason for the Darkness of the Night -  Edgar Allan Poe and the Forging of American Science,Sciences,General Science,BGL,Biography,MISMATCH,
9781760110956,Mix It Up,Children,Childrens Picture Books,YNA,Childrens Non Fiction,MISMATCH,
9782080206985,Timeless Paris  Ateliers * Emporiums * Savoir Faire,The Arts,Art,WQN,Transport,MISMATCH,
9781419742224,Odd Beasts - Meet Natures Weirdest Animals,Children,Childrens Picture Books,YBL,Childrens Non Fiction,MISMATCH,
9781990252051,Animals That Might Exist by Professor OLogist,Children,Childrens Fiction,YBC,Childrens Picture Books,MISMATCH,
9781644230497,Making A Great Exhibition,Children,Childrens Picture Books,YNA,Childrens Non Fiction,MISMATCH,
9781419749513,Cold War Correspondent - 11 Nathan Hales Hazardous Tales - A Korean War Tale,Fiction,Graphic Novels,YNH,Childrens Non Fiction,MISMATCH,
9780143303459,Night Race to Kawau,Fiction,Teen Fiction,YFC,Childrens Fiction,MISMATCH,
9780500296226,Do We Have To Work?,History And Politics,History,JFC,Sociology,MISMATCH,
9782081514010,Christian Dior - Destiny - The Authorized Biography,The Arts,Art,BGF,Biography,MISMATCH,
9781419747151,Cereal City Guide - Los Angeles,Travel,Travel Literature,WTH,Travel Guides,MISMATCH,
9781419747144,Cereal City Guide - Copenhagen,Travel,Travel Literature,WTH,Travel Guides,MISMATCH,
9781419746468,I Am Courage - A Book Of Resilience,Children,Childrens Picture Books,YB,Childrens Non Fiction,MISMATCH,
9781843654360,Quentin Blake's Magical Tales,Children,Childrens Picture Books,YFA,Childrens Fiction,MISMATCH,
9781855147430,Elizabeth II - Princess Queen Icon,The Arts,Photography,AGHF,Art,MISMATCH,
9781800660168,A Scene In Between,The Arts,Photography,AVGP,Music And Performing Arts,MISMATCH,
9781800660168,A Scene In Between,The Arts,Art,AVGP,Music And Performing Arts,MISMATCH,
9781408342510,First Fairy Tales,Children,Childrens Picture Books,YFJ,Childrens Fiction,MISMATCH,
9780804850216,"Filipino Childrens Favorite Stories - Fables, Myths and Fairy Tales",Children,Childrens Picture Books,YFJ,Childrens Fiction,MISMATCH,
9781419756283,Odyssey Of Star Wars - An Epic Poem,Fiction,Poetry,FLS,Science Fiction and Fantasy,MISMATCH,
9781914224003,Diego Rivera,The Arts,Art,FXZ,Graphic Novels,MISMATCH,
9788857245867,Mountains - Giants Of The Earth,The Arts,Photography,AGB,Art,MISMATCH,
9781419759260,Ada Twist Scientist - Brainstorm Book,Children,Activities,YBG,Books For Babies,MISMATCH,
9781419743825,Moviemaking Magic Of Marvel Studios - Spider-Man,The Arts,Music And Performing Arts,YNF,Childrens Non Fiction,MISMATCH,
9780241953372,Magna Carta,Fiction,Classics,HBJD1,History,MISMATCH,
9780241518380,Spots Big Lift The Flap Book,Children,Books For Babies,YBL,Childrens Non Fiction,MISMATCH,
9780714879086,Jackson Pollock Splashed Paint And Wasnt Sorry,Children,Childrens Picture Books,YNA,Childrens Non Fiction,MISMATCH,
9780143305019,Under The Mountain,Children,Childrens Fiction,YFCB,"Childrens Fiction, Thriller",MISMATCH,
9781838660802,Yayoi Kusama Covered Everything In Dots And Wasnt Sorry,Children,Childrens Picture Books,YNA,Childrens Non Fiction,MISMATCH,
9781838660802,Yayoi Kusama Covered Everything In Dots And Wasnt Sorry,The Arts,Art,YNA,Childrens Non Fiction,MISMATCH,
9781797211459,Swan - The Life and Dance of Anna Pavlova,Children,Childrens Picture Books,YNDB,Childrens Non Fiction,MISMATCH,
9781788165600,Paris Match -  Falling in (love) with the French,Travel,Travel Literature,BM,Biography,MISMATCH,
9780141018911,Vindication Of The Rights Of Woman - Penguin Great Ideas,Sciences,Philosophy,JFSJ1,Sociology,MISMATCH,
9780241348970,Hurt,Sport,Rugby,BGSA,Biography,MISMATCH,
9780500652794,Trans-Siberian Railway,,Motoring and Transport,YNTR,Childrens Non Fiction,MISMATCH,
9781629915944,Doing It Our Way - 2 Sisters,Fiction,Graphic Novels,YFW,Childrens Fiction,MISMATCH,
9781338630794,Third Times A Charm - Making Friends Book 3,Fiction,Graphic Novels,YFB,Childrens Fiction,MISMATCH,
9781492674313,P Is for Pterodactyl - The Worst Alphabet Book Ever,Children,Childrens Picture Books,YBLA1,Childrens Non Fiction,MISMATCH,
9781406381269,World of Discovery,Sciences,General Science,YNT,Childrens Non Fiction,MISMATCH,
9780300254143,Art And Faith - A Theology Of Making,The Arts,Art,HRLK,Religion,MISMATCH,
9780473580803,Spies And Lies - The Mysterious Dr Dannevill,History And Politics,True Crime,JFSK,Sociology,MISMATCH,
9780552177719,Privacy Is Power - Why And How You Should Take Back Control of Your Data,Sciences,Business,PDR,General Science,MISMATCH,
9781877467523,Noisy Book,Children,Books For Babies,YBCB,Childrens Picture Books,MISMATCH,
9781760878962,Secrets of Strangers,Fiction,Crime Fiction,FA,General Fiction,MISMATCH,
9780062389503,Jungle Book - The MinaLima Edition - Illustrated with Interactive Elements,Children,Novelty Books,FC,Classics,MISMATCH,
9780062692597,Little Mermaid and Other Fairy Tales - The MinaLima Edition - Illustrated with Interactive Elements,Children,Novelty Books,FQ,General Fiction,MISMATCH,
9780062692597,Little Mermaid and Other Fairy Tales - The MinaLima Edition - Illustrated with Interactive Elements,Children,Childrens Fiction,FQ,General Fiction,MISMATCH,
9780062692573,Secret Garden - The MinaLima Edition - Illustrated with Interactive Elements,Children,Novelty Books,FQ,General Fiction,MISMATCH,
9780062362223,Peter Pan - The MinaLima Edition - Illustrated with Interactive Elements,Fiction,Classics,YFA,Childrens Fiction,MISMATCH,
9780062362223,Peter Pan - The MinaLima Edition - Illustrated with Interactive Elements,Children,Novelty Books,YFA,Childrens Fiction,MISMATCH,
9780063055735,Wonderful Wizard of Oz Interactive - The MinaLima Edition,Fiction,Classics,FQ,General Fiction,MISMATCH,
9780063055735,Wonderful Wizard of Oz Interactive - The MinaLima Edition,Children,Novelty Books,FQ,General Fiction,MISMATCH,
9781626866072,Alices Adventures In Wonderland And Through the Looking-Glass,Fiction,Classics,YFJ,Childrens Fiction,MISMATCH,
9781626861695,Bulfinchs Mythology,History And Politics,Mythology,HBG,History,MISMATCH,
9780241409466,LEGO Games Book - 50 Fun Brainteasers Games Challenges And Puzzles,Children,Activities,YNV,Childrens Non Fiction,MISMATCH,
9780241371664,Peppa Pig - Yum Yum Yum - Sticker Activity Book,Children,Activities,YBGS,Books For Babies,MISMATCH,
9780241294574,Peppa Goes Swimming - Sticker Book,Children,Activities,YBGS,Books For Babies,MISMATCH,
9781780557816,Wheres The Puppy,Children,Activities,YNV,Childrens Non Fiction,MISMATCH,
9781760653453,Wheels - Board Book,Children,Books For Babies,YBC,Childrens Picture Books,MISMATCH,
9781782119241,If I Could Tell You Just One Thing - Encounters with Remarkable People and Their Most Valuable Advice,Well Being,Psychology,BM,Biography,MISMATCH,
9781602209992,Home for Chinese New Year - A Story Told in English and Chinese,Children,Childrens Picture Books,YF,Childrens Fiction,MISMATCH,
9780804840941,Chinese And English Nursery Rhymes - Share And Sing In Two Languages,Children,Childrens Picture Books,YBLB1,Childrens Non Fiction,MISMATCH,
9781911689041,First Colours,Children,Books For Babies,YBLD,Childrens Non Fiction,MISMATCH,
9781847803795,When I Was Joe - 1 Another Life,Fiction,Teen Fiction,YFB,Childrens Fiction,MISMATCH,
9781849946513,Dark Fairy Tales of Fearless Women,History And Politics,Mythology,FQ,General Fiction,MISMATCH,
9780473558628,How Do I Feel - Dictionary of Emotions For Children,Well Being,Childrens Well Being,YN,Childrens Non Fiction,MISMATCH,
9781760979430,Ground Zero,Fiction,Teen Fiction,YFY,Childrens Fiction,MISMATCH,
9781509851386,Turn A Blind Eye - 3 William Warwick,Fiction,Historical Fiction,FT,General Fiction,MISMATCH,
9781509847532,Best Kept Secret - 3 Clifton Chronicles,Fiction,Historical Fiction,FA,General Fiction,MISMATCH,
9780804854658,Small Loom Weaving - Easy Projects For Beginners,The Arts,Craft,WFG,Fashion,MISMATCH,
9780733647765,Incredible Life of Hubert Wilkins - Australias Greatest Explorer,Travel,Travel Literature,HB,History,MISMATCH,
9781761042362,Lavender Keeper,Fiction,Historical Fiction,FT,General Fiction,MISMATCH,
9781419738258,Farmblock,Children,Novelty Books,YBL,Childrens Non Fiction,MISMATCH,
9780008201524,How The Grinch Stole Christmas,Christmas,Christmas Books,YBCH,Childrens Picture Books,MISMATCH,
9780241954973,Girl On The Cliff,Fiction,Historical Fiction,FT,General Fiction,MISMATCH,
9781398505209,Heres To Us,Fiction,Teen Fiction,YFB,Childrens Fiction,MISMATCH,
9780241505427,IPCRESS File,Fiction,Classics,FHD,Thriller,MISMATCH,
9780241485729,Medusa Frequency,Fiction,Classics,FA,General Fiction,MISMATCH,
9780241485736,Mr Rinyo Clactons Offer,Fiction,Classics,FA,General Fiction,MISMATCH,
9780241441565,Ice,Fiction,Science Fiction and Fantasy,FA,General Fiction,MISMATCH,
9780241508251,Everything Like Before - Stories,Fiction,Classics,FA,General Fiction,MISMATCH,
9781761042034,Sins Of The Sheikh - Abduction Intimidation And Intrigue Inside The Royal House Of Dubai,History And Politics,True Crime,JFFJ,Sociology,MISMATCH,
9780241296752,Celestial Hunter,History And Politics,Mythology,JFHF,Sociology,MISMATCH,
9781760642495,We Hominids - An Anthropological Detective Story,History And Politics,History,JHMC,Sociology,MISMATCH,
9781401963484,Upgrade Your Immunity With Herbs - Herbal Tonics Broths Brews And Elixirs To Supercharge Your Immune System,Well Being,Health,WBTH,Food And Beverage,MISMATCH,
9781775436232,Little Yellow Digger Saves Christmas,Christmas,Christmas Books,YBC,Childrens Picture Books,MISMATCH,
9780241517802,Find Spot At Preschool,Children,Books For Babies,YFP,Childrens Fiction,MISMATCH,
9780593226650,Can You Guess - Animal Sounds With The Very Hungry Caterpillar,Children,Books For Babies,YBCB,Childrens Picture Books,MISMATCH,
9780241463048,Baby Touch ABC - A Touch-And-Feel Playbook,Children,Books For Babies,YBLA,Childrens Non Fiction,MISMATCH,
9780241463031,Baby Touch 123 - Touch-And-Feel Playbook,Children,Books For Babies,YBLC,Childrens Non Fiction,MISMATCH,
9780241465257,A World Of Words,Children,Books For Babies,YBLA1,Childrens Non Fiction,MISMATCH,
9781760898847,Frankie And The Fossil,Children,Childrens Picture Books,YFB,Childrens Fiction,MISMATCH,
9780241418826,Whale In A Fishbowl,Children,Childrens Picture Books,YFP,Childrens Fiction,MISMATCH,
9780593205518,Theo TheSaurus - Dinosaur Who Loved Big Words,Children,Childrens Picture Books,YBLN,Childrens Non Fiction,MISMATCH,
9780241401286,Passing Playbook,Children,Childrens Fiction,YFM,"Childrens Fiction, Romance",MISMATCH,
9780593223475,Skate For Your Life,Children,Childrens Fiction,YN,Childrens Non Fiction,MISMATCH,
9780241484333,Scientists - Inspiring Tales Of The Worlds Brightest Scientific Minds,Sciences,General Science,YNT,Childrens Non Fiction,MISMATCH,
9781869714062,My First Board Book -  Under the Sea,Children,Books For Babies,YBL,Childrens Non Fiction,MISMATCH,
9780008509378,Returning Light - 30 Years of Life on Skellig Michael,Travel,Travel Literature,BM,Biography,MISMATCH,
9781509893355,Dutch Light - Christiaan Huygens and the Making of Science in Europe,Sciences,General Science,BGT,Biography,MISMATCH,
9781529078206,Adventures of Arsene Lupin -  Gentleman-Thief,Fiction,Classics,FFC,Crime Fiction,MISMATCH,
9781529372182,Clanlands Almanac - Seasonal Stories from Scotland,Travel,Travel Literature,WTL,Travel Guides,MISMATCH,
9781398512399,Secret to Love Health and Money -  A Masterclass,Well Being,New Age,VS,Psychology,MISMATCH,
9781646431854,Goldilocks and the Three Bears -  A Little Apple Classic,Children,Childrens Picture Books,YFP,Childrens Fiction,MISMATCH,
9781646431847,Jack and the Beanstalk -  A Little Apple Classic,Children,Childrens Picture Books,YFA,Childrens Fiction,MISMATCH,
9780141342696,Fungus The Bogeyman,Children,Childrens Picture Books,YFB,Childrens Fiction,MISMATCH,
9781761127809,Brightest Night - 5 Wings Of Fire Graphix,Fiction,Graphic Novels,YFW,Childrens Fiction,MISMATCH,
9780571363858,When Stars Are Scattered,Fiction,Graphic Novels,YFY,Childrens Fiction,MISMATCH,
9781409523352,Write Your Own Story Book,Children,Childrens Non Fiction,YBG,Books For Babies,MISMATCH,
9780143039884,Eichmann In Jerusalem - Penguin Black Classics,Sciences,Philosophy,HBTZ1,History,MISMATCH,
9780008394127,Oh The Places Youll Go - Mini Edition,Children,Childrens Picture Books,YBLB,Childrens Non Fiction,MISMATCH,
9781838662608,Banksy Graffitied Walls And Wasn't Sorry,Children,Childrens Picture Books,YNA,Childrens Non Fiction,MISMATCH,
9780879101886,Childsplay - Collection Of Scenes And Monologues For Children,Fiction,Plays,YND,Childrens Non Fiction,MISMATCH,
9780473469061,Septet - Seven Award Winning Plays From Aotearoa,Fiction,Plays,FA,General Fiction,MISMATCH,
9781509830442,Snail and the Whale,Children,Books For Babies,YBCS,Childrens Picture Books,MISMATCH,
9780008385156,Oh The Places Youll Go!,Children,Childrens Picture Books,YBLB,Childrens Non Fiction,MISMATCH,
9781529150452,Lore Olympus - Volume One - UK Edition,Fiction,Graphic Novels,FA,General Fiction,MISMATCH,
9780143775553,Who Lived There - The Stories Behind Historic New Zealand Buildings,The Arts,Architecture,WTM,Travel Guides,MISMATCH,
9781775436874,Grinny Granny Donkey,Children,Books For Babies,YBC,Childrens Picture Books,MISMATCH,
9781784877040,Palm Sunday,Biographies,Essays,BG,Biography,MISMATCH,
9781787634602,Masters Of Scale - Surprising Truths From The Worlds Most Successful Entrepreneurs,Sciences,Economics,KJH,Business,MISMATCH,
9781452139111,Construction Site on Christmas Night,Children,Childrens Fiction,YBC,Childrens Picture Books,MISMATCH,
9781788162531,No Bullshit Leadership - Why The World Needs More Everyday Leaders And Why That Leader Is You,Sciences,Economics,KJMB,Business,MISMATCH,
9781524761981,101 Things I Learned In Fashion School - 2nd Edition,The Arts,Design,VS,Psychology,MISMATCH,
9781988587998,Bloody Woman,Biographies,Essays,JFSJ1,Sociology,MISMATCH,
9781846047015,Wisdom Of Insecurity - A Message For An Age Of Anxiety,Sciences,Philosophy,HRAB,Religion,MISMATCH,
9781846046902,Way Of Zen,Sciences,Philosophy,HREZ,Religion,MISMATCH,
9781925936018,Emu Who Ran Through the Sky - 2,Children,Childrens Fiction,YBC,Childrens Picture Books,MISMATCH,
9781761046001,Mr Calm -  Mr Men and Little Miss,Children,Childrens Picture Books,YFB,Childrens Fiction,MISMATCH,
9781761045981,Little Miss Brave V37 -  Mr Men and Little Miss,Children,Childrens Picture Books,YFB,Childrens Fiction,MISMATCH,
9780241434147,Ship Asunder -  A Maritime History in Eleven Vessels,,Motoring and Transport,HBTM,History,MISMATCH,
9780812997798,Inner Engineering - A Yogi's Guide to Joy,Well Being,New Age,VS,Psychology,MISMATCH,
9781409324638,Colours - Pop Up Peek A Boo,Children,Novelty Books,YBCB,Childrens Picture Books,MISMATCH,
9781409324638,Colours - Pop Up Peek A Boo,Children,Books For Babies,YBCB,Childrens Picture Books,MISMATCH,
9780143776444,Slinky Malinkis Christmas Crackers,Christmas,Christmas Books,YBLB,Childrens Non Fiction,MISMATCH,
9781526637888,Harry Potter And the Chamber of Secrets - MinaLima Edition,Children,Novelty Books,YFH,Childrens Fiction,MISMATCH,
9781405947107,Seven Ages of Death,Well Being,Psychology,BM,Biography,MISMATCH,
9780473573959,Kiwis and Koalas -  What if you could build a bridge between the two places you love the most?,Children,Childrens Picture Books,YB,Childrens Non Fiction,MISMATCH,
9781948174787,Dumbledore - The Life and Lies of Hogwarts Renowned Headmaster - An Unofficial Exploration,Children,Childrens Fiction,DSY,Classics,MISMATCH,
9781529072501,Smartest Giant in Town -  A Push Pull and Slide Book,Children,Books For Babies,YBCB,Childrens Picture Books,MISMATCH,
9781529074208,Gruffalo Little Library,Children,Books For Babies,YBCH,Childrens Picture Books,MISMATCH,
9780374314286,Escargot,Children,Books For Babies,YFP,Childrens Fiction,MISMATCH,
9781526626585,Harry Potter And The Philosophers Stone - MinaLima Edition,Children,Novelty Books,YFB,Childrens Fiction,MISMATCH,
9781444963670,Five on a Treasure Island - 1 Famous Five Graphic Novel,Fiction,Graphic Novels,YFW,Childrens Fiction,MISMATCH,
9781444963687,Five Go Adventuring Again - 2 Famous Five Graphic Novel,Fiction,Graphic Novels,YFW,Childrens Fiction,MISMATCH,
9780143500889,Walter The Farting Dog,Children,Childrens Fiction,YBC,Childrens Picture Books,MISMATCH,
9780241506110,Spot Visits His Grandparents,Children,Books For Babies,YBCH,Childrens Picture Books,MISMATCH,
9781789465679,Lewis Hamilton - The Biography,,Motoring and Transport,BGS,Biography,MISMATCH,
9780500252598,"Murder Maps USA -  Crime Scenes Revisited, Bloodstains to Ballistics",History And Politics,True Crime,HBTP1,History,MISMATCH,
9780723297857,Very Hungry Caterpillar - A Book And Toy Gift Set,Children,Novelty Books,YBC,Childrens Picture Books,MISMATCH,
9780143506416,Hairy Maclary and Friends - Cuddle and Play - A Crinkly Cloth Book,Children,Books For Babies,YBL,Childrens Non Fiction,MISMATCH,
9781922310835,Fox And I - An Uncommon Friendship,Travel,Travel Literature,PSVP,General Science,MISMATCH,
9781904233886,New Moon - 2 Twilight,Fiction,Teen Fiction,YFH,Childrens Fiction,MISMATCH,
9781907410352,Breaking Dawn - 4 Twilight,Fiction,Teen Fiction,YFH,Childrens Fiction,MISMATCH,
9781904233916,Eclipse - 3 Twilight Saga,Fiction,Teen Fiction,YFB,Childrens Fiction,MISMATCH,
9781907411175,Short Second Life Of Bree Tanner - An Eclipse Novella,Fiction,Teen Fiction,YFH,Childrens Fiction,MISMATCH,
9781529324730,Windswept - Why Women Walk,Travel,Travel Literature,WTL,Travel Guides,MISMATCH,
9780711256019,Sustainable Travel - The Essential Guide To Positive Impact Adventures,Travel,Travel Literature,WTHC,Travel Guides,MISMATCH,
9781594748035,Warren The 13th And The All-Seeing Eye - 1 Warren the 13th,Fiction,Graphic Novels,YFH,Childrens Fiction,MISMATCH,
9781594749292,Warren The 13th and the Whispering Woods - 2 Warren the 13th,Fiction,Graphic Novels,YFH,Childrens Fiction,MISMATCH,
9780241422342,Baby Touch Tummy Time,Children,Books For Babies,YBL,Childrens Non Fiction,MISMATCH,
9780241382554,Busy Day Chef - An action play book,Children,Childrens Picture Books,YBGP,Books For Babies,MISMATCH,
9780241382578,Busy Day -  Astronaut - An action play book,Children,Childrens Picture Books,YBGP,Books For Babies,MISMATCH,
9780241382554,Busy Day Chef - An action play book,Children,Novelty Books,YBGP,Books For Babies,MISMATCH,
9780241458150,Busy Day,Children,Novelty Books,YBGP,Books For Babies,MISMATCH,
9780593094570,Good Night Little Engine,Children,Childrens Picture Books,YNM,Childrens Non Fiction,MISMATCH,
9781789096095,Art And Soul Of Dune,The Arts,Art,APF,Music And Performing Arts,MISMATCH,
9781633225107,ABC For Me - ABC Mindful Me,Children,Childrens Picture Books,YBLA,Childrens Non Fiction,MISMATCH,
9780753445471,Germ Lab - The Gruesome Story Of Deadly Diseases,Children,Childrens Picture Books,YNT,Childrens Non Fiction,MISMATCH,
9781529031935,Mother Gooses Nursery Rhymes,Children,Childrens Fiction,YBCS,Childrens Picture Books,MISMATCH,
9781788166102,Wordhord - Daily Life In Old English,History And Politics,History,CBX,Languages,MISMATCH,
9780674976450,Origin of Others,History And Politics,Sociology,DS,Classics,MISMATCH,
9781474990691,Animal Orchestra Plays Beethoven,Children,Books For Babies,YBCB,Childrens Picture Books,MISMATCH,
9781405945837,Doctor Who - Knock Knock Whos There Joke Book,Children,Activities,YNU,Childrens Non Fiction,MISMATCH,
9781407188164,His Dark Materials - Bind Up,Children,Childrens Picture Books,YFB,Childrens Fiction,MISMATCH,
9781743835234,Odd 1s Out,Children,Childrens Picture Books,YFB,Childrens Fiction,MISMATCH,
9780374313999,There Goes Patti McGee - The Story of the First Women's National Skateboard Champion,Sport,General Sport And Fitness,YNWY,Childrens Non Fiction,MISMATCH,
9781515883425,Skateboard Summer,Fiction,Graphic Novels,YFC,Childrens Fiction,MISMATCH,
9781472933430,Skate Monkey - Fear Mountain,Children,Childrens Fiction,YQCR,Childrens Picture Books,MISMATCH,
9781472933393,Skate Monkey - The Cursed Village,Children,Childrens Fiction,YQCR,Childrens Picture Books,MISMATCH,
9781406373400,Football School Season - 1 Where Football Explains The World,Children,Childrens Fiction,YNWA,Childrens Non Fiction,MISMATCH,
9780008322038,Crosswords For Kids,Children,Activities,YNVP,Childrens Non Fiction,MISMATCH,
9781984898432,Bright Book of Life - Novels to Read and Reread,Biographies,Essays,DS,Classics,MISMATCH,
9781434227850,Skateboard Breakdown - Sports Illustrated Kids Graphic Novels,Fiction,Graphic Novels,YFW,Childrens Fiction,MISMATCH,
9781452182056,Silver Skate Seventies California Skateboarding 1975-1978,Sport,General Sport And Fitness,AJC,Photography,MISMATCH,
9780552573740,And I Darken - 1 Conquerors,Fiction,Science Fiction and Fantasy,YFH,Childrens Fiction,MISMATCH,
9780552573757,Now I Rise - 2  Conquerors,Fiction,Science Fiction and Fantasy,YFH,Childrens Fiction,MISMATCH,
9780552573764,Bright We Burn - 3 Conquerors,Fiction,Science Fiction and Fantasy,YFH,Childrens Fiction,MISMATCH,
9789089896544,High Tide A Surf Odyssey - Photographs by Chris Burkard,Sport,General Sport And Fitness,AJB,Photography,MISMATCH,
9780723247715,Tale of Squirrel Nutkin - Beatrix Potter Originals,Children,Childrens Picture Books,YFA,Childrens Fiction,MISMATCH,
9780723247753,Tale Of Mrs Tiggy Winkle - Beatrix Potter Originals,Children,Childrens Picture Books,YFA,Childrens Fiction,MISMATCH,
9780723247760,Tale Of Mr Jeremy Fisher - Beatrix Potter Originals,Children,Childrens Picture Books,YFA,Childrens Fiction,MISMATCH,
9780723247777,Tale of Tom Kitten - Beatrix Potter Originals,Children,Childrens Picture Books,YFA,Childrens Fiction,MISMATCH,
9780241364635,Tale Of Peter Rabbit - Moon Landing Anniversary Edition,Children,Childrens Picture Books,YFA,Childrens Fiction,MISMATCH,
9780723281429,Tale of Peter Rabbit Board Book,Children,Books For Babies,YBCH,Childrens Picture Books,MISMATCH,
9780241454459,Peter Rabbit Buzzy Book,Children,Novelty Books,YBCB,Childrens Picture Books,MISMATCH,
9780857536082,I Shall Wear Midnight - Discworld Hardback Library,Fiction,Science Fiction and Fantasy,YFH,Childrens Fiction,MISMATCH,
9780857536099,Shepherds Crown - 5 Tiffany Aching - 41 Discworld,Fiction,Science Fiction and Fantasy,YFQ,Childrens Fiction,MISMATCH,
9781781577820,How To Be An Artist,The Arts,Art,VS,Psychology,MISMATCH,
9781761041167,Bluey - Charades,Children,Books For Babies,YBCH,Childrens Picture Books,MISMATCH,
9781922351579,Three Birds Renovations - Dream Home How-To,The Arts,Art,WKR,General Sport And Fitness,MISMATCH,
9781922351579,Three Birds Renovations - Dream Home How-To,The Arts,Design,WKR,General Sport And Fitness,MISMATCH,
9781922458292,Gilded,Fiction,Teen Fiction,YFH,Childrens Fiction,MISMATCH,
9780063119284,Some We Love Some We Hate Some We Eat - Why It's So Hard to Think Straight About Animals,Sciences,Environment,JHMC,Sociology,MISMATCH,
9781444952773,Heartstopper Volume Three,Fiction,Graphic Novels,YFW,Childrens Fiction,MISMATCH,
9781775506195,Mokopuna Matatini,Children,Childrens Fiction,YBCS,Childrens Picture Books,MISMATCH,
9781529394436,Dune - 1 Dune - Film Tie In,Fiction,Science Fiction and Fantasy,FA,General Fiction,MISMATCH,
9781452174471,Nordic Tales,History And Politics,Mythology,FQ,General Fiction,MISMATCH,
9781984858979,"Demystifying Disability - What to Know, What to Say, and How to Be an Ally",Well Being,Health,JF,Sociology,MISMATCH,
9783836583282,Surfing 1778-Today,Sport,General Sport And Fitness,AJ,Photography,MISMATCH,
9780143504122,Little Cat and the Big Red Bus,Children,Childrens Picture Books,YFB,Childrens Fiction,MISMATCH,
9781761120800,Get Back in Your Books,Children,Childrens Picture Books,YFQ,Childrens Fiction,MISMATCH,
9781760793685,Kids Garden Adventure Kit,The Garden,Gardening,YNPG,Childrens Non Fiction,MISMATCH,
9780473587680,Flowers For Friends - Casual Seasonal Arranging For Gardeners,The Garden,Gardening,WFW,Craft,MISMATCH,
9781452181752,Floret Farms Discovering Dahlias - A Guide To Growing And Arranging Magnificent Blooms,The Garden,Gardening,WFW,Craft,MISMATCH,
9781419723896,Handpicked - Simple Sustainable And Seasonal Flower Arrangements,The Garden,Gardening,WFW,Craft,MISMATCH,
9781616891213,Tree Gardens,The Garden,Gardening,AMV,Architecture,MISMATCH,
9780143796930,Practical Self Sufficiency,The Garden,Gardening,VSZ,Psychology,MISMATCH,
9781786278890,Cut And Dry - The Modern Guide To Dried Flowers From Growing To Styling,The Garden,Gardening,WFW,Craft,MISMATCH,
9781784943745,Outdoor Woodworking Game -  20 Fun Projects to Make,The Garden,Gardening,WFH,Fashion,MISMATCH,
9780847831302,Flower Sense - The Art of Decorating with Flowers,The Garden,Gardening,WFW,Craft,MISMATCH,
9781788793841,Flower Hunter - Seasonal Flowers Inspired By Nature And Gathered From The Garden,The Garden,Gardening,WFW,Craft,MISMATCH,
9781564588685,Complete Guide To Flower Arranging,The Garden,Gardening,WFW,Craft,MISMATCH,
9781616898274,"Conservatory -  A Celebration of Architecture, Nature, and Light",The Garden,Gardening,AMC,Architecture,MISMATCH,
9780060899226,Kitchen Confidential - Adventures In The Culinary Underbelly,Biographies,Essays,BM,Biography,MISMATCH,
9781529023640,Gruffalo Carousel Book,Children,Novelty Books,YBGP,Books For Babies,MISMATCH,
9781869665531,Guide to Touring New Zealand Wineries,Travel,Travel Literature,WTH,Travel Guides,MISMATCH,
9781611806250,Spiritual Teaching of Ramana Maharshi,Well Being,New Age,HRG,Religion,MISMATCH,
9781477319352,Beyond Market Value - A Memoir of Book Collecting and the World of Venture Capital,The Arts,Art,BM,Biography,MISMATCH,
9780571365623,Nina Simones Gum - A Memoir Of Things Lost And Found,The Arts,Photography,BGF,Biography,MISMATCH,
9781471182761,Icebound,Travel,Travel Literature,HBTM,History,MISMATCH,
9781471191589,Mammoth,Children,Childrens Fiction,YBCS,Childrens Picture Books,MISMATCH,
9781789293418,Short History of the World in 50 Animals,Sciences,Environment,HBG,History,MISMATCH,
9781776574094,Tale of the Tiny Man,Children,Childrens Fiction,YBCS,Childrens Picture Books,MISMATCH,
9780062968494,Writers Library - Authors You Love On The Books That Changed Their Lives,Biographies,Biography,DSB,Classics,MISMATCH,
9780947506667,Shipwrecked - New Zealand Maritime Disasters,,Motoring and Transport,HBTM,History,MISMATCH,
9780995122925,30 Queer Lives - Conversations With LGBTQIA+ New Zealanders,Well Being,Gender,JFSJ,Sociology,MISMATCH,
9781784744311,Letters To Camondo,The Arts,Art,HBLW,History,MISMATCH,
9780008305703,Ultralearning,Sciences,Business,VSC,Psychology,MISMATCH,
9780140436471,Journals of Captain Cook - Penguin Black Classics,Fiction,Classics,BGHA,Biography,MISMATCH,
9780473593629,More Than A Roof - Housing In Poems And Prose,Fiction,Poetry,JF,Sociology,MISMATCH,
9781250254252,Initiates of the Flame - The Deluxe Edition,Well Being,New Age,HRQX,Religion,MISMATCH,
9781761261190,Youve Reached Sam,Fiction,Teen Fiction,YFM,"Childrens Fiction, Romance",MISMATCH,
9784805315149,"Otaku Japan -  The Fascinating World of Japanese Manga, Anime, Gaming, Cosplay",Travel,Travel Literature,WTH,Travel Guides,MISMATCH,
9781545807293,Mask Of Rat Jit Su - 9 Geronimo Stilton Reporter,Fiction,Graphic Novels,YFW,Childrens Fiction,MISMATCH,
9781529048155,Counting Creatures,Children,Novelty Books,YBGT,Books For Babies,MISMATCH,
9781841357270,Mother Goose Fairy Tales,Children,Childrens Picture Books,YFA,Childrens Fiction,MISMATCH,
9781529415902,My Body,Well Being,Health,BM,Biography,MISMATCH,
9781786076045,Political Correctness Gone Mad?,History And Politics,Politics,JFFL,Sociology,MISMATCH,
9781788700634,Traces - The Memoir Of A Forensic Scientist And Criminal Investigator,History And Politics,True Crime,BGTA,Biography,MISMATCH,
9781869409180,Actions And Travels - How Poetry Works,Fiction,Poetry,DSC,Classics,MISMATCH,
9781419721212,China - A History,History And Politics,History,YNH,Childrens Non Fiction,MISMATCH,
9781529048155,Counting Creatures,Children,Childrens Picture Books,YBGT,Books For Babies,MISMATCH,
9780312382483,Canine Couture - 25 Projects - Fashion and Lifestyle Accessories for Designer Dogs,Sciences,Environment,WFB,Craft,MISMATCH,
9781781576267,Life Drawing in 15 Minutes - Capture the beauty of the human form,The Arts,Art,WFA,Fashion,MISMATCH,
9781499801897,My First Big Book of Coloring,Children,Activities,YBG,Books For Babies,MISMATCH,
9781474921190,Pirates - Split Page,Children,Activities,YBG,Books For Babies,MISMATCH,
9781509841097,Wayfinding -  The Art and Science of How We Find and Lose Our Way,Travel,Travel Literature,PDZ,General Science,MISMATCH,
9781800249653,Desire - 100 of Literatures Sexiest Stories,Fiction,Classics,DQ,General Fiction,MISMATCH,
9781800249691,Art of the Glimpse - 100 Irish short stories,Fiction,Classics,DQ,General Fiction,MISMATCH,
9781800249684,Funny Ha Ha - 80 of the Funniest Stories Ever Written,Fiction,Classics,DQ,General Fiction,MISMATCH,
9781452143125,Eye Style - Punch Out And Wear 15 paper eyeglasses!,Well Being,Humour,YNPH,Childrens Non Fiction,MISMATCH,
9781800249660,Deadlier - 100 of the Best Crime Stories Written by Women,Fiction,Classics,DQ,General Fiction,MISMATCH,
9781800249714,We Robots - Artificial Intelligence In 100 Stories,Fiction,Classics,DQ,General Fiction,MISMATCH,
9781800249646,That Glimpse of Truth -  The 100 Finest Short Stories Ever Written,Fiction,Classics,DQ,General Fiction,MISMATCH,
9781800249707,Time Travellers Almanac - 100 Stories Brought to You From the Future,Fiction,Classics,FL,Science Fiction and Fantasy,MISMATCH,
9781526621948,Why Didnt You Just Do What You Were Told? -  Essays,Biographies,Essays,DS,Classics,MISMATCH,
9781784726171,Jaguar - The Art of the Automobile,,Motoring and Transport,WGCB,Gardening,MISMATCH,
9781465473622,Astronomy - A Visual Guide,Sciences,General Science,YQT,Childrens Picture Books,MISMATCH,
9781781577493,Get the Photos Others Cant,The Arts,Photography,WTD,Travel Guides,MISMATCH,
9781452174891,Stargazing,Sciences,General Science,AJR,Photography,MISMATCH,
9781911630685,Dalvi - Six Years In The Arctic Tundra,Travel,Travel Literature,BM,Biography,MISMATCH,
9780349726366,Slug,Fiction,Poetry,BM,Biography,MISMATCH,
9781788544702,"Jet Man -  The Making and Breaking of Frank Whittle, Genius of the Jet Revolution",Sciences,Business,BGB,Biography,MISMATCH,
9781529046137,Hitchhikers Guide to the Galaxy - Illustrated Edition,Fiction,Science Fiction and Fantasy,YFG,Childrens Fiction,MISMATCH,
9781526618283,Harry Potter and the Half Blood Prince - 6 Slytherin Edition,Children,Childrens Fiction,FA,General Fiction,MISMATCH,
9780008321239,Metazoa - Animal Minds and the Birth of Consciousness,Sciences,Environment,PSAJ,General Science,MISMATCH,
9780994130037,Rebooting The Regions,Sciences,Economics,JPQB,Politics,MISMATCH,
9780140440393,History of the Peloponnesian War,Fiction,Classics,HBJD,History,MISMATCH,
9780714877402,Feed Me - 50 Home Cooked Meals for your Dog,Sciences,Environment,WB,Food And Beverage,MISMATCH,
9781851776368,V&A Pattern - Pop Patterns,The Arts,Art,WF,Fashion,MISMATCH,
9781851776368,V&A Pattern - Pop Patterns,The Arts,Design,WF,Fashion,MISMATCH,
9780415174299,Counselling for Toads - A Psychological Adventure,Well Being,Psychology,JKSN2,Politics,MISMATCH,
9780753558690,Essentialism - Disciplined Pursuit Of Less,Sciences,Economics,KJM,Business,MISMATCH,
9780241521380,Salt Eaters,Fiction,Classics,FA,General Fiction,MISMATCH,
9781526610348,Harry Potter And The Goblet of Fire - 4 Slytherin Edition,Children,Childrens Fiction,FA,General Fiction,MISMATCH,
9781526618290,Harry Potter and the Half Blood Prince - 6 Slytherin Edition,Children,Childrens Fiction,FA,General Fiction,MISMATCH,
9781526610317,Harry Potter And The Goblet Of Fire - 4 Ravenclaw Edition,Children,Childrens Fiction,FA,General Fiction,MISMATCH,
9781526618221,Harry Potter And The Half Blood Prince - 6 Gryffindor Edition,Children,Childrens Fiction,FA,General Fiction,MISMATCH,
9781526618160,Harry Potter And The Order Of The Phoenix - 5 Hufflepuff Edition,Children,Childrens Fiction,FA,General Fiction,MISMATCH,
9780764167263,Awesome Origami Pack,Children,Activities,YNPH,Childrens Non Fiction,MISMATCH,
9781635061444,Future in Minutes,Sciences,General Science,JFFR,Sociology,MISMATCH,
9781761128899,Encanto - 33 Disney Classic Collection,Children,Childrens Fiction,YBCH,Childrens Picture Books,MISMATCH,
9780857303141,Vinyl Countdown,The Arts,Music And Performing Arts,JFCA,Sociology,MISMATCH,
9780719559792,Now We Are Sixty,Fiction,Poetry,WH,Humour,MISMATCH,
9780241535202,Osebo - Voices from a Swedish Village,Travel,Travel Literature,HBTD,History,MISMATCH,
9781471407277,Cruel Prince - 1 The Folk of the Air,Fiction,Teen Fiction,YFH,Childrens Fiction,MISMATCH,
9789814914260,Dead Body Never Lies,Sciences,General Science,JKVF1,Politics,MISMATCH,
9780645076363,"Delia Akeley and the Monkey -  A Human-Animal Story of Captivity, Patriarchy and Nature",Sciences,Environment,BG,Biography,MISMATCH,
9780143136347,Great Gatsby,Fiction,Classics,FA,General Fiction,MISMATCH,
9781681888354,Quick and Easy Home Organization -  365 Simple Tips & Techniques to Keep Your Home Neat & Tidy Year Round,The Arts,Art,VS,Psychology,MISMATCH,
9781507216002,NIFTY -  Clean & Organized -  Money-Saving Hacks and Easy DIYs for a Clean and Clutter-Free Home!,The Arts,Art,WKDM,General Sport And Fitness,MISMATCH,
9781683839163,Jurassic World -  The Ultimate Pop-Up Book,The Arts,Art,AP,Music And Performing Arts,MISMATCH,
9781683835455,Jurassic Park -  The Ultimate Visual History,The Arts,Art,APF,Music And Performing Arts,MISMATCH,
9781471176395,What If It's Us,Fiction,Teen Fiction,YFB,Childrens Fiction,MISMATCH,
9780861542420,Iron Widow,Fiction,Science Fiction and Fantasy,YFG,Childrens Fiction,MISMATCH,
9781338648034,Miles Morales - Shock Waves - Spider-Man Graphic Novel 1,Fiction,Graphic Novels,YFW,Childrens Fiction,MISMATCH,
9780008470104,Wintringham Mystery -  Cicely Disappears,Fiction,Crime Fiction,FC,Classics,MISMATCH,
9780063139008,Mysterious Skin - A Novel,Fiction,Classics,FA,General Fiction,MISMATCH,
9780063138940,Plague Of Doves - A Novel,Fiction,Classics,FA,General Fiction,MISMATCH,
9780063138971,Secrets Between Us - A Novel,Fiction,Classics,FA,General Fiction,MISMATCH,
9780062940469,Lehman Trilogy,Fiction,Classics,FA,General Fiction,MISMATCH,
9780593175088,No Adults Allowed - 1 Super Sidekicks,Fiction,Graphic Novels,YFW,Childrens Fiction,MISMATCH,
9781406348255,Are You Ready To Play Outside,Children,Childrens Picture Books,YFB,Childrens Fiction,MISMATCH,
9781526624123,Lighthouse Story,Children,Childrens Picture Books,JFSP1,Sociology,MISMATCH,
9780062993311,"But You Seemed So Happy -  A Marriage, in Pieces and Bits",Well Being,Psychology,WH,Humour,MISMATCH,
9781789540857,Lionheart Girl,Fiction,Teen Fiction,YFH,Childrens Fiction,MISMATCH,
9780141442099,Road To Oxiana,Travel,Travel Literature,WTL,Travel Guides,MISMATCH,
9780241137291,Brown Bear Brown Bear What Do You See,Children,Books For Babies,YBCB,Childrens Picture Books,MISMATCH,
9780241539927,Book That Did Not Want To Be Read,Children,Childrens Fiction,YBCS,Childrens Picture Books,MISMATCH,
9780001712713,Bears In The Night - Berenstain Bears,Children,Childrens Picture Books,YFB,Childrens Fiction,MISMATCH,
9781802791242,Vaccine - Inside the Race to Conquer the COVID-19 Pandemic,Sciences,General Science,BGTA,Biography,MISMATCH,
9781861977694,Art Of Seduction,Sciences,Business,VSP,Psychology,MISMATCH,
9780785839965,Communist Manifesto and Das Kapital,Fiction,Classics,JPFC,Politics,MISMATCH,
9780711212787,Tao Te Ching,Fiction,Classics,HRKN5,Religion,MISMATCH,
9781350172210,How to Read a Dress -  A Guide to Changing Fashion from the 16th to the 21st Century,The Arts,Art,JFCK,Sociology,MISMATCH,
9781472976024,On Board -  The Insider's Guide to Surviving Life in the Boardroom,Sciences,Business,BGBA,Biography,MISMATCH,
9780857089137,Interesting Narrative of Olaudah Equiano - The Black History Classic,History And Politics,History,VS,Psychology,MISMATCH,
9781604339819,Classic Nursery Rhymes Oversized Padded Board Book,Children,Childrens Picture Books,YB,Childrens Non Fiction,MISMATCH,
9781526622075,Sideways Stories From Wayside School,Fiction,Teen Fiction,YFS,Childrens Fiction,MISMATCH,
9781990035012,Nor'east Swell,Fiction,Teen Fiction,YF,Childrens Fiction,MISMATCH,
9781760145019,Spys Wife,Fiction,Historical Fiction,FJMS,General Fiction,MISMATCH,
9781604337907,Classic Collection Of Mother Goose Nursery Rhymes,Children,Books For Babies,YFA,Childrens Fiction,MISMATCH,
9780141986364,Exercised - Science Of Physical Activity Rest And Health,Sport,General Sport And Fitness,JHM,Sociology,MISMATCH,
9781775437482,Wolfs Lair - 3 Katipo Joe,Fiction,Teen Fiction,YFC,Childrens Fiction,MISMATCH,
9780007584642,Four - A Divergent Collection,Fiction,Teen Fiction,YFB,Childrens Fiction,MISMATCH,
9781444787801,China,Fiction,Historical Fiction,FT,General Fiction,MISMATCH,
9781408339763,Pet Keeper Fairies - 6,Children,Childrens Fiction,YBCS,Childrens Picture Books,MISMATCH,
9781408345818,Fairy Ballet - 7,Children,Childrens Fiction,YBCS,Childrens Picture Books,MISMATCH,
9780241388686,Fall - The Mystery Of Robert Maxwell,History And Politics,True Crime,JPZ,Politics,MISMATCH,
9781869539702,Ford A Kiwi Obsession,,Motoring and Transport,WGCB,Gardening,MISMATCH,
9781869538996,Kiwi Tractors - A Humble National Icon,,Motoring and Transport,WGCT,Gardening,MISMATCH,
9781869539474,Vintage And Iconic Aircraft,,Motoring and Transport,WGM,Gardening,MISMATCH,
9780241490303,If Youre Happy and You Know It -  A Ladybird Book of Action Rhymes,Children,Books For Babies,YBLB1,Childrens Non Fiction,MISMATCH,
9781925849714,Saved By The Siesta - Great Benefits Of A Little Nap,Well Being,Psychology,PSAN,General Science,MISMATCH,
9781927194614,Level 3 Economics Study Guide,Sciences,Economics,YQV,Childrens Picture Books,MISMATCH,
9781784873080,Story of a Life - Volumes 1-3,Fiction,Classics,BM,Biography,MISMATCH,
9781529112146,How to Love Animals - And Protect Our Planet,Sciences,Environment,JFFZ,Sociology,MISMATCH,
9780755501632,Lies - 3 Gone,Fiction,Teen Fiction,YFG,Childrens Fiction,MISMATCH,
9781338576023,Fetch - 2 Five Nights at Freddys,Children,Childrens Fiction,YFD,"Childrens Fiction, Horror",MISMATCH,
9781338576030,1 35AM - 3 Five Nights at Freddys,Children,Childrens Fiction,YFD,"Childrens Fiction, Horror",MISMATCH,
9781338576047,Bunny Call - 5 Five Nights at Freddys,Children,Childrens Fiction,YFD,"Childrens Fiction, Horror",MISMATCH,
9781338298482,Silver Eyes - 1 Five Nights at Freddys Graphic Novel,Fiction,Graphic Novels,YFD,"Childrens Fiction, Horror",MISMATCH,
9781338298482,Silver Eyes - 1 Five Nights at Freddys Graphic Novel,Children,Childrens Fiction,YFD,"Childrens Fiction, Horror",MISMATCH,
9780764362637,Mercedes-Benz G-Class -  The Complete History of an Off-Road Classic,,Motoring and Transport,WGCB,Gardening,MISMATCH,
9783836576154,Walt Disney Film Archives -  The Animated Movies 1921-1968,The Arts,Art,APFV,Music And Performing Arts,MISMATCH,
9781772754476,Disney Tangled Before Ever After Cinestory Comic,Fiction,Graphic Novels,YFW,Childrens Fiction,MISMATCH,
9780995142190,Topgun Lessons From The Sky,,Motoring and Transport,BG,Biography,MISMATCH,
9781838694968,Train Travel In Europe - Lonely Planet,Travel,Travel Literature,WGF,Gardening,MISMATCH,
9781529380279,Foul Lady Fortune - 1 Foul Lady Fortune,Fiction,Teen Fiction,YFT,Childrens Fiction,MISMATCH,
9781398521681,First to Die at the End,Fiction,Teen Fiction,YFM,"Childrens Fiction, Romance",MISMATCH,
9780008466800,Trust the Plan - The Rise of QAnon and the Conspiracy That Reshaped the World,History And Politics,Politics,JFHC,Sociology,MISMATCH,
9780008466800,Trust the Plan - The Rise of QAnon and the Conspiracy That Reshaped the World,History And Politics,History,JFHC,Sociology,MISMATCH,
9783791374895,Day Time Stopped - 1 Minute - 26 Countries,Children,Childrens Fiction,YBC,Childrens Picture Books,MISMATCH,
9781781577462,Calligraphy Ideas Book,The Arts,Craft,WFU,Fashion,MISMATCH,
9781529404531,How to Hold Animals,Sciences,Environment,WH,Humour,MISMATCH,
9781788168250,Seeking Wisdom - A Spiritual Path to Creative Connection,Well Being,New Age,VS,Psychology,MISMATCH,
9781444967616,I Must Betray You,Fiction,Teen Fiction,YFCB,"Childrens Fiction, Thriller",MISMATCH,
9781408832332,Throne Of Glass - 1 Throne of Glass,Fiction,Science Fiction and Fantasy,YFC,Childrens Fiction,MISMATCH,
9781785766978,Seventh Scroll - 2 The Egyptian Series,Fiction,Historical Fiction,FJ,General Fiction,MISMATCH,
9780733621093,Clive Eats Alligators,Children,Childrens Picture Books,YFB,Childrens Fiction,MISMATCH,
9783899559064,One Year On A Bike,Travel,Travel Literature,WTH,Travel Guides,MISMATCH,
9781578269136,Go Far -  How Endurance Sports Help You Win At Life,Sport,General Sport And Fitness,VS,Psychology,MISMATCH,
9780735266230,Collected Works Of Gretchen Oyster,Fiction,Teen Fiction,YF,Childrens Fiction,MISMATCH,
9781988547770,Sh*t Towns of New Zealand - The Great Kiwi Tiki Tour,Travel,Travel Literature,WH,Humour,MISMATCH,
9781787135550,Crazy Cat Lady -  50 cool-girl quirks that prove there's nothing crazy about loving cats,Sciences,Environment,WH,Humour,MISMATCH,
9781338814491,Captain Underpants Double Crunchy Book o'Fun (Full Colour),Children,Childrens Fiction,YBG,Books For Babies,MISMATCH,
9781761204647,I Survived the Nazi Invasion 1944 - The Graphic Novel,Fiction,Graphic Novels,YFN,Childrens Fiction,MISMATCH,
9781627797245,Baby Bear Baby Bear What Do You See - Mini Tab board book,Children,Books For Babies,YFA,Childrens Fiction,MISMATCH,
9780805075267,Curious Adventures Of The Abandoned Toys,Children,Childrens Picture Books,YFC,Childrens Fiction,MISMATCH,
9780349433356,Anatomy - A Love Story,Fiction,Teen Fiction,YFT,Childrens Fiction,MISMATCH,
9781785943768,Breed Apart -  My Adventures with Britain's Rare Breeds,Travel,Travel Literature,BGA,Biography,MISMATCH,
9781858756097,50 Greatest James Bond Cars,,Motoring and Transport,AP,Music And Performing Arts,MISMATCH,
9781646430536,Classic Tale Of Peter Rabbit -  Classic Heirloom Edition,Children,Novelty Books,YFA,Childrens Fiction,MISMATCH,
9781526632074,Straits -  Beyond The Myth of Magellan,Travel,Travel Literature,HB,History,MISMATCH,
9781526608284,Ageless - New Science Of Getting Older Without Getting Old,Well Being,Psychology,PDZ,General Science,MISMATCH,
9781526637895,Tales of Beedle the Bard - Illustrated Edition,Children,Childrens Picture Books,YFH,Childrens Fiction,MISMATCH,
9781526654755,Fantastic Beasts - The Secrets of Dumbledore - Movie Magic,Children,Childrens Picture Books,YNF,Childrens Non Fiction,MISMATCH,
9781631597381,Rubber Band Engineer - All-Ballistic Pocket Edition,Children,Activities,WF,Fashion,MISMATCH,
9780241513729,Tale Of Peter Rabbit - Birthday Edition,Children,Childrens Picture Books,YFA,Childrens Fiction,MISMATCH,
9781405297783,Night Sky,Children,Childrens Picture Books,JFHF,Sociology,MISMATCH,
9781922351500,I Didnt Do The Thing Today - On Letting Go Of Productivity Guilt,Sciences,Business,VS,Psychology,MISMATCH,
9780861541218,How to Teach Classics to Your Dog -  A Quirky Introduction to the Ancient Greeks and Romans,History And Politics,Mythology,DSBB,Classics,MISMATCH,
9781784708139,Stranger in the Shoguns City - A Woman's Life in Nineteenth-Century Japan,Travel,Travel Literature,HBJF,History,MISMATCH,
9781760761844,Where They Purr - Inspirational Interiors and the Cats Who Call Them Home,The Arts,Design,AJ,Photography,MISMATCH,
9780465068418,Land So Strange - The Epic Journey of Cabeza de Vaca,History And Politics,History,RGR,Environment,MISMATCH,
9781444952223,Silkys Story - 6 The Magic Faraway Tree,Children,Childrens Fiction,YBCS,Childrens Picture Books,MISMATCH,
9781444957563,Moonfaces Story - 7 The Magic Faraway Tree,Children,Childrens Fiction,YBCS,Childrens Picture Books,MISMATCH,
9780241476178,Inheritance Games - 1 Inheritance Games,Fiction,Teen Fiction,YFCB,"Childrens Fiction, Thriller",MISMATCH,
9780241480724,Hawthorne Legacy - 2 Inheritance Games,Fiction,Teen Fiction,YFCB,"Childrens Fiction, Thriller",MISMATCH,
9780241573631,Final Gambit - 3 Inheritance Games,Fiction,Teen Fiction,YFCB,"Childrens Fiction, Thriller",MISMATCH,
9780143506867,Summery Saturday Morning,Children,Books For Babies,YBCS,Childrens Picture Books,MISMATCH,
9781864719055,Burning Bridge - 2 Rangers Apprentice,Fiction,Teen Fiction,YFH,Childrens Fiction,MISMATCH,
9781864719062,Icebound Land - 3 Rangers Apprentice,Fiction,Teen Fiction,YFH,Childrens Fiction,MISMATCH,
9781529075083,Night Night Sleep Tight -  Farm Animals,Children,Childrens Picture Books,YBGT,Books For Babies,MISMATCH,
9780008386375,Until The End - 15 Skulduggery Pleasant,Fiction,Teen Fiction,YFH,Childrens Fiction,MISMATCH,
9781907598661,Ten Poems About Bicycles - Instead Of A Card,Sport,Cycling,DCQ,Poetry,MISMATCH,
9781503760257,Paw Patrol New First Look And Find,Children,Books For Babies,YFP,Childrens Fiction,MISMATCH,
9781760761608,"Future Is Fungi - How Fungi Feed Us Heal Us, and Save Our World",Sciences,Environment,PSQ,General Science,MISMATCH,
9781925811803,Pronoun Lowdown - Demystifying And Celebrating Gender Diversity,Well Being,Gender,JFSJ,Sociology,MISMATCH,
9783836577380,Oliver Byrne -  The First Six Books of the Elements of Euclid,The Arts,Art,PBMH,General Science,MISMATCH,
9780062367044,Dawn - 3 Warriors The New Prophecy,Children,Childrens Picture Books,YFH,Childrens Fiction,MISMATCH,
9780062367037,Moonrise - 2 Warriors The New Prophecy,Children,Childrens Picture Books,YFH,Childrens Fiction,MISMATCH,
9780062367075,Sunset - 6 Warriors The New Prophecy,Children,Childrens Picture Books,YFH,Childrens Fiction,MISMATCH,
9781761043871,Endurance - The Toby Price Story,,Motoring and Transport,BG,Biography,MISMATCH,
9780143775904,Faraway Girl,Fiction,Teen Fiction,YFT,Childrens Fiction,MISMATCH,
9780241300688,Bittersweet - How Sorrow and Longing Make Us Whole,Well Being,Psychology,JHBZ,Sociology,MISMATCH,
9780241402122,Connect The Dots - Art And Science Of Creating Good Luck,Sciences,Business,VSC,Psychology,MISMATCH,
9780141991801,Transgender Issue - An Argument for Justice,Well Being,Gender,JFSJ5,Sociology,MISMATCH,
9780141994635,New Map - Energy Climate and the Clash of Nations,Sciences,Environment,JPSL,Politics,MISMATCH,
9780805242195,Dairy Restaurant,Well Being,Food And Beverage,WTHR,Travel Guides,MISMATCH,
9781797215723,Every Little Thing,Children,Childrens Picture Books,YFB,Childrens Fiction,MISMATCH,
9780241501009,Taste - My Life Through Food,Well Being,Food And Beverage,BM,Biography,MISMATCH,
9780241389539,Worn - A Peoples History Of Clothing,The Arts,Fashion,JFCK,Sociology,MISMATCH,
9780241515501,Science Of Plants - Inside their Secret World,Sciences,Environment,AGNB,Art,MISMATCH,
9780143775683,Masher,Children,Childrens Fiction,YNU,Childrens Non Fiction,MISMATCH,
9781984831859,Little Farm,Children,Books For Babies,YB,Childrens Non Fiction,MISMATCH,
9781447273448,Pig And Postman Bear - Hide And Seek,Children,Childrens Picture Books,YBGP,Books For Babies,MISMATCH,
9781786750570,George Orwells 1984 - The Graphic Novel,Fiction,Graphic Novels,YFA,Childrens Fiction,MISMATCH,
9781784946401,Macrame - Contemporary Projects For The Home,The Arts,Craft,WFC,Fashion,MISMATCH,
9783899559576,Ride Out - Motorcycle Roadtrips and Adventures,,Motoring and Transport,WTH,Travel Guides,MISMATCH,
9783791374802,At The Height Of The Moon - A Book Of Bedtime Poetry And Art,The Arts,Art,YBC,Childrens Picture Books,MISMATCH,
9781785042928,Fear Less - How To Win Your Way In Work And Life,Sciences,Business,VSC,Psychology,MISMATCH,
9781867207948,Collaborator,Fiction,Historical Fiction,FJMS,General Fiction,MISMATCH,
9780241529324,Big Panda and Tiny Dragon,Fiction,Graphic Novels,VS,Psychology,MISMATCH,
9781526648174,Song Of Achilles - Anniversary Edition,Fiction,Classics,FA,General Fiction,MISMATCH,
9781529074932,Dear Zoo,Children,Childrens Picture Books,YBGP,Books For Babies,MISMATCH,
9780007578863,Planting the World - Joseph Banks and his Collectors: An Adventurous History of Botany,The Garden,Gardening,BGT,Biography,MISMATCH,
9780143776802,Finding Calm - Managing Fear And Anxiety In An Uncertain World,Fiction,Teen Fiction,VFJS,Psychology,MISMATCH,
9781529006483,Success Habits - Proven Principles for Greater Wealth Health and Happiness,Well Being,Psychology,KJH,Business,MISMATCH,
9781838991487,Book of Sisters - Biographies of Incredible Siblings Through History,Biographies,Biography,YNH,Childrens Non Fiction,MISMATCH,
9781250275264,Science Superstars -  30 Brilliant Women Who Changed the World,Children,Childrens Non Fiction,YQS,Childrens Picture Books,MISMATCH,
9781838857035,Power of Regret - How Looking Backward Moves Us Forward,Well Being,Psychology,KJ,Business,MISMATCH,
9780670886241,Jolly Postman Or Other Peoples Letters,Children,Novelty Books,YBCB,Childrens Picture Books,MISMATCH,
9781800750562,Wanting - Power Of Mimetic Desire And How To Want What You Need,Sciences,Business,VSP,Psychology,MISMATCH,
9780593301357,10 Little Excavators,Children,Books For Babies,YB,Childrens Non Fiction,MISMATCH,
9780062914989,Bad Seed,Children,Childrens Picture Books,YFQ,Childrens Fiction,MISMATCH,
9780063030756,Cool Bean,Children,Childrens Picture Books,YFQ,Childrens Fiction,MISMATCH,
9780008483623,Death On The Nile - Poirot Film Tie In,Fiction,Crime Fiction,FC,Classics,MISMATCH,
9780062990488,Shadow of the Bird - 2 Lightfall,Fiction,Graphic Novels,YFW,Childrens Fiction,MISMATCH,
9784805316238,Decorative Macrame - 20 Stylish Projects for Your Home,The Arts,Craft,WFC,Fashion,MISMATCH,
9781441336989,"Human Body Activity Book - Over 50 Fun Puzzles, Games, and More!",Children,Activities,YBG,Books For Babies,MISMATCH,
9781775541196,How To Escape From Prison,Well Being,Psychology,BM,Biography,MISMATCH,
9780008305758,Marmalade - The Orange Panda,Children,Childrens Fiction,YBCS,Childrens Picture Books,MISMATCH,
9781631067181,Complete Grimms Fairy Tales,Fiction,Classics,FQ,General Fiction,MISMATCH,
9781541699519,First Cell - And the Human Costs of Pursuing Cancer to the Last,Sciences,General Science,BGTA,Biography,MISMATCH,
9781529112498,Seed To Dust - A Mindful Seasonal Tale Of A Year In The Garden,The Garden,Gardening,BM,Biography,MISMATCH,
9780192737434,Olga da Polga,Children,Childrens Fiction,YBCS,Childrens Picture Books,MISMATCH,
9780062999818,Jump - My Secret Journey from the Streets to the Boardroom,Sciences,Business,BGBA,Biography,MISMATCH,
9781529421330,How To Be Perfect - The Correct Answer to Every Moral Question,Well Being,Psychology,WH,Humour,MISMATCH,
9780552170321,Red Notice - How I Became Putins No1 Enemy,History And Politics,True Crime,BGA,Biography,MISMATCH,
9780241423141,Transgender Issue - An Argument for Justice,Well Being,Gender,JFSJ5,Sociology,MISMATCH,
9781761065705,Facts And Other Lies - Welcome To The Disinformation Age,History And Politics,History,JFC,Sociology,MISMATCH,
9780141991061,Dawn Of Everything - A New History of Humanity,History And Politics,Sociology,HBTB,History,MISMATCH,
9781838694999,Transport Atlas - Lift the Flap,Children,Activities,YNTR,Childrens Non Fiction,MISMATCH,
9781786574794,Cantonese - Lonely Planet Phrasebook & Dictionary,Travel,Languages,WTK,Travel Guides,MISMATCH,
9781786574848,Middle East - Lonely Phrasebook And Dictionary,Travel,Languages,WTK,Travel Guides,MISMATCH,
9781786574992,Moroccan Arabic Phrasebook And Dictionary - Lonely planet,Travel,Languages,WTK,Travel Guides,MISMATCH,
9783667122629,Audi Quattro,,Motoring and Transport,WGCB,Gardening,MISMATCH,
9783667121783,Hip Hop Culture - A roadtrip across Europe,Travel,Travel Literature,WTH,Travel Guides,MISMATCH,
9781534474949,First Case - 1 Pup Detectives,Fiction,Graphic Novels,YFW,Childrens Fiction,MISMATCH,
9781534474970,Tigers Eye - 2 Pup Detectives,Fiction,Graphic Novels,YFW,Childrens Fiction,MISMATCH,
9781534478695,Soccer Mystery - 3 Pup Detectives,Fiction,Graphic Novels,YFW,Childrens Fiction,MISMATCH,
9781534478725,Ghosts Goblins And Ninjas - 4 Pup Detectives,Fiction,Graphic Novels,YFW,Childrens Fiction,MISMATCH,
9781534484849,Missing Magic Wand - 5 Pup Detectives,Fiction,Graphic Novels,YFP,Childrens Fiction,MISMATCH,
9781534484870,Mystery Mountain Getaway - 6 Pup Detectives,Fiction,Graphic Novels,YFP,Childrens Fiction,MISMATCH,
9781665912198,Big Bad Woof - 7,Fiction,Graphic Novels,YFP,Childrens Fiction,MISMATCH,
9781788165877,"Butler to the World - How Britain became the servant of oligarchs, tax dodgers, kleptocrats and criminals",History And Politics,History,KC,Economics,MISMATCH,
9780141990286,Finding The Mother Tree - Uncovering The Wisdom And Intelligence Of The Forest,Sciences,Environment,PSTS,General Science,MISMATCH,
9780552569064,Itchcraft - 3 Itch,Fiction,Teen Fiction,YFC,Childrens Fiction,MISMATCH,
9781684054060,Fate of Dr Eggman - 2 Sonic the Hedgehog,Fiction,Graphic Novels,YFW,Childrens Fiction,MISMATCH,
9781684054985,Battle For Angel Island - 3 Sonic the Hedgehog,Fiction,Graphic Novels,YFW,Childrens Fiction,MISMATCH,
9780753553466,Madhouse At The End Of The Earth - The Belgica's Journey Into The Dark Antarctic Night,Travel,Travel Literature,HBG,History,MISMATCH,
9781912918737,History Of The Raf And The Lancaster Bomber,,Motoring and Transport,HBW,History,MISMATCH,
9781035001262,I Kissed Shara Wheeler,Fiction,Teen Fiction,YFB,Childrens Fiction,MISMATCH,
9781529077254,So Youve Been Publicly Shamed,Well Being,Psychology,JFS,Sociology,MISMATCH,
9780008450663,Midnight In Everwood,Fiction,Teen Fiction,FM,Science Fiction and Fantasy,MISMATCH,
9781761261145,self/less,Fiction,Teen Fiction,YFCB,"Childrens Fiction, Thriller",MISMATCH,
9781035005215,In Between,Fiction,Teen Fiction,YFN,Childrens Fiction,MISMATCH,
9781761067310,Family Of Liars,Fiction,Teen Fiction,YFB,Childrens Fiction,MISMATCH,
9780760364826,South - Illustrated Story Of Shackletons Last Expedition 1914-1917,Travel,Travel Literature,WTLP,Travel Guides,MISMATCH,
9780241464519,Diddly Squat - 1 A Year On The Farm,Travel,Travel Literature,WHX,Humour,MISMATCH,
9781839942112,Trucks - Make Tracks,Children,Books For Babies,YNTR,Childrens Non Fiction,MISMATCH,
9781775437567,Ice,Fiction,Teen Fiction,YFC,Childrens Fiction,MISMATCH,
9781529356571,Six Crimson Cranes - 1 Crimson Cranes,Fiction,Teen Fiction,YFH,Childrens Fiction,MISMATCH,
9781529356793,Dragons Promise - 2 Six Crimson Cranes,Fiction,Teen Fiction,FM,Science Fiction and Fantasy,MISMATCH,
9781760760847,Resident Dog - Incredible Homes and the Dogs That Live There,The Arts,Design,AJ,Photography,MISMATCH,
9781788166010,Lives Of The Stoics - The Art of Living from Zeno to Marcus Aurelius,Sciences,Philosophy,VS,Psychology,MISMATCH,
9780571337118,Wuthering Heights,Fiction,Classics,YFA,Childrens Fiction,MISMATCH,
9781526625847,Vanishing - The Twilight of Christianity in the Middle East,History And Politics,Religion,HBWS,History,MISMATCH,
9781922615503,Holden Our Own - The Holden Family's Story,,Motoring and Transport,WGCB,Gardening,MISMATCH,
9780241579602,How to Prevent the Next Pandemic,Sciences,General Science,MJCJ,Health,MISMATCH,
9780241401477,Wild Silence,Travel,Travel Literature,BM,Biography,MISMATCH,
9781529381863,End Of Money - The Story Of Bitcoin Cryptocurrencies And The Blockchain Revolution,Sciences,Business,PDR,General Science,MISMATCH,
9780008714703,Collins New Zealand and the South Pacific School Atlas,Travel,Atlases And Globes,YQG,Childrens Picture Books,MISMATCH,
9780340999172,Prisoner - 5 Hendersons Boys,Fiction,Teen Fiction,YFCB,"Childrens Fiction, Thriller",MISMATCH,
9780340956502,Secret Army - 3 Hendersons Boys,Fiction,Teen Fiction,YFC,Childrens Fiction,MISMATCH,
9781454925750,Gilded Age - Overture to the American Century,The Arts,Art,HBJK,History,MISMATCH,
9783961714049,Porsche Milestones - Refueled,,Motoring and Transport,WGCB,Gardening,MISMATCH,
9781761150456,Men Without Country - The True Story Of Exploration And Rebellion In The South Seas,Travel,Travel Literature,BGH,Biography,MISMATCH,
9780349142630,Fifty Things that Made the Modern Economy,History And Politics,History,KCZ,Economics,MISMATCH,
9780008363390,How to Speak Whale - A Voyage Into the Future of Animal Communication,Sciences,Environment,PSVP,General Science,MISMATCH,
9780008475529,Last Train - A Family History of the Final Solution,Biographies,Biography,JFFJ,Sociology,MISMATCH,
9781401603977,Return of Sherlock Holmes - Pretty Books - Painted Editions - A Collection of Holmes Adventures,Fiction,Classics,FFC,Crime Fiction,MISMATCH,
9781509886661,Aesops Fables - Retold by Elli Woollard,Fiction,Classics,YBCS,Childrens Picture Books,MISMATCH,
9780762428762,Classic Treasury Of Aesops Fables,Children,Childrens Picture Books,YF,Childrens Fiction,MISMATCH,
9783836583275,Fairy Tales - Grimm And Andersen 2 in 1,Fiction,Classics,YFJ,Childrens Fiction,MISMATCH,
9780141442228,Grimm Tales - For Young and Old,Fiction,Classics,FA,General Fiction,MISMATCH,
9780785839859,Grimms Fairy Tales,Fiction,Classics,JFHF,Sociology,MISMATCH,
9780571337712,Being You - A New Science of Consciousness,Well Being,Psychology,PDZ,General Science,MISMATCH,
9781590170489,Little Bookroom,Children,Childrens Fiction,YQCR,Childrens Picture Books,MISMATCH,
9781781575376,Great Minds Dont Think Alike - Discover The Method And Madness Of 56 creative geniuses,Well Being,Psychology,AB,Art,MISMATCH,
9781869712990,Wheels On The Bus,Children,Books For Babies,YBC,Childrens Picture Books,MISMATCH,
9780241323090,Spots Tractor,Children,Books For Babies,YBCB,Childrens Picture Books,MISMATCH,
9780008520922,Book Of Colours - Here We Are,Children,Books For Babies,YBCB,Childrens Picture Books,MISMATCH,
9780008520953,Book Of Opposites - Here We Are,Children,Books For Babies,YBCB,Childrens Picture Books,MISMATCH,
9780063139183,Remarkably Ruby,Fiction,Graphic Novels,YFW,Childrens Fiction,MISMATCH,
9780552177832,Never Give Up - A Life of Adventure,Travel,Travel Literature,BGFA,Biography,MISMATCH,
9781760665203,Grenade,Fiction,Teen Fiction,YFT,Childrens Fiction,MISMATCH,
9780241551820,Dont Worry - 48 Lessons On Achieving Calm,Well Being,New Age,VS,Psychology,MISMATCH,
9781408888063,Mindwandering - How It Can Improve Your Mood And Boost Your Creativity,Well Being,Psychology,PDZ,General Science,MISMATCH,
9781838772802,Legacy Of War - 18 Courtney,Fiction,Historical Fiction,FJH,General Fiction,MISMATCH,
9781338134377,Five Nights At Freddys - Silver Eyes 1,Fiction,Teen Fiction,YFCF,Childrens Fiction,MISMATCH,
9781445179995,Kiwi Tidies Up - A book about being messy,Children,Childrens Picture Books,YFP,Childrens Fiction,MISMATCH,
9781783787425,Florence Diary,Travel,Travel Literature,WTL,Travel Guides,MISMATCH,
9781785788093,Lets Get Physical -  How Women Discovered Exercise and Reshaped the World,Sport,General Sport And Fitness,HBTB,History,MISMATCH,
9781785788253,Dear Bill Bryson - Footnotes from a Small Island,Travel,Travel Literature,WTLC,Travel Guides,MISMATCH,
9781409562924,Complete Book of Farmyard Tales,Children,Childrens Picture Books,YFP,Childrens Fiction,MISMATCH,
9780307010858,Monster at the End of This Book (Sesame Street),Children,Childrens Picture Books,WH,Humour,MISMATCH,
9780307987693,Another Monster At The End Of This Book - Sesame Street,Children,Childrens Picture Books,YBL,Childrens Non Fiction,MISMATCH,
9780399558535,Thomas on the Moon - Thomas & Friends Little Golden Book,Children,Childrens Picture Books,YF,Childrens Fiction,MISMATCH,
9780141439884,Cranford - Penguin Black Classics,Fiction,Classics,FV,Historical Fiction,MISMATCH,
9780141335766,Mark of Athena  - 3 Heroes of Olympus,Fiction,Teen Fiction,YFH,Childrens Fiction,MISMATCH,
9780711271722,Earth Magick,Well Being,New Age,HRQX5,Religion,MISMATCH,
9781631067204,Green Living - A Comprehensive Guide to a Happy and Sustainable Life,Sciences,Environment,VSZ,Psychology,MISMATCH,
9780760371619,Complete Photo Guide to Treehouses 3rd Edition,The Garden,Gardening,WKR,General Sport And Fitness,MISMATCH,
9780760371992,Here We Are on Route 66 - A Journey Down America's Main Street,Travel,Travel Literature,WTHA,Travel Guides,MISMATCH,
9780760373774,BMW Century,,Motoring and Transport,WGCB,Gardening,MISMATCH,
9780995121065,Joke Collectors Notebook,Children,Activities,YNU,Childrens Non Fiction,MISMATCH,
9781471148613,Money Master The Game - 7 Simple Steps To Financial Freedom,Sciences,Business,VSB,Psychology,MISMATCH,
9783791374864,I Saw a Beautiful Woodpecker,Fiction,Teen Fiction,YN,Childrens Non Fiction,MISMATCH,
9781761201547,Wheres the Golden Egg,Children,Childrens Picture Books,YBG,Books For Babies,MISMATCH,
9781743838266,5 Minute Easter Stories,Children,Childrens Picture Books,YFB,Childrens Fiction,MISMATCH,
9780473489724,Sunflowers Dont Grow In Winter,Well Being,Childrens Well Being,YB,Childrens Non Fiction,MISMATCH,
9781913520397,Meowsterpieces -  A Cat's Guide To Art And Life,Well Being,Humour,YNA,Childrens Non Fiction,MISMATCH,
9781838695149,Create Your Own Holiday Games,Children,Activities,YNV,Childrens Non Fiction,MISMATCH,
9781788841689,Art Of Wallpaper - Morris & Co. In Context,The Arts,Design,AGB,Art,MISMATCH,
9780099511786,Seven Pillars Of Wisdom,Biographies,Biography,FC,Classics,MISMATCH,
9781446309070,New School Macrame - A Contemporary Knotting Manual for over 100 fresh fibre projects,The Arts,Craft,WFC,Fashion,MISMATCH,
9781454944485,Mushroom Magick - Ritual Celebration And Lore,Well Being,New Age,HRQX5,Religion,MISMATCH,
9781912914333,You Matter -  The Human Solution,Well Being,Psychology,HRLK,Religion,MISMATCH,
9780008527891,Waves - Collins Classics,Fiction,Classics,FA,General Fiction,MISMATCH,
9780691205274,How To Tell A Story - An Ancient Guide To The Art Of Storytelling For Writers And Readers,Sciences,Philosophy,CBP,Languages,MISMATCH,
9780008322069,1984 Nineteen Eighty-Four - Collins Classics,Fiction,Classics,FA,General Fiction,MISMATCH,
9780241356609,Facing The Mountain - The Forgotten Heroes of the Second World War,Travel,Travel Literature,HBWQ,History,MISMATCH,
9781783611300,Book Of Childrens Verse - A Gorgeous Anthology Of Poetry For Children Of All Ages,The Arts,Art,DCQ,Poetry,MISMATCH,
9780008433949,Silmarillion - Illustrated Edition,Fiction,Science Fiction and Fantasy,FC,Classics,MISMATCH,
9780008433956,Silmarillion - Deluxe Edition,Fiction,Science Fiction and Fantasy,FC,Classics,MISMATCH,
9781760662837,Amazing Ninja! - 4 Ninja Kid,Fiction,Teen Fiction,YFQ,Childrens Fiction,MISMATCH,
9781743835128,Ninja Clones! - 5 Ninja Kid,Fiction,Teen Fiction,YFQ,Childrens Fiction,MISMATCH,
9781743835135,Ninja Giants! - 6 Ninja Kid,Fiction,Teen Fiction,YFQ,Childrens Fiction,MISMATCH,
9781760974664,Ninja Toys! - 7 Ninja Kid,Fiction,Teen Fiction,YFQ,Childrens Fiction,MISMATCH,
9781760979126,Ninja Dogs! - 8 Ninja Kid,Fiction,Teen Fiction,YFQ,Childrens Fiction,MISMATCH,
9780593094174,My Sister and Me,Children,Childrens Picture Books,YFN,Childrens Fiction,MISMATCH,
9780994146007,Women Now - The Legacy Of Female Suffrage,Well Being,Gender,JFSJ1,Sociology,MISMATCH,
9781665917438,Wakers,Fiction,Teen Fiction,YFG,Childrens Fiction,MISMATCH,
9781760528270,Youngbloods -  Impostors 4,Fiction,Teen Fiction,YFCB,"Childrens Fiction, Thriller",MISMATCH,
9781848128576,Shockwave -  A Jack Courtney Adventure,Fiction,Teen Fiction,YFC,Childrens Fiction,MISMATCH,
9781848128552,Thunderbolt -  A Jack Courtney Adventure,Fiction,Teen Fiction,YFC,Childrens Fiction,MISMATCH,
9780008245122,Bad Boy of Athens - Classics from the Greeks to Game of Thrones,History And Politics,Mythology,JFC,Sociology,MISMATCH,
9781742374031,Ten Steps To Nanette - A Memoir Situation,Well Being,Gender,BM,Biography,MISMATCH,
9781839130465,Season Of Secrets,Children,Childrens Non Fiction,YFH,Childrens Fiction,MISMATCH,
9780143775652,Crane Guy,Children,Childrens Picture Books,YNTB,Childrens Non Fiction,MISMATCH,
9781471196812,When The World Was Ours,Well Being,Childrens Well Being,YFB,Childrens Fiction,MISMATCH,
9781775541943,Jacaranda House - 2 The Restless Years,Fiction,Historical Fiction,FT,General Fiction,MISMATCH,
9781849946872,"Treasury Of Folklore - Woodlands And Forests - Wild Gods, World Trees and Werewolves",History And Politics,Mythology,JFHF,Sociology,MISMATCH,
9780241567111,Baby Love,Fiction,Teen Fiction,YFN,Childrens Fiction,MISMATCH,
9781922330796,If Not Us,Fiction,Teen Fiction,YFB,Childrens Fiction,MISMATCH,
9781471186509,Beyond the Known - How Exploration Created the Modern World and Will Take Us to the Stars,Sciences,General Science,HBG,History,MISMATCH,
9781529034226,Rise And Reign Of The Mammals - A New History From the Shadow of the Dinosaurs to Us,Sciences,Environment,PSVW7,General Science,MISMATCH,
9783967040029,Wanderlust Himalay - Hiking on Top of the World,Travel,Travel Literature,WTH,Travel Guides,MISMATCH,
9780764362897,Secret Cities of Europe -  70 Charming Places Away from the Crowds,Travel,Travel Literature,WTH,Travel Guides,MISMATCH,
9780764362910,Great Outdoors - 400 Adventures Around the World,Travel,Travel Literature,WTH,Travel Guides,MISMATCH,
9780393338713,Naming Nature - The Clash Between Instinct and Science,Sciences,Environment,PDZ,General Science,MISMATCH,
9781472286598,Strange Planet - 3 The Sneaking Hiding Vibrating Creature,Fiction,Graphic Novels,YNUC,Childrens Non Fiction,MISMATCH,
9781776562909,Let Me Be Frank - Comics 2010-2019,Fiction,Graphic Novels,WHC,Humour,MISMATCH,
9781472269058,Strange Planet,Fiction,Graphic Novels,WHC,Humour,MISMATCH,
9781472275851,Stranger Planet - 2 Strange Planet,Fiction,Graphic Novels,WHC,Humour,MISMATCH,
9781988547152,Eddy Eddy,Children,Childrens Fiction,FA,General Fiction,MISMATCH,
9780143779070,Little Tales of Hedgehog and Goat,Children,Childrens Fiction,YNNF,Childrens Non Fiction,MISMATCH,
9783791388571,Bauhaus - Graphic Novel,The Arts,Art,FX,Graphic Novels,MISMATCH,
9781641241489,Kids Ukulele Songbook -  Learn 30 Songs to Sing and Play,The Arts,Music And Performing Arts,YQB,Childrens Picture Books,MISMATCH,
9781797214467,This Annoying Family Life,The Arts,Craft,WF,Fashion,MISMATCH,
9781526792457,"Recreational Vehicles -  A World History, 1872 1939",,Motoring and Transport,WGC,Gardening,MISMATCH,
9781523516322,Steal Like An Artist - 10th Anniversary Gift Edition,The Arts,Art,VS,Psychology,MISMATCH,
9781529046007,Tomorrows People - The Future of Humanity in Ten Numbers,Sciences,General Science,JHBD,Sociology,MISMATCH,
9781406365474,Were Going On A Bear Hunt - Stroller Book,Children,Books For Babies,YBCB,Childrens Picture Books,MISMATCH,
9780241515525,Big History - The Greatest Events of All Time From the Big Bang to Binary Code,Sciences,General Science,HBL,History,MISMATCH,
9780008393854,Atlas Of Extinct Countries - The Remarkable (and Occasionally Ridiculous) Stories Of 48 Nations That Fell Off The Map,Travel,Travel Literature,HBG,History,MISMATCH,
9781838855901,Timecode Of A Face,Biographies,Essays,HBTB,History,MISMATCH,
9780722538074,How to Talk to Anyone - 92 Little Tricks For Big Success In Relationships,Sciences,Business,VSP,Psychology,MISMATCH,
9781529150476,Lore Olympus Volume Two - UK Edition,Fiction,Graphic Novels,FA,General Fiction,MISMATCH,
9781471412219,When Women Were Dragons,Fiction,Teen Fiction,FM,Science Fiction and Fantasy,MISMATCH,
9781788164290,Artists Way - A Spiritual Path To Higher Creativity,The Arts,Art,VS,Psychology,MISMATCH,
9780008492847,War On The West - How To Prevail In The Age Of Unreason,History And Politics,History,JFC,Sociology,MISMATCH,
9781405951289,Lost Paths -  A History of How We Walk From Here To There,Travel,Travel Literature,HBTP1,History,MISMATCH,
9781761067358,Dolphin Called Jock - An Injured Dolphin A lost young woman A story of hope,Sciences,Environment,BM,Biography,MISMATCH,
9781783787470,Handmade - Learning The Art Of Chainsaw Mindfulness In A Norwegian Wood,The Arts,Craft,BM,Biography,MISMATCH,
9781529176285,Panic Years,Well Being,Gender,JFFK,Sociology,MISMATCH,
9780473622169,Losi The Giant Fisherman - Samoan Myths And Legends Pick A Path Collection 2022,Children,Childrens Picture Books,FQ,General Fiction,MISMATCH,
9781444952797,Heartstopper Volume Four,Children,Childrens Fiction,YFM,"Childrens Fiction, Romance",MISMATCH,
9781782276708,My Brother - 1 Jana Kippo,Fiction,Crime Fiction,FA,General Fiction,MISMATCH,
9781991151186,Ko Wai Kei te papa takaro?,Children,Books For Babies,YBL,Childrens Non Fiction,MISMATCH,
9780995123052,Ko wai kei te papa takaro? Who is at the playground?,Children,Books For Babies,YBL,Childrens Non Fiction,MISMATCH,
9781783785940,Museum of Whales You Will Never See - Travels Among the Collectors of Iceland,Travel,Travel Literature,WTL,Travel Guides,MISMATCH,
9781800240858,Barn - Lives Landscape And Lost Ways Of An Old Yorkshire Farm,Travel,Travel Literature,HBTB,History,MISMATCH,
9781526636836,Fruit And Vegetables - Kew Lift and Look,Children,Books For Babies,YNPC,Childrens Non Fiction,MISMATCH,
9781786077271,Way Home - Tales From A Life Without Technology,Travel,Travel Literature,VSZ,Psychology,MISMATCH,
9781401961961,Beat Cancer Kitchen - Deliciously Simple Plant-Based Anticancer Recipes,Well Being,Health,WBHS,Food And Beverage,MISMATCH,
9781529408003,Storyland - A New Mythology Of Britain,History And Politics,Mythology,JFHF,Sociology,MISMATCH,
9781541768758,"Invention of Power - Popes, Kings, and the Birth of the West",History And Politics,Politics,HBJD,History,MISMATCH,
9781529342031,Clanlands - Whisky Warfare and a Scottish Adventure Like No Other,Travel,Travel Literature,WTL,Travel Guides,MISMATCH,
9780008389666,Nick And Charlie - Heartstopper Novella,Fiction,Teen Fiction,YFM,"Childrens Fiction, Romance",MISMATCH,
9781847926098,Immense World - How Animal Senses Reveal the Hidden Realms Around Us,Sciences,Environment,PSVD,General Science,MISMATCH,
9781761220470,Gourmet Traveller New Zealand - Inspired Escapes And Culinary Journeys,Well Being,Food And Beverage,WTH,Travel Guides,MISMATCH,
9781529115178,Lily - A Tale of Revenge,Fiction,Historical Fiction,FA,General Fiction,MISMATCH,
9781787333208,Birdgirl - A Young Environmentalist Looks To The Skies In Search Of A Better Future,Sciences,Environment,BM,Biography,MISMATCH,
9780753559574,Femina - A New History Of The Middle Ages Through The Women Written Out Of It,Well Being,Gender,HB,History,MISMATCH,
9781761047237,Pukeko Counts to 10 -  Ka Tatau a Pukeko ki te 10,Children,Books For Babies,YBLC,Childrens Non Fiction,MISMATCH,
9781447257073,Italian Girl,Fiction,Historical Fiction,FA,General Fiction,MISMATCH,
9781035046782,Light Behind The Window,Fiction,Historical Fiction,FA,General Fiction,MISMATCH,
9781035044078,Midnight Rose,Fiction,Historical Fiction,FA,General Fiction,MISMATCH,
9781405206228,Secret Of The Unicorn - The Adventures of Tintin,Fiction,Graphic Novels,YBCH,Childrens Picture Books,MISMATCH,
9781405206204,Crab With The Golden Claws - Adventures Of Tintin,Fiction,Graphic Novels,YBC,Childrens Picture Books,MISMATCH,
9780241536001,Typhoon,,Motoring and Transport,BGHA,Biography,MISMATCH,
9781405297387,Shine,Fiction,Teen Fiction,YFM,"Childrens Fiction, Romance",MISMATCH,
9780007559244,Radio Silence,Fiction,Teen Fiction,YFB,Childrens Fiction,MISMATCH,
9780008492847,War On The West - How To Prevail In The Age Of Unreason,History And Politics,Politics,JFC,Sociology,MISMATCH,
9780702313677,Gay Club,Fiction,Teen Fiction,YFM,"Childrens Fiction, Romance",MISMATCH,
9780008435769,Maid - 1 Molly The Maid,Fiction,Crime Fiction,FA,General Fiction,MISMATCH,
9781786286284,Garden,Children,Books For Babies,YBL,Childrens Non Fiction,MISMATCH,
9781786286277,Sea,Children,Books For Babies,YBL,Childrens Non Fiction,MISMATCH,
9781786286260,Sky,Children,Books For Babies,YBL,Childrens Non Fiction,MISMATCH,
9781786286253,Tree,Children,Books For Babies,YBL,Childrens Non Fiction,MISMATCH,
9781444968927,Heartstopper Volume One - TV Tie in,Fiction,Graphic Novels,YFW,Childrens Fiction,MISMATCH,
9781682770207,Formula One,,Motoring and Transport,YNTR,Childrens Non Fiction,MISMATCH,
9780552178907,Murray Walker - Incredible - A Tribute To A Formula 1 Legend,,Motoring and Transport,KNTJ,Business,MISMATCH,
9781781257067,Fabric - The Hidden History Of The Material World,The Arts,Fashion,HB,History,MISMATCH,
9780008196806,How To Build A Car - Autobiography Of The Worlds Greatest Formula 1 Designer,Motoring,Formula One,BGSA,Biography,MISMATCH,
9781529106800,To Hell and Back - An Autobiography,Motoring,Formula One,BGSA,Biography,MISMATCH,
9780552178907,Murray Walker - Incredible - A Tribute To A Formula 1 Legend,Motoring,Formula One,KNTJ,Business,MISMATCH,
9781529040036,Lights Out Full Throttle - The Good the Bad and the Bernie of Formula One,Motoring,Formula One,BGSA,Biography,MISMATCH,
9783899558456,Tales Of The Rails - Legendary Train Routes of the World,Motoring,Transport,YNTR,Childrens Non Fiction,MISMATCH,
9780760340202,Convertibles,Motoring,Transport,WGCB,Gardening,MISMATCH,
9781452140537,Higher - 100 Years of Boeing,Motoring,Transport,HBTK,History,MISMATCH,
9781789464184,Valentino Rossi -  The Definitive Biography,Motoring,Transport,BGS,Biography,MISMATCH,
9780947506742,Life With Cars - New Zealanders Motoring Memories 1950s-1980s,Motoring,Transport,WGCB,Gardening,MISMATCH,
9781990048098,Cant Get There From Here -  New Zealand Passenger Rail Since 1920,Motoring,Transport,HB,History,MISMATCH,
9783667122629,Audi Quattro,Motoring,Transport,WGCB,Gardening,MISMATCH,
9781787399266,Story Of Mini - A Tribute To The Iconic Car,Motoring,Transport,WGCB,Gardening,MISMATCH,
9780241446355,Aircraft Book - The Definitive Visual History,Motoring,Transport,WGM,Gardening,MISMATCH,
9780241240489,Classic Car Book - The Definitive Visual History,Motoring,Transport,WGCB,Gardening,MISMATCH,
9780143774280,Worlds Fastest Indian,Motoring,Transport,BGS,Biography,MISMATCH,
9780760366783,1970 Maximum Muscle - The Pinnacle of Muscle Car Power,Motoring,Transport,WGCB,Gardening,MISMATCH,
9780995142190,Topgun Lessons From The Sky,Motoring,Transport,BG,Biography,MISMATCH,
9780712352611,Taking To The Air - An Illustrated History of Flight,Motoring,Transport,WGM,Gardening,MISMATCH,
9781925816297,Idle Torque,Motoring,Transport,WGCB,Gardening,MISMATCH,
9780810926318,Cars of Cuba,Motoring,Transport,AJC,Photography,MISMATCH,
9781501159312,Vagabonds - The Story of Henry Ford and Thomas Edison's Ten-Year Road Trip,Motoring,Transport,BGH,Biography,MISMATCH,
9781869538996,Kiwi Tractors - A Humble National Icon,Motoring,Transport,WGCT,Gardening,MISMATCH,
9780473541194,Youll Never Make It,Motoring,Transport,BM,Biography,MISMATCH,
9781471192043,Niki Lauda - The Biography,Motoring,Formula One,BGS,Biography,MISMATCH,
9781922615503,Holden Our Own - The Holden Family's Story,Motoring,Transport,WGCB,Gardening,MISMATCH,
9781869539702,Ford A Kiwi Obsession,Motoring,Transport,WGCB,Gardening,MISMATCH,
9781869539719,Holden - A Kiwi Obsession,Motoring,Transport,WGCB,Gardening,MISMATCH,
9781775593553,Going By Train - The Complete New Zealand Railways Story,Motoring,Transport,WGF,Gardening,MISMATCH,
9781988538242,Automania - Iconic New Zealand Collections,Motoring,Transport,WGC,Gardening,MISMATCH,
9781988538167,My Mini Could Tow That - A Collection Of Teardrops And Tiny Caravans,Motoring,Transport,WG,Gardening,MISMATCH,
9781988538075,RV There Yet - A Guide To Owning And Using A Recreational Vehicle In New Zealand,Motoring,Transport,WGC,Gardening,MISMATCH,
9781869539474,Vintage And Iconic Aircraft,Motoring,Transport,WGM,Gardening,MISMATCH,
9781911658016,British Railway Disasters - Lessons Learned From Tragedies On The Tracks,Motoring,Transport,WGF,Gardening,MISMATCH,
9781784424206,Veteran Motor Cars,Motoring,Transport,WGCB,Gardening,MISMATCH,
9781788161442,Steam Trains Today - Journeys Along Britains Heritage Railways,Motoring,Transport,WGF,Gardening,MISMATCH,
9780753555033,Guy Martin - My Autobiography,Motoring,Transport,BGSA,Biography,MISMATCH,
9780753556672,Guy Martin - When You Dead You Dead,Motoring,Transport,BGSA,Biography,MISMATCH,
9780753545461,We Need To Weaken The Mixture,Motoring,Transport,BGSA,Biography,MISMATCH,
9780947506667,Shipwrecked - New Zealand Maritime Disasters,Motoring,Transport,HBTM,History,MISMATCH,
9781988538969,Hot Rods Downunder,Motoring,Transport,WGCB,Gardening,MISMATCH,
9780473528874,Go Fast Or Go Home The Garth Hogan Story,Motoring,Transport,BG,Biography,MISMATCH,
9781921874994,Passion for Muscle Cars - The Australian Pursuit of Power: 1950-1980,Motoring,Transport,WGCB,Gardening,MISMATCH,
9781925868579,Passion for Holden - Commemorative Edition  A Celebration of the Australian Icon 1856-2020,Motoring,Transport,WGC,Gardening,MISMATCH,
9781471162381,Total Competition - Lessons in Strategy from Formula One,Motoring,Transport,BGSA,Biography,MISMATCH,
9781406399530,Were Going on a Bear Hunt: My First Opposites,Children,Books For Babies,YBLF,Childrens Non Fiction,MISMATCH,
9781471188633,Little Book of Big Ethical Questions,Sciences,Philosophy,JFM,Sociology,MISMATCH,
9781474613989,Price Wars - How Chaotic Markets Are Creating A Chaotic World,History And Politics,Sociology,JPA,Politics,MISMATCH,
9781474613989,Price Wars - How Chaotic Markets Are Creating A Chaotic World,Sciences,Business,JPA,Politics,MISMATCH,
9780008549336,Where My Feet Fall - Going for a Walk in Twenty Stories,Travel,Travel Literature,DQ,General Fiction,MISMATCH,
9780857503657,What Doesnt Kill You - My Life in Motor Racing,Motoring,Transport,BGSA,Biography,MISMATCH,
9781742373966,Kaitangata Twitch,Fiction,Teen Fiction,YFB,Childrens Fiction,MISMATCH,
9781444968392,Heartstopper Yearbook,Fiction,Graphic Novels,YFM,"Childrens Fiction, Romance",MISMATCH,
9780008412937,This Winter - A Heartstopper Novella,Fiction,Teen Fiction,YFN,Childrens Fiction,MISMATCH,
9780008507992,Heartstopper Novella Box Set - Solitaire  Radio Silence I Was Born For This Loveless,Fiction,Teen Fiction,YFM,"Childrens Fiction, Romance",MISMATCH,
9780008244095,I Was Born for This,Fiction,Teen Fiction,YFM,"Childrens Fiction, Romance",MISMATCH,
9780008244125,Loveless,Fiction,Teen Fiction,YFM,"Childrens Fiction, Romance",MISMATCH,
9781398500228,Climbing the Walls,Travel,Travel Literature,BM,Biography,MISMATCH,
9781776574575,Ko Wai e Huna ana?,Children,Books For Babies,YBCB,Childrens Picture Books,MISMATCH,
9781776574568,Whos Hiding,Children,Books For Babies,YB,Childrens Non Fiction,MISMATCH,
9780063282049,Happy People Are Annoying,Biographies,Biography,WH,Humour,MISMATCH,
9781398514331,"Fix the System, Not the Women",Well Being,Gender,JFSJ1,Sociology,MISMATCH,
9780552178853,Making Sense - Conversations On Consciousness Morality And The Future Of Humanity,Well Being,Psychology,PDR,General Science,MISMATCH,
9780008445584,My Fourth Time - We Drowned - Seeking Refuge on the World's Deadliest Migration Route,History And Politics,History,JFFD,Sociology,MISMATCH,
9780008492847,War On The West - How To Prevail In The Age Of Unreason,History And Politics,Politics,JFC,Sociology,MISMATCH,
9781741241297,Lettering Book - A Totally Fun Approach to Lettering!,Children,Activities,YNA,Childrens Non Fiction,MISMATCH,
9781991006080,Sharesies Guide To Investing - Your Easy Way To Financial Freedom,Sciences,Business,VSB,Psychology,MISMATCH,
9781788162142,Field Work - What Land Does to People And What People Do to Land,Travel,Travel Literature,HBTB,History,MISMATCH,
9781783783342,Undreamed Shores - Five Women Who Sought Out the World,Travel,Travel Literature,BGH,Biography,MISMATCH,
9781865084541,From Stella Street To Amsterdam,Fiction,Teen Fiction,YFB,Childrens Fiction,MISMATCH,
9781922458872,Answers In The Pages,Fiction,Teen Fiction,YFB,Childrens Fiction,MISMATCH,
9780593323045,Renegade Reporters,Children,Childrens Fiction,YNM,Childrens Non Fiction,MISMATCH,
9781405938020,Shackleton - How The Captain Of The Newly discovered Endurance saved his crew in the Antarctic,Travel,Travel Literature,BGT,Biography,MISMATCH,
9781761201936,My Tooth Is Looth,Children,Childrens Picture Books,YB,Childrens Non Fiction,MISMATCH,
9781784743987,Bold Ventures - Thirteen Tales of Architectural Tragedy,The Arts,Art,HBTB,History,MISMATCH,
9781784743987,Bold Ventures - Thirteen Tales of Architectural Tragedy,The Arts,Architecture,HBTB,History,MISMATCH,
9781408716700,Le Fric - Family Power And Money - The Business of the Tour de France,Sport,Cycling,BGS,Biography,MISMATCH,
9781472156457,Cry Of The Kalahari,Travel,Travel Literature,WTL,Travel Guides,MISMATCH,
9781788166331,Discipline is Destiny - 2 Stoic Virtues,Sciences,Philosophy,KJ,Business,MISMATCH,
9781788166270,Courage Is Calling - 1 Stoic Virtues,Sciences,Philosophy,KJ,Business,MISMATCH,
9781909932517,Piet Mondrian - A Life,The Arts,Art,BGF,Biography,MISMATCH,
9780760368503,Corvette - Chevrolet's Supercar,Motoring,Transport,WGCB,Gardening,MISMATCH,
9780760375563,Scooter Bible - The Ultimate History and Encyclopedia,Motoring,Transport,WGCK,Gardening,MISMATCH,
9780760372098,Ferrari - 75 Years,Motoring,Transport,WGCB,Gardening,MISMATCH,
9781250836755,Next Everest - Surviving the Mountain's Deadliest Day and Finding the Resilience to Climb Again,Travel,Travel Literature,BGA,Biography,MISMATCH,
9781788402118,Women Dont Owe You Pretty,Well Being,Gender,BM,Biography,MISMATCH,
9780061687457,Pilgrimage,Travel,Travel Literature,BGXA,Biography,MISMATCH,
9781782213062,From Sketch To Watercolour Painting - Pen Line And Wash,The Arts,Art,WFA,Fashion,MISMATCH,
9781338660425,Awakening Storm - 1 City of Dragons,Fiction,Graphic Novels,YFW,Childrens Fiction,MISMATCH,
9781775437499,Kidnap At Mystery Island,Fiction,Teen Fiction,YFH,Childrens Fiction,MISMATCH,
9781529108941,Dead Men Dont Tell Tales,Motoring,Transport,BM,Biography,MISMATCH,
9783716518663,Golden Eagles - Legendary Birds of Prey,Sciences,Environment,AJC,Photography,MISMATCH,
9782080243713,Karl -  No Regrets,The Arts,Fashion,BGF,Biography,MISMATCH,
9780500652848,If I Had A Dinosaur,Children,Books For Babies,YBCS,Childrens Picture Books,MISMATCH,
9780500652855,If I Had A Sleepy Sloth,Children,Books For Babies,YBCS,Childrens Picture Books,MISMATCH,
9781908714947,Missing Trick,Children,Childrens Picture Books,YFB,Childrens Fiction,MISMATCH,
9781869713447,My First Board Book - Colours,Children,Books For Babies,YBLD,Childrens Non Fiction,MISMATCH,
9781912650927,Ten Little Dogs,Children,Books For Babies,YBLC,Childrens Non Fiction,MISMATCH,
9781783255375,SOLO - What running across mountains taught me about life,Travel,Travel Literature,BM,Biography,MISMATCH,
9781444952797,Heartstopper Volume Four,Fiction,Graphic Novels,YFM,"Childrens Fiction, Romance",MISMATCH,
9781529043129,Alice Through the Looking-Glass,Children,Childrens Picture Books,YFA,Childrens Fiction,MISMATCH,
9781529091359,Alices Adventures in Wonderland Platinum Jubilee Edition,Fiction,Classics,YFA,Childrens Fiction,MISMATCH,
9781948174954,Unofficial Harry Potter Hogwarts Handbook - MuggleNet's complete guide to the Wizarding World's most famous school,Children,Childrens Fiction,YNF,Childrens Non Fiction,MISMATCH,
9781035001538,Gruffalo and Friends Festive Super Sticker Book,Christmas,Christmas Books,YBGS,Books For Babies,MISMATCH,
9781035001538,Gruffalo and Friends Festive Super Sticker Book,Children,Activities,YBGS,Books For Babies,MISMATCH,
9780241471272,Story of the Car -  The Definitive History of Automobiles,Motoring,Transport,WGCB,Gardening,MISMATCH,
9780241537824,Ocean -  The Definitive Visual Guide,Sciences,Environment,YNN,Childrens Non Fiction,MISMATCH,
9781787302167,Heros Way - Walking with Garibaldi from Rome to Ravenna,Travel,Travel Literature,WTL,Travel Guides,MISMATCH,
9781529112597,Heros Way - Walking with Garibaldi from Rome to Ravenna,Travel,Travel Literature,WTL,Travel Guides,MISMATCH,
9780349726625,Material Girls - Why Reality Matters For Feminism,Well Being,Gender,JFFK,Sociology,MISMATCH,
9780936070629,Tiny Homes On the Move - Wheels and Water,The Arts,Architecture,WK,General Sport And Fitness,MISMATCH,
9780702233494,Seven Versions of an Australian Badland,History And Politics,True Crime,JKV,Politics,MISMATCH,
9781760642785,On Helen Garner -  Writers on Writers,Biographies,Essays,DSB,Classics,MISMATCH,
9780062499639,Cece Loves Science And Adventure,Children,Childrens Picture Books,YFC,Childrens Fiction,MISMATCH,
9781761042256,Prometheus High 1 -  How to Make a Monster,Fiction,Teen Fiction,YFC,Childrens Fiction,MISMATCH,
9780241441732,What Beauty There Is,Fiction,Teen Fiction,YFCB,"Childrens Fiction, Thriller",MISMATCH,
9780062937650,Influence - Psychology Of Persuasion (New And Expanded),Sciences,Business,VFJ,Psychology,MISMATCH,
9781783966127,Goshawk Summer - A New Forest Season Unlike Any Other,Travel,Travel Literature,VSZ,Psychology,MISMATCH,
9780545682442,Night Divided,Fiction,Teen Fiction,YFC,Childrens Fiction,MISMATCH,
9781877505393,Mrs D Is Going Without,Well Being,Health,BM,Biography,MISMATCH,
9781869799465,Shackletons Whisky - A Spirit Of Discovery Ernest Shackletons 1907 Antarctic Expedition And The Rare Malt Whisky He Left Behind,Travel,Travel Literature,BGH,Biography,MISMATCH,
9781922458452,Best Liars In Riverview,Fiction,Teen Fiction,YF,Childrens Fiction,MISMATCH,
9781922330741,Sugar,Fiction,Teen Fiction,YFN,Childrens Fiction,MISMATCH,
9780702263484,Calling of Jackdaw Hollow,Fiction,Teen Fiction,YFB,Childrens Fiction,MISMATCH,
9781611590890,Chicken Soup for the Soul - Too Funny - 101 Hilarious Stories to Brighten Your Days,Well Being,Psychology,WH,Humour,MISMATCH,
9781419758409,Unseen Photos of Street Gang -  How We Got to Sesame Street,The Arts,Art,APT,Music And Performing Arts,MISMATCH,
9783777438061,Iran -  Five Millennia of Art and Culture,The Arts,Art,WTH,Travel Guides,MISMATCH,
9781838855741,Last Days Of Roger Federer - And Other Endings,Biographies,Essays,BM,Biography,MISMATCH,
9781838854164,"Bi - The Hidden Culture, History and Science of Bisexuality",Well Being,Gender,PDZ,General Science,MISMATCH,
9781529335507,Mad Bad And Dangerous to Know,Travel,Travel Literature,BGA,Biography,MISMATCH,
9781473618008,Fear - Our Ultimate Challenge,Travel,Travel Literature,BM,Biography,MISMATCH,
9781991006103,Yes Minister - An Insiders Account Of The John Key Years,History And Politics,Politics,BM,Biography,MISMATCH,
9781761065910,Left Handed Booksellers of London - 1 Left Handed Booksellers of London,Fiction,Teen Fiction,YFH,Childrens Fiction,MISMATCH,
9780711276987,Football Fantastic Activity Book,Children,Activities,YBG,Books For Babies,MISMATCH,
9781788008921,Wind in the Willows,Children,Childrens Fiction,YBC,Childrens Picture Books,MISMATCH,
9781787399068,Magic Of Mushrooms - Fungi In folklore Superstition And Traditional Medicine,Sciences,Environment,PSQ,General Science,MISMATCH,
9781761126307,Family Tree,Children,Childrens Picture Books,YB,Childrens Non Fiction,MISMATCH,
9781526601551,Two Heads - Where Two Neuroscientists Explore How Our Brains Work with Other Brains,Fiction,Graphic Novels,BGTA,Biography,MISMATCH,
9780062995087,Garlic and the Vampire,Fiction,Graphic Novels,YFW,Childrens Fiction,MISMATCH,
9780500025123,Karl Lagerfeld -  A Life in Fashion,The Arts,Fashion,BGF,Biography,MISMATCH,
9780500518809,Greek Myths That Shape the Way We Think,History And Politics,Religion,JFHF,Sociology,MISMATCH,
9780702263163,Another Day in the Colony,History And Politics,History,JFSL9,Sociology,MISMATCH,
9781419735363,In Search of The Color Purple -  The Story of an American Masterpiece: The Story of an American Masterpiece,Biographies,Essays,BG,Biography,MISMATCH,
9781785042379,Influence is Your Superpower - How to Get What You Want Without Compromising Who You Are,Sciences,Business,VSP,Psychology,MISMATCH,
9781775542131,Tough Outback,Travel,Travel Literature,BM,Biography,MISMATCH,
9780995106741,Oceans Kiss - A Telesa World novel,Fiction,Teen Fiction,FA,General Fiction,MISMATCH,
9780995106727,When Water Burns - 2 Telesa,Fiction,Teen Fiction,YFH,Childrens Fiction,MISMATCH,
9780995106734,Bone Bearer - 3 Telesa,Fiction,Teen Fiction,YFH,Childrens Fiction,MISMATCH,
9781472958204,Death By Shakespeare - Snakebites Stabbings And Broken Hearts,History And Politics,History,DSGS,Classics,MISMATCH,
9781797209432,Stahl House,The Arts,Architecture,AJ,Photography,MISMATCH,
9781529040982,Truth Be Told,Fiction,Teen Fiction,YFM,"Childrens Fiction, Romance",MISMATCH,
9781408714805,Deer Man - Seven Years Of Living In The Forest,Travel,Travel Literature,BGXA,Biography,MISMATCH,
9781838951535,Freedom to Think -  The Long Struggle to Liberate Our Minds,Sciences,General Science,JPVH,Politics,MISMATCH,
9781788452342,Mega Robo Bros 3 - Robot Revenge,Fiction,Graphic Novels,YFW,Childrens Fiction,MISMATCH,
9781988545080,Government For The  Public Good - The Surprising Science of  Large-Scale Collective Action,History And Politics,Sociology,JP,Politics,MISMATCH,
9781927131510,Inequality - A New Zealand Crisis,Sciences,Economics,JFFJ,Sociology,MISMATCH,
9781877460203,10pm Question - A Novel,Children,Childrens Fiction,FA,General Fiction,MISMATCH,
9781787703193,Lambda,Fiction,Science Fiction and Fantasy,FA,General Fiction,MISMATCH,
9780995138469,Going to Te Papa - Asiasiga 'i le Falemata'aga i Te Papa - Samoan English,Children,Books For Babies,YB,Childrens Non Fiction,MISMATCH,
9781838957261,Anna - The Biography,The Arts,Fashion,BGF,Biography,MISMATCH,
9780300259742,Blue New Deal -  Why We Need a New Politics for the Ocean,Sciences,Environment,JPQB,Politics,MISMATCH,
9780241356500,What Do Men Want -  Masculinity and Its Discontents,Well Being,Gender,JFFK,Sociology,MISMATCH,
9781857159080,Childs Garden Of Verses,Children,Childrens Fiction,YQE,Childrens Picture Books,MISMATCH,
9780241505441,MAMista,Fiction,Crime Fiction,FJM,General Fiction,MISMATCH,
9780241505335,Declarations of War,Fiction,Crime Fiction,FJM,General Fiction,MISMATCH,
9780241540428,Passage to India,Fiction,Classics,FA,General Fiction,MISMATCH,
9780241446577,Car Book - The Definitive Visual History,Motoring,Transport,WGCB,Gardening,MISMATCH,
9780241363638,Journey -  An Illustrated History of the World's Greatest Travels,Travel,Travel Literature,HBG,History,MISMATCH,
9781775541974,Future You - Be Curious - Say Yes To Change,Sciences,Business,VS,Psychology,MISMATCH,
9781788452007,Power Up - 1 Mega Robo Bros,Fiction,Graphic Novels,YFW,Childrens Fiction,MISMATCH,
9781788452328,Double Threat - 2 Mega Robo Bros,Fiction,Graphic Novels,YFW,Childrens Fiction,MISMATCH,
9780141395456,Road to Wigan Pier,Fiction,Classics,HBTB,History,MISMATCH,
9781783785834,Gay Bar -  Why We Went Out,Well Being,Gender,HBTB,History,MISMATCH,
9781787702820,Berlin - The Passenger,Travel,Travel Literature,WTL,Travel Guides,MISMATCH,
9781788169905,Out of The Sun -  Essays at the Crossroads of Race,Biographies,Essays,JFSL3,Sociology,MISMATCH,
9781787702196,Japan - The Passenger,Travel,Travel Literature,WTL,Travel Guides,MISMATCH,
9781787702189,Greece - The Passenger Volume 2,Travel,Travel Literature,WTL,Travel Guides,MISMATCH,
9781787702424,Turkey -  The Passenger,Travel,Travel Literature,WTL,Travel Guides,MISMATCH,
9781788164306,Artists Way Workbook -  A Companion To The International Bestseller,The Arts,Art,WFA,Fashion,MISMATCH,
9781471181566,Berlin - The Story Of A City,Travel,Travel Literature,HB,History,MISMATCH,
9780571191475,Lord of the Flies,Fiction,Classics,FA,General Fiction,MISMATCH,
9781472993298,Get That Job -  Interviews: How to keep your head and land your ideal job,Sciences,Business,VSC,Psychology,MISMATCH,
9781839764233,Communist Manifesto -  The April Theses,Fiction,Classics,JPFC,Politics,MISMATCH,
9781786079060,Firekeepers Daughter,Fiction,Teen Fiction,YFCB,"Childrens Fiction, Thriller",MISMATCH,
9781913322991,Secrets Act,Fiction,Teen Fiction,YFCF,Childrens Fiction,MISMATCH,
9781761204654,I Survived the Attacks of September 11 2001 The Graphic Novel,Fiction,Graphic Novels,YFC,Childrens Fiction,MISMATCH,
9781838694999,Transport Atlas - Lift the Flap,Travel,Atlases And Globes,YNTR,Childrens Non Fiction,MISMATCH,
9780473596064,Notes From Inside - A Courageous Womans Experiences of Domestic Violence and Mental Illness,Well Being,Psychology,BM,Biography,MISMATCH,
9781838138158,Tummy Time -  A fold-out book,Children,Books For Babies,YBCB,Childrens Picture Books,MISMATCH,
9781891241734,Book Of Unconformities,Sciences,General Science,BM,Biography,MISMATCH,
9781784164782,I Am An Island,Travel,Travel Literature,BM,Biography,MISMATCH,
9781529069075,Classic Science Fiction Stories - Macmillan Collector's Library,Fiction,Classics,FLC,Science Fiction and Fantasy,MISMATCH,
9781529069051,Invisible Man - Macmillan Collectors Library,Fiction,Classics,FLC,Science Fiction and Fantasy,MISMATCH,
9781250282286,Mamba Forever - Inspiring Quotes from Legendary Basketball Star Kobe Bryant,Sport,General Sport And Fitness,VSPM,Psychology,MISMATCH,
9781529030815,Sentient - What Animals Reveal About Human Senses,Sciences,Environment,PDZ,General Science,MISMATCH,
9780847872749,Auto America - Car Culture 1950s-1970s,Motoring,Transport,WG,Gardening,MISMATCH,
9780804853767,Burmese Childrens Favorite Stories - Fables Myths And Fairy Tales,Children,Childrens Picture Books,YFJ,Childrens Fiction,MISMATCH,
9781454944751,Making Of Middle Earth - The Worlds of Tolkien and The Lord of the Rings,Fiction,Science Fiction and Fantasy,DSK,Classics,MISMATCH,
9781839649660,Odyssey And Iliad,Fiction,Classics,FT,General Fiction,MISMATCH,
9780141036533,Tarzan Of The Apes,Fiction,Classics,FA,General Fiction,MISMATCH,
9781447275992,Complete Alice - Alices Adventures in Wonderland and Through the Looking-Glass and What Alice Found There,Fiction,Classics,YFA,Childrens Fiction,MISMATCH,
9781250839336,Persist,Biographies,Biography,JPQB,Politics,MISMATCH,
9781529102093,Minecraft -  The Mountain,Fiction,Science Fiction and Fantasy,FA,General Fiction,MISMATCH,
9780593136775,100 Things Weve Lost to the Internet,Sciences,Business,WH,Humour,MISMATCH,
9780141350394,Red Pyramid Graphic Novel - 1 The Kane Chronicles,Fiction,Graphic Novels,YFW,Childrens Fiction,MISMATCH,
9780241336809,Serpents Shadow Graphic Novel - 3 The Kane Chronicles,Fiction,Graphic Novels,YF,Childrens Fiction,MISMATCH,
9781950968596,"Coolest Homes Ever -  An Adult Colouring Book of Tiny Homes, Airstreams, A-Frames, and Other Unique Houses",The Arts,Art,WF,Fashion,MISMATCH,
9781444924244,Inquisition - 2 Summoner,Fiction,Teen Fiction,YFC,Childrens Fiction,MISMATCH,
9781444939101,Outcast - 4 Summoner,Fiction,Teen Fiction,YFC,Childrens Fiction,MISMATCH,
9781444938975,Chosen - 1 Contender,Fiction,Teen Fiction,YFC,Childrens Fiction,MISMATCH,
9781444939019,Challenger - 2 Contender,Fiction,Teen Fiction,YFC,Childrens Fiction,MISMATCH,
9781444938944,Chosen - 1 Contender,Fiction,Teen Fiction,YFC,Childrens Fiction,MISMATCH,
9781444939057,Champion - 3 Contender,Fiction,Teen Fiction,YFC,Childrens Fiction,MISMATCH,
9781846976063,Animal Farm,Fiction,Classics,FA,General Fiction,MISMATCH,
9781785924798,Life Isnt Binary - On Being Both Beyond And In-Between,Well Being,Gender,JFSJ5,Sociology,MISMATCH,
9781509856718,Jersey - The All Blacks - The Secrets Behind the World's Most Successful Team,Sport,Rugby,BGS,Biography,MISMATCH,
9781035008179,My Mechanical Romance,Fiction,Teen Fiction,YFM,"Childrens Fiction, Romance",MISMATCH,
9781760983529,No Words,Fiction,Teen Fiction,YFB,Childrens Fiction,MISMATCH,
9781529074192,Smartest Giant in Town Sticker Book,Children,Activities,YBGS,Books For Babies,MISMATCH,
9781645673743,Botanical Escape -  40 Beautiful Tracing Projects to Help You Unwind,The Arts,Art,WF,Fashion,MISMATCH,
9781250802675,Ruinsong,Fiction,Teen Fiction,YFH,Childrens Fiction,MISMATCH,
9780645199307,Learning To Love Blue - 2,Fiction,Teen Fiction,YFB,Childrens Fiction,MISMATCH,
9781250800350,Desert Oracle: Volume 1 -  Strange True Tales from the American Southwest,Travel,Travel Literature,RGBA,Environment,MISMATCH,
9780241473689,Nothing More to Tell,Fiction,Teen Fiction,YFCB,"Childrens Fiction, Thriller",MISMATCH,
9783967040296,Parklands -  Trails and Secrets from the National Parks of the United States,Travel,Travel Literature,WTHH1,Travel Guides,MISMATCH,
9780143301462,My Amazing Poo Plant - Puffin Nibbles,Children,Childrens Fiction,YQCR,Childrens Picture Books,MISMATCH,
9780764361180,Birds - Fold and Play,The Arts,Craft,YBGK,Books For Babies,MISMATCH,
9780746093467,Thats Not My Train - Touchy Feely Books,Children,Books For Babies,YBCB,Childrens Picture Books,MISMATCH,
9781474995283,Thats Not My Mermaid - Touchy Feely Books,Children,Books For Babies,YBCB,Childrens Picture Books,MISMATCH,
9780746056622,Thats Not My Car - Usborne Touchy Feely,Children,Books For Babies,YBC,Childrens Picture Books,MISMATCH,
9781474945561,Thats Not My Koala - Usborne Touchy Feely Book,Children,Books For Babies,YBCB,Childrens Picture Books,MISMATCH,
9780746069608,Thats Not My Robot - Usborne Touchy Feely Book,Children,Books For Babies,YBCB,Childrens Picture Books,MISMATCH,
9781409516828,Thats Not My Tractor - Usborne Touchy Feely Book,Children,Books For Babies,YBCB,Childrens Picture Books,MISMATCH,
9781474950473,Thats Not My Flamingo - Usborne Touchy Feely Book,Children,Books For Babies,YBCB,Childrens Picture Books,MISMATCH,
9780746051597,Thats Not My Bear - Usborne Touchy Feely Book,Children,Books For Babies,YBCB,Childrens Picture Books,MISMATCH,
9781409525486,Thats Not My Dragon - Usborne Touchy Feely Book,Children,Books For Babies,YBCB,Childrens Picture Books,MISMATCH,
9780746085240,Thats Not My Pirate - Usborne Touchy Feely Book,Children,Books For Babies,YBCB,Childrens Picture Books,MISMATCH,
9781138055360,Astrophotography Manual - A Practical And Scientific Approach To Deep Sky Imaging,Sciences,General Science,AJR,Photography,MISMATCH,
9783961712991,Harley Davidson Book - Refueled,Motoring,Transport,WGCK,Gardening,MISMATCH,
9780241436370,QB Bad Boy and Me,Fiction,Teen Fiction,YFM,"Childrens Fiction, Romance",MISMATCH,
9780062894564,Truly Tyler,Fiction,Graphic Novels,YFQ,Childrens Fiction,MISMATCH,
9780062484963,Positively Izzy,Fiction,Graphic Novels,YFW,Childrens Fiction,MISMATCH,
9780062851062,Just Jaime,Fiction,Graphic Novels,YFW,Childrens Fiction,MISMATCH,
9780062998385,You Niquely You - An Emmie & Friends Interactive Journal,Fiction,Graphic Novels,YBG,Books For Babies,MISMATCH,
9780062956682,Shape of Thunder,Fiction,Teen Fiction,YFB,Childrens Fiction,MISMATCH,
9781761048494,Needs Adult Supervision -  Lessons in Growing Up,Biographies,Essays,BM,Biography,MISMATCH,
9780143778769,Investing With Shes On The Money,Sciences,Business,VSB,Psychology,MISMATCH,
9780141991078,Levs Violin - An Italian Adventure,Biographies,Biography,HBTB,History,MISMATCH,
9781788168151,Oppositions - Selected Essays,Biographies,Essays,DS,Classics,MISMATCH,
9781526650726,Wicked Fate - 2 Poison Heart,Fiction,Teen Fiction,YNX,Childrens Non Fiction,MISMATCH,
9780241509968,Lyras Oxford - Illustrated Edition,Fiction,Graphic Novels,YFH,Childrens Fiction,MISMATCH,
9781529158465,Go Tell The Bees That I Am Gone - 9 Outlander,Fiction,Historical Fiction,FA,General Fiction,MISMATCH,
9781368073141,Last Fallen Moon - 2 Gifted Clans Novel,Fiction,Teen Fiction,YFB,Childrens Fiction,MISMATCH,
9781922351197,When We Become Strangers - How Loneliness Leaks Into Our Lives And What We Can Do About It,Well Being,Psychology,JF,Sociology,MISMATCH,
9781472132628,Feminism for Women - The Real Route to Liberation,Well Being,Gender,JFFK,Sociology,MISMATCH,
9781529110890,Amur River - Between Russia and China,Travel,Travel Literature,WTL,Travel Guides,MISMATCH,
9780152002657,Mouse Paint,Children,Books For Babies,YFB,Childrens Fiction,MISMATCH,
9780241484562,Landlines,Travel,Travel Literature,BM,Biography,MISMATCH,
9781405947343,Latitude - The Astonishing Adventure That Shaped The World,Travel,Travel Literature,BGH,Biography,MISMATCH,
9781405950381,Typhoon,Motoring,Transport,BGHA,Biography,MISMATCH,
9780141180359,In Search of Lost Time - 5 Prisoner and the Fugitive,Fiction,Classics,FA,General Fiction,MISMATCH,
9780141330532,Summer I Turned Pretty - 1 Summer,Fiction,Teen Fiction,YFB,Childrens Fiction,MISMATCH,
9780141330556,Its Not Summer Without You - 2 Summer,Fiction,Teen Fiction,YFB,Childrens Fiction,MISMATCH,
9780141330563,We Will Always Have Summer - 3 Summer,Fiction,Teen Fiction,YFB,Childrens Fiction,MISMATCH,
9780241599198,Summer I Turned Pretty - 1 Summer,Fiction,Teen Fiction,YFM,"Childrens Fiction, Romance",MISMATCH,
9781667837772,Down Under Fantasy Realms - An Anthology By New Zealand And Australian Authors,Fiction,Poetry,DQ,General Fiction,MISMATCH,
9781910764404,Super Colouring Fun Awesome Dinosaurs,Children,Activities,YBGC,Books For Babies,MISMATCH,
9781865155678,Reach for the Stars Colouring Book,Children,Activities,YBGC,Books For Babies,MISMATCH,
9781787725355,Mega Colouring Baby Animals,Children,Activities,YBGC,Books For Babies,MISMATCH,
9781488916076,Building Blocks Puzzle Train - First Numbers,Children,Activities,YBLC,Childrens Non Fiction,MISMATCH,
9780473615017,Pomegranate Journal - Art Of Getting Older One Day At A Time,Well Being,Psychology,BM,Biography,MISMATCH,
9781474953566,Babys Very First Nursery Rhymes Playbook,Children,Books For Babies,YBCB,Childrens Picture Books,MISMATCH,
9781913520670,Life Savers - Spend A Day With 12 Real-life Emergency Service Heroes,Children,Childrens Picture Books,YNK,Childrens Non Fiction,MISMATCH,
9780823451784,Rum Pum Pum,Children,Childrens Picture Books,YFP,Childrens Fiction,MISMATCH,
9781529111118,Greek Myths,History And Politics,Mythology,FQ,General Fiction,MISMATCH,
9780008541590,Crayons Colour Collection,Children,Books For Babies,YBLD,Childrens Non Fiction,MISMATCH,
9780241465097,Reminiscences of the Cuban Revolutionary War,Fiction,Classics,BM,Biography,MISMATCH,
9781447251781,Yorkshire Shepherdess - 1 The Yorkshire Shepherdess,Travel,Travel Literature,BM,Biography,MISMATCH,
9781787016309,Portugal - Lonely Planet Planning Map,Travel,Maps,WTRM,Travel Literature,MISMATCH,
9780062459596,Runaway Bunny,Children,Books For Babies,YFA,Childrens Fiction,MISMATCH,
9781761211072,Life in Outer Space - Special Edition,Fiction,Teen Fiction,YFB,Childrens Fiction,MISMATCH,
9783967040234,Great American Road Trip - Roam the Roads From Coast to Coast,Travel,Travel Literature,WTH,Travel Guides,MISMATCH,
9783967040524,Art Escapes - Hidden Art Experiences Outside the Museums,Travel,Travel Literature,AG,Art,MISMATCH,
9780764363948,Lost Places - Images of Bygone America,Travel,Travel Literature,AJC,Photography,MISMATCH,
9780473574277,Rhyming Pirate,Children,Childrens Picture Books,YB,Childrens Non Fiction,MISMATCH,
9781914198359,Too Late to Turn Back,Travel,Travel Literature,WTLC,Travel Guides,MISMATCH,
9780099582564,Farewell To Arms - The Special Edition,Fiction,Classics,FA,General Fiction,MISMATCH,
9780099285038,Fiesta - The Sun Also Rises,Fiction,Classics,FA,General Fiction,MISMATCH,
9781529900033,How To Keep House While Drowning - Gentle Approach To Cleaning And Organising,Well Being,Psychology,WKH,General Sport And Fitness,MISMATCH,
9781788161077,Are We Having Fun Yet?,Biographies,Biography,FA,General Fiction,MISMATCH,
9781988586007,Level 2 Chemistry - Learning Workbook,Children,Study And Education,YQSC,Childrens Picture Books,MISMATCH,
9781838937928,Essex Dogs,Fiction,Historical Fiction,FJH,General Fiction,MISMATCH,
9781526641540,Visible Man,The Arts,Fashion,BM,Biography,MISMATCH,
9781526635518,Wildland - The Making of Americas Fury,History And Politics,History,JH,Sociology,MISMATCH,
9781839763274,Bad Gays - A Homosexual History,Well Being,Gender,JFSK,Sociology,MISMATCH,
9781786499158,In Search Of Us - Adventures in Anthropology,Sciences,General Science,JH,Sociology,MISMATCH,
9781802792362,Badly Behaved Women - The History of Modern Feminism,Well Being,Gender,JFSJ1,Sociology,MISMATCH,
9781802792133,Art Of Whittling - Woodcarvers Guide To Making Things By Hand,The Arts,Craft,WFV,Fashion,MISMATCH,
9780140554786,Alexanders Outing,Children,Childrens Picture Books,YFA,Childrens Fiction,MISMATCH,
9780143107521,Poetics of Space,Fiction,Classics,PDA,General Science,MISMATCH,
9780711266490,Natural History of Mermaids,Children,Childrens Picture Books,YNX,Childrens Non Fiction,MISMATCH,
9781501367489,Skateboard - Object Lessons,Sport,General Sport And Fitness,DSA,Classics,MISMATCH,
9781844489534,Drawing And Painting With Water Soluble Media,The Arts,Art,WFA,Fashion,MISMATCH,
9781838695095,Epic Road Trips Of Europe,Travel,Travel Literature,WTD,Travel Guides,MISMATCH,
9781922714152,Cereal Entrepreneur - A Story of Grit Courage And Crunchy Goodness,Sciences,Business,BM,Biography,MISMATCH,
9781454947035,Gothic Tales by H P Lovecraft,Fiction,Classics,FA,General Fiction,MISMATCH,
9781804172230,Complete Poetry of Edgar Allan Poe,Fiction,Poetry,FC,Classics,MISMATCH,
9783961714278,Volkswagen Beetle - IconiCars,Motoring,Transport,WGCB,Gardening,MISMATCH,
9783961714131,Mercedes-Benz 300 SL - IconiCars,Motoring,Transport,WGCB,Gardening,MISMATCH,
9781914902932,Science Of Compost - Life Death And Decay In The Garden,The Garden,Gardening,PST,General Science,MISMATCH,
9781804172322,Aeneid - The Epic Tale Complete,Fiction,Classics,FT,General Fiction,MISMATCH,
9783961714124,Nineties Spirit - Music Caught on Camera,The Arts,Music And Performing Arts,AJC,Photography,MISMATCH,
9781510104495,Rule of Wolves - 2 King of Scars,Fiction,Science Fiction and Fantasy,YFC,Childrens Fiction,MISMATCH,
9781847926562,This Is What It Sounds Like - What the Music You Love Says About You,The Arts,Music And Performing Arts,PDZ,General Science,MISMATCH,
9781250261373,Gift Of Rumi,Fiction,Poetry,HRHX,Religion,MISMATCH,
9781529080407,Unraveller,Fiction,Teen Fiction,YFH,Childrens Fiction,MISMATCH,
9781472967770,Shock Forest And Other Magical Stories - Grey Book Band,Children,Childrens Fiction,YQCR,Childrens Picture Books,MISMATCH,
9781593275129,Lego Adventure Book - Vol 2,Children,Activities,WFH,Fashion,MISMATCH,
9781481471015,"Hey, Boy",Children,Childrens Picture Books,YF,Childrens Fiction,MISMATCH,
9781600610592,Paint Charming Seaside Scenes with Acrylics,The Arts,Art,WFA,Fashion,MISMATCH,
9781570917691,Ralph Masiellos Alien Drawing Book,Children,Activities,YN,Childrens Non Fiction,MISMATCH,
9781786030832,World Of Birds - Sounds of Nature,Children,Novelty Books,YBGT1,Books For Babies,MISMATCH,
9780063071339,Sex and the Single Woman -  24 Writers Reimagine Helen Gurley Brown's Cult Classic,Well Being,Gender,JF,Sociology,MISMATCH,
9780241517970,My Hygge Home -  How to Make Home Your Happy Place,Well Being,Psychology,WKR,General Sport And Fitness,MISMATCH,
9780500252543,Catholica - The Visual Culture of Catholicism,The Arts,Art,HRCC7,Religion,MISMATCH,
9782080206961,Runway Bird -  A Rock 'n' Roll Style Guide,The Arts,Fashion,JFCA,Sociology,MISMATCH,
9782081506572,Le Grand Hotel & Cafe de la Paix -  French Art de Vivre,The Arts,Art,WT,Travel Guides,MISMATCH,
9781419743443,Marvel Value Stamps -  A Visual History,The Arts,Art,JFCA,Sociology,MISMATCH,
9789493039421,Chinese Photography -  Twentieth Century and Beyond,The Arts,Art,HBJF,History,MISMATCH,
9781760988890,Bumper Treehouse Fun Book,Children,Activities,YB,Childrens Non Fiction,MISMATCH,
9781529087703,Elephants of Thula Thula,Travel,Travel Literature,BM,Biography,MISMATCH,
9781529095685,On The Night You Were Born,Children,Books For Babies,YFN,Childrens Fiction,MISMATCH,
9781529012767,I Am Dog,Children,Childrens Picture Books,YFP,Childrens Fiction,MISMATCH,
9781581573442,"Mandalas and More -  A Meditative Drawing and Coloring Book for Mind, Body, and Spirit",The Arts,Craft,WFA,Fashion,MISMATCH,
9781609808730,Zenobia,Fiction,Graphic Novels,YFW,Childrens Fiction,MISMATCH,
9781988547985,Live Luxe - Insider Secrets to Fabulous Home Renovations,The Arts,Art,WKR,General Sport And Fitness,MISMATCH,
9781991006073,Learning To Be French And Failing,Travel,Travel Literature,BM,Biography,MISMATCH,
9781838852061,Edge of the Plain - How Borders Make and Break Our World,Travel,Travel Literature,WTL,Travel Guides,MISMATCH,
9780008560713,Kill Joy - 0.5 A Good Girl's Guide to Murder,Fiction,Teen Fiction,YFCB,"Childrens Fiction, Thriller",MISMATCH,
9780008502188,Crayons Book of Numbers,Children,Books For Babies,YBCH,Childrens Picture Books,MISMATCH,
9781474990707,Things That Go Sound Book,Children,Books For Babies,YBCB,Childrens Picture Books,MISMATCH,
9781474997867,Animal Orchestra Plays Bach,Children,Novelty Books,YBCB,Childrens Picture Books,MISMATCH,
9781803701042,100 Favourite Nursery Rhymes,Children,Childrens Picture Books,YBLB1,Childrens Non Fiction,MISMATCH,
9781460762370,Donna Hay Christmas Feasts and Treats,Christmas,Christmas Books,WB,Food And Beverage,MISMATCH,
9780008470838,Your Life On Earth -  A Record Book for New Humans (Here We Are),Children,Books For Babies,YBCB,Childrens Picture Books,MISMATCH,
9781786891501,Baking With Kafka,Fiction,Graphic Novels,WHC,Humour,MISMATCH,
9781786898050,Department Of MindblowingTheories - Science Cartoons,Fiction,Graphic Novels,WHC,Humour,MISMATCH,
9781776573240,Pablo,Children,Childrens Picture Books,YBLN1,Childrens Non Fiction,MISMATCH,
9781472820488,Loco Spotters Guide,Motoring,Transport,WGF,Gardening,MISMATCH,
9780241417171,Trains - A Ladybird Book,Motoring,Transport,YNTR,Childrens Non Fiction,MISMATCH,
9781802792041,YouTube World Records 2022 -  The Internet's Greatest Record-Breaking Feats,Fiction,Teen Fiction,JFCA,Sociology,MISMATCH,
9781526640949,These Precious Days,Biographies,Essays,BGA,Biography,MISMATCH,
9781526608000,Lost Girl King,Fiction,Teen Fiction,YFC,Childrens Fiction,MISMATCH,
9781761065798,Ravens Song,Fiction,Teen Fiction,YFB,Childrens Fiction,MISMATCH,
9781788164283,Artists Way - A Spiritual Path To Higher Creativity,The Arts,Art,VS,Psychology,MISMATCH,
9780008518981,Theory Of Everything Else,Sciences,Philosophy,PDZ,General Science,MISMATCH,
9781988547985,Live Luxe - Insider Secrets to Fabulous Home Renovations,The Arts,Design,WKR,General Sport And Fitness,MISMATCH,
9781838850234,Borges And Me - An Encounter,Travel,Travel Literature,BM,Biography,MISMATCH,
9781761067846,Runt - 1 Runt,Children,Childrens Fiction,FA,General Fiction,MISMATCH,
9781471410918,Daughter Of Darkness - 1 House of Shadows,Fiction,Teen Fiction,YFH,Childrens Fiction,MISMATCH,
9780711271975,Story Orchestra - In the Hall of the Mountain King,Children,Novelty Books,YBGT1,Books For Babies,MISMATCH,
9780711275218,My First Dinosaurs,Children,Novelty Books,YBGT3,Books For Babies,MISMATCH,
9781586423346,Against The Ice   The Classic Arctic Survival Story,Travel,Travel Literature,HB,History,MISMATCH,
9781846681561,Concise Mastery,Sciences,Business,VSC,Psychology,MISMATCH,
9780008499495,Chancellor - Remarkable Odyssey Of Angela Merkel,History And Politics,Politics,BGH,Biography,MISMATCH,
9781861974044,Concise 48 Laws Of Power,Sciences,Business,WH,Humour,MISMATCH,
9781526609205,Harry Potter And The Chamber Of Secrets - Illustrated Edition - Book 2,Children,Childrens Fiction,FA,General Fiction,MISMATCH,
9781398502635,She Gets The Girl,Fiction,Teen Fiction,YFB,Childrens Fiction,MISMATCH,
9780439739337,Kristys Great Idea - 1 Babysitters Club Graphix,Fiction,Graphic Novels,YFW,Childrens Fiction,MISMATCH,
9781529153118,Into Iraq,Travel,Travel Literature,WTL,Travel Guides,MISMATCH,
9780995115231,Dragon Strike - Riders Of Fire 4,Fiction,Teen Fiction,FM,Science Fiction and Fantasy,MISMATCH,
9781446306031,Simply Modern Wedding Cakes - Over 20 Contemporary Designs for Remarkable Yet Achievable Wedding Cakes,Well Being,Food And Beverage,WFBS,Craft,MISMATCH,
9781787730915,Marvel Studios - The First Ten Years,Fiction,Graphic Novels,APFN,Music And Performing Arts,MISMATCH,
9780804844017,Malaysian Childrens Favourite Stories,Children,Childrens Picture Books,YFU,Childrens Fiction,MISMATCH,
9783956792748,Bon Bon - On the Charms of Sweet Cuisine,Well Being,Food And Beverage,ABA,Art,MISMATCH,
9780425285169,Garfield Thinks Big - His 32nd Book,Fiction,Graphic Novels,WHC,Humour,MISMATCH,
9780425285640,Garfield - Life to the Fullest - His 34th Book,Fiction,Graphic Novels,WHC,Humour,MISMATCH,
9780345526021,Garfield Goes to His Happy Place - His 58th Book,Fiction,Graphic Novels,WHC,Humour,MISMATCH,
9780345525987,Garfield Souped Up,Fiction,Graphic Novels,WHC,Humour,MISMATCH,
9780425285596,Garfield Throws His Weight Around - His 33rd Book,Fiction,Graphic Novels,WHC,Humour,MISMATCH,
9780425285695,Garfield Feeds the Kitty - His 35th Book,Fiction,Graphic Novels,WHC,Humour,MISMATCH,
9780345525840,Garfield Lard of the Jungle - His 52nd Book,Fiction,Graphic Novels,WHC,Humour,MISMATCH,
9781570915369,Ralph Masiellos Robot Drawing Book,Children,Activities,YNA,Childrens Non Fiction,MISMATCH,
9780762439737,Hidden Images - Dinosaurs: The Ultimate Coloring Experience,The Arts,Craft,YBGC,Books For Babies,MISMATCH,
9780823026227,Kids Draw Manga Shoujo,Children,Activities,YNA,Childrens Non Fiction,MISMATCH,
9781788164436,Disappearance of Lydia Harvey,History And Politics,True Crime,HBTB,History,MISMATCH,
9781501187667,From Scratch - A Memoir of Love Sicily and Finding Home,Travel,Travel Literature,BG,Biography,MISMATCH,
9781529149487,Tour de Force - My History Making Tour de France,Sport,Cycling,BGSA,Biography,MISMATCH,
9780241517970,My Hygge Home -  How to Make Home Your Happy Place,The Arts,Design,WKR,General Sport And Fitness,MISMATCH,
9780143774808,Get Outdoors - Brilliant Boredom Busters for Kiwi Kids,Children,Activities,YNWW,Childrens Non Fiction,MISMATCH,
9781776574865,Friend,Children,Books For Babies,YBCB,Childrens Picture Books,MISMATCH,
9781776571772,Poor Little Rabbit,Children,Books For Babies,YBCB,Childrens Picture Books,MISMATCH,
9781776570768,Tickle My Ears,Children,Books For Babies,YBCB,Childrens Picture Books,MISMATCH,
9781776571376,Bathtime for Little Rabbit,Children,Books For Babies,YBCB,Childrens Picture Books,MISMATCH,
9781452166278,Girls Garage - How To Use Any Tool Tackle Any Project And Build The World You Want To See,The Arts,Craft,YNP,Childrens Non Fiction,MISMATCH,
9781526626998,Dictators - Cult of Personality In The Twentieth Century,History And Politics,Politics,HBG,History,MISMATCH,
9781509893713,Billy Bear And The New Baby,Children,Books For Babies,YBCS,Childrens Picture Books,MISMATCH,
9780764364167,Air and Water - Rare Porsches - 1956-2019,Motoring,Transport,WGCB,Gardening,MISMATCH,
9780473634445,Lost And Found - Discover Hidden Treasures Amongst The Blooms,The Garden,Gardening,WFW,Craft,MISMATCH,
9781788794770,Sensory Home - An Inspiring Guide to Mindful Decorating,The Arts,Art,WK,General Sport And Fitness,MISMATCH,
9780719840715,British Ford Cars Of The 1960s And 1970s,Motoring,Transport,WGCB,Gardening,MISMATCH,
9781035008636,Cemetery Boys,Fiction,Teen Fiction,YFB,Childrens Fiction,MISMATCH,
9781644210741,Bolivian Diary,Fiction,Classics,KNTJ,Business,MISMATCH,
9781644210741,Bolivian Diary,History And Politics,Politics,KNTJ,Business,MISMATCH,
9781529063103,Empire Of Pain - Secret History Of The Sackler Dynasty,History And Politics,True Crime,KJ,Business,MISMATCH,
9781509549993,Case Against the Sexual Revolution,History And Politics,Sociology,JP,Politics,MISMATCH,
9781509824892,If Only They Could Talk - Macmillan Collectors Library,Fiction,Classics,BGA,Biography,MISMATCH,
9780008537890,Silmarillion,Fiction,Science Fiction and Fantasy,FC,Classics,MISMATCH,
9780008537906,Silmarillion - Illustrated De Luxe,Fiction,Science Fiction and Fantasy,FC,Classics,MISMATCH,
9780448421650,Story About Ping,Children,Childrens Fiction,YBL,Childrens Non Fiction,MISMATCH,
9781800071766,Little Book of World Mythology - A Pocket Guide to Myths and Legends,History And Politics,Mythology,HRKP,Religion,MISMATCH,
9781529411416,Dawn Of Language - The Story Of How We Came To Talk,Sciences,General Science,CBX,Languages,MISMATCH,
9781869714789,Little Lambs Great New Zealand Christmas Rescue,Christmas,Christmas Books,YB,Childrens Non Fiction,MISMATCH,
9781869714581,My Kiwi Christmas,Christmas,Christmas Books,YB,Childrens Non Fiction,MISMATCH,
9781405951944,We Were Never Here,Fiction,Crime Fiction,FA,General Fiction,MISMATCH,
9781991167415,Greedy Cats Christmas,Christmas,Christmas Books,YBC,Childrens Picture Books,MISMATCH,
9781991150820,Ghost House,Children,Childrens Fiction,FA,General Fiction,MISMATCH,
9781529103038,How To Make A Dress - Adventures In The Art Of Style,The Arts,Fashion,BM,Biography,MISMATCH,
9781787334267,Food For Life - New Science Of Eating Well,Sciences,General Science,WB,Food And Beverage,MISMATCH,
9781838694302,Offbeat,Travel,Travel Literature,WTM,Travel Guides,MISMATCH,
9781913679293,"Worlds Great Rail Journeys - 50 of the most spectacular, luxurious, unusual and exhilarating routes across the globe",Motoring,Transport,WT,Travel Guides,MISMATCH,
9781338263657,Shine of the Silver Dragon - 11 Dragon Masters,Children,Childrens Fiction,YQCR,Childrens Picture Books,MISMATCH,
9781338263688,Treasure of the Gold Dragon - 12 Dragon Masters,Children,Childrens Fiction,YQCR,Childrens Picture Books,MISMATCH,
9781338263718,Eye of the Earthquake Dragon - 13 Dragon Masters,Children,Childrens Fiction,YQCR,Childrens Picture Books,MISMATCH,
9781409181590,Fierce Fairytales And Other Stories To Stir Your Soul,Fiction,Poetry,FQ,General Fiction,MISMATCH,
9781529104653,Girl and the Goddess,Fiction,Poetry,YFU,Childrens Fiction,MISMATCH,
9781838776329,Titans Of War,Fiction,Historical Fiction,FJ,General Fiction,MISMATCH,
9781529075786,No Place Like Home - An anthology about the places we come back to,Fiction,Classics,DQ,General Fiction,MISMATCH,
9781035008452,Ship Beneath The Ice - The Discovery of Shackleton's Endurance,Travel,Travel Literature,BGA,Biography,MISMATCH,
9780473630195,Wonderful Story of Baldwin Steam Tram No100,Motoring,Transport,HBJ,History,MISMATCH,
9781989737729,Believe - How New Leaders Step Up,Sciences,Business,HBJ,History,MISMATCH,
9783791388816,Banksy - A Graphic Novel,Fiction,Graphic Novels,BGF,Biography,MISMATCH,
9783791388434,Keith Haring - The Story of His Life,Fiction,Graphic Novels,BGF,Biography,MISMATCH,
9780143779506,I Love My Stupid Life - Eat Lit Food And Other Tasty Exploits,Well Being,Food And Beverage,WTHR,Travel Guides,MISMATCH,
9781446309322,Hyper Realistic Drawing - How To Create Photorealistic 3D Art With Coloured Pencils,The Arts,Art,WFA,Fashion,MISMATCH,
9781912423439,Spitfire,Motoring,Transport,AJC,Photography,MISMATCH,
9781452170749,Big Green Garage,Children,Childrens Picture Books,YFB,Childrens Fiction,MISMATCH,
9781398804364,Big Book of Origami - 70 Amazing Origami Projects to Create,The Arts,Craft,YBG,Books For Babies,MISMATCH,
9780241651421,Motorbike Book - Definitive Visual History,Motoring,Transport,WGCK,Gardening,MISMATCH,
9780241471265,Ultimate Harley Davidson,Motoring,Transport,WGCK,Gardening,MISMATCH,
9780241537695,Thomas And Friends Meet the Engines - An Encyclopedia of the Thomas & Friends Characters,Children,Childrens Picture Books,YNF,Childrens Non Fiction,MISMATCH,
9780241542460,Build Your Own LEGO Escape Room - With 49 LEGO Bricks and a Sticker Sheet to Get Started,Children,Activities,YNP,Childrens Non Fiction,MISMATCH,
9780241544655,How To Build LEGO Dinosaurs - Go On A Journey To Become A Better Builder,Children,Activities,YNP,Childrens Non Fiction,MISMATCH,
9781529197686,Boy The Mole The Fox and the Horse - The Animated Story,Fiction,Graphic Novels,VS,Psychology,MISMATCH,
9780241476130,Friends Like These,Fiction,Teen Fiction,YFCB,"Childrens Fiction, Thriller",MISMATCH,
9780241572887,We Wish You A Merry Christmas -  A Ladybird Book of Christmas Songs,Christmas,Christmas Books,YNC,Childrens Non Fiction,MISMATCH,
9781775541622,Gangland - New Zealands Underworld Of Organised Crime,History And Politics,True Crime,JKVM,Politics,MISMATCH,
9781760294373,Future Girl,Fiction,Graphic Novels,YFB,Childrens Fiction,MISMATCH,
9780857080783,Prince -The Original Classic,Sciences,Philosophy,JPA,Politics,MISMATCH,
9781761047916,Bluey - 12 Days of Christmas,Christmas,Christmas Books,YBGT,Books For Babies,MISMATCH,
9781761047428,Wildlife of Aotearoa Colouring Book,Children,Activities,YNNR,Childrens Non Fiction,MISMATCH,
9781800960190,Waiter In Paris - Adventures In The Dark Heart Of The City,Travel,Travel Literature,BM,Biography,MISMATCH,
9780008309039,Noise,Sciences,Business,VSP,Psychology,MISMATCH,
9780349128436,Planta Sapiens - Unmasking Plant Intelligence,Sciences,Environment,PST,General Science,MISMATCH,
9780995115200,Ezaara - Riders Of Fire 1,Fiction,Teen Fiction,YFH,Childrens Fiction,MISMATCH,
9780995115217,Dragon Hero - Riders Of Fire 2,Fiction,Teen Fiction,YFH,Childrens Fiction,MISMATCH,
9780995115224,Dragon Rift - Riders Of Fire 3,Fiction,Teen Fiction,YFH,Childrens Fiction,MISMATCH,
9780995115286,Dragon War - Riders Of Fire 5,Fiction,Teen Fiction,FM,Science Fiction and Fantasy,MISMATCH,
9780995115293,Sea Dragon - Riders Of Fire 6,Fiction,Teen Fiction,FM,Science Fiction and Fantasy,MISMATCH,
9781991016188,Downfall - Destruction Of Charles Mackay,History And Politics,Politics,BGH,Biography,MISMATCH,
9780063208247,Snow White and Other Grimms Fairy Tales - The MinaLima Illustrated with Interactive Elements,Fiction,Classics,FQ,General Fiction,MISMATCH,
9780063278165,Lego Story - How a Little Toy Sparked the World's Imagination,Sciences,Business,BGB,Biography,MISMATCH,
9781471176081,Electric State - 3 Tales from the Loop,Fiction,Graphic Novels,FL,Science Fiction and Fantasy,MISMATCH,
9781398509993,Labyrinth,Fiction,Graphic Novels,FL,Science Fiction and Fantasy,MISMATCH,
9780733647444,Patient Doctor - How One Mans Cancer Diagnosis Led To A Quest To Put The Heart Back Into Healthcare,Well Being,Health,BGTA,Biography,MISMATCH,
9780593311912,Postman Always Rings Twice - Special Edition,Fiction,Classics,FF,Crime Fiction,MISMATCH,
9780735246003,We Are Still Here,Biographies,Biography,JK,Politics,MISMATCH,
9781681376318,Bambi,Fiction,Classics,FA,General Fiction,MISMATCH,
9781640095748,Nine Stories,Fiction,Classics,FYB,General Fiction,MISMATCH,
9781800249721,Big Book Of Christmas Mysteries - 100 Of The Very Best Yuletide Whodunnits,Fiction,Crime Fiction,DQ,General Fiction,MISMATCH,
9781526650986,Book of Days,Biographies,Biography,AJB,Photography,MISMATCH,
9781473676244,Eastern Horizons,Travel,Travel Literature,WTL,Travel Guides,MISMATCH,
9780241522318,Nomad Century - How to Survive the Climate Upheaval,Sciences,Environment,JFFN,Sociology,MISMATCH,
9780349119601,Dreaming Of Jupiter,Travel,Travel Literature,WTL,Travel Guides,MISMATCH,
9781800811263,Home Of Ones Own,Well Being,Psychology,JFFB,Sociology,MISMATCH,
9781529300499,"Kiki Man Ray - Art, Love and Rivalry in 1920s Paris",The Arts,Photography,BGF,Biography,MISMATCH,
9781803703299,Stories to Read Aloud,Children,Childrens Picture Books,YFJ,Childrens Fiction,MISMATCH,
9781801314930,Magic Painting Christmas Cards,Christmas,Christmas Books,YBGC,Books For Babies,MISMATCH,
9780711264908,Story Orchestra - I Can Play,Children,Novelty Books,YBGT1,Books For Babies,MISMATCH,
9781783254668,Complete Low FODMAP Diet Plan - Relieve Symptoms Of IBS Using A Food-First Approach,Well Being,Health,WBHS,Food And Beverage,MISMATCH,
9781787331143,And Finally - Matters Of Life And Death,Well Being,Psychology,BM,Biography,MISMATCH,
9780001713260,Big Honey Hunt - Berenstain Bears,Children,Childrens Picture Books,YFB,Childrens Fiction,MISMATCH,
9780007242580,Bike Lesson - Berenstain Bears,Children,Childrens Fiction,YQCR,Childrens Picture Books,MISMATCH,
9780007242597,Bears Picnic - Berenstain Bears,Children,Childrens Picture Books,YFB,Childrens Fiction,MISMATCH,
9780241590539,Lottery - Little Clothbound Classics,Fiction,Classics,FA,General Fiction,MISMATCH,
9780241590546,Ballad of the Sad Cafe - Little Clothbound Classics,Fiction,Classics,FA,General Fiction,MISMATCH,
9780702313868,Rapunzella - Or Dont Touch My Hair,Fiction,Teen Fiction,YFH,Childrens Fiction,MISMATCH,
9781526622754,Motherlands - In Search of Our Inherited Cities,Biographies,Biography,JPVH1,Politics,MISMATCH,
9780755503346,Never Forget You,Fiction,Teen Fiction,YFT,Childrens Fiction,MISMATCH,
9781788452137,Her Dark Wings,Fiction,Teen Fiction,YFB,Childrens Fiction,MISMATCH,
9780241532614,This Place is Still Beautiful,Fiction,Teen Fiction,YFM,"Childrens Fiction, Romance",MISMATCH,
9780500026038,Treasures of Ukraine -  A Nation's Cultural Heritage,The Arts,Art,HBTB,History,MISMATCH,
9781419760877,Lightlark - 1 Lightlark Saga,Fiction,Teen Fiction,YF,Childrens Fiction,MISMATCH,
9780349135304,New Puritans - How the Religion of Social Justice Captured the Western World,History And Politics,History,JFFL,Sociology,MISMATCH,
9781760762254,Evergreen - The Botanical Life of a Plant Punk,The Garden,Gardening,BGA,Biography,MISMATCH,
9781849764506,Modern Art Journal,Children,Activities,YBG,Books For Babies,MISMATCH,
9781861979988,Concise 33 Strategies Of War,Sciences,Business,VSPM,Psychology,MISMATCH,
9781774580851,Alphabet Soup - The Essential Guide to LGBTQ2+ Inclusion at Work,Well Being,Gender,KJ,Business,MISMATCH,
9781526629395,Silver Arrow - 1 The Silver Arrow,Fiction,Teen Fiction,YFC,Childrens Fiction,MISMATCH,
9781991107053,Level 1 Mathematics and Statistics AME Workbook 2023,Children,Study And Education,YQM,Childrens Picture Books,MISMATCH,
9781991107138,Level 2 Mathematics And Statistics AME Workbook 2023,Children,Study And Education,YQM,Childrens Picture Books,MISMATCH,
9781338540314,Fortress of the Stone Dragon - 17 Dragon Masters,Children,Childrens Fiction,YQCR,Childrens Picture Books,MISMATCH,
9781338635454,Heat of the Lava Dragon - 18 Dragon Masters,Children,Childrens Fiction,YQCR,Childrens Picture Books,MISMATCH,
9781921504341,Captain Congo And The Klondike Gold,Fiction,Graphic Novels,YBCS,Childrens Picture Books,MISMATCH,
9781529099119,Scattered Showers,Fiction,Teen Fiction,YFU,Childrens Fiction,MISMATCH,
9781761260803,Banjo Paterson - A Life in Pictures and Words from the Banjo Paterson Family Archive,Fiction,Poetry,BGF,Biography,MISMATCH,
9781529053418,Grimms Fairy Tales,Children,Childrens Fiction,YBCS,Childrens Picture Books,MISMATCH,
9781529077896,Gruffalo - A Read and Play Story,Children,Novelty Books,YBGT,Books For Babies,MISMATCH,
9780008553807,Middlesex - Collins Modern Classics,Fiction,Classics,FA,General Fiction,MISMATCH,
9780008553791,Art of Fielding - Collins Modern Classics,Fiction,Classics,FA,General Fiction,MISMATCH,
9780008553814,Golden Notebook - Collins Modern Classics,Fiction,Classics,FA,General Fiction,MISMATCH,
9780008507237,Five Survive,Fiction,Teen Fiction,YFCB,"Childrens Fiction, Thriller",MISMATCH,
9781990015793,Year 1 Mathematics Start Right Workbook,Children,Study And Education,YQM,Childrens Picture Books,MISMATCH,
9781990015861,Year 8 Mathematics - Start Right Workbook,Children,Study And Education,YQMT,Childrens Picture Books,MISMATCH,
9781800812222,Building A Second Brain - A Proven Method To Organise Your Digital Life And Unlock Your Creative Potential,Sciences,Business,VSC,Psychology,MISMATCH,
9781847494870,Dracula,Fiction,Classics,YFA,Childrens Fiction,MISMATCH,
9781847498588,Animal Farm,Fiction,Classics,FA,General Fiction,MISMATCH,
9781847498571,1984 Nineteen Eighty-Four - New Annotated Edition,Fiction,Classics,FA,General Fiction,MISMATCH,
9781338122138,Ember Stone - 1 The Last Firehawk,Children,Childrens Fiction,YQCR,Childrens Picture Books,MISMATCH,
9780947506346,"Camera in the Crowd - Filming New Zealand in Peace and War, 1895-1920",The Arts,Photography,HBJ,History,MISMATCH,
9781405297752,Good Girl Bad Blood - 2 A Good Girl's Guide to Murder,Fiction,Teen Fiction,YFCB,"Childrens Fiction, Thriller",MISMATCH,
9781405298605,As Good As Dead - 3 A Good Girl's Guide to Murder,Fiction,Teen Fiction,YFCF,Childrens Fiction,MISMATCH,
9781760654276,Sometimes Cake,Children,Books For Babies,YBC,Childrens Picture Books,MISMATCH,
9781492693321,Shadowglass - 3 Bonewitch,Fiction,Teen Fiction,YFC,Childrens Fiction,MISMATCH,
9781398519978,First To Die At The End,Fiction,Teen Fiction,YFM,"Childrens Fiction, Romance",MISMATCH,
9781398514157,Live Life In Crescendo - Your Most Important Work is Always Ahead of You,Sciences,Business,VSC,Psychology,MISMATCH,
9781471131806,Alexander McQueen - Blood Beneath the Skin,The Arts,Fashion,BGF,Biography,MISMATCH,
9781761211348,Billies Treasury of Kindergarten Adventures,Children,Childrens Fiction,YBCH,Childrens Picture Books,MISMATCH,
9781760507756,My First Christmas,Children,Books For Babies,YBCB,Childrens Picture Books,MISMATCH,
9781760654306,Tractor - Board Book,Children,Books For Babies,YBC,Childrens Picture Books,MISMATCH,
9781406398762,Magic Of The Ballet - Seven Classic Stories,Children,Childrens Picture Books,YNDB,Childrens Non Fiction,MISMATCH,
9780763694340,Real Dada Mother Goose -  A Treasury of Complete Nonsense,Children,Childrens Picture Books,YFJ,Childrens Fiction,MISMATCH,
9781913520618,Secret Unicorn Club - Discover the Hidden Book within a Book!,Children,Activities,YNX,Childrens Non Fiction,MISMATCH,
9780500296639,Pilgrimage -  Journeys of Meaning,Travel,Travel Literature,HBG,History,MISMATCH,
9781922417404,BuildHer -  Empowering women to build & renovate their Australian dream home,The Arts,Art,WKR,General Sport And Fitness,MISMATCH,
9781666322200,Deadly Race to the South Pole,Fiction,Graphic Novels,YQH,Childrens Picture Books,MISMATCH,
9781913696085,No Place For Monsters - 1,Fiction,Teen Fiction,YFD,"Childrens Fiction, Horror",MISMATCH,
9781913696085,No Place For Monsters - 1,Children,Childrens Fiction,YFD,"Childrens Fiction, Horror",MISMATCH,
9781775437833,"There are No Moa, e Hoa - Batkiwi to the Rescue Again - 2 Batkiwi",Children,Childrens Picture Books,YFP,Childrens Fiction,MISMATCH,
9781612680309,Rich Dad Poor Dad for Teens,Sciences,Business,YNPK,Childrens Non Fiction,MISMATCH,
9781419741197,Sharkblock - An Abrams Block Book,Children,Books For Babies,YBC,Childrens Picture Books,MISMATCH,
9781419750991,Spaceblock - An Abrams Block Book,Children,Books For Babies,YBCB,Childrens Picture Books,MISMATCH,
9781800812697,Seven Cats I Have Loved,Sciences,Environment,BM,Biography,MISMATCH,
9780241538739,Egyptian Myths - Meet The Gods Goddesses And Pharaohs Of Ancient Egypt,History And Politics,Mythology,YNH,Childrens Non Fiction,MISMATCH,
9780711272668,100 Things To Know About Architecture,The Arts,Architecture,YQA,Childrens Picture Books,MISMATCH,
9780711268050,Atlas of Atlases -  Exploring the most important atlases in history and the cartographers who made them,Travel,Atlases And Globes,HBTP1,History,MISMATCH,
9780711274235,Listen To The Music - A World Of Magical Melodies,Children,Novelty Books,YBGT1,Books For Babies,MISMATCH,
9780711267473,Babys Busy Day,Children,Books For Babies,YBCB,Childrens Picture Books,MISMATCH,
9781408884355,"Swamp Songs - Journeys Through Marsh, Meadow and Other Wetlands",Travel,Travel Literature,WTL,Travel Guides,MISMATCH,
9781529509540,Gleanings - 4 Arc of the Scythe,Fiction,Teen Fiction,YFG,Childrens Fiction,MISMATCH,
9781647221263,Stranger Things -  The Ultimate Pop-Up Book (Reinhart Pop-Up Studio),The Arts,Art,APT,Music And Performing Arts,MISMATCH,
9781908745934,Notes from an Island,Travel,Travel Literature,BM,Biography,MISMATCH,
9780241471173,Childrens Bible Stories - Share the greatest stories ever told,History And Politics,Religion,YNR,Childrens Non Fiction,MISMATCH,
9780241412992,Philosophy - A Visual Encyclopedia,Sciences,Philosophy,YNH,Childrens Non Fiction,MISMATCH,
9780241585382,Journey - A Big Panda and Tiny Dragon Adventure,Fiction,Graphic Novels,VS,Psychology,MISMATCH,
9780008542177,Lady Chatterleys Lover - Collins Classics,Fiction,Classics,FA,General Fiction,MISMATCH,
9780008516086,1984 Nineteen Eighty-Four - Collins Classics,Fiction,Classics,FA,General Fiction,MISMATCH,
9781776890392,More Retro Caravans - Vantastic Kiwi Collections,Motoring,Transport,WG,Gardening,MISMATCH,
9781782217947,Yarn Spinning With A Modern Twist - How To Create Your Own Gorgeous Yarns Using A Drop Spindle,The Arts,Craft,WFG,Fashion,MISMATCH,
9781454945680,Grimms Fairy Tales,Fiction,Classics,YFB,Childrens Fiction,MISMATCH,
9781419759376,Walk With Me New York,Travel,Travel Guides,AJB,Photography,MISMATCH,
9781419753022,Maryanne Moodie's Modern Weaver -  Where Color Meets Loom,The Arts,Craft,WFG,Fashion,MISMATCH,
9781419722370,On the Loom -  A Modern Weaver's Guide,The Arts,Craft,WFG,Fashion,MISMATCH,
9780141378947,Watership Down,Fiction,Classics,YFA,Childrens Fiction,MISMATCH,
9781529150490,Lore Olympus - Volume Three,Fiction,Graphic Novels,FA,General Fiction,MISMATCH,
9780702315510,Imagination Chamber,Fiction,Teen Fiction,YFH,Childrens Fiction,MISMATCH,
9781982146160,Frankenstein,Fiction,Classics,FLC,Science Fiction and Fantasy,MISMATCH,
9781524858155,Secret Garden -  A Graphic Novel,Fiction,Graphic Novels,YFW,Childrens Fiction,MISMATCH,
9781988547909,Vital Signs - Heartbreaking Sometimes Hilarious Stories From A Junior Doctors First Year,Well Being,Psychology,BM,Biography,MISMATCH,
9781760973018,Maccas Christmas Crackers,Christmas,Christmas Books,YBC,Childrens Picture Books,MISMATCH,
9780241389614,Confessions of the Flesh - History of Sexuality,Sciences,Philosophy,JHBK5,Sociology,MISMATCH,
9780995146518,Kiwi Bikers - 85 New Zealanders And Their Motorbikes,Motoring,Transport,WGCK,Gardening,MISMATCH,
9781510202504,Goldilocks - Wanted Dead or Alive,Fiction,Graphic Novels,YFC,Childrens Fiction,MISMATCH,
9781408716922,Our Missing Hearts,Fiction,Poetry,FA,General Fiction,MISMATCH,
9780008474324,Next In Line - 5 William Warwick,Fiction,Historical Fiction,FA,General Fiction,MISMATCH,
9781419741104,Itzhak - A Boy Who Loved the Violin,Children,Childrens Picture Books,YNC,Childrens Non Fiction,MISMATCH,
9781419753817,I See You,Children,Books For Babies,YBCB,Childrens Picture Books,MISMATCH,
9781529091281,DIY With Jay - How To Repair And Refresh Your Home,The Arts,Craft,WKD,General Sport And Fitness,MISMATCH,
9781338776904,Guarding the Invisible Dragons - 22 Dragon Masters,Children,Childrens Fiction,YQCR,Childrens Picture Books,MISMATCH,
9780593528907,Eternally Yours,Fiction,Teen Fiction,YFB,Childrens Fiction,MISMATCH,
9780143777915,Bluey -  Magic Xylophone -  A Sound Book,Children,Childrens Picture Books,YBGT1,Books For Babies,MISMATCH,
9781840918205,Crown In Vogue - Vogues 'special royal salute' To Queen Elizabeth II And The House Of Windsor,The Arts,Fashion,JFCK,Sociology,MISMATCH,
9780785839811,Essential Tales of H P Lovecraft,Fiction,Classics,FL,Science Fiction and Fantasy,MISMATCH,
9781250282156,LeBron - Life Lessons from the King,Sport,General Sport And Fitness,VSPM,Psychology,MISMATCH,
9781035008575,Complete Tolkien Companion,Fiction,Science Fiction and Fantasy,DSRC,Classics,MISMATCH,
9780785841692,Aesops Fables,Fiction,Classics,FQ,General Fiction,MISMATCH,
9780785841746,Time Machine / The Invisible Man,Fiction,Classics,FLC,Science Fiction and Fantasy,MISMATCH,
9780807014738,Ace - What Asexuality Reveals About Desire Society And The Meaning Of Sex,Well Being,Gender,JFSK,Sociology,MISMATCH,
9781761048753,Hairy Maclary and Friends Off For A Walk - A Colouring Book,Children,Activities,YBGC,Books For Babies,MISMATCH,
9780995146518,Kiwi Bikers - 85 New Zealanders And Their Motorbikes,,Motoring and Transport,WGCK,Gardening,MISMATCH,
9781988547909,Vital Signs - Heartbreaking Sometimes Hilarious Stories From A Junior Doctors First Year,Well Being,Health,BM,Biography,MISMATCH,
9781988550367,Bushline - A Memoir,Travel,Travel Literature,BM,Biography,MISMATCH,
9781786499158,In Search Of Us - Adventures in Anthropology,Sciences,Environment,JH,Sociology,MISMATCH,
9781913520540,Scientists Are Saving The World - So Who Is Working On Time Travel,Children,Childrens Non Fiction,YBC,Childrens Picture Books,MISMATCH,
9780711274235,Listen To The Music - A World Of Magical Melodies,Children,Childrens Non Fiction,YBGT1,Books For Babies,MISMATCH,
9780571373079,Bell Jar - The Illustrated Edition,Fiction,Classics,YFY,Childrens Fiction,MISMATCH,
9780143775690,Atua - Maori Gods and Heroes,Children,Childrens Non Fiction,YBCS,Childrens Picture Books,MISMATCH,
9780143775829,Granny McFlitter - The Knit Before Christmas,Christmas,Christmas Books,YBCH,Childrens Picture Books,MISMATCH,
9781741176841,Hello Sandwich Japan - A Travel Guide,Travel,Travel Literature,WTH,Travel Guides,MISMATCH,
9781474602280,Sophies World - 20th Anniversary Edition,Fiction,Teen Fiction,YFB,Childrens Fiction,MISMATCH,
9780465049707,Free Marke - : The History of an Idea,Sciences,General Science,KCZ,Economics,MISMATCH,
9781781259191,Laws of Human Nature,Sciences,Business,VS,Psychology,MISMATCH,
9781408891148,Himalaya - Exploring the Roof of the World,Travel,Travel Literature,HBJF,History,MISMATCH,
9780861542840,Short History of Queer Women,Well Being,Gender,JFSK,Sociology,MISMATCH,
9780099532811,All Quiet On The Western Front,Fiction,Classics,FJMF,General Fiction,MISMATCH,
9780007265084,Bird Cloud,Biographies,Biography,FA,General Fiction,MISMATCH,
9781471411373,Stolen Heir - 1 Elfhame,Fiction,Teen Fiction,YFH,Childrens Fiction,MISMATCH,
9781800693401,Little Book of Kiwiana,Well Being,Humour,RGC,Environment,MISMATCH,
9781869409319,Out Here - An Anthology of Takatapui and LGBTQIA+ Writers from Aotearoa New Zealand,Well Being,Gender,DCQ,Poetry,MISMATCH,
9781782277736,Passenger,Travel,Travel Literature,FJMS,General Fiction,MISMATCH,
9781760760588,China Adorned -  Ritual and Custom of Ancient Cultures,The Arts,Fashion,AJC,Photography,MISMATCH,
9781783352609,What Just Happened - Dispatches from Turbulent Times,Biographies,Essays,WHX,Humour,MISMATCH,
9780861543649,Animal Vegetable Criminal - When Nature Breaks the Law,Sciences,Environment,PDZ,General Science,MISMATCH,
9781742769202,What Do They Do With All The Poo From All The Animals At The Zoo,Children,Childrens Fiction,YBC,Childrens Picture Books,MISMATCH,
9781838913243,Touch and Trace 123,Children,Books For Babies,YBLC,Childrens Non Fiction,MISMATCH,
9781760878443,How To Fake Being Tidy And Other Things My Mother Never Taught Me,Biographies,Biography,WH,Humour,MISMATCH,
9780241611401,Pirate Enlightenment or the Real Libertalia,Sciences,General Science,JHMC,Sociology,MISMATCH,
9780241566220,Secret Language of Flowers,The Garden,Gardening,JFHF,Sociology,MISMATCH,
9781922458650,"Grounded - How soil shapes the games we play, the lives we make and the graves we lie in",Sciences,Environment,PSA,General Science,MISMATCH,
9781760890940,Digging Up Dad - And Other Hopeful (And Funny) Stories,Children,Childrens Fiction,YNU,Childrens Non Fiction,MISMATCH,
9781914495168,In Search Of Perfumes - A Lifetime Journey To The Sources Of Natures Scents,Travel,Travel Literature,BM,Biography,MISMATCH,
9780711279858,Worlds of J.R.R Tolkien - The Places that Inspired Middle-earth,Travel,Travel Literature,BGL,Biography,MISMATCH,
9781991160843,Sounds to Sounds - A journey from Marlborough Sounds to Milford Sound,Sport,Cycling,WTH,Travel Guides,MISMATCH,
9780861543724,Trans,Well Being,Gender,JFSJ5,Sociology,MISMATCH,
9781760978426,Deltora Quest 2 - 21st Anniversary Edition,Fiction,Teen Fiction,YF,Childrens Fiction,MISMATCH,
9781406345353,Odyssey,History And Politics,Mythology,YFA,Childrens Fiction,MISMATCH,
9781406385618,Iliad,History And Politics,Mythology,YFA,Childrens Fiction,MISMATCH,
9781927277454,Inequality Debate - An Introduction - BWB Texts,Sciences,Economics,JFFJ,Sociology,MISMATCH,
9781849761505,Beyond The Page,The Arts,Art,BGFA,Biography,MISMATCH,
9780593426432,Little Engine That Could,Children,Childrens Picture Books,YFA,Childrens Fiction,MISMATCH,
9780732268862,Mermaid Singing And Peel Me A Lotus,Travel,Travel Literature,WTL,Travel Guides,MISMATCH,
9781922539335,Road To Gondwana,Sciences,General Science,HBL,History,MISMATCH,
9781447293996,Catherine - Called Birdy,Fiction,Teen Fiction,YFT,Childrens Fiction,MISMATCH,
9780743287937,8th Habit - From Effectiveness to Greatness,Sciences,Business,VSP,Psychology,MISMATCH,
9780571371044,Glass Pearls,Fiction,Classics,FA,General Fiction,MISMATCH,
9781801314848,Thats Not My T Rex - Usborne Touchy Feely Book,Children,Books For Babies,YBCB,Childrens Picture Books,MISMATCH,
9781035003150,Promise Boys,Fiction,Teen Fiction,YFCB,"Childrens Fiction, Thriller",MISMATCH,
9781760655181,Crunch - 5 Click,Fiction,Graphic Novels,YFW,Childrens Fiction,MISMATCH,
9781912631315,Nigel Owens - Final Whistle,Sport,Rugby,BGSA,Biography,MISMATCH,
9781991103024,Travelling Light - Stories from the world we explored in the 70s,Travel,Travel Literature,WT,Travel Guides,MISMATCH,
9781990015809,Year 2 Mathematics Start Right Workbook,Children,Study And Education,YQZ,Childrens Picture Books,MISMATCH,
9781035001507,Squash and a Squeeze Sticker Book,Children,Activities,YBGS,Books For Babies,MISMATCH,
9781956403312,Unofficial Harry Potter Reference Library Boxed Set,Children,Childrens Fiction,APFN,Music And Performing Arts,MISMATCH,
9780753447796,How To Win at Chess - From First Moves to Checkmate,Children,Activities,YNV,Childrens Non Fiction,MISMATCH,
9781035002443,Wherever You Are My Love Will Find You,Children,Books For Babies,YBCS,Childrens Picture Books,MISMATCH,
9781035002559,Its Time to Sleep My Love,Children,Books For Babies,YBCS,Childrens Picture Books,MISMATCH,
9781631863608,Wooden Puzzles - 20 Handmade Puzzles and Brain Teasers,The Arts,Craft,WKDW,General Sport And Fitness,MISMATCH,
9781460760819,We Will Find Your Hat - 2 Archie And Reddie,Fiction,Graphic Novels,YFW,Childrens Fiction,MISMATCH,
9781780559087,Silly Jokes for Funny Kids,Children,Activities,YNU,Childrens Non Fiction,MISMATCH,
9781780559070,Dinosaur Jokes for Funny Kids,Children,Activities,YNU,Childrens Non Fiction,MISMATCH,
9781780558882,10-Minute Number Games for Clever Kids -  More than 100 puzzles to boost your brainpower,Children,Activities,YNV,Childrens Non Fiction,MISMATCH,
9780473555139,Physicians Gun,Fiction,Teen Fiction,YFT,Childrens Fiction,MISMATCH,
9783967040777,Pretty Small -  Grand Living with Limited Space,The Arts,Art,WK,General Sport And Fitness,MISMATCH,
9783967040753,Slow Escapes -  Rural Retreats for Conscious Travelers,The Arts,Art,WTHH,Travel Guides,MISMATCH,
9783967040661,Grand Bikepacking Journeys -  Riding Iconic Routes around the World,Travel,Travel Literature,WTH,Travel Guides,MISMATCH,
9781741048155,Irish Language and Culture - Lonely Planet,Travel,Languages,WTK,Travel Guides,MISMATCH,
9781877375750,A is for Art,The Arts,Art,YBC,Childrens Picture Books,MISMATCH,
9780473592905,What Could Possibly Go Wrong - Accounts Of Danger And Adventure,Travel,Travel Literature,FJ,General Fiction,MISMATCH,
9780995143708,Candle Trees,Fiction,Teen Fiction,YFT,Childrens Fiction,MISMATCH,
9780141189154,Old Patagonian Express - By Train Through the Americas,Travel,Travel Literature,WTL,Travel Guides,MISMATCH,
9781648290909,Terrain - The Houseplant Book - An Insider's Guide to Cultivating and Collecting the Most Sought-After Specimens,The Garden,Gardening,WFW,Craft,MISMATCH,
9781648291661,"Houseplant Card Deck -  50 Cards for Choosing, Styling, and Cultivating Indoor Plants",The Garden,Gardening,WF,Fashion,MISMATCH,
9781800651630,"Creative Style -  Liveable, Loveable Spaces",The Arts,Art,WK,General Sport And Fitness,MISMATCH,
9781452171678,How to Do Things - A Timeless Guide to a Simpler Life,The Arts,Craft,WK,General Sport And Fitness,MISMATCH,
9781565129535,Paris Was Ours - Thirty-Two Writers Reflect On The City Of Light,Travel,Travel Literature,WTL,Travel Guides,MISMATCH,
9781788168618,Nation of Plants,Sciences,Environment,PST,General Science,MISMATCH,
9781782693352,Gardens Of Dorr,Fiction,Teen Fiction,YFA,Childrens Fiction,MISMATCH,
9781802792546,Complete Sherlock Holmes Collection - An Official Sherlock Holmes Museum Product,Fiction,Classics,FFC,Crime Fiction,MISMATCH,
9780063323155,"Wanderlust - An Eccentric Explorer, an Epic Journey - a Lost Age",Travel,Travel Literature,RGR,Environment,MISMATCH,
9780008586775,Patriarchs - How Men Came to Rule,Well Being,Gender,JFFK,Sociology,MISMATCH,
9781911682561,Fifty Things to Do With a Stick,The Arts,Craft,WFV,Fashion,MISMATCH,
9781472138491,"Learning To Counsel - How to develop the skills, insight and knowledge to counsel others",Well Being,Psychology,JKSN2,Politics,MISMATCH,
9780358668084,By the Book -  A Novel of Prose and Cons,Fiction,Teen Fiction,YFB,Childrens Fiction,MISMATCH,
9780241355336,Mutual Aid - A Factor of Evolution,Sciences,Philosophy,JPFB,Politics,MISMATCH,
9781781454602,Ballet,The Arts,Music And Performing Arts,AJC,Photography,MISMATCH,
9781503755666,Sesame Street Elmos Friends Lift Flap Look And Find,Children,Childrens Picture Books,YFC,Childrens Fiction,MISMATCH,
9781529157253,Give Unto Others - 31 Commissario Brunetti,Fiction,Crime Fiction,FA,General Fiction,MISMATCH,
9781474998123,Alphabet Matching Games And Book,Children,Activities,YNV,Childrens Non Fiction,MISMATCH,
9781474981064,Travel Pencil and Paper Puzzles,Children,Activities,YBG,Books For Babies,MISMATCH,
9780241605806,White Bird - A Wonder Story,Fiction,Teen Fiction,YFT,Childrens Fiction,MISMATCH,
9781784878047,Painted Veil,Fiction,Classics,FA,General Fiction,MISMATCH,
9781784878078,Save Me The Waltz,Fiction,Classics,FA,General Fiction,MISMATCH,
9781784878115,Jazz,Fiction,Classics,FA,General Fiction,MISMATCH,
9781784878108,Goodbye to Berlin,Fiction,Classics,FA,General Fiction,MISMATCH,
9781784878092,Fiesta - The Sun Also Rises,Fiction,Classics,FA,General Fiction,MISMATCH,
9781529111828,How To Be An Antiracist,History And Politics,History,JFSL1,Sociology,MISMATCH,
9780099800200,Slaughterhouse 5,Fiction,Science Fiction and Fantasy,FA,General Fiction,MISMATCH,
9781789294774,Last Overland - Singapore to London -  The Return Journey of the Iconic Land Rover Expedition,Travel,Travel Literature,WGCB,Gardening,MISMATCH,
9780878467495,Gardens in Perpetual Bloom - Botanical Illustration in Europe and America 1600-1850,The Garden,Gardening,AGN,Art,MISMATCH,
9780500289969,Most Beautiful Villages of Provence,Travel,Travel Literature,WTM,Travel Guides,MISMATCH,
9780500510728,Most Beautiful Villages of Normandy,Travel,Travel Literature,WTM,Travel Guides,MISMATCH,
9780500515310,Great Family Wine Estates of France,Travel,Travel Literature,WBXD1,Food And Beverage,MISMATCH,
9781616897666,Leonardo da Vinci - Meet the Artist!,The Arts,Art,YNA,Childrens Non Fiction,MISMATCH,
9783791349633,Eve Arnold - Magnum Legacy,The Arts,Photography,BGF,Biography,MISMATCH,
9781783127931,FIFA World Cup 2022 Kids Handbook,Sport,General Sport And Fitness,YNWA,Childrens Non Fiction,MISMATCH,
9781454929697,Manga Storyboard Sketchbook,The Arts,Art,WFA,Fashion,MISMATCH,
9781784943882,Drawing - Techniques And Tutorials For The Complete Beginner,The Arts,Art,WFA,Fashion,MISMATCH,
9781782217879,Drawing And Painting Wild Animals,The Arts,Art,WFA,Fashion,MISMATCH,
9781405928939,Doctor Who Origami,The Arts,Art,YBGK,Books For Babies,MISMATCH,
9781782214151,Street Scenes in Watercolour - Ready to Paint in 30 Minutes,The Arts,Art,WFA,Fashion,MISMATCH,
9781912217342,New Calligraphy - Inspiration And Instruction For 40 Hand Lettered Alphabets,The Arts,Art,WFU,Fashion,MISMATCH,
9781844484393,Drawing Step By Step,The Arts,Art,WFA,Fashion,MISMATCH,
9783836576116,Winsor McCay - The Complete Little Nemo 1910-1927,The Arts,Art,FX,Graphic Novels,MISMATCH,
9781465459626,Star Wars Visual Encyclopedia,The Arts,Art,APF,Music And Performing Arts,MISMATCH,
9781452128351,Art Of The Boxtrolls,The Arts,Art,APFV,Music And Performing Arts,MISMATCH,
9781743790786,Green Nomads,The Arts,Art,WTM,Travel Guides,MISMATCH,
9781782212607,Botanical Drawing,The Arts,Art,WFA,Fashion,MISMATCH,
9781849944472,Modern Lettering,The Arts,Art,WFU,Fashion,MISMATCH,
9781600581502,Step By Step Studio - Drawing Lifelike Subjects - A Complete Guide To Rendering Flowers Landscapes And Animals,The Arts,Art,WFA,Fashion,MISMATCH,
9781942021469,Amazing Mazes Mandalas,The Arts,Art,WF,Fashion,MISMATCH,
9781786274052,Use This If You Want To Be Great At Drawing - An Inspirational Sketchbook,The Arts,Art,WFA,Fashion,MISMATCH,
9783836568890,Stanley Kubricks Napoleon - The Greatest Movie Never Made,The Arts,Art,APFB,Music And Performing Arts,MISMATCH,
9781607749462,Perspective In Action - Creative Exercises For Depicting Spatial Representation From The Renaissance To The Digital Age,The Arts,Art,WFA,Fashion,MISMATCH,
9781568987392,Catalog - The Illustrated History of Mail Order Shopping,The Arts,Art,HBTB,History,MISMATCH,
9781782215325,Drawing Using Grids - Portraits Of Babies And Children,The Arts,Art,WFA,Fashion,MISMATCH,
9781786277756,Stencil Kit - Make Art with Six Stencil Sheets,The Arts,Art,YBG,Books For Babies,MISMATCH,
9781788164276,Drawing on the Right Side of the Brain - A Course in Enhancing Creativity and Artistic Confidence,The Arts,Art,WFA,Fashion,MISMATCH,
9781782217831,Pastel Painting - Step By Step,The Arts,Art,WFA,Fashion,MISMATCH,
9781614285434,Creative Tables,The Arts,Art,WF,Fashion,MISMATCH,
9780062569967,Bold Springtime To Color,The Arts,Art,WFA,Fashion,MISMATCH,
9781631060830,Learn To Draw Calligraphy Animals - 30 Unique Creations,The Arts,Art,WFU,Fashion,MISMATCH,
9781781577493,Get the Photos Others Cant,The Arts,Art,WTD,Travel Guides,MISMATCH,
9781419720857,Pressed Fairy Journal of Madeline Cottington,The Arts,Art,FM,Science Fiction and Fantasy,MISMATCH,
9781782217763,Love Watercolour - Over 100 Exercises Projects and Prompts for Making Cool Art,The Arts,Art,WFA,Fashion,MISMATCH,
9781913394400,"Portrait of a Muse - Frances Graham, Edward Burne-Jones and the Pre-Raphaelite Dream",The Arts,Art,BGF,Biography,MISMATCH,
9781782215950,Encyclopedia Of Oil Techniques - A Unique Visual Directory Of Oil Painting Techniques With Guidance On How To Use Them,The Arts,Art,WFA,Fashion,MISMATCH,
9781460760802,I Really Dig Pizza - 1 Archie And Reddie,Fiction,Graphic Novels,YFW,Childrens Fiction,MISMATCH,
9781786285874,In the Meadow,Children,Books For Babies,YBLH,Childrens Non Fiction,MISMATCH,
9781786285843,Rainforest,Children,Books For Babies,YBLH,Childrens Non Fiction,MISMATCH,
9781786285867,In the Ocean,Children,Books For Babies,YBLH,Childrens Non Fiction,MISMATCH,
9781786285850,In the River,Children,Books For Babies,YBLH,Childrens Non Fiction,MISMATCH,
9781838138196,Tummy Time - High Contrast Fold Out Book With Mirror For Babies,Children,Books For Babies,YBCB,Childrens Picture Books,MISMATCH,
9781760657192,Stars Did Wander Darkling,Children,Childrens Fiction,YFCB,"Childrens Fiction, Thriller",MISMATCH,
9781507219591,Little Book of Mushrooms - An Illustrated Guide to the Extraordinary Power of Mushrooms,Sciences,Environment,PST,General Science,MISMATCH,
9781647225186,Scrabble - First Words,Children,Books For Babies,YB,Childrens Non Fiction,MISMATCH,
9781647228156,My Little Bento Box - Colours Shapes Numbers,Children,Books For Babies,YB,Childrens Non Fiction,MISMATCH,
9781869665357,Ford in New Zealand Volume II,Motoring,Transport,WGCB,Gardening,MISMATCH,
9781419753978,Aaron Slaters Big Project Book For Astonishing Artists,Children,Activities,YBG,Books For Babies,MISMATCH,
9781419730245,Ada Twists Big Project Book for Stellar Scientists,Children,Activities,YNT,Childrens Non Fiction,MISMATCH,
9780241398869,Man from the Future - The Visionary Life of John von Neumann,Sciences,General Science,BGT,Biography,MISMATCH,
9781991006189,"From Renter to Owner -  Practical, innovative ways to buy your own home today",Sciences,Business,VSB,Psychology,MISMATCH,
9780995121065,Joke Collectors Notebook,Well Being,Humour,YNU,Childrens Non Fiction,MISMATCH,
9781526600486,Harry Potter and the Order of the Phoenix - Deluxe Illustrated Slipcase Edition,Children,Novelty Books,FA,General Fiction,MISMATCH,
9781991166807,Children Of The Rush - Book 1,Fiction,Teen Fiction,YFB,Childrens Fiction,MISMATCH,
9780143777632,Deep South - From The Wilds Of The South Island To Antarctica,The Arts,Photography,WTM,Travel Guides,MISMATCH,
9781982158507,Girls Can Kiss Now - Essays,Well Being,Gender,WHX,Humour,MISMATCH,
9781447273998,Tidy,Children,Childrens Fiction,YBCS,Childrens Picture Books,MISMATCH,
9783967047370,How To Be A Spy,Children,Activities,YN,Childrens Non Fiction,MISMATCH,
9780226689760,Hilma af Klint - A Biography,The Arts,Art,BGF,Biography,MISMATCH,
9780241472958,Grandudes Green Submarine,Children,Childrens Fiction,YBCS,Childrens Picture Books,MISMATCH,
9780393060294,Annotated Secret Garden,Fiction,Classics,YFA,Childrens Fiction,MISMATCH,
9780500252314,Japanese Myths - Guide To Gods Heroes And Spirits,History And Politics,Mythology,HBJF,History,MISMATCH,
9781616896232,Kitchen Lithography - Hand Printing at Home,The Arts,Art,WFA,Fashion,MISMATCH,
9781398512818,Little Match Girl Strikes Back,Fiction,Teen Fiction,YFB,Childrens Fiction,MISMATCH,
9780753820339,Neon Rain - 1 Robicheaux,Fiction,Crime Fiction,FA,General Fiction,MISMATCH,
9781760896614,Bluey - The Creek,Children,Books For Babies,YBCH,Childrens Picture Books,MISMATCH,
9780141997421,Nice Racism - How Progressive White People Perpetuate Racial Harm,History And Politics,History,JFSL1,Sociology,MISMATCH,
9781681375144,Last Times,Fiction,Classics,FA,General Fiction,MISMATCH,
9781681374314,Margery Kempe,Fiction,Classics,FA,General Fiction,MISMATCH,
9781681374390,Kapo,Fiction,Classics,FA,General Fiction,MISMATCH,
9781640950191,Think and Grow Rich - The Legacy,Sciences,Business,VSC,Psychology,MISMATCH,
9780241473665,Youll Be the Death of Me,Fiction,Teen Fiction,YFCB,"Childrens Fiction, Thriller",MISMATCH,
9781760894030,Bluey - Time to Play -  Sticker Activity Book,Children,Activities,YBGS,Books For Babies,MISMATCH,
9781760899363,Grannies - Bluey Board Book,Children,Books For Babies,YFN,Childrens Fiction,MISMATCH,
9781786070272,Watership Down - Classic Gift Edition with Ribbon Marker,Fiction,Classics,YFA,Childrens Fiction,MISMATCH,
9781847926852,Saving Time - Discovering a Life Beyond the Clock,History And Politics,History,JF,Sociology,MISMATCH,
9781509841264,Blue Chameleon,Children,Childrens Fiction,YBC,Childrens Picture Books,MISMATCH,
9781398503557,Devils Atlas - An Explorers Guide To Heavens Hells And Afterworlds,History And Politics,Religion,HBG,History,MISMATCH,
9780711281158,Atlas of Vanishing Places - The Lost Worlds as They Were and as They Are Today,Travel,Travel Literature,RGV,Environment,MISMATCH,
9781398504103,Chip War - The Fight for the World's Most Critical Technology,Sciences,General Science,KNTX,Business,MISMATCH,
9781838857363,Fear Stalks The Land - Commonplace Book,Fiction,Poetry,AVH,Music And Performing Arts,MISMATCH,
9781406363074,Were Going On A Bear Hunt,Children,Books For Babies,YBC,Childrens Picture Books,MISMATCH,
9781761044908,Bluey - Baby Race,Children,Books For Babies,YBC,Childrens Picture Books,MISMATCH,
9781529070385,Winnie The Pooh and Me,Children,Childrens Picture Books,YFA,Childrens Fiction,MISMATCH,
9781529045536,Queens Wardrobe - A Celebration of the Life of Queen Elizabeth II,Children,Childrens Picture Books,YNH,Childrens Non Fiction,MISMATCH,
9780553538632,Nose Book,Children,Books For Babies,YBCB,Childrens Picture Books,MISMATCH,
9781761180002,Sinister Booksellers of Bath - 2 Left Handed Booksellers of London,Fiction,Teen Fiction,YFH,Childrens Fiction,MISMATCH,
9781538161289,Muppets in Moscow - The Unexpected Crazy True Story of Making Sesame Street in Russia,History And Politics,History,APT,Music And Performing Arts,MISMATCH,
9780500510872,Most Beautiful Country Towns of Provence,Travel,Travel Literature,WTH,Travel Guides,MISMATCH,
9781785766893,Shout at the Devil,Fiction,Historical Fiction,FJ,General Fiction,MISMATCH,
9781911422068,Taste - The Secret Meaning of Things,The Arts,Art,JFC,Sociology,MISMATCH,
9780062854216,Read Something Else: Collected & Dubious Wit & Wisdom of Lemony Snicket,Well Being,Humour,YNU,Childrens Non Fiction,MISMATCH,
9781529511031,Chain of Thorns - 3 Last Hours,Fiction,Teen Fiction,YFH,Childrens Fiction,MISMATCH,
9781616894184,Drawing In The Sea,Children,Activities,YNN,Childrens Non Fiction,MISMATCH,
9780500019351,Most Beautiful Villages of Brittany,Travel,Travel Literature,WTM,Travel Guides,MISMATCH,
9781616896508,Night and Day - A Big Book of Opposites,Children,Childrens Picture Books,YBLF,Childrens Non Fiction,MISMATCH,
9781858946566,Noise of Ice - Antarctica,Travel,Travel Literature,AJB,Photography,MISMATCH,
9780857527844,Bryant And Mays Peculiar London,Travel,Travel Literature,HBJD1,History,MISMATCH,
9781529338102,Corruptible - Who Gets Power And How It Changes Us,History And Politics,History,KJG,Business,MISMATCH,
9781338730890,Moon Rising - 6 Wings of Fire Graphix,Fiction,Graphic Novels,YFW,Childrens Fiction,MISMATCH,
9781398806566,On Liberty,Sciences,Philosophy,JPA,Politics,MISMATCH,
9781784282646,Creative Calligraphy - Discover Your Own Unique Style with 20 Stunning Projects,The Arts,Craft,WFU,Fashion,MISMATCH,
9781786648037,Astounding Illustrated History Of Fantasy And Horror,The Arts,Art,DSK,Classics,MISMATCH,
9781631590467,"Paintbrush Playbook - 44 Exercises for Swooshing, Dancing, and Making Dazzling Art With Your Brush",The Arts,Art,WFA,Fashion,MISMATCH,
9781600611957,Draw Baby Animals,The Arts,Art,WFA,Fashion,MISMATCH,
9781440329456,Inner Hero Art Journal - Mixed Media Messages to Silence Your Inner Critic,The Arts,Art,WFA,Fashion,MISMATCH,
9783791372570,Inspiring Patterns - Modern Art Colouring Book,The Arts,Craft,WFA,Fashion,MISMATCH,
9780711283152,Lewis Hamilton -  Little People BIG DREAMS,Motoring,Formula One,YNW,Childrens Non Fiction,MISMATCH,
9781956560268,Awesome Road Trip Activity Book,Children,Activities,YB,Childrens Non Fiction,MISMATCH,
9781801104128,Hundred Voices -  XIX-XXI Three Centuries of Russian Short Stories,Fiction,Classics,DQ,General Fiction,MISMATCH,
9780861545537,HappyHead,Fiction,Teen Fiction,YF,Childrens Fiction,MISMATCH,
9781682633243,Hell Followed With Us,Fiction,Teen Fiction,YN,Childrens Non Fiction,MISMATCH,
9781607746935,Doodletopia - Manga,Children,Activities,WFA,Fashion,MISMATCH,
9781800817562,"Remainders of the Day - More Diaries from The Bookshop, Wigtown",Biographies,Biography,WH,Humour,MISMATCH,
9780241610657,Miss Peregrine's Museum of Wonders - An Indispensable Guide to the Dangers and Delights of the Peculiar World for the Instruction of New Arrivals,Fiction,Teen Fiction,YFC,Childrens Fiction,MISMATCH,
9780711268050,Atlas of Atlases -  Exploring the most important atlases in history and the cartographers who made them,Travel,Travel Literature,HBTP1,History,MISMATCH,
9780241367667,Annelies - A Novel of Anne Frank,Fiction,Historical Fiction,FJMS,General Fiction,MISMATCH,
9780008492571,Scotland - Pocket Map,Travel,Maps,WTRM,Travel Literature,MISMATCH,
9780008580025,Wales Pocket Map,Travel,Maps,WTRM,Travel Literature,MISMATCH,
9781471180491,Lancaster - The Forging Of A Very British Legend,Motoring,Transport,HBWQ,History,MISMATCH,
9781338089516,Witch Boy - 1 The Witch Boy,Fiction,Graphic Novels,YFW,Childrens Fiction,MISMATCH,
9780545656047,Search for Treasure - 6 The Kingdom of Fantasy,Fiction,Teen Fiction,YFW,Childrens Fiction,MISMATCH,
9781406379174,Ask and the Answer - 2 Chaos Walking,Fiction,Teen Fiction,YFG,Childrens Fiction,MISMATCH,
9780008502171,Crayons Book of Colours,Children,Books For Babies,YBCH,Childrens Picture Books,MISMATCH,
9781631593895,Scratch And Create - Hand-Lettered Life: Design your own quotes with 16 scratch boards and 4 alphabet and ornament stencils,The Arts,Craft,WF,Fashion,MISMATCH,
9781786033604,Ultimate Guide to Surviving in the Wild,Sport,General Sport And Fitness,YNM,Childrens Non Fiction,MISMATCH,
9780898158090,Wordless Travel Book - Point at These Pictures to Communicate with Anyone,Travel,Languages,WTH,Travel Guides,MISMATCH,
9780715325971,Figure - How to Draw and Paint the Figure with Impact,The Arts,Art,WFA,Fashion,MISMATCH,
9780345518811,Garfield from the Trash Bin - Rescued Rejects & Outrageous Outtakes,Fiction,Graphic Novels,WH,Humour,MISMATCH,
9781761204685,Brain Is Not Always Right,Children,Childrens Fiction,YB,Childrens Non Fiction,MISMATCH,
9781529043068,Are You There God - Its Me Margaret,Fiction,Teen Fiction,YFN,Childrens Fiction,MISMATCH,
9781760644178,Wellmania -  Misadventures in the Search for Wellness,Well Being,Psychology,JFCA,Sociology,MISMATCH,
9781922585479,"Aware -  the science and practice of presence, the groundbreaking meditation practice",Well Being,Psychology,PSAN,General Science,MISMATCH,
9781922585844,"Copywrong to Copywriter -  a practical guide to copywriting for small businesses, small organisations",The Arts,Art,KJSA,Business,MISMATCH,
9781760876074,Hello Baby,Children,Childrens Fiction,YBCB,Childrens Picture Books,MISMATCH,
9780008111977,Easy Learning Spanish Conversation - Collins Easy Learning,Travel,Languages,YQF,Childrens Picture Books,MISMATCH,
9781444935042,Five Run Away Together - 3 Famous Five,Fiction,Teen Fiction,YFA,Childrens Fiction,MISMATCH,
9780008323769,Joy of Railways - Remembering The Golden Age of Trainspotting,Motoring,Transport,WGF,Gardening,MISMATCH,
9781447292746,Miss Happiness and Miss Flower,Fiction,Teen Fiction,YFA,Childrens Fiction,MISMATCH,
9781838575380,Hans Christian Andersen's Fairy Tales,Fiction,Classics,FQ,General Fiction,MISMATCH,
9781839641718,Arthurian Myths,History And Politics,Mythology,FQ,General Fiction,MISMATCH,
9781529516333,Chain Of Thorns - 3 Last Hours,Fiction,Teen Fiction,YFH,Childrens Fiction,MISMATCH,
9781786178657,My First Book of Bedtime Stories,Children,Childrens Fiction,YBCS,Childrens Picture Books,MISMATCH,
9781784161347,Inventing Ourselves - The Secret Life of the Teenage Brain,Well Being,Family,PDZ,General Science,MISMATCH,
9780062894540,Becoming Brianna,Fiction,Graphic Novels,YFW,Childrens Fiction,MISMATCH,
9781786178268,Get Set Go Coding - ScratchJr - Making Games,Children,Activities,YQTU,Childrens Picture Books,MISMATCH,
9780593420416,"Fossil Future - Why Global Human Florishing Requires More Oil, Coal, and Natural Gas - Not Less",Sciences,Environment,KC,Economics,MISMATCH,
9780345526090,Age Happens: Garfield Hits the Big 4-0,Fiction,Graphic Novels,WHC,Humour,MISMATCH,
9780143107217,Art of Happiness,Sciences,Philosophy,FC,Classics,MISMATCH,
9781776574704,Kind Crocodile,Children,Books For Babies,YFP,Childrens Fiction,MISMATCH,
9781471133114,Cold People,Fiction,Crime Fiction,FA,General Fiction,MISMATCH,
9781534474352,Arnold Lobel Book of Mother Goose,Children,Childrens Picture Books,YBLB1,Childrens Non Fiction,MISMATCH,
9781760761417,Plant Clinic,Well Being,Health,PST,General Science,MISMATCH,
9780674273559,Brief History of Equality,History And Politics,History,KCA,Economics,MISMATCH,
9781399805780,Compound Effect - 10th Anniversary Edition,Sciences,Business,VSC,Psychology,MISMATCH,
9781775542353,Head On,Sport,Rugby,BGSA,Biography,MISMATCH,
9780099590064,Belonging - Vol 2 Story Of The Jews 1492-1900,History And Politics,Religion,HBG,History,MISMATCH,
9780764363900,Glamour Road - Color Fashion Style And The Midcentury Automobile,Motoring,Transport,WGC,Gardening,MISMATCH,
9781529356571,Six Crimson Cranes - 1 Crimson Cranes,Fiction,Teen Fiction,YFH,Childrens Fiction,MISMATCH,
9780708898871,Age Of Vice,Fiction,Crime Fiction,FA,General Fiction,MISMATCH,
9781572843189,Fieldwork - A Forager's Memoir,Sciences,Environment,BM,Biography,MISMATCH,
9781324004011,Botticellis Secret - The Lost Drawings and the Rediscovery of the Renaissance,The Arts,Art,HBLH,History,MISMATCH,
9781803363578,Arch-Conspirator,Fiction,Teen Fiction,FL,Science Fiction and Fantasy,MISMATCH,
9781510111141,Demon In The Wood - Shadow And Bone Graphic Novel,Fiction,Graphic Novels,YFW,Childrens Fiction,MISMATCH,
9781838858216,Revenge Of The Librarians,Fiction,Graphic Novels,WH,Humour,MISMATCH,
9781761049347,Bluey -  Queens -  A Mother's Day Book,Children,Childrens Picture Books,YFB,Childrens Fiction,MISMATCH,
9780241606056,Unforgettable Journeys Europe - Discover the Joys of Slow Travel,Travel,Travel Literature,WT,Travel Guides,MISMATCH,
9781399712538,Last Violent Call - 1.5 Foul Lady Fortune,Fiction,Teen Fiction,YFH,Childrens Fiction,MISMATCH,
9780473623937,Boingo And The Golden Balloon,Children,Childrens Picture Books,YB,Childrens Non Fiction,MISMATCH,
9780241621646,Peter Rabbit Book And Toy,Children,Novelty Books,YBCH,Childrens Picture Books,MISMATCH,
9780241508695,Apollo Remastered,Sciences,General Science,AJC,Photography,MISMATCH,
9781786541727,Silver In The Bone,Fiction,Teen Fiction,YFH,Childrens Fiction,MISMATCH,
9781837840007,Luminaries,Fiction,Teen Fiction,YFH,Childrens Fiction,MISMATCH,
9780141187921,Akenfield,Fiction,Classics,BG,Biography,MISMATCH,
9780008389642,Mog The Forgetful Cat,Children,Books For Babies,YBCH,Childrens Picture Books,MISMATCH,
9780008262143,Mog The Forgetful Cat - Book and Toy Gift Set,Children,Novelty Books,YFP,Childrens Fiction,MISMATCH,
9780140455373,Book Of Chuang Tzu,Fiction,Classics,HRKN5,Religion,MISMATCH,
9781622034116,Already Free - Buddhism Meets Psychotherapy On The Path Of Liberation,History And Politics,Religion,VSP,Psychology,MISMATCH,
9781841596266,Berlin Stories,Fiction,Classics,FYB,General Fiction,MISMATCH,
9780008554316,Dark Carnival,Fiction,Science Fiction and Fantasy,FYB,General Fiction,MISMATCH,
9780733335440,First Fleet,Travel,Travel Literature,HBTM,History,MISMATCH,
9781454946014,Treasure Island - Deluxe Edition,Fiction,Classics,YNM,Childrens Non Fiction,MISMATCH,
9781849947695,Bedside Companion For Book Lovers - Anthology Of Literary Delights For Every Night Of The Year,Biographies,Essays,DQ,General Fiction,MISMATCH,
9781760151553,Captain Underpants And The Tyrannical Retaliation Of The Turbo Toilet 2000 - 11,Fiction,Teen Fiction,YFC,Childrens Fiction,MISMATCH,
9780473663063,From From Crime to Care -  the history of Abortion in Aotearoa New Zealand,Well Being,Health,JFMA,Sociology,MISMATCH,
9781407132099,Catching Fire - 2 Hunger Games,Fiction,Teen Fiction,YFG,Childrens Fiction,MISMATCH,
9780755501625,Hunger - 2 Gone,Fiction,Teen Fiction,YFC,Childrens Fiction,MISMATCH,
9780764365935,Atlas of Extraterrestrial Zones,Travel,Travel Literature,HBTP1,History,MISMATCH,
9781800652125,Living Wild - How to Plant Style Your Home and Cultivate Happiness,The Garden,Gardening,WK,General Sport And Fitness,MISMATCH,
9781797215662,Flowers For All - Modern Floral Arrangements For Beauty Joy And Mindfulness Every Day,The Garden,Gardening,WFW,Craft,MISMATCH,
9780804186070,"DIY Type -  50+ Typographic Stencils for Decorating, Crafting, and Gifting",The Arts,Craft,WFU,Fashion,MISMATCH,
9783967040753,Slow Escapes -  Rural Retreats for Conscious Travelers,The Arts,Architecture,WTHH,Travel Guides,MISMATCH,
9783967040777,Pretty Small -  Grand Living with Limited Space,The Arts,Design,WK,General Sport And Fitness,MISMATCH,
9781788164627,Move - The New Science Of Body Over Mind,Well Being,Psychology,PSAN,General Science,MISMATCH,
9781473223561,Wizard Of Earthsea - 1 Earthsea,Fiction,Teen Fiction,FM,Science Fiction and Fantasy,MISMATCH,
9780141354910,Wizard of Earthsea,Fiction,Teen Fiction,YFH,Childrens Fiction,MISMATCH,
9781788795012,Creative Family Home -  Imaginative and Original Spaces for Modern Living,The Arts,Art,WKR,General Sport And Fitness,MISMATCH,
9781801314855,Thats Not My Fire Engine...,Children,Books For Babies,YBCB,Childrens Picture Books,MISMATCH,
9781803704890,Dinosaur Dominoes Game,Children,Activities,YNV,Childrens Non Fiction,MISMATCH,
9781641704625,"Breaking The Grid - How To Buy Nothing, Make Everything, and Live Sustainably",The Arts,Craft,WKD,General Sport And Fitness,MISMATCH,
9781990015656,Year 3 English Start Right Workbook,Children,Study And Education,YQZ,Childrens Picture Books,MISMATCH,
9781990038006,Year 7 Logic and Problem Solving Start Right Workbook,Children,Study And Education,YQZ,Childrens Picture Books,MISMATCH,
9781988548494,Food Nutrition And Wellbeing - Learning Workbook,Children,Study And Education,YQTF,Childrens Picture Books,MISMATCH,
9780143783466,Midnight Watch,Fiction,Historical Fiction,FA,General Fiction,MISMATCH,
9780358381693,Project Nought,Fiction,Graphic Novels,YFG,Childrens Fiction,MISMATCH,
9780008586034,Hell Breaks Loose -  Skulduggery Pleasant Prequel,Fiction,Teen Fiction,YFH,Childrens Fiction,MISMATCH,
9781761049354,Bluey - Shadowlands,Children,Books For Babies,YFB,Childrens Fiction,MISMATCH,
9781761340987,Bluey - How To Draw,Children,Childrens Picture Books,YBGC,Books For Babies,MISMATCH,
9781761049361,Bluey - Mini Bluey,Children,Books For Babies,YFB,Childrens Fiction,MISMATCH,
9781761340987,Bluey - How To Draw,Children,Activities,YBGC,Books For Babies,MISMATCH,
9780143777861,Bluey - Fathers Day Fun - A Craft Book,Children,Activities,YBG,Books For Babies,MISMATCH,
9780143778912,Bluey - Little Library,Children,Books For Babies,YBCH,Childrens Picture Books,MISMATCH,
9780143777878,Bluey - A Jigsaw Puzzle Book,Children,Activities,YBGT7,Books For Babies,MISMATCH,
9781761046070,Bluey - Typewriter,Children,Books For Babies,YBC,Childrens Picture Books,MISMATCH,
9781761044946,Bluey - Hammerbarn,Children,Books For Babies,YBCH,Childrens Picture Books,MISMATCH,
9781761041211,Bluey - Big Book of Games,Children,Activities,YBGC,Books For Babies,MISMATCH,
9781760896621,Bluey - Big Backyard - A Colouring Book,Children,Activities,YBGC,Books For Babies,MISMATCH,
9781761040863,Bluey - Bluey And Friends - A Sticker Activity Book,Children,Activities,YBGC,Books For Babies,MISMATCH,
9781761041150,Bluey - Giant Activity Pad,Children,Activities,YBGC,Books For Babies,MISMATCH,
9781760896638,Bluey - Bob Bilby,Children,Books For Babies,YBCH,Childrens Picture Books,MISMATCH,
9781761040849,Bluey - The Pool,Children,Books For Babies,YBC,Childrens Picture Books,MISMATCH,
9781761041143,Bluey - Bingo,Children,Books For Babies,YBCH,Childrens Picture Books,MISMATCH,
9781761041112,Bluey - Wheres Bluey - A Search-And-Find Book,Children,Activities,YBG,Books For Babies,MISMATCH,
9781760898298,Bluey - All About Bingo,Children,Books For Babies,YFB,Childrens Fiction,MISMATCH,
9781760898304,Bluey - All About Bluey - A Shaped Board Book,Children,Books For Babies,YFB,Childrens Fiction,MISMATCH,
9781761041419,Bluey - At Home With The Heelers,Children,Books For Babies,YBCS,Childrens Picture Books,MISMATCH,
9780306827976,New Royals - Queen Elizabeths Legacy And The Future Of The Crown,Biographies,Biography,HBJD,History,MISMATCH,
9780571348657,Man Who Invented Motion Pictures - A True Life Murder Mystery from the Birth of the Movies,History And Politics,True Crime,APFB,Music And Performing Arts,MISMATCH,
9781405949651,Lion - 1 Golden Age,Fiction,Historical Fiction,FJH,General Fiction,MISMATCH,
9781529075816,On Your Marks - Selected writings about all kinds of sports,Sport,General Sport And Fitness,DQ,General Fiction,MISMATCH,
9781529075809,Our Place In Nature - Selected Writings,Sciences,Environment,DQ,General Fiction,MISMATCH,
9781761047930,Bluey - Swim School,Children,Books For Babies,YFB,Childrens Fiction,MISMATCH,
9781761045769,Bluey - Bluey And Bingos Fancy Restaurant Cookbook,Children,Activities,YNPC,Childrens Non Fiction,MISMATCH,
9781760894047,Bluey - Fruit Bat - A Glow-in-the-Dark Book,Children,Books For Babies,YBCH,Childrens Picture Books,MISMATCH,
9781760899929,Bluey - Lets Play Outside - A Magnet Book,Children,Activities,YBCH,Childrens Picture Books,MISMATCH,
9780241388402,Wake Up Farm - Pop Up Peekaboo,Children,Books For Babies,YNNF,Childrens Non Fiction,MISMATCH,
9781662508073,House at the End of the World,Fiction,Science Fiction and Fantasy,FH,Thriller,MISMATCH,
9781991016225,Kind Of Shelter - Whakaruru-taha - An Anthology Of New Writing For A New World Order,Biographies,Essays,DQ,General Fiction,MISMATCH,
9781761047671,Sparrow,Fiction,Teen Fiction,YFT,Childrens Fiction,MISMATCH,
9780593137291,Minimal New York City - Graphic Gritty and Witty,The Arts,Art,WH,Humour,MISMATCH,
9780593137291,Minimal New York City - Graphic Gritty and Witty,The Arts,Design,WH,Humour,MISMATCH,
9780241981856,Black Leopard Red Wolf - 1 Dark Star Trilogy,Fiction,Science Fiction and Fantasy,FV,Historical Fiction,MISMATCH,
9781838851002,Livewired - The Inside Story of the Ever-Changing Brain,Well Being,Psychology,PDZ,General Science,MISMATCH,
9781760894337,Mirror Man - 1 Jack Hawksworth,Fiction,Crime Fiction,FA,General Fiction,MISMATCH,
9781775437697,Search for Maui - 1 This Land,Fiction,Graphic Novels,YFC,Childrens Fiction,MISMATCH,
9781913322373,Sisters Of The Lost Marsh,Fiction,Teen Fiction,YFD,"Childrens Fiction, Horror",MISMATCH,
9781761066962,Shifting Fog,Fiction,Historical Fiction,FA,General Fiction,MISMATCH,
9781529034066,In Defence Of Witches - Why Women Are Still On Trial,Well Being,Gender,JFF,Sociology,MISMATCH,
9781760983024,Quiet And The Loud,Fiction,Teen Fiction,YFB,Childrens Fiction,MISMATCH,
9781728205489,If He Had Been With Me,Fiction,Teen Fiction,YFM,"Childrens Fiction, Romance",MISMATCH,
9781776890552,Singing Stone,Fiction,Teen Fiction,YFB,Childrens Fiction,MISMATCH,
9781991150844,Iris And Me,Fiction,Teen Fiction,YFT,Childrens Fiction,MISMATCH,
9781787013490,Hindi Urdu And Bengali - Lonely Planet Phrasebook And Dictionary,Travel,Travel Literature,WTK,Travel Guides,MISMATCH,
9780804855877,Blank Comic Book - Draw Your Own Manga,Children,Activities,AGZ,Art,MISMATCH,
9781804173312,Slavic Myths,History And Politics,Mythology,FQ,General Fiction,MISMATCH,
9780241469538,Spots Easter Basket,Children,Books For Babies,YBCH,Childrens Picture Books,MISMATCH,
9781991185822,Sammy Goes to the World Cup - 3 Sammy Footbal Trilogy,Fiction,Teen Fiction,YF,Childrens Fiction,MISMATCH,
9781405284844,Villain,Fiction,Teen Fiction,YFG,Childrens Fiction,MISMATCH,
9783967047288,Famous Robberies - The World's Most Spectacular Heists,History And Politics,True Crime,YQNP,Childrens Picture Books,MISMATCH,
9781760877118,Mighty 747 - Australias Queen of the Skies,Motoring,Transport,HBJM,History,MISMATCH,
9780143795865,No Adults Allowed - 1 Super Sidekicks,Fiction,Graphic Novels,YFQ,Childrens Fiction,MISMATCH,
9781787703223,Paris - The Passenger,Travel,Travel Literature,WTL,Travel Guides,MISMATCH,
9780141394923,Written World And The Unwritten World - Collected Non-Fiction,Biographies,Essays,DSB,Classics,MISMATCH,
9780241633519,Forgotten Girls - An American Story,Biographies,Biography,JFFJ,Sociology,MISMATCH,
9780241457290,When Things Don't Go Your Way -  Zen Wisdom for Difficult Times,Well Being,Psychology,HRE,Religion,MISMATCH,
9781529052565,Little Prince,Children,Childrens Picture Books,YFA,Childrens Fiction,MISMATCH,
9781529074659,Im Not Scary - A Touch And Feel Book,Children,Books For Babies,YBCB,Childrens Picture Books,MISMATCH,
9781035001521,Tales from Acorn Wood Super Sticker Book,Children,Activities,YBG,Books For Babies,MISMATCH,
9780500653166,If I Had A Unicorn,Children,Books For Babies,YBCS,Childrens Picture Books,MISMATCH,
9781035014767,Under The Banner Of Heaven - A Story Of Violent Faith,History And Politics,True Crime,HBJK,History,MISMATCH,
9781797220208,Baby Pony -  Finger Puppet Book,Children,Books For Babies,YFP,Childrens Fiction,MISMATCH,
9781797220192,Baby Alligator - Finger Puppet Book,Children,Books For Babies,YFP,Childrens Fiction,MISMATCH,
9781788795012,Creative Family Home -  Imaginative and Original Spaces for Modern Living,The Arts,Design,WKR,General Sport And Fitness,MISMATCH,
9780760348130,Voyage Of The Beagle - The Definitive Illustrated History Of Charles Darwins Travel Memoir And Field Journal,Biographies,Essays,WTLP,Travel Guides,MISMATCH,
9780760348130,Voyage Of The Beagle - The Definitive Illustrated History Of Charles Darwins Travel Memoir And Field Journal,Sciences,General Science,WTLP,Travel Guides,MISMATCH,
9780143566540,Boy - Popular Penguins,Fiction,Classics,YFB,Childrens Fiction,MISMATCH,
9780141045443,Cats Cradle - Popular Penguins,Fiction,Classics,FA,General Fiction,MISMATCH,
9780143204862,Seven Little Australians - Popular Penguins,Fiction,Classics,YFA,Childrens Fiction,MISMATCH,
9780141037714,Surgeon Of Crowthorne - Popular Penguins,Fiction,Classics,BG,Biography,MISMATCH,
9780143566533,Day Of The Triffids - Popular Penguins,Fiction,Classics,FLC,Science Fiction and Fantasy,MISMATCH,
9780141045269,Pigeon - Popular Penguins,Fiction,Classics,FA,General Fiction,MISMATCH,
9780141195223,Hound Of The Baskervilles - Popular Penguins,Fiction,Classics,FFC,Crime Fiction,MISMATCH,
9780141045351,One Day In The Life Of Ivan Denisovich - Popular Penguins,Fiction,Classics,FA,General Fiction,MISMATCH,
9780141037332,Going Solo - Popular Penguins,Fiction,Classics,BGLA,Biography,MISMATCH,
9780143570097,Innocence Of Father Brown - Popular Penguin Crime Classics,Fiction,Classics,FF,Crime Fiction,MISMATCH,
9780141399331,Lady In The Lake - Popular Penguins 3,Fiction,Classics,FF,Crime Fiction,MISMATCH,
9780141045610,And The Ass Saw The Angel - Popular Penguins 2,Fiction,Classics,FA,General Fiction,MISMATCH,
9780143566557,Spy In The House Of Love - Popular Penguins,Fiction,Classics,FA,General Fiction,MISMATCH,
9780141399379,Ghost Road - Popular Penguins 3,Fiction,Classics,FJMF,General Fiction,MISMATCH,
9780141045528,Regeneration - Popular Penguins,Fiction,Classics,FJMF,General Fiction,MISMATCH,
9780141399423,One Hundred Great Books In Haiku - Popular Penguins,Fiction,Classics,FA,General Fiction,MISMATCH,
9780143205968,Garden Party And Other Stories - Popular Penguin New Zealand Series 2,Fiction,Classics,FA,General Fiction,MISMATCH,
9780141399416,Lucky Jim - Popular Penguins,Fiction,Classics,FA,General Fiction,MISMATCH,
9780141045559,Eva Luna - Popular Penguins,Fiction,Classics,FA,General Fiction,MISMATCH,
9780141399447,Periodic Table - Popular Penguins,Fiction,Classics,FA,General Fiction,MISMATCH,
9780141037493,One Flew Over The Cuckoos Nest - Popular Penguin,Fiction,Classics,FA,General Fiction,MISMATCH,
9780141045498,Fever Pitch - Popular Penguins,Fiction,Classics,FA,General Fiction,MISMATCH,
9780143204725,Surrender - Popular Penguins,Fiction,Classics,YFB,Childrens Fiction,MISMATCH,
9780141037325,Everything is Illuminated - Popular Penguin,Fiction,Classics,FA,General Fiction,MISMATCH,
9784805317259,Japan Travel Journal Notebook,Travel,Travel Literature,WT,Travel Guides,MISMATCH,
9780804856126,Korea Travel Journal Notebook,Travel,Travel Literature,WTH,Travel Guides,MISMATCH,
9781775437925,Fall of Tane - 2 This Land,Fiction,Graphic Novels,YFC,Childrens Fiction,MISMATCH,
9781788707459,Parenting Hell - The Hilarious Guide For Tired Parents Everywhere,Well Being,Family,BGFA,Biography,MISMATCH,
9780241523575,Tale of Peter Rabbit Picture Book,Children,Childrens Fiction,YBCH,Childrens Picture Books,MISMATCH,
9780141990392,Emotional - The New Thinking About Feelings,Well Being,Psychology,PDZ,General Science,MISMATCH,
9781761043673,Golden Doves,Fiction,Historical Fiction,FJMS,General Fiction,MISMATCH,
9780241636015,Its Not Summer Without You  - 2 Summer,Fiction,Teen Fiction,YFM,"Childrens Fiction, Romance",MISMATCH,
9780008556174,God Of Small Things - Collins Modern Classics,Fiction,Classics,FA,General Fiction,MISMATCH,
9780008555368,Empire Of The Sun - Collins Modern Classics,Fiction,Classics,FA,General Fiction,MISMATCH,
9781398501515,Berlin Exchange,Fiction,Crime Fiction,FA,General Fiction,MISMATCH,
9781408332436,Katie and the Starry Night,Children,Childrens Fiction,YBCH,Childrens Picture Books,MISMATCH,
9781760260019,Guardians of the Galaxy - Movie Novel Collector's Edition,Fiction,Teen Fiction,YF,Childrens Fiction,MISMATCH,
9781529912852,Unscripted,History And Politics,History,KNTC,Business,MISMATCH,
9781877530630,Level 1 Accounting - NCEA Level 1 - Study Guide,Children,Study And Education,YQV,Childrens Picture Books,MISMATCH,
9781877530982,Level 2 History - Study Guide,Children,Study And Education,YQZ,Childrens Picture Books,MISMATCH,
9780947504922,Level 2 Chemistry - ESA Study Guide,Children,Study And Education,YQSC,Childrens Picture Books,MISMATCH,
9781927194317,Level 2 English Study Guide - NCEA Level 2,Children,Study And Education,YQE,Childrens Picture Books,MISMATCH,
9781911709213,"Wonder Boy - Tony Hsieh, Zappos and the Myth of Happiness in Silicon Valley",Sciences,Business,BGB,Biography,MISMATCH,
9780947504816,Level 3 Chemistry Study Guide,Children,Study And Education,YQSC,Childrens Picture Books,MISMATCH,
9781958803073,Beautifully Organized In 52 Weeks,Well Being,Psychology,WK,General Sport And Fitness,MISMATCH,
9781927194607,Level 3 Calculus Study Guide,Children,Study And Education,YQZ,Childrens Picture Books,MISMATCH,
9781684056422,Enola Holmes - The Case of the Bizarre Bouquets,Fiction,Graphic Novels,YF,Childrens Fiction,MISMATCH,
9781570915383,Farm Drawing Book,Children,Activities,YNA,Childrens Non Fiction,MISMATCH,
9780804842273,"Korean Nursery Rhymes - Wild Geese, Land of Goblins and Other Favorite Songs and Rhymes",Children,Childrens Picture Books,YFB,Childrens Fiction,MISMATCH,
9780804850209,"Korean Childrens Favorite Stories - Fables, Myths and Fairy Tales",Children,Childrens Picture Books,JFHF,Sociology,MISMATCH,
9781847806994,How to Look After Your Puppy,Sciences,Environment,YF,Childrens Fiction,MISMATCH,
9781780672991,DIY Fashion Shoot Book,The Arts,Fashion,YNA,Childrens Non Fiction,MISMATCH,
9780711247666,Natural History Of Fairies,Children,Childrens Picture Books,YFH,Childrens Fiction,MISMATCH,
9781760876562,Aphrodites Breath - A mother and daughter's Greek Island adventure,Travel,Travel Literature,BM,Biography,MISMATCH,
9781741794809,India - Lonely Planet Phrasebook And Dictionary,Travel,Languages,WTK,Travel Guides,MISMATCH,
9781786274861,100 Ideas That Changed Film,The Arts,Art,APF,Music And Performing Arts,MISMATCH,
9781991150837,Between the Flags,Fiction,Teen Fiction,YFB,Childrens Fiction,MISMATCH,
9781760526948,Hunger Of Thorns - 1 Hunger of Thorns,Fiction,Teen Fiction,YFB,Childrens Fiction,MISMATCH,
9780241618042,Earthsea - The First Four Books,Fiction,Science Fiction and Fantasy,YFH,Childrens Fiction,MISMATCH,
9780143779520,Abigail And The Making Of The Moon,Children,Childrens Picture Books,YNTS,Childrens Non Fiction,MISMATCH,
9781838992736,Mind Blowing World of Extraordinary Competitions -  Meet the Incredible People who will Compete at ANYTHING,Children,Childrens Picture Books,YNM,Childrens Non Fiction,MISMATCH,
9780241596081,Unstoppable Us - Volume 1 - How Humans Took Over the World,Fiction,Graphic Novels,YNH,Childrens Non Fiction,MISMATCH,
9781534474352,Arnold Lobel Book of Mother Goose,Children,Childrens Fiction,YBLB1,Childrens Non Fiction,MISMATCH,
9780241565742,Fritz and Kurt,Children,Childrens Picture Books,YFY,Childrens Fiction,MISMATCH,
9781529511031,Chain of Thorns - 3 Last Hours,Fiction,Science Fiction and Fantasy,YFH,Childrens Fiction,MISMATCH,
9781529070385,Winnie The Pooh and Me,Biographies,Biography,YFA,Childrens Fiction,MISMATCH,
9780593234044,Everything I Need to Know I Learned from E.T. The Extra-Terrestrial,Well Being,Humour,VS,Psychology,MISMATCH,
9781838853341,We Are Electric - New Science of Our Body's Electrome,Well Being,Health,PDZ,General Science,MISMATCH,
9781803287423,Wild Women - A collection of first-hand accounts from female explorers,Travel,Travel Literature,WTL,Travel Guides,MISMATCH,
9781803287416,House of Snow - An Anthology of the Greatest Writing About Nepal,Travel,Travel Literature,DQ,General Fiction,MISMATCH,
9781788549851,Railways,Motoring,Transport,HBTB,History,MISMATCH,
9781839942099,Special Delivery -  A Book's Journey Around the World,Children,Childrens Picture Books,YN,Childrens Non Fiction,MISMATCH,
9781782694014,Teddys Midnight Adventure,Children,Childrens Picture Books,YB,Childrens Non Fiction,MISMATCH,
9781526305336,People You Need To Know - Philosophers,Sciences,Philosophy,YNM,Childrens Non Fiction,MISMATCH,
9781438050119,Furry Bunny,Children,Books For Babies,YB,Childrens Non Fiction,MISMATCH,
9780711268166,When We Went Wild,Children,Childrens Picture Books,YFB,Childrens Fiction,MISMATCH,
9780751584714,Asterix And The Griffin - Album 39,Fiction,Graphic Novels,YFW,Childrens Fiction,MISMATCH,
9781510107236,Asterix Omnibus 12,Fiction,Graphic Novels,YFW,Childrens Fiction,MISMATCH,
9781454710691,Creative Lettering Companion - More than 40 Imaginative & Inventive Prompts,The Arts,Craft,WFU,Fashion,MISMATCH,
9780008492847,War On The West - How To Prevail In The Age Of Unreason,History And Politics,History,JFC,Sociology,MISMATCH,
9780545921800,My Easter Egg A Sparkly Peek-Through Story,Children,Books For Babies,YBC,Childrens Picture Books,MISMATCH,
9781761204012,Wheres the Golden Easter Egg?,Children,Childrens Picture Books,YBG,Books For Babies,MISMATCH,
9781408877838,Song Rising - 3 Bone Season,Fiction,Science Fiction and Fantasy,FA,General Fiction,MISMATCH,
9780385603102,House Of Leaves,Fiction,Science Fiction and Fantasy,FA,General Fiction,MISMATCH,
9780764365621,KindKids Fun Mazes - A Super-Cute Book of Brain-Boosting Puzzles for Kids 6 & Up,Children,Activities,YNVP,Childrens Non Fiction,MISMATCH,
9780764365737,Num8ers de la Runway -  Fashionable Counting in English and French,The Arts,Fashion,YB,Childrens Non Fiction,MISMATCH,
9780764365942,Atlas of Dream Lands,Travel,Travel Literature,HBTP1,History,MISMATCH,
9780764365942,Atlas of Dream Lands,Travel,Atlases And Globes,HBTP1,History,MISMATCH,
9780008518080,Lies We Sing to the Sea,Fiction,Teen Fiction,YFCB,"Childrens Fiction, Thriller",MISMATCH,
9781471173080,One Medicine - How Understanding Animals Can Save Our Lives,Sciences,General Science,BGTA,Biography,MISMATCH,
9781460763032,Orphia And Eurydicius,Fiction,Historical Fiction,FQ,General Fiction,MISMATCH,
9780008387945,Nature of Middle Earth,Fiction,Science Fiction and Fantasy,FYB,General Fiction,MISMATCH,
9780008484422,Knowing What We Know - The Transmission of Knowledge From Ancient Wisdom to Modern Magic,Sciences,General Science,HBAH,History,MISMATCH,
9780300245929,Master And His Emissary - The Divided Brain And The Making Of The Western World,Sciences,General Science,HBTB,History,MISMATCH,
9781776890781,Kiwis and Cortinas,Motoring,Transport,WGCB,Gardening,MISMATCH,
9781922458889,Dog Days - A Year With Olive And Mabel,Sciences,Environment,BGA,Biography,MISMATCH,
9781922330932,Olive Mabel And Me - Life And Adventures With Two Very Good Dogs,Sciences,Environment,BGA,Biography,MISMATCH,
9780995143869,Crimetime - From Undercover Cop To International Investigator,History And Politics,True Crime,BG,Biography,MISMATCH,
9780425287132,Garfield Complete Works - Volume 2 1980-1981,Fiction,Graphic Novels,WH,Humour,MISMATCH,
9781406366327,Stormbreaker - The Graphic Novel,Fiction,Graphic Novels,YFW,Childrens Fiction,MISMATCH,
9781784873097,Story of a Life  Vol 1 - 3,Fiction,Classics,BM,Biography,MISMATCH,
9781802794939,Hidden World - How Insects Sustain Life on Earth Today and Will Shape Our Lives Tomorrow,Sciences,Environment,PDZ,General Science,MISMATCH,
9780008359317,Wild Isles,Sciences,Environment,AGN,Art,MISMATCH,
9781784287023,Art of War,Sciences,Philosophy,HBW,History,MISMATCH,
9780811204811,No Longer Human,Fiction,Classics,FA,General Fiction,MISMATCH,
9781405947787,Landlines,Travel,Travel Literature,BM,Biography,MISMATCH,
9781802060522,How to Prevent the Next Pandemic,Sciences,General Science,MJCJ,Health,MISMATCH,
9781776950577,"Art of Winning - Lessons in Leadership, Purpose and Potential",Sciences,Business,BGS,Biography,MISMATCH,
9781800816510,Ravenous - How to get ourselves and our planet into shape,Sciences,Environment,JFCV,Sociology,MISMATCH,
9780241530290,Peppa Pig - Peppa Plays Rugby,Children,Books For Babies,YBCH,Childrens Picture Books,MISMATCH,
9780143772699,My Body for Kiwi Babies,Children,Books For Babies,YBLA1,Childrens Non Fiction,MISMATCH,
9780143774433,Ocean for Kiwi Babies,Children,Books For Babies,YBLA1,Childrens Non Fiction,MISMATCH,
9780143771142,Colours for Kiwi Babies,Children,Books For Babies,YBCB,Childrens Picture Books,MISMATCH,
9780143772682,Animals for Kiwi Babies,Children,Books For Babies,YBLA1,Childrens Non Fiction,MISMATCH,
9780143771135,Counting for Kiwi Babies,Children,Books For Babies,YBCB,Childrens Picture Books,MISMATCH,
9780008483852,Hitler Stalin Mum and Dad - A Family Memoir of Miraculous Survival,Biographies,Biography,HBWQ,History,MISMATCH,
9781783786992,Grounding -  Finding Home in a Garden,The Garden,Gardening,BM,Biography,MISMATCH,
9781803280912,"Vanished Collection - Stolen masterpieces, family secrets and one woman's quest for the truth",The Arts,Art,BM,Biography,MISMATCH,
9780063086357,Now That Youre Here,Children,Books For Babies,YBC,Childrens Picture Books,MISMATCH,
9780241544495,"What Goes Up White and Comes Down Yellow - The funny, fiendish and fun-filled book of riddles!",Children,Activities,YNVP,Childrens Non Fiction,MISMATCH,
9781922330598,Glimpse,Fiction,Teen Fiction,YFG,Childrens Fiction,MISMATCH,
9780241614983,Spot - Whos There,Children,Books For Babies,YBCH,Childrens Picture Books,MISMATCH,
9781776958047,Hairy Maclary and Friends Ready to Play - A Sticker Activity Book,Children,Activities,YBGS,Books For Babies,MISMATCH,
9780099909705,Winner Take Nothing,Fiction,Classics,FA,General Fiction,MISMATCH,
9781474976763,Dont Tickle the Dinosaur,Children,Books For Babies,YBCB,Childrens Picture Books,MISMATCH,
9781925498936,Down And Out In Paris And London,Fiction,Classics,BM,Biography,MISMATCH,
9780241532676,Ten Minutes to Bed - Little Dinosaur,Children,Books For Babies,YBCS,Childrens Picture Books,MISMATCH,
9781877361883,Sea Wreck Stranger,Fiction,Teen Fiction,YFG,Childrens Fiction,MISMATCH,
9780141370538,Earthsea Quartet - The First Four Books,Fiction,Science Fiction and Fantasy,YFH,Childrens Fiction,MISMATCH,
9781471183683,Wager,Travel,Travel Literature,HBTM,History,MISMATCH,
9780008152321,Red Sister - 1 Book Of The Ancestor,Fiction,Science Fiction and Fantasy,YFH,Childrens Fiction,MISMATCH,
9781529013016,House for Mr Biswas,Fiction,Classics,FA,General Fiction,MISMATCH,
9781509828012,Anne Of Green Gables - Macmillan Collectors Library,Fiction,Classics,YFA,Childrens Fiction,MISMATCH,
9781529013047,Enigma of Arrival,Fiction,Classics,FA,General Fiction,MISMATCH,
9781529013030,In a Free State,Fiction,Classics,FA,General Fiction,MISMATCH,
9781865152431,Montessori Book of Music and Movement,Children,Study And Education,YBG,Books For Babies,MISMATCH,
9781865152431,Montessori Book of Music and Movement,Children,Activities,YBG,Books For Babies,MISMATCH,
9781488941481,1-25 Dot-to-dot - A Get Ready Book,Children,Study And Education,YQ,Childrens Picture Books,MISMATCH,
9781488941535,ABC Dot-to-dot - A Get Ready Book,Children,Study And Education,YQ,Childrens Picture Books,MISMATCH,
9781488938887,Time Money And Fractions - An I Know It,Children,Study And Education,YQM,Childrens Picture Books,MISMATCH,
9781488930010,Maths Basics 1 - An I Know It,Children,Study And Education,YBL,Childrens Non Fiction,MISMATCH,
9781488930072,Maths Basics 2 - An I Know It,Children,Study And Education,YBL,Childrens Non Fiction,MISMATCH,
9781488938658,Addition And Subtraction - An I Know It,Children,Study And Education,YBL,Childrens Non Fiction,MISMATCH,
9781488938702,Beginning Reading - School Zone Ages 6 - 8,Children,Study And Education,YBL,Childrens Non Fiction,MISMATCH,
9781488938825,Learning to Write - An I Know It!,Children,Study And Education,YBL,Childrens Non Fiction,MISMATCH,
9781035013180,Headmasters List,Fiction,Teen Fiction,YFCB,"Childrens Fiction, Thriller",MISMATCH,
9780143773641,Hairy Maclary And Friends - 123 In Maori And English,Children,Books For Babies,YBCH,Childrens Picture Books,MISMATCH,
9781786786807,Shodo - Practice Of Mindfulness Through The Ancient Art Of Japanese Calligraphy,The Arts,Art,WF,Fashion,MISMATCH,
9780241543221,Poverty By America,History And Politics,History,JFFA,Sociology,MISMATCH,
9780143773948,Scarface Claw Hold Tight,Children,Books For Babies,YBCH,Childrens Picture Books,MISMATCH,
9780760373736,Complete Book Of Ducati Motorcycles - Every Model Since 1946,Motoring,Transport,WGCK,Gardening,MISMATCH,
9781783966981,Dancing for Stalin -  A True Story of Extraordinary Courage and Survival in the Soviet Gulag,Biographies,Biography,HBJD,History,MISMATCH,
9780141343365,Babys Catalogue,Children,Books For Babies,YBCB,Childrens Picture Books,MISMATCH,
9781877085208,Writing Essays And Reports - Blakes Go Guides,Biographies,Essays,CBW,Languages,MISMATCH,
9780857526496,Snuff - 39 Discworld Novel,Children,Childrens Fiction,FM,Science Fiction and Fantasy,MISMATCH,
9780857526502,Raising Steam - 40 Discworld Novel,Children,Childrens Fiction,FM,Science Fiction and Fantasy,MISMATCH,
9781839648878,"Greek Myths and Legends - Tales of Heroes, Gods & Monsters",History And Politics,Mythology,FQ,General Fiction,MISMATCH,
9781460757161,Phosphorescence,Well Being,Psychology,BM,Biography,MISMATCH,
9780008394691,Snow Widows - Scotts Fatal Antarctic Expedition by the Women Left Behind,Travel,Travel Literature,BG,Biography,MISMATCH,
9780008592271,Amazing Animals - A Flip The Flap Book,Children,Books For Babies,YBCH,Childrens Picture Books,MISMATCH,
9780008592264,Silly Opposites - A Flip The Flap Book,Children,Books For Babies,YBCH,Childrens Picture Books,MISMATCH,
9780008592288,Wacky Weather - A Flip The Flap Book,Children,Books For Babies,YBCH,Childrens Picture Books,MISMATCH,
9780008592295,Dizzy Days - A Flip The Flap Book,Children,Books For Babies,YBCH,Childrens Picture Books,MISMATCH,
9781804172315,"African Folk and Fairy Tales - Ancient Wisdom, Fables and Folkore",History And Politics,Mythology,FQ,General Fiction,MISMATCH,
9781839648892,"Japanese Myths and Legends - Tales of Heroes, Gods and Monsters",History And Politics,Mythology,FQ,General Fiction,MISMATCH,
9781839648885,"African Myths And Legends - Tales of Heroes, Gods and Monsters",History And Politics,Mythology,FQ,General Fiction,MISMATCH,
9781804172308,"Viking Folk and Fairy Tales - Ancient Wisdom, Fables and Folkore",History And Politics,Mythology,FQ,General Fiction,MISMATCH,
9781804172292,"Scottish Folk and Fairy Tales - Ancient Wisdom, Fables and Folkore",History And Politics,Mythology,FQ,General Fiction,MISMATCH,
9781804172285,"Irish Folk and Fairy Tales - Ancient Wisdom, Fables and Folkore",History And Politics,Mythology,FQ,General Fiction,MISMATCH,
9781804173251,"Persian Myths and Legends - Tales of Heroes, Gods and Monsters",History And Politics,Mythology,FQ,General Fiction,MISMATCH,
9781804173275,"Indian Myths and Legends - Tales of Heroes, Gods and Monsters",History And Politics,Mythology,FQ,General Fiction,MISMATCH,
9781804173268,Egyptian Myths And Legends - Tales of Heroes Gods And Monsters,History And Politics,Mythology,FQ,General Fiction,MISMATCH,
9781804173282,"Arthurian Myths and Legends - Tales of Heroes, Gods and Monsters",History And Politics,Mythology,FQ,General Fiction,MISMATCH,
9781612545998,Bing Bang Chugga Beep,Children,Childrens Picture Books,YFB,Childrens Fiction,MISMATCH,
9781988503318,Sure To Rise - The Edmonds Story,Sciences,Business,BGB,Biography,MISMATCH,
9781952177743,Fat Off Fat On -  On the Trials and Tribulations of a Fat Bitch Who Taught Me A Lot,Well Being,Health,JFFJ,Sociology,MISMATCH,
9781760506117,Big Dog  Little Dog,Children,Childrens Fiction,YBCS,Childrens Picture Books,MISMATCH,
9781776958054,Para Pukeko and the Stupid Time Thingy,Fiction,Graphic Novels,YNUC,Childrens Non Fiction,MISMATCH,
9781405297257,Find Fix Go,Children,Childrens Picture Books,YNTR,Childrens Non Fiction,MISMATCH,
9781804182550,Culture - A New World History,History And Politics,History,JFCX,Sociology,MISMATCH,
9781526651938,On Our Best Behaviour - The Price Women Pay to Be Good,Well Being,Gender,JFSJ1,Sociology,MISMATCH,
9781503756649,Sesame Street Monster At The End Of This 10 Button Sound Book,Children,Childrens Picture Books,YFH,Childrens Fiction,MISMATCH,
9781526658463,Youre Not Supposed to Die Tonight,Fiction,Teen Fiction,YFD,"Childrens Fiction, Horror",MISMATCH,
9780711282322,Slow Traveller - An Intentional Path To Mindful Adventures,Travel,Travel Literature,WTHC,Travel Guides,MISMATCH,
9781473660588,America Before - The Key to Earths Lost Civilization,Well Being,New Age,HBJK,History,MISMATCH,
9781472988652,Olympic Titanic Britannic - The Anatomy And Evolution of the Olympic Class,Motoring,Transport,WGG,Gardening,MISMATCH,
9780099302780,Guns Germs And Steel,Sciences,General Science,HBG,History,MISMATCH,
9781426221873,Secrets Of The Whales,Sciences,Environment,AGN,Art,MISMATCH,
9780241620243,Territory of Light,Fiction,Classics,FA,General Fiction,MISMATCH,
9780241620229,Dream Story,Fiction,Classics,FA,General Fiction,MISMATCH,
9780241619711,1964 - Eyes of the Storm,The Arts,Music And Performing Arts,AJC,Photography,MISMATCH,
9780241597118,"On Women - A New Collection Of Feminist essays from the influential writer, activist and critic, Susan Sontag",Well Being,Gender,JFFK,Sociology,MISMATCH,
9780733649448,WAKE - 1 Lane Holland,Fiction,Crime Fiction,FA,General Fiction,MISMATCH,
9780316056618,Freewater,Fiction,Teen Fiction,YFC,Childrens Fiction,MISMATCH,
9781846047442,My Friend Anne Frank,Biographies,Biography,HBWQ,History,MISMATCH,
9781761340970,Mr McGee And The Biting Flea,Children,Books For Babies,YB,Childrens Non Fiction,MISMATCH,
9781761049378,Bluey - Super Stickers,Children,Activities,YB,Childrens Non Fiction,MISMATCH,
9781776957071,Matariki,Children,Books For Babies,YBL,Childrens Non Fiction,MISMATCH,
9780552578929,Amazing Maurice and his Educated Rodents - Film Tie-in,Children,Childrens Fiction,FM,Science Fiction and Fantasy,MISMATCH,
9780500650905,My Worst Book Ever!,Children,Childrens Picture Books,YFB,Childrens Fiction,MISMATCH,
9781797207940,Oh No The Aunts Are Here,Children,Childrens Picture Books,YFN,Childrens Fiction,MISMATCH,
9780143778677,Times Raven - 2 Eternity Loop,Fiction,Teen Fiction,FL,Science Fiction and Fantasy,MISMATCH,
9781399715041,Monsters - A Fans Dilemma,Sciences,Philosophy,JFM,Sociology,MISMATCH,
9780241377093,Dark Is Rising - 2 Dark Is rising,Fiction,Teen Fiction,YFB,Childrens Fiction,MISMATCH,
9780473464295,Wind At My Back - A Memoir Of Cancer Love And Endurance,Well Being,Health,BM,Biography,MISMATCH,
9781406394788,Babys First Encyclopedia,Children,Books For Babies,YBLA1,Childrens Non Fiction,MISMATCH,
9781406394009,Farm Animals,Children,Books For Babies,YBLA1,Childrens Non Fiction,MISMATCH,
9780316430913,"My Dad Had That Car - A Nostalgic Look at the American Automobile, 1920-1990",Motoring,Transport,WGCB,Gardening,MISMATCH,
9781786859860,Fred Basset Yearbook 2020 - Witty Comic Strips from Britain's Best-Loved Basset Hound,Fiction,Graphic Novels,WHC,Humour,MISMATCH,
9780228100331,Trump From A to Z - 2018,Fiction,Graphic Novels,WH,Humour,MISMATCH,
9781529196047,Me Vs Brain - An Overthinkers Guide To Life,Well Being,Psychology,BGA,Biography,MISMATCH,
9781419759635,Extinct & Endangered -  Insects in Peril,Sciences,Environment,AJC,Photography,MISMATCH,
9781988547268,Towards The Mountain - A Story Of Grief And Hope Forty Years On From Erebus,Travel,Travel Literature,BM,Biography,MISMATCH,
9780711274235,Listen To The Music - A World Of Magical Melodies,The Arts,Music And Performing Arts,YBGT1,Books For Babies,MISMATCH,
9780711249523,Story Orchestra - Carnival Of The Animals,The Arts,Music And Performing Arts,YBGT1,Books For Babies,MISMATCH,
9780711260139,Story Orchestra - The Magic Flute,The Arts,Music And Performing Arts,YBG,Books For Babies,MISMATCH,
9780711264908,Story Orchestra - I Can Play,The Arts,Music And Performing Arts,YBGT1,Books For Babies,MISMATCH,
9780711271975,Story Orchestra - In the Hall of the Mountain King,The Arts,Music And Performing Arts,YBGT1,Books For Babies,MISMATCH,
9780711241503,Story Orchestra - Swan Lake,The Arts,Music And Performing Arts,YB,Childrens Non Fiction,MISMATCH,
9781786030689,Story Orchestra - The Nutcracker,The Arts,Music And Performing Arts,YBGT1,Books For Babies,MISMATCH,
9781786030931,Story Orchestra - The Sleeping Beauty,The Arts,Music And Performing Arts,YBGT1,Books For Babies,MISMATCH,
9781847808776,Story Orchestra - Four Seasons In One Day,The Arts,Music And Performing Arts,YNC,Childrens Non Fiction,MISMATCH,
9780356516066,Ithaca - 1 Songs of Penelope,Fiction,Historical Fiction,FA,General Fiction,MISMATCH,
9780008487584,Prince Rupert Hotel For The Homeless - A True Story Of Love And Compassion Amid A Pandemic,Biographies,Biography,JFFB,Sociology,MISMATCH,
9781419749803,Vegetables in Pajamas,Children,Books For Babies,YFQ,Childrens Fiction,MISMATCH,
9780749584733,Britain - AA Road Map,Travel,Maps,WTRD,Travel Literature,MISMATCH,
9781839648861,Norse Myths And Legends - Tales Of Heroes Gods And Monsters,History And Politics,Mythology,FQ,General Fiction,MISMATCH,
9781368025621,Magical Yet,Children,Childrens Fiction,YBC,Childrens Picture Books,MISMATCH,
9781471191305,Invisible,Children,Childrens Fiction,YBCS,Childrens Picture Books,MISMATCH,
9780367896164,Choreography - The Basics,The Arts,Music And Performing Arts,AB,Art,MISMATCH,
9781529388350,This Is Not A Pity Memoir,Biographies,Biography,VFJB,Psychology,MISMATCH,
9783836593489,Harry Benson - The Beatles,The Arts,Music And Performing Arts,AJ,Photography,MISMATCH,
9781761044137,Shes On The Money,Sciences,Business,VSB,Psychology,MISMATCH,
9780500294840,"Garden City - Supergreen Buildings, Urban Skyscapes and the New Planted Space",The Garden,Gardening,AMCR,Architecture,MISMATCH,
9780143772712,Zachary Quack Minimonster,Children,Books For Babies,YBCS,Childrens Picture Books,MISMATCH,
9780143771326,Hairy Maclary And Friends Little Library,Children,Books For Babies,YBCB,Childrens Picture Books,MISMATCH,
9780857632449,Pip and Posy - The Big Balloon,Children,Books For Babies,YBCS,Childrens Picture Books,MISMATCH,
9781787006515,Old MacDonald Had a Farm - And It Was Very Noisy,Children,Books For Babies,YBLC,Childrens Non Fiction,MISMATCH,
9780224100625,Cycling is My Life,Sport,Cycling,BGSA,Biography,MISMATCH,
9780141362779,Goodnight Tractor,Children,Books For Babies,YBC,Childrens Picture Books,MISMATCH,
9780241620458,Ten Minutes to Bed - Bedtime Little Library,Children,Books For Babies,YBCS,Childrens Picture Books,MISMATCH,
9780241620342,Ten Minutes to Bed - Little Dragon,Children,Books For Babies,YBCS,Childrens Picture Books,MISMATCH,
9780241489895,Ten Minutes to Bed - Little Mermaid,Children,Books For Babies,YBCS,Childrens Picture Books,MISMATCH,
9780241436677,Ten Minutes to Bed - Little Monster,Children,Books For Babies,YBCS,Childrens Picture Books,MISMATCH,
9780241408339,Ten Minutes to Bed -  Little Unicorn,Children,Books For Babies,YBCS,Childrens Picture Books,MISMATCH,
9781526323347,Football Joke Book,Children,Childrens Fiction,YNU,Childrens Non Fiction,MISMATCH,
9780712354233,Suddenly at His Residence - A Kent Mystery,Fiction,Crime Fiction,FKC,Horror,MISMATCH,
9781922616180,Different Not Less - A Neurodivergents guide to embracing your true self and finding your happily ever after,Well Being,Psychology,BGFA,Biography,MISMATCH,
9781529354904,Darkening,Fiction,Teen Fiction,YFH,Childrens Fiction,MISMATCH,
9781471189326,History Of Speed,Motoring,Transport,WGCB,Gardening,MISMATCH,
9782067193413,World - Michelin National Map 701,Travel,Maps,WTR,Travel Literature,MISMATCH,
9781760260897,Make a Splash - Disney the Little Mermaid,Children,Childrens Fiction,YBC,Childrens Picture Books,MISMATCH,
9781776958115,Badjelly The Witch - 50th Anniversary Edition,Children,Childrens Fiction,YBCS,Childrens Picture Books,MISMATCH,
9781991006462,On The Record,History And Politics,Politics,BGH,Biography,MISMATCH,
9780440406945,D'Aulaires Book of Greek Myths,History And Politics,Mythology,JFHF,Sociology,MISMATCH,
9780316438520,Mythology - Timeless Tales of Gods and Heroes - 75th Anniversary Illustrated Edition,History And Politics,Mythology,HRKP,Religion,MISMATCH,
9781647822538,Anxious Achiever -  Turn Your Biggest Fears into Your Leadership Superpower,Well Being,Psychology,KJMB,Business,MISMATCH,
9781035005604,Celebrating The Seasons With The Yorkshire Shepherdess - Farming Family And Delicious Recipes To Share,Travel,Travel Literature,BM,Biography,MISMATCH,
9781775541509,Living Lightly - The Busy Person's Guide to Mindful Consumption,Well Being,Health,WK,General Sport And Fitness,MISMATCH,
9780141368931,Wave,Fiction,Teen Fiction,YFB,Childrens Fiction,MISMATCH,
9781907860041,Youre The Biggest,Children,Childrens Picture Books,YBL,Childrens Non Fiction,MISMATCH,
9780141356488,Babys Big Box of Little Books,Children,Books For Babies,YBL,Childrens Non Fiction,MISMATCH,
9781988516554,Great Kiwi 123 Colouring Book,Children,Activities,YBGC,Books For Babies,MISMATCH,
9781788162067,Stillness is the Key - An Ancient Strategy for Modern Life,Sciences,Business,VSC,Psychology,MISMATCH,
9781788162968,Story of the Brain in 101/2 Cells,Sciences,General Science,MJN,Health,MISMATCH,
9784805317723,Osamu Dazai's -  No Longer Human,Fiction,Graphic Novels,FA,General Fiction,MISMATCH,
9781776890613,Here Upon The Tide,Fiction,Teen Fiction,YFB,Childrens Fiction,MISMATCH,
9781761106699,Last Shot,Well Being,Food And Beverage,BM,Biography,MISMATCH,
9781786499172,In Search of Us - Twelve Adventures in Anthropology,Sciences,General Science,JH,Sociology,MISMATCH,
9781419760624,Bugblock,Children,Books For Babies,YNNR,Childrens Non Fiction,MISMATCH,
9780723267034,Peter Rabbit My First Little Library,Children,Books For Babies,YBL,Childrens Non Fiction,MISMATCH,
9780241543443,Peppa Pig - Peppa at the Farm - A Lift-the-Flap Book,Children,Books For Babies,YBCH,Childrens Picture Books,MISMATCH,
9780141374123,Revolting Rhymes,Children,Childrens Fiction,YBC,Childrens Picture Books,MISMATCH,
9781761260780,Shot,Fiction,Crime Fiction,FA,General Fiction,MISMATCH,
9781035028498,Are You There God - Its Me Margaret,Fiction,Teen Fiction,YFB,Childrens Fiction,MISMATCH,
9780241331224,Secret Diary of Adrian Mole Aged 13 3/4,Fiction,Teen Fiction,YFB,Childrens Fiction,MISMATCH,
9780143566342,Labyrinths - Popular Penguins,Fiction,Classics,FYB,General Fiction,MISMATCH,
9780141194721,Thirty Nine Steps - Popular Penguins,Fiction,Classics,FFC,Crime Fiction,MISMATCH,
9780141037226,Clockwork Orange - Popular Penguin,Fiction,Classics,FA,General Fiction,MISMATCH,
9780141045405,Junky - Popular Penguins,Fiction,Classics,FA,General Fiction,MISMATCH,
9780141045511,Plague - Popular Penguins,Fiction,Classics,FA,General Fiction,MISMATCH,
9780141037592,Big Sleep - Popular Penguin,Fiction,Classics,FF,Crime Fiction,MISMATCH,
9780143570165,Man Who Was Thursday - Popular Penguin Crime Classics,Fiction,Classics,FFC,Crime Fiction,MISMATCH,
9780141037578,Tales of the Unexpected - Popular Penguins,Fiction,Classics,FA,General Fiction,MISMATCH,
9780141399430,On Natural Selection - Popular Penguins,Fiction,Classics,PSAJ,General Science,MISMATCH,
9780141194745,Christmas Carol - Popular Penguins,Fiction,Classics,YFA,Childrens Fiction,MISMATCH,
9780141037585,Beach - Popular Penguins,Fiction,Classics,FH,Thriller,MISMATCH,
9780141045436,Chrysalids - Popular Penguins,Fiction,Classics,FA,General Fiction,MISMATCH,
9781035028313,Fake Dates and Mooncakes,Fiction,Teen Fiction,YFM,"Childrens Fiction, Romance",MISMATCH,
9780143566434,Time Machine - Popular Penguins,Fiction,Classics,FLC,Science Fiction and Fantasy,MISMATCH,
9781035026227,I Wish You All the Best,Fiction,Teen Fiction,YFM,"Childrens Fiction, Romance",MISMATCH,
9780141037417,Kingdom of Fear - Popular Penguins,Fiction,Classics,BGA,Biography,MISMATCH,
9781250816269,Books of Clash Volume 1 - Legendary Legends of Legendarious Achievery,Fiction,Graphic Novels,YFW,Childrens Fiction,MISMATCH,
9780141037691,Secret History,Fiction,Classics,FA,General Fiction,MISMATCH,
9780141037509,Perfume - Popular Penguins,Fiction,Classics,FV,Historical Fiction,MISMATCH,
9780141038421,Of Mice and Men - Popular Penguins,Fiction,Classics,FA,General Fiction,MISMATCH,
9780141045573,Age Of Reason - Popular Penguins 2,Fiction,Classics,FA,General Fiction,MISMATCH,
9780141037431,Lolita - Popular Penguins,Fiction,Classics,FA,General Fiction,MISMATCH,
9780241968581,One Hundred Years of Solitude,Fiction,Classics,FA,General Fiction,MISMATCH,
9780141037455,Love in the Time of Cholera - Popular Penguins,Fiction,Classics,FA,General Fiction,MISMATCH,
9781529041293,Gardening Dog,Children,Childrens Picture Books,YF,Childrens Fiction,MISMATCH,
9781035003969,Babies Laugh at Everything -  A Press The Page Sound Book with Mirror,Children,Books For Babies,YBCB,Childrens Picture Books,MISMATCH,
9781529095517,Head Shoulders Knees And Toes - Sing along with Floella,Children,Activities,YBG,Books For Babies,MISMATCH,
9780711275829,Worlds Best Dad,Children,Activities,YBGC,Books For Babies,MISMATCH,
9781776940226,Ta te Kiwi 123 Puka Whakakarakara,Children,Activities,YBGC,Books For Babies,MISMATCH,
9781400336159,Secret Garden - Painted Editions,Fiction,Classics,YFA,Childrens Fiction,MISMATCH,
9781035011971,Babies Laugh at Peekaboo -  Play Along with Grab-and-pull Pages and Mirror,Children,Books For Babies,YBCB,Childrens Picture Books,MISMATCH,
9781449489786,Herding Cats - A Sarahs Scribbles Collection,Fiction,Graphic Novels,WHC,Humour,MISMATCH,
9781804290439,"How Did We Get Into This Mess? Politics, Equality, Nature",Sciences,Environment,JP,Politics,MISMATCH,
9780062995117,Garlic and the Witch - 2 Garlic,Fiction,Graphic Novels,YFW,Childrens Fiction,MISMATCH,
9781338871333,Nexie - 6 Five Nights at Freddy's -Tales from the Pizzaplex,Fiction,Teen Fiction,YFD,"Childrens Fiction, Horror",MISMATCH,
9780394839103,Berenstain Bears and the Spooky Old Tree,Children,Childrens Fiction,YBC,Childrens Picture Books,MISMATCH,
9780702259999,Waterhole,Fiction,Teen Fiction,YFB,Childrens Fiction,MISMATCH,
9781760974893,Speedy Sloth,Children,Childrens Fiction,YBC,Childrens Picture Books,MISMATCH,
9781529060386,When Bad Things Happen To Good People,Well Being,Psychology,HRJ,Religion,MISMATCH,
9781399610698,Around the World in 80 Plants,Sciences,Environment,AGNB,Art,MISMATCH,
9781529038347,Radical Candor - How to Get What You Want by Saying What You Mean,Sciences,Business,VSC,Psychology,MISMATCH,
9780091893828,Snow Goose,Children,Childrens Fiction,YBC,Childrens Picture Books,MISMATCH,
9781786898791,Bi - The Hidden Culture History and Science of Bisexuality,Well Being,Gender,PDZ,General Science,MISMATCH,
9781776953400,Catch A Falling Star,Fiction,Teen Fiction,YFB,Childrens Fiction,MISMATCH,
9781840227819,Christmas Carol - Wordsworth Collectors Editions,Christmas,Christmas Books,YFA,Childrens Fiction,MISMATCH,
9781840227819,Christmas Carol - Wordsworth Collectors Editions,Fiction,Classics,YFA,Childrens Fiction,MISMATCH,
9781493069002,To Distant Shores,Fiction,Historical Fiction,FJ,General Fiction,MISMATCH,
9780141984438,Philosopher of the Heart - The Restless Life of Soren Kierkegaard,Sciences,Philosophy,BGL,Biography,MISMATCH,
9781853264740,Utopia,Sciences,Philosophy,FC,Classics,MISMATCH,
9781800240865,"Barn - The Lives, Landscape and Lost Ways of an Old Yorkshire Farm",Travel,Travel Literature,HBTB,History,MISMATCH,
9781780557540,Am I Made Of Stardust - Dr Maggie Answers The Big Questions For Young Scientists,Sciences,General Science,YNTS,Childrens Non Fiction,MISMATCH,
9781925322613,Rethinking Our World - An Invitation To Rescue Our Future,Sciences,General Science,JPVH1,Politics,MISMATCH,
9781761264535,Prince And The Apocalypse,Fiction,Teen Fiction,YF,Childrens Fiction,MISMATCH,
9781529087086,What the Ladybird Heard at Christmas,Christmas,Christmas Books,YBCS,Childrens Picture Books,MISMATCH,
9780241629949,Illegitimate Authority - Facing the Challenges of Our Time,Sciences,General Science,JPA,Politics,MISMATCH,
9781509857302,Meerkat Christmas,Christmas,Christmas Books,YBCS,Childrens Picture Books,MISMATCH,
9780008498504,Wavewalker - Breaking Free,Travel,Travel Literature,BM,Biography,MISMATCH,
9781805310044,Poppy And Sams Farm Animal Sounds,Children,Books For Babies,YNNF,Childrens Non Fiction,MISMATCH,
9781760653736,Inkflower,Fiction,Teen Fiction,YFB,Childrens Fiction,MISMATCH,
9781529149166,What About Men,Well Being,Gender,JFFK,Sociology,MISMATCH,
9781529010893,One Fox - A Counting Book Thriller,Children,Childrens Picture Books,YBLC,Childrens Non Fiction,MISMATCH,
9781776574711,Lets Play - Little Rabbit,Children,Books For Babies,YBCB,Childrens Picture Books,MISMATCH,
9781406373837,Willy and the Cloud,Children,Childrens Picture Books,YFB,Childrens Fiction,MISMATCH,
9781406397116,We Found a Hat,Children,Books For Babies,YBCS,Childrens Picture Books,MISMATCH,
9780593303979,"This Is Our Rainbow -  16 Stories of Her, Him, Them, and Us",Fiction,Teen Fiction,YF,Childrens Fiction,MISMATCH,
9783836586023,Remote Experiences -  Extraordinary Travel Adventures from North to South,Travel,Travel Literature,AJ,Photography,MISMATCH,
9781398518889,Year of Sitting Dangerously - My Garden Safari,Travel,Travel Literature,BGA,Biography,MISMATCH,
9780241609774,Goddesses and Heroines - Meet More Than 80 Legendary Women From Around the World,History And Politics,Mythology,YNX,Childrens Non Fiction,MISMATCH,
9781761049392,Daddy Robot - Bluey A Father's Day Book,Children,Books For Babies,YFB,Childrens Fiction,MISMATCH,
9780141984629,Radical Potter - Josiah Wedgwood and the Transformation of Britain,The Arts,Art,BGH,Biography,MISMATCH,
9780241990131,"Birds and Us - A 12,000 Year History, from Cave Art to Conservation",Sciences,Environment,PSVW6,General Science,MISMATCH,
9781776957057,There Was An Odd Farmer Who Swallowed A Fly,Children,Childrens Picture Books,YNNF,Childrens Non Fiction,MISMATCH,
9781509831975,Goodnight Moon,Children,Books For Babies,YBCB,Childrens Picture Books,MISMATCH,
9781988595696,Dad Youve Got Dementia - Conversations with my father,Well Being,Psychology,BM,Biography,MISMATCH,
9781788688307,Greek - Lonely Planet Phrasebook & Dictionary,Travel,Languages,WTK,Travel Guides,MISMATCH,
9781788680875,Italian - Lonely Planet Phrasebook & Dictionary,Travel,Languages,WTK,Travel Guides,MISMATCH,
9781788680844,Spanish - Lonely Planet Phrasebook and Dictionary,Travel,Languages,WTK,Travel Guides,MISMATCH,
9780804856669,Lets Learn Korean Flash Card Kit,Travel,Languages,YNM,Childrens Non Fiction,MISMATCH,
9784805317518,Hidden Japan,Travel,Travel Literature,WTL,Travel Guides,MISMATCH,
9781529423501,Daughter of Auschwitz,Biographies,Biography,HBJD,History,MISMATCH,
9780751583793,In Two Minds - Stories of murder justice and recovery from a forensic psychiatrist,History And Politics,True Crime,BM,Biography,MISMATCH,
9781408366653,Ten Little Bugs,Children,Childrens Picture Books,YBLC,Childrens Non Fiction,MISMATCH,
9780008532253,Uhtreds Feast - Inside The World Of The Last Kingdom,Fiction,Historical Fiction,FA,General Fiction,MISMATCH,
9781776950577,"Art of Winning - Lessons in Leadership, Purpose and Potential",Sport,Rugby,BGS,Biography,MISMATCH,
9780593303979,"This Is Our Rainbow -  16 Stories of Her, Him, Them, and Us",Well Being,Gender,YF,Childrens Fiction,MISMATCH,
9781776890781,Kiwis and Cortinas,,Motoring and Transport,WGCB,Gardening,MISMATCH,
9781405949217,12 Birds to Save Your Life -  Nature's Lessons in Happiness,Sciences,Environment,BM,Biography,MISMATCH,
9780063339071,Librarian of Burned Books,Fiction,Historical Fiction,FA,General Fiction,MISMATCH,
9781804180136,Nemesis,Fiction,Historical Fiction,FJH,General Fiction,MISMATCH,
9781849948449,Mid Century Woodworking Pattern Book - 80 Projects To Make By Hand,The Arts,Craft,WKDW,General Sport And Fitness,MISMATCH,
9780063050150,Sky - 2 Warriors - A Starless Clan,Fiction,Teen Fiction,YFP,Childrens Fiction,MISMATCH,
9780500252512,Gothic - An Illustrated History,The Arts,Art,HBTB,History,MISMATCH,
9782067175259,Western USA Western Canada - Michelin Regional Map 585,Travel,Maps,WTRD,Travel Literature,MISMATCH,
9782067259577,France - Reversible - Michelin National Map 722,Travel,Maps,WTRD,Travel Literature,MISMATCH,
9781800751446,Woke Racism - How a New Religion has Betrayed Black America,History And Politics,History,JFSL3,Sociology,MISMATCH,
9780241618097,One of Us is Back,Fiction,Teen Fiction,YFCB,"Childrens Fiction, Thriller",MISMATCH,
9781801319256,Animal Orchestra Plays Tchaikovsky,Children,Novelty Books,YBGT1,Books For Babies,MISMATCH,
9781990048487,Landfall 244,Fiction,Poetry,DQ,General Fiction,MISMATCH,
9781775437505,Roo And Vladimir - An Unlikely Friendship,Children,Childrens Picture Books,YFN,Childrens Fiction,MISMATCH,
9781797217567,"Tales of Polynesia - Folktales from Hawai'i, New Zealand, Tahiti, and Samoa",History And Politics,Mythology,FQ,General Fiction,MISMATCH,
9780241640159,Cat Who Taught Zen,Fiction,Graphic Novels,HREZ,Religion,MISMATCH,
9780310759010,In 27 Days,Fiction,Teen Fiction,YFCF,Childrens Fiction,MISMATCH,
9780241450680,Bee Who Loved Words,Children,Childrens Picture Books,YBLB,Childrens Non Fiction,MISMATCH,
9781761049385,Bluey - Friends Little Library,Children,Books For Babies,YFB,Childrens Fiction,MISMATCH,
9780241517420,Spots Baby Sister,Children,Books For Babies,YFB,Childrens Fiction,MISMATCH,
9781914198397,They Went to Portugal -  A Travellers' Portrait,Travel,Travel Literature,WTLC,Travel Guides,MISMATCH,
9781526600066,World in 2050 -  How to Think About the Future,History And Politics,History,KCJ,Economics,MISMATCH,
9781526646033,All Thats Left to Say,Fiction,Teen Fiction,YFM,"Childrens Fiction, Romance",MISMATCH,
9781847926647,Silent Fire - The Story Of Inflammation Diet And Disease,Well Being,Health,PDZ,General Science,MISMATCH,
9781398520011,Exceptions - Nancy Hopkins and the fight for women in science,Sciences,General Science,BGT,Biography,MISMATCH,
9781839133138,Safiyyahs War,Fiction,Teen Fiction,YFT,Childrens Fiction,MISMATCH,
9780861544202,Warrior Girl Unearthed,Fiction,Teen Fiction,YFCB,"Childrens Fiction, Thriller",MISMATCH,
9780593578803,Happy Houseplant Coloring Book,The Garden,Gardening,WF,Fashion,MISMATCH,
9781452178585,I Have An Idea,Children,Childrens Picture Books,YBG,Books For Babies,MISMATCH,
9781783788590,Move Like Water - A Story of the Sea and Its Creatures,Sciences,Environment,BM,Biography,MISMATCH,
9781800786202,Anthology Of Aesops Animal Fables,Children,Childrens Fiction,JFHF,Sociology,MISMATCH,
9781776940004,Shoe Trouble,Children,Childrens Picture Books,YFC,Childrens Fiction,MISMATCH,
9781534467637,Better Than the Movies,Fiction,Teen Fiction,YF,Childrens Fiction,MISMATCH,
9780545623957,Locker Ate Lucy! - 2 Eerie Elementary,Children,Childrens Fiction,YFD,"Childrens Fiction, Horror",MISMATCH,
9780545873529,Recess Is a Jungle! - 3 Eerie Elementary,Children,Childrens Fiction,YFD,"Childrens Fiction, Horror",MISMATCH,
9781446309100,Yarn Mandalas For Beginners And Beyond - Woven Wall Hangings For Mindful Making,The Arts,Craft,WFG,Fashion,MISMATCH,
9781800920132,Needle Felting Dolls - A Complete Course In Sculpting Figures,The Arts,Craft,WFH,Fashion,MISMATCH,
9781446304006,Tildas Winter Delights,The Arts,Craft,WF,Fashion,MISMATCH,
9781446308240,Luna Lapin - Making New Friends - Sewing Patterns From Lunas Little World,The Arts,Craft,WFH,Fashion,MISMATCH,
9781861087034,Wax Candles,The Arts,Craft,WF,Fashion,MISMATCH,
9781446309247,More Crochet Iconic Women - Amigurumi Patterns For 15 Incredible Women Who Changed The World,The Arts,Craft,WFH,Fashion,MISMATCH,
9781446309414,Luna Lapin And Friends - A Year of Making - Sewing Patterns And Stories For Heirloom Dolls,The Arts,Craft,WFH,Fashion,MISMATCH,
9781782439097,Road Racer - Its In My Blood,Motoring,Transport,BGSA,Biography,MISMATCH,
9781446308721,Zero Waste Christmas - Crafty Ideas For A Sustainable Christmas,The Arts,Craft,WF,Fashion,MISMATCH,
9780141379661,Max The Brave,Children,Books For Babies,YBCH,Childrens Picture Books,MISMATCH,
9781800920781,Amazing Circular Weaving - Little Loom Techniques Patterns And Projects For Complete Beginners,The Arts,Craft,WFG,Fashion,MISMATCH,
9781782218364,Macrame For The Modern Home - 16 Stunning Projects Using Simple Knots and Natural Dyes,The Arts,Craft,WFC,Fashion,MISMATCH,
9781444951912,Global,Fiction,Graphic Novels,YFW,Childrens Fiction,MISMATCH,
9781009257930,Unwired - Gaining Control over Addictive Technologies,Sciences,General Science,JFMG,Sociology,MISMATCH,
9781922585080,Woman They Could Not Silence,History And Politics,History,JFSJ1,Sociology,MISMATCH,
9781447363217,Richer The Poorer - How Britain Enriched The Few And Failed The Poor A 200-Year History,History And Politics,History,JFFA,Sociology,MISMATCH,
9780008542160,Alice's Adventures in Wonderland and Through the Looking Glass - Collins Classics,Fiction,Classics,FM,Science Fiction and Fantasy,MISMATCH,
9780008542191,Sign of the Four - Collins Classics,Fiction,Classics,FA,General Fiction,MISMATCH,
9781805301202,Your Brain On Art - How the Arts Transform Us,The Arts,Art,PSAN,General Science,MISMATCH,
9781788680875,Italian - Lonely Planet Phrasebook & Dictionary,Travel,Languages,WTK,Travel Guides,MISMATCH,
9781776890804,Kiwis On Harleys,Motoring,Transport,WGCK,Gardening,MISMATCH,
9781838696047,Epic Bike Rides of Australia and New Zealand,Sport,Cycling,WTM,Travel Guides,MISMATCH,
9781838696030,Epic Snow Adventures of the World,Travel,Travel Literature,WTM,Travel Guides,MISMATCH,
9781804175910,Viking Folk And Fairy Tales - Epic Tales,History And Politics,Mythology,FQ,General Fiction,MISMATCH,
9781761265976,Night in Passchendaele,Fiction,Historical Fiction,FJMF,General Fiction,MISMATCH,
9781529070521,Burial of Ghosts,Fiction,Crime Fiction,FA,General Fiction,MISMATCH,
9781786570925,Burmese Phrasebook and Dictionary - Lonely Planet,Travel,Languages,WTK,Travel Guides,MISMATCH,
9781786570895,Nepali Phrasebook And Dictionary - Lonely Planet,Travel,Languages,WTK,Travel Guides,MISMATCH,
9781788680813,Vietnamese Phrasebook And Dictionary - Lonely Planet,Travel,Languages,WTK,Travel Guides,MISMATCH,
9781787015630,Spanish - Fast Talk,Travel,Languages,WTK,Travel Guides,MISMATCH,
9781787015593,Italian - Fast Talk,Travel,Languages,WTK,Travel Guides,MISMATCH,
9781787015555,Danish - Fast Talk,Travel,Languages,WTK,Travel Guides,MISMATCH,
9781788681001,Finnish - Fast Talk,Travel,Languages,WTK,Travel Guides,MISMATCH,
9781787015647,Swedish - Fast Talk,Travel,Languages,WTK,Travel Guides,MISMATCH,
9781761264900,One Song,Fiction,Teen Fiction,YFB,Childrens Fiction,MISMATCH,
9789401490436,Big Book of Retail Design - Everything You Need to Know About Designing a Store,The Arts,Design,KJC,Business,MISMATCH,
9781250249340,Squire And Knight,Fiction,Graphic Novels,YFW,Childrens Fiction,MISMATCH,
9781760265335,Ballad Of Songbirds And Snakes - 4 Hunger Games,Fiction,Teen Fiction,YFB,Childrens Fiction,MISMATCH,
9781760265878,Ballad Of Songbirds And Snakes - 4 Hunger Games - Movie tie In,Fiction,Teen Fiction,YF,Childrens Fiction,MISMATCH,
9781760265304,Hunger Games - 1 Hunger Games,Fiction,Teen Fiction,YF,Childrens Fiction,MISMATCH,
9781760265311,Catching Fire - 2 Hunger Games,Fiction,Teen Fiction,YF,Childrens Fiction,MISMATCH,
9781760265328,Mockingjay - 3 Hunger Games,Fiction,Teen Fiction,YF,Childrens Fiction,MISMATCH,
9780008542108,Waves - Collins Classics,Fiction,Classics,FA,General Fiction,MISMATCH,
9780008442613,1984 Nineteen Eighty Four - Collins Classics,Fiction,Classics,FA,General Fiction,MISMATCH,
9780008442668,Down and Out in Paris and London - Collins Classics,Fiction,Classics,BM,Biography,MISMATCH,
9780008612696,Selected Essays - Collins Classics,Fiction,Classics,JP,Politics,MISMATCH,
9780008485153,Other Minds - The Octopus and the Evolution of Intelligent Life - Collins Modern Classics,Sciences,Environment,PSPM,General Science,MISMATCH,
9781509893966,Who Lives Here - With Lift The Flap Fun,Children,Childrens Picture Books,YBGP,Books For Babies,MISMATCH,
9781035001514,Gruffalo and Friends Super Sticker Book,Children,Activities,YBG,Books For Babies,MISMATCH,
9781529306583,I Will Teach You To Be Rich,Sciences,Business,VSB,Psychology,MISMATCH,
9781398712850,Psyche and Eros,History And Politics,Mythology,FA,General Fiction,MISMATCH,
9780764365911,Secret Cities of Italy - 60 Charming Towns off the Beaten Path,Travel,Travel Literature,WTH,Travel Guides,MISMATCH,
9780241457573,Copenhagen Trilogy - Childhood Youth Dependency,Fiction,Classics,BM,Biography,MISMATCH,
9781838931674,Speaking Bones - 4 The Dandelion Dynasty,Fiction,Science Fiction and Fantasy,FJ,General Fiction,MISMATCH,
9780473511906,Coney,Children,Childrens Picture Books,YN,Childrens Non Fiction,MISMATCH,
9780473494261,Whats In The Box,Children,Childrens Picture Books,YB,Childrens Non Fiction,MISMATCH,
9780473471583,My New Red Car,Children,Childrens Picture Books,YB,Childrens Non Fiction,MISMATCH,
9781138682153,Rastafari Movement - A North American And Caribbean Perspective,History And Politics,History,HRKT,Religion,MISMATCH,
9781787634145,Battle Of The Beams - The Secret Science Of Radar That Turned The Tide of WW2,History And Politics,History,PDX,General Science,MISMATCH,
9781991178725,Water - Wai -  Nanas Simple Science - Te Putaiao Ngawari O Kui,Children,Childrens Picture Books,YBL,Childrens Non Fiction,MISMATCH,
9781529066067,Take the Plunge - 2 Investigators,Fiction,Graphic Novels,YFW,Childrens Fiction,MISMATCH,
9781529066098,Off the Hook - 3 InvestiGators,Fiction,Graphic Novels,YFQ,Childrens Fiction,MISMATCH,
9781529096224,Braver And Boulder - 5 InvestiGators,Fiction,Graphic Novels,YFQ,Childrens Fiction,MISMATCH,
9781524858179,One Yellow Sun,Children,Books For Babies,YB,Childrens Non Fiction,MISMATCH,
9780857079978,Unwind - 1 Unwind Dystology,Fiction,Teen Fiction,YFB,Childrens Fiction,MISMATCH,
9780340963050,Shades Of Grey - 1 Shades Of Grey,Fiction,Science Fiction and Fantasy,FA,General Fiction,MISMATCH,
9780593242384,Better Living Through Birding,Sciences,Environment,BM,Biography,MISMATCH,
9780008619367,Haunting In Venice - Halloween Party - Poirot,Fiction,Crime Fiction,FC,Classics,MISMATCH,
9781849947961,Bedside Companion For Food Lovers - An Anthology Of Mouthwatering Literary Morsels For Every Night Of The Year,Well Being,Food And Beverage,DQ,General Fiction,MISMATCH,
9780008413668,Red Sauce Brown Sauce - A British Breakfast Odyssey,Travel,Travel Literature,WBV,Food And Beverage,MISMATCH,
9780733650437,Crossing The Line,History And Politics,History,KNTJ,Business,MISMATCH,
9781635573572,Big Myth - How American Business Taught Us to Loathe Government and Love the Free Market,History And Politics,History,KC,Economics,MISMATCH,
9780008589615,Little Prince - Collector's Edition,Fiction,Classics,YBCS,Childrens Picture Books,MISMATCH,
9780358468295,Hooky,Fiction,Graphic Novels,YFW,Childrens Fiction,MISMATCH,
9780358693093,Hooky - Volume 2,Fiction,Graphic Novels,YFW,Childrens Fiction,MISMATCH,
9780358693574,Hooky - Volume 3,Fiction,Graphic Novels,YFH,Childrens Fiction,MISMATCH,
9781250833563,My Dear Henry - A Jekyll and Hyde Remix,Fiction,Teen Fiction,YFT,Childrens Fiction,MISMATCH,
9781526655974,Vanquishers - 1 Vanquishers,Fiction,Teen Fiction,YFH,Childrens Fiction,MISMATCH,
9781250294685,Secret Coders - The Complete Boxed Set,Fiction,Graphic Novels,YFW,Childrens Fiction,MISMATCH,
9781529364705,Self-Made - Creating Our Identities from Da Vinci to the Kardashians,Well Being,Psychology,HBTB,History,MISMATCH,
9781529364705,Self-Made - Creating Our Identities from Da Vinci to the Kardashians,History And Politics,Sociology,HBTB,History,MISMATCH,
9781948174671,Unofficial Harry Potter Bestiary - MuggleNet's Complete Guide to the Fantastic Creatures of the Wizarding World,Children,Childrens Fiction,YNF,Childrens Non Fiction,MISMATCH,
9781788168540,"Daily Laws - 366 Meditations on Power, Seduction, Mastery, Strategy and Human Nature",Sciences,Business,VS,Psychology,MISMATCH,
9781984861207,What Color Is Your Parachute 2023 - Your Guide to a Lifetime of Meaningful Work and Career Success,Sciences,Business,VSC,Psychology,MISMATCH,
9781761067488,Ember And The Island Of Lost Creatures,Fiction,Graphic Novels,YFB,Childrens Fiction,MISMATCH,
9780008612368,Library Of Broken Worlds,Fiction,Science Fiction and Fantasy,YFG,Childrens Fiction,MISMATCH,
9781803707440,Lights and Sounds Emergency Vehicles,Children,Books For Babies,YBCB,Childrens Picture Books,MISMATCH,
9781805315957,Little Childrens Music Book,Children,Childrens Picture Books,YBGT1,Books For Babies,MISMATCH,
9780008626013,How The Grinch Lost Christmas - A Sequel To How The Grinch Stole Christmas,Children,Childrens Picture Books,YFA,Childrens Fiction,MISMATCH,
9780241998137,"Dear Dolly - On Love, Life and Friendship",Biographies,Essays,JFCA,Sociology,MISMATCH,
9781991006028,Lets Go Flo,Children,Childrens Picture Books,YB,Childrens Non Fiction,MISMATCH,
9780141990316,Worn - A Peoples History of Clothing,The Arts,Fashion,JFCK,Sociology,MISMATCH,
9780473629359,Miracle,Fiction,Teen Fiction,FA,General Fiction,MISMATCH,
9781776575015,Look - A Tummy Time Book,Children,Books For Babies,YBCB,Childrens Picture Books,MISMATCH,
9781776574650,Lionel Is Just Like Dad,Children,Books For Babies,YBCB,Childrens Picture Books,MISMATCH,
9781776575299,He rite a Miti ki a Papa,Children,Books For Babies,YBCB,Childrens Picture Books,MISMATCH,
9781529517422,Nightshade Revenge - 13 Alex Rider,Fiction,Teen Fiction,YFC,Childrens Fiction,MISMATCH,
9781847926623,Homelands - A Personal History of Europe,Travel,Travel Literature,HBJD,History,MISMATCH,
9780241621905,Secret History - 30th anniversary edition,Fiction,Classics,FA,General Fiction,MISMATCH,
9781471410376,Theft of Sunlight,Fiction,Teen Fiction,YFH,Childrens Fiction,MISMATCH,
9781991016409,Ziggle - The Len Lye Art Activity Book,The Arts,Art,YBGC,Books For Babies,MISMATCH,
9781784709730,Difficult Women - A History of Feminism in 11 Fights,Well Being,Gender,JFFK,Sociology,MISMATCH,
9781460764459,"Basis of Everything - Rutherford, Oliphant and the Coming of the Atomic Bomb",Sciences,General Science,BGHA,Biography,MISMATCH,
9781474622691,Take My Hand,Fiction,Historical Fiction,FA,General Fiction,MISMATCH,
9781472294234,Mortal Monarchs - 1000 Years of Royal Deaths,History And Politics,History,WH,Humour,MISMATCH,
9781405951722,Clytemnestra,Fiction,Historical Fiction,FQ,General Fiction,MISMATCH,
9781524884970,Calvin and Hobbes Portable Compendium - Set 1,Fiction,Graphic Novels,WHC,Humour,MISMATCH,
9781524884703,Dracula Daily - Reading Bram Stoker's Dracula in Real Time With Commentary by the Internet,Fiction,Classics,WH,Humour,MISMATCH,
9781760508937,We Who Are Forged in Fire -  Volume 2,Fiction,Teen Fiction,YFH,Childrens Fiction,MISMATCH,
9781760508920,We Who Hunt the Hollow -  Volume 1,Fiction,Teen Fiction,YFH,Childrens Fiction,MISMATCH,
9781787412606,Atlas of Heroes,History And Politics,Mythology,YNX,Childrens Non Fiction,MISMATCH,
9781783706969,Atlas of Monsters,History And Politics,Mythology,YNX,Childrens Non Fiction,MISMATCH,
9780674997370,Satyricon / Apocolocyntosis,Fiction,Classics,HBLA1,History,MISMATCH,
9781399412421,Age Of The City - Why Our Future Will Be Won Or Lost Together,History And Politics,History,RGC,Environment,MISMATCH,
9781838937935,Essex Dogs - 1 Essex Dogs,Fiction,Historical Fiction,FJH,General Fiction,MISMATCH,
9781526632678,In Kiltumper - A Year In An Irish Garden,Sciences,Environment,BM,Biography,MISMATCH,
9781408884348,"Swamp Songs - Journeys Through Marsh, Meadow and Other Wetlands",Travel,Travel Literature,WTL,Travel Guides,MISMATCH,
9781529069259,Hospital Dog,Children,Books For Babies,YBCS,Childrens Picture Books,MISMATCH,
9780008445805,Great Book of King Arthur and His Knights of the Round Table -  A New Morte D'Arthur,History And Politics,Mythology,FQ,General Fiction,MISMATCH,
9781471159237,Spitfire - A Very British Love Story,Motoring,Transport,HBWQ,History,MISMATCH,
9781471180552,Tornado - In the Eye of the Storm,Motoring,Transport,HBW,History,MISMATCH,
9781529380323,Foul Heart Huntsman - 2 Foul Lady Fortune,Fiction,Teen Fiction,YFT,Childrens Fiction,MISMATCH,
9781399803366,Oh Miriam - Stories From An Extraordinary Life,Biographies,Biography,VS,Psychology,MISMATCH,
9780241639221,Cotton Comes To Harlem - Penguin Modern Classics - Crime & Espionage,Fiction,Crime Fiction,FA,General Fiction,MISMATCH,
9780241654170,Payment Deferred - Penguin Modern Classics - Crime & Espionage,Fiction,Crime Fiction,FA,General Fiction,MISMATCH,
9781529417500,Past Unearthed - 1 Return of the Condor Heroes,Fiction,Historical Fiction,FA,General Fiction,MISMATCH,
9780241639207,Alone In Berlin - Penguin Modern Classics - Crime & Espionage,Fiction,Crime Fiction,FC,Classics,MISMATCH,
9781839942686,Polly Put the Kettle On -  Sing Along With Me!,Children,Books For Babies,YBLB1,Childrens Non Fiction,MISMATCH,
9780711280588,"Miscellany Of Mischief and Magic - Discover history's best hoaxes, hijinks, tricks, and illusions",Children,Childrens Picture Books,YNU,Childrens Non Fiction,MISMATCH,
9780711280588,"Miscellany Of Mischief and Magic - Discover history's best hoaxes, hijinks, tricks, and illusions",Children,Activities,YNU,Childrens Non Fiction,MISMATCH,
9780711265721,Deadly Jungle - Spin to Survive,Children,Activities,YNV,Childrens Non Fiction,MISMATCH,
9781803381220,Unofficial Guide to the World of Studio Ghibli,The Arts,Music And Performing Arts,YNF,Childrens Non Fiction,MISMATCH,
9781785304651,Animal ABC - A Scots Alphabet,Children,Books For Babies,YBLA,Childrens Non Fiction,MISMATCH,
9780711280526,21 Things To Do With A Tree,Children,Activities,YB,Childrens Non Fiction,MISMATCH,
9780241630778,Fall,Fiction,Classics,FA,General Fiction,MISMATCH,
9781991016409,Ziggle - The Len Lye Art Activity Book,Children,Activities,YBGC,Books For Babies,MISMATCH,
9780241630792,My Friend Maigret -  Inspector Maigret #31,Fiction,Classics,FFC,Crime Fiction,MISMATCH,
9781405951920,Concorde,Motoring,Transport,BGA,Biography,MISMATCH,
9780749584207,Spain And Portugal - AA Road Map,Travel,Maps,WTRD,Travel Literature,MISMATCH,
9782067258822,Provence- Alps - French Riviera - Michelin Regional Map 527,Travel,Maps,WTRD,Travel Literature,MISMATCH,
9782067173552,Mexico - Michelin National Map 765,Travel,Maps,WTRD,Travel Literature,MISMATCH,
9783829739351,"Mexico - Marco Polo Map: Includes Guatemala, Belize and El Salvador",Travel,Maps,WTRM,Travel Literature,MISMATCH,
9781529416893,"High - A Journey Across the Himalayas Through Pakistan, India, Bhutan, Nepal and China",Travel,Travel Literature,WTL,Travel Guides,MISMATCH,
9781922790514,Sand Talk - How Indigenous Thinking Can Save the World,History And Politics,History,JFSL9,Sociology,MISMATCH,
9781988550565,Vintage Aviators - Aircraft of the Great War,Motoring,Transport,WG,Gardening,MISMATCH,
9781787015609,Japanese - Lonely Planet Fast Talk,Travel,Languages,WTK,Travel Guides,MISMATCH,
9781787015562,French - Lonely Planet Fast Talk,Travel,Languages,WTK,Travel Guides,MISMATCH,
9781788680851,Japanese - Lonely Planet Phrasebook & Dictionary,Travel,Languages,WTK,Travel Guides,MISMATCH,
9781787013667,Costa Rican Spanish Phrasebook & Dictionary - Lonely Planet,Travel,Languages,WTK,Travel Guides,MISMATCH,
9781775437598,Wonky Donkeys Big Surprise,Children,Books For Babies,YBC,Childrens Picture Books,MISMATCH,
9781775438090,Santas Fireproof Knickers,Christmas,Christmas Books,YBC,Childrens Picture Books,MISMATCH,
9781775438182,Wheres Wonky Donkey - A Lift The Felt Flap Book,Children,Books For Babies,YBCS,Childrens Picture Books,MISMATCH,
9781775438229,Nee Naw the Little Fire Engine,Children,Books For Babies,YBC,Childrens Picture Books,MISMATCH,
9781775437581,Blackmail and Lies,Fiction,Teen Fiction,YFCB,"Childrens Fiction, Thriller",MISMATCH,
9780241569078,Beasts Of The Ancient World - A Kids Guide To Mythical Creatures From The Sphinx To The Minotaur Dragons To Baku,Children,Childrens Picture Books,YNX,Childrens Non Fiction,MISMATCH,
9781760988128,Consent Laid Bare - Sex Entitlement And The distortion of desire,Well Being,Health,JHBK5,Sociology,MISMATCH,
9780241619001,Wheres Wonka -  A Search And Find Book,Children,Activities,YNVP,Childrens Non Fiction,MISMATCH,
9780241631409,Very Hungry Caterpillar Cloth Book,Children,Books For Babies,YBCB,Childrens Picture Books,MISMATCH,
9781645679554,Totally Awesome Ultimate Kids Cookbook -  Simple Recipes & Fun Skills to Cook Fabulous Meals for Your Family,Well Being,Food And Beverage,YNPC,Childrens Non Fiction,MISMATCH,
9780374313029,Tegan And Sara - Junior High,Fiction,Graphic Novels,YFW,Childrens Fiction,MISMATCH,
9781338762624,Karens Haircut - 7 Baby-Sitters Little Sister,Fiction,Graphic Novels,YFW,Childrens Fiction,MISMATCH,
9781760260224,Return of Thelma the Unicorn,Children,Books For Babies,YBC,Childrens Picture Books,MISMATCH,
9781035003433,Room on the Broom -  A Read and Play Story,Children,Childrens Picture Books,YBGT,Books For Babies,MISMATCH,
9781683648697,Sylvie And The Wolf,Children,Childrens Picture Books,YFB,Childrens Fiction,MISMATCH,
9781529152623,Great Uncle Harry - Tale Of War And Empire,Biographies,Biography,HB,History,MISMATCH,
9781804990759,Future Stories - A Users Guide To The Future,History And Politics,History,JFFR,Sociology,MISMATCH,
9781529099133,Restaurant At The End of the Universe - Illustrated Edition,Fiction,Science Fiction and Fantasy,YFG,Childrens Fiction,MISMATCH,
9780349427386,"Outrage Machine - How Tech Amplifies Discontent, Disrupts Democracy and What We Can Do About It",History And Politics,Sociology,PDR,General Science,MISMATCH,
9780593299753,"Traffic - Genius, Rivalry, and Delusion in the Billion-Dollar Race",History And Politics,History,JFD,Sociology,MISMATCH,
9780500025468,"Extinctions - How Life Survives, Adapts And Evolves",Sciences,General Science,HBL,History,MISMATCH,
9780593808368,Its All Love -  Reflections for Your Heart And Soul,Well Being,Psychology,BGFA,Biography,MISMATCH,
9783836591669,50 Ultimate Sports Cars. 40th Ed.,Motoring,Transport,AJC,Photography,MISMATCH,
9781760763282,Paul Bangay - A Life In Garden Design,The Garden,Gardening,AMV,Architecture,MISMATCH,
9781419760877,Lightlark - 1 Lightlark Saga,Fiction,Teen Fiction,YF,Childrens Fiction,MISMATCH,
9781419766435,Get Outer My Space! (The Cosmic Adventures Of Astrid And Stella Book 3),Fiction,Graphic Novels,YF,Childrens Fiction,MISMATCH,
9781419757013,Cosmic Adventures Of Astrid And Stella,Fiction,Graphic Novels,YFW,Childrens Fiction,MISMATCH,
9781419757020,Star Struck! (The Cosmic Adventures Of Astrid And Stella Book 2),Fiction,Graphic Novels,YFW,Childrens Fiction,MISMATCH,
9781419763571,Witch's Wings And Other Terrifying Tales (Are You Afraid of the Dark? Graphic Novel 1),Fiction,Graphic Novels,YF,Childrens Fiction,MISMATCH,
9780197548264,World Mythology - A Very Short Introduction,History And Politics,Mythology,HRKP1,Religion,MISMATCH,
9780141997681,Nomad Century - How to Survive the Climate Upheaval,Sciences,Environment,JFFN,Sociology,MISMATCH,
9781419763991,Spider-Man - Across The Spider-Verse - The Art Of The Movie,Fiction,Graphic Novels,APFV,Music And Performing Arts,MISMATCH,
9788857249025,Bob Dylan - Retrospectrum,The Arts,Music And Performing Arts,AGB,Art,MISMATCH,
9781419755408,We Are The Smurfs - Better Together! (We Are The Smurfs Book 2),Fiction,Graphic Novels,YFW,Childrens Fiction,MISMATCH,
9781419755385,We Are The Smurfs - Welcome To Our Village! (We Are The Smurfs Book 1),Fiction,Graphic Novels,YFW,Childrens Fiction,MISMATCH,
9781419755415,We Are The Smurfs - Bright New Days! (We Are The Smurfs Book 3),Fiction,Graphic Novels,YFW,Childrens Fiction,MISMATCH,
9781509801589,Jan Ullrich - The Best There Never Was,Sport,Cycling,BGS,Biography,MISMATCH,
9781474990684,Dont Tickle the Monkey,Children,Books For Babies,YBCB,Childrens Picture Books,MISMATCH,
9781474981026,Dont Tickle the Tiger,Children,Books For Babies,YBCB,Childrens Picture Books,MISMATCH,
9781529112115,Immense World - How Animal Senses Reveal the Hidden Realms Around Us,Sciences,Environment,PSVD,General Science,MISMATCH,
9781761212628,All of the Factors of Why I Love Tractors,Children,Books For Babies,YBCS,Childrens Picture Books,MISMATCH,
9781761212802,All Engines Go - Thomas and Friends,Children,Books For Babies,YBCH,Childrens Picture Books,MISMATCH,
9781761212796,Billie B Brown - The Ultimate Colouring and Activity Book,Children,Activities,YB,Childrens Non Fiction,MISMATCH,
9781471169892,"Foreign Bodies - Pandemics, Vaccines and the Health of Nations",Sciences,General Science,HB,History,MISMATCH,
9781119893783,Girls That Invest - Your Guide to Financial Independence through Shares and Stocks,Sciences,Business,VSB,Psychology,MISMATCH,
9780008479336,Daughter of the Moon Goddess - 1 The Celestial Kingdom Duology,Fiction,Science Fiction and Fantasy,FQ,General Fiction,MISMATCH,
9781399603140,Chateau - Forever Home,The Arts,Art,WKR,General Sport And Fitness,MISMATCH,
9781399603140,Chateau - Forever Home,The Arts,Design,WKR,General Sport And Fitness,MISMATCH,
9781761265051,When One of Us Hurts,Fiction,Crime Fiction,FA,General Fiction,MISMATCH,
9781761266522,Zen Of Cat - An A-Z of Japanese feline philosophy,Sciences,Environment,VS,Psychology,MISMATCH,
9781847942890,Anthro-Vision - How Anthropology Can Explain Business and Life,Sciences,Business,JHMC,Sociology,MISMATCH,
9781804172339,Genghis Khan - Epic and Legendary Leaders,History And Politics,History,FQ,General Fiction,MISMATCH,
9781839649943,Alexander the Great - Epic and Legendary Leaders,History And Politics,History,FQ,General Fiction,MISMATCH,
9781805300878,History of Women in 101 Objects - A walk through female history,Well Being,Gender,JFFK,Sociology,MISMATCH,
9781839946776,Peekaboo Car,Children,Books For Babies,YBCB,Childrens Picture Books,MISMATCH,
9781626860551,Three Musketeers,Fiction,Classics,FJ,General Fiction,MISMATCH,
9781460762028,After the Forest,Fiction,Science Fiction and Fantasy,FQ,General Fiction,MISMATCH,
9781406391091,Wheres Wally - AMAZEing Journeys,Children,Activities,YBCH,Childrens Picture Books,MISMATCH,
9781529514391,Guess How Much I Love You -  Book and Toy Gift Set,Children,Novelty Books,YBC,Childrens Picture Books,MISMATCH,
9781529507768,Were Going On A Bear Hunt - Book and Toy Gift Set,Children,Novelty Books,YBCS,Childrens Picture Books,MISMATCH,
9781760526474,Its Owl Good - 1 The Super Adventures of Ollie and Bea,Fiction,Graphic Novels,YFB,Childrens Fiction,MISMATCH,
9781761068119,Bunny Ideas - 5 The Super Adventures of Ollie and Bea,Fiction,Graphic Novels,YFW,Childrens Fiction,MISMATCH,
9781761066665,Wise Quackers - 3 The Super Adventures of Ollie and Bea,Fiction,Graphic Novels,YFB,Childrens Fiction,MISMATCH,
9781761068126,Otterly Ridiculous - 6 The Super Adventures of Ollie and Bea,Fiction,Graphic Novels,YFW,Childrens Fiction,MISMATCH,
9781761066672,Bats What Friends Are For - 4 The Super Adventures of Ollie and Bea,Fiction,Graphic Novels,YFB,Childrens Fiction,MISMATCH,
9781760526481,Squeals On Wheels - 2 The Super Adventures Of Ollie And Bea,Fiction,Graphic Novels,YFB,Childrens Fiction,MISMATCH,
9781788007580,Sing Along With Me -  Hey Diddle Diddle,Children,Books For Babies,YBLB1,Childrens Non Fiction,MISMATCH,
9781761067112,Feast,Fiction,Crime Fiction,FA,General Fiction,MISMATCH,
9780571225828,Jill,Fiction,Classics,FA,General Fiction,MISMATCH,
9781805319245,Build Your Own Dragons and Fantasy Warriors Sticker Book,Children,Activities,YBGS,Books For Babies,MISMATCH,
9781784876715,Player Piano,Fiction,Classics,FA,General Fiction,MISMATCH,
9781803700748,Build Your Own Super Planes,Children,Activities,YBGS,Books For Babies,MISMATCH,
9780008608507,All New Official Minecraft Explorers Handbook,Children,Activities,YNVU,Childrens Non Fiction,MISMATCH,
9781842467176,Plants Of The Quran - History And Culture,The Garden,Gardening,AGNB,Art,MISMATCH,
9781990042218,Cook Islands - Kuki 'Airani,Travel,Languages,JF,Sociology,MISMATCH,
9783967041118,Dream Businesses -  New Ventures Across the Globe That Inspire and Excite,The Arts,Art,KJH,Business,MISMATCH,
9781497103344,Quick & Easy Whittling for Kids -  18 Projects to Make With Twigs & Found Wood,The Arts,Craft,YNPH,Childrens Non Fiction,MISMATCH,
9781922790088,Sleepless - A Memoir of Insomnia,Well Being,Psychology,BM,Biography,MISMATCH,
9781803361390,Weaver and the Witch Queen,Fiction,Historical Fiction,FQ,General Fiction,MISMATCH,
9780099530428,In His Own Write and A Spaniard in the Works,Fiction,Poetry,WH,Humour,MISMATCH,
9781761065477,Ghost Book,Fiction,Graphic Novels,YFW,Childrens Fiction,MISMATCH,
9780349135304,New Puritans - How the Religion of Social Justice Captured the Western World,History And Politics,History,JFFL,Sociology,MISMATCH,
9781988587943,Too Much Money - How Wealth Disparities Are Unbalancing Aotearoa New Zealand,Sciences,Economics,JKS,Politics,MISMATCH,
9781914515507,Paris PopOut Map,Travel,Maps,WTRS,Travel Literature,MISMATCH,
9781910218938,Barcelona PopOut Map,Travel,Maps,WTRS,Travel Literature,MISMATCH,
9781914515347,Bath PopOut Map,Travel,Maps,WTRS,Travel Literature,MISMATCH,
9781910218969,Berlin PopOut Map,Travel,Maps,WTRS,Travel Literature,MISMATCH,
9781914515330,Bristol PopOut Map,Travel,Maps,WTRS,Travel Literature,MISMATCH,
9781910218310,Bruges PopOut Map,Travel,Maps,WTRS,Travel Literature,MISMATCH,
9781914515255,Cambridge PopOut Map,Travel,Maps,WTRS,Travel Literature,MISMATCH,
9781914515309,Chicago PopOut Map,Travel,Maps,WTRS,Travel Literature,MISMATCH,
9781910218907,Dublin PopOut Map,Travel,Maps,WTRS,Travel Literature,MISMATCH,
9781914515286,Edinburgh PopOut Map,Travel,Maps,WTRS,Travel Literature,MISMATCH,
9781910218976,Florence PopOut Map - Handy pocket size pop up city map of Florence,Travel,Maps,WTRS,Travel Literature,MISMATCH,
9781910218457,Frankfurt PopOut Map,Travel,Maps,WTRS,Travel Literature,MISMATCH,
9781910218686,Geneva PopOut Map,Travel,Maps,WTRS,Travel Literature,MISMATCH,
9781914515477,Glasgow PopOut Map,Travel,Maps,WTRS,Travel Literature,MISMATCH,
9781910218693,Las Vegas PopOut Map - Handy pocket size pop up city map of Las Vegas,Travel,Maps,WTRS,Travel Literature,MISMATCH,
9781910218952,Lisbon PopOut Map,Travel,Maps,WTRS,Travel Literature,MISMATCH,
9781914515491,London Bus and Underground PopOut Map,Travel,Maps,WTRS,Travel Literature,MISMATCH,
9781914515484,London PopOut Map,Travel,Maps,WTRS,Travel Literature,MISMATCH,
9781914515453,"London PopOut Map - 3 PopOut maps in one handy, pocket-size format",Travel,Maps,WTRS,Travel Literature,MISMATCH,
9781914515279,Manchester PopOut Map,Travel,Maps,WTRS,Travel Literature,MISMATCH,
9781910218822,Marrakesh PopOut Map - Handy pocket size pop up city map of Marrakesh,Travel,Maps,WTRS,Travel Literature,MISMATCH,
9781910218082,Miami PopOut Map,Travel,Maps,WTRS,Travel Literature,MISMATCH,
9781910218990,Milan PopOut Map,Travel,Maps,WTRS,Travel Literature,MISMATCH,
9781910218655,Munich PopOut Map,Travel,Maps,WTRS,Travel Literature,MISMATCH,
9781910218662,New York Transit PopOut Map,Travel,Maps,WTRS,Travel Literature,MISMATCH,
9781910218570,Nice & Cannes PopOut Map,Travel,Maps,WTRS,Travel Literature,MISMATCH,
9781910218792,Orlando PopOut Map - Handy pocket size pop up map of Orlando and Walt Disney World Resort,Travel,Maps,WTRS,Travel Literature,MISMATCH,
9781914515460,Oxford PopOut Map,Travel,Maps,WTRS,Travel Literature,MISMATCH,
9781910218815,Prague PopOut Map,Travel,Maps,WTRS,Travel Literature,MISMATCH,
9781910218785,San Francisco PopOut Map,Travel,Maps,WTRS,Travel Literature,MISMATCH,
9781910218709,"Stockholm PopOut Map - Handy, pocket size, pop-up map of Stockholm",Travel,Maps,WTRS,Travel Literature,MISMATCH,
9781914515316,Washington DC PopOut Map,Travel,Maps,WTRS,Travel Literature,MISMATCH,
9781914515262,York PopOut Map,Travel,Maps,WTRS,Travel Literature,MISMATCH,
9781910218556,Zurich PopOut Map,Travel,Maps,WTRS,Travel Literature,MISMATCH,
9782067171466,Italy - Michelin National Map 735,Travel,Maps,WTRD,Travel Literature,MISMATCH,
9780749583200,Italy - AA Road Map,Travel,Maps,WTRD,Travel Literature,MISMATCH,
9780749583194,France Belgium And the Netherlands - AA Road Map,Travel,Maps,WTRD,Travel Literature,MISMATCH,
9782067264892,France  - Michelin National Map 721,Travel,Maps,WTRD,Travel Literature,MISMATCH,
9780749584191,Western Europe - AA Road Map,Travel,Maps,WTRD,Travel Literature,MISMATCH,
9782067170117,Europe - Michelin National Map 705,Travel,Maps,WTRD,Travel Literature,MISMATCH,
9783829739320,Canada - Marco Polo Map,Travel,Maps,WTRM,Travel Literature,MISMATCH,
9783575017710,France - Marco Polo Map,Travel,Maps,WTRM,Travel Literature,MISMATCH,
9781399077224,Steam Traction on the Road -  From Trevithick to Sentinel: 150 Years of Design and Development,Motoring,Transport,WGC,Gardening,MISMATCH,
9781788795517,Flower Hunter -  Creating a Floral Love Story Inspired by the Landscape,The Garden,Gardening,WFW,Craft,MISMATCH,
9780141358680,Percy Jackson And The Greek Gods,Fiction,Teen Fiction,YFJ,Childrens Fiction,MISMATCH,
9781473227989,Ninth House - 1 Alex Stern,Fiction,Science Fiction and Fantasy,FA,General Fiction,MISMATCH,
9781975303266,Bungo Stray Dogs - Vol. 3 Light Novel,Fiction,Teen Fiction,YFB,Childrens Fiction,MISMATCH,
9781975303280,Bungo Stray Dogs - Vol. 4 Light Novel,Fiction,Teen Fiction,YFB,Childrens Fiction,MISMATCH,
9788857246673,F1 Heroes - Champions and Legends in the Photos of Motorsport Images,Motoring,Transport,AJCP,Photography,MISMATCH,
9788857246673,F1 Heroes - Champions and Legends in the Photos of Motorsport Images,Motoring,Formula One,AJCP,Photography,MISMATCH,
9781912423699,Make Do and Mend - Wartime Tips to Mend Your Clothes,The Arts,Fashion,HBWQ,History,MISMATCH,
9781611591019,Chicken Soup for the Soul - Well That Was Funny: 101 Feel Good Stories,Well Being,Psychology,WHX,Humour,MISMATCH,
9781838956257,In Ascension,Fiction,Science Fiction and Fantasy,FA,General Fiction,MISMATCH,
9781760341008,Lonely Planet Kids My Travel Journal,Travel,Travel Guides,YBGS,Books For Babies,MISMATCH,
9781760341008,Lonely Planet Kids My Travel Journal,Children,Activities,YBGS,Books For Babies,MISMATCH,
9781472294777,High Caucasus - A Mountain Quest in Russia's Haunted Hinterland,Travel,Travel Literature,HBJQ,History,MISMATCH,
9781501394829,Gutenberg Parenthesis - The Age of Print and Its Lessons for the Age of the Internet,History And Politics,History,DS,Classics,MISMATCH,
9781776563050,Bug Week - Whanganui River Poems,Fiction,Poetry,FA,General Fiction,MISMATCH,
9780809043118,Evolution - The Story Of Life On Earth,Fiction,Graphic Novels,PDZ,General Science,MISMATCH,
9781922790286,House of Longing,Fiction,Historical Fiction,FA,General Fiction,MISMATCH,
9781408896204,Tracks,Travel,Travel Literature,BM,Biography,MISMATCH,
9780241553077,Girl with the Red Hair,Fiction,Historical Fiction,FJMS,General Fiction,MISMATCH,
9781847494863,Treasure Island,Fiction,Classics,YFA,Childrens Fiction,MISMATCH,
9781922800442,Passion for Aussie Built Cars,Motoring,Transport,WGC,Gardening,MISMATCH,
9781640954694,Power of Persistence - How to Stop Quitting on Yourself and Achieve Your Goals,Sciences,Business,VSC,Psychology,MISMATCH,
9780711287082,Nutcracker - 1 Musical Puzzle,Children,Activities,YNVP,Childrens Non Fiction,MISMATCH,
9780711287877,Find the Fairies - A Memory Game,Children,Activities,YNV,Childrens Non Fiction,MISMATCH,
9781471413346,Prisons Parties And Powerboats - 7 Robin Hood,Fiction,Teen Fiction,YFC,Childrens Fiction,MISMATCH,
9780711283275,Cat Family at The Museum,Children,Childrens Picture Books,YBGP,Books For Babies,MISMATCH,
9780760382523,Saturday AM Annual 2024 -  A Celebration of Original Diverse Manga-Inspired Short Stories from Around the World: Volume 2,Fiction,Graphic Novels,YFW,Childrens Fiction,MISMATCH,
9781800695436,Small And Mighty Book of Knock Knock Jokes - Whos There?,Children,Activities,YNU,Childrens Non Fiction,MISMATCH,
9781526646712,Harry Potter Wizarding Almanac,Children,Activities,FM,Science Fiction and Fantasy,MISMATCH,
9781922539601,Honey Bee Pests and Diseases  - A complete guide to prevention and management,Sciences,Environment,PSVL,General Science,MISMATCH,
9781925820836,Button A Day - A Compelling history of the button from the Stone Age to today,The Arts,Art,WF,Fashion,MISMATCH,
9781398522121,Thieves Gambit - 1,Fiction,Teen Fiction,YFB,Childrens Fiction,MISMATCH,
9781849921596,Curious Incident Of The Dog In The Night Time,Fiction,Teen Fiction,YFCF,Childrens Fiction,MISMATCH,
9780143137733,Watch Your Language - Visual and Literary Reflections on a Century of American Poetry,Fiction,Poetry,DS,Classics,MISMATCH,
9781771965415,Art of Libromancy - On Selling Books and Reading Books in the Twenty-first Century,History And Politics,History,KNTP,Business,MISMATCH,
9780753735459,Women Dont Owe You Pretty - The Card Deck - 50 cards to protect your energy and find self-love,Well Being,Gender,VSPM,Psychology,MISMATCH,
9781035027552,When Ghosts Call Us Home,Fiction,Teen Fiction,YFD,"Childrens Fiction, Horror",MISMATCH,
9781915252104,I Want A Dog,Children,Childrens Picture Books,YFP,Childrens Fiction,MISMATCH,
9781529380309,Foul Lady Fortune - 1 Foul Lady Fortune,Fiction,Teen Fiction,YFH,Childrens Fiction,MISMATCH,
9781838665975,Garden - Exploring the Horticultural World,The Garden,Gardening,AGN,Art,MISMATCH,
9781775438410,Little Yellow Digger Colouring Book,Children,Activities,YBG,Books For Babies,MISMATCH,
9781760279073,Thelma the Unicorn Plush Boxed Set,Children,Novelty Books,YBC,Childrens Picture Books,MISMATCH,
9781761297717,Dog Man with Love - The Official Colouring Book,Children,Activities,YBG,Books For Babies,MISMATCH,
9781760265557,Story Treasury,Children,Childrens Picture Books,YF,Childrens Fiction,MISMATCH,
9781338660456,Rise of the Shadowfire - 2 City of Dragons Graphic Novel,Fiction,Graphic Novels,YFW,Childrens Fiction,MISMATCH,
9781338538373,Visitor - 2 Animorphs Graphic Novel,Fiction,Graphic Novels,YFW,Childrens Fiction,MISMATCH,
9781338538403,Encounter - 3 Animorphs Graphic Novel,Fiction,Graphic Novels,YFC,Childrens Fiction,MISMATCH,
9781338796209,Message - 4 Animorphs Graphic Novel,Fiction,Graphic Novels,YFC,Childrens Fiction,MISMATCH,
9781626720756,Secret Coders - 1 Secret Coders,Fiction,Graphic Novels,YFW,Childrens Fiction,MISMATCH,
9780744081657,Marvel Sticker Anthology,Fiction,Graphic Novels,YBGS,Books For Babies,MISMATCH,
9781442465091,Rain,Children,Childrens Picture Books,YFP,Childrens Fiction,MISMATCH,
9780753557778,When The Heavens Went On Sale -  The Misfits and Geniuses Racing to Put Space Within Reach,Sciences,Business,BGT,Biography,MISMATCH,
9780735269910,Too Many Pigs And One Big Bad Wolf - A Counting Story,Children,Childrens Picture Books,YF,Childrens Fiction,MISMATCH,
9780241981795,Moon Witch Spider King - 2 Dark Star,Fiction,Science Fiction and Fantasy,FV,Historical Fiction,MISMATCH,
9781847926678,All The Beauty In The World - A Museum Guards Adventures In Life Loss And Art,The Arts,Art,BM,Biography,MISMATCH,
9781803287430,Of Gods and Men - 100 Stories from Ancient Greece and Rome,History And Politics,Religion,DQ,General Fiction,MISMATCH,
9783314015748,Rainbow Fish To The Rescue!,Children,Childrens Picture Books,YFB,Childrens Fiction,MISMATCH,
9780735843059,You Cant Win Them All Rainbow Fish,Children,Childrens Picture Books,YB,Childrens Non Fiction,MISMATCH,
9780744070590,"T Guide -  Our Trans Experiences and a Celebration of Gender Expression-Man, Woman, Nonbinary, and Beyond",Well Being,Gender,JFSJ5,Sociology,MISMATCH,
9780241629253,Screen Travellers Guide - Real-life Locations Behind Your Favourite Movies and TV Shows,Travel,Travel Literature,WT,Travel Guides,MISMATCH,
9781988538952,Kiwi Garages,Motoring,Transport,AMK,Architecture,MISMATCH,
9780241455654,Penguin Book of Christmas Stories - From Hans Christian Andersen to Angela Carter,Fiction,Classics,FYB,General Fiction,MISMATCH,
9781788706148,Surf When You Can - Lessons On Life And Leadership From A Career In The U.S. Navy,Sciences,Business,VS,Psychology,MISMATCH,
9781789293982,Wheres The Panda - A Cute and Cuddly Search and Find Book,Children,Activities,YNVP,Childrens Non Fiction,MISMATCH,
9781780559186,"Tree Mendous Christmas Activity Book - Filled With mazes, spot-the-difference puzzles, matching pairs and more.",Children,Activities,YNVP,Childrens Non Fiction,MISMATCH,
9781780559186,"Tree Mendous Christmas Activity Book - Filled With mazes, spot-the-difference puzzles, matching pairs and more.",Christmas,Christmas Books,YNVP,Childrens Non Fiction,MISMATCH,
9781529909913,Lore Olympus - Volume Five,Fiction,Graphic Novels,FQ,General Fiction,MISMATCH,
9781776957118,Slinky Malinkis Christmas Eve -  A Lift the Flap Book,Christmas,Christmas Books,YBCH,Childrens Picture Books,MISMATCH,
9781761049453,Bluey - Christmas Craft,Christmas,Christmas Books,YFB,Childrens Fiction,MISMATCH,
9780753560051,Hidden Potential - The Science of Achieving Greater Things,Sciences,Business,VSC,Psychology,MISMATCH,
9781529151244,Eve - How The Female Body Drove 200 Million Years Of Human Evolution,Well Being,Gender,PSAJ,General Science,MISMATCH,
9781529916782,Me vs Brain -  An Overthinkers Guide to Life,Well Being,Psychology,BGA,Biography,MISMATCH,
9781761298035,Search - 2 Avatar The Last Airbender,Fiction,Graphic Novels,YFW,Childrens Fiction,MISMATCH,
9781761299988,Promise - 1 Avatar the Last Airbender,Fiction,Graphic Novels,YBCS,Childrens Picture Books,MISMATCH,
9781760260002,North and South - 5 Avatar The Last Airbender,Fiction,Graphic Novels,YFW,Childrens Fiction,MISMATCH,
9781444972467,Heartstopper Volume 4 - Special Edition,Fiction,Graphic Novels,YFW,Childrens Fiction,MISMATCH,
9781035021901,Macmillan Collection of Greek Myths,History And Politics,Mythology,YFJ,Childrens Fiction,MISMATCH,
9780753448342,Saving Sorya - Chang And The Sun Bear,Children,Childrens Fiction,YNNR,Childrens Non Fiction,MISMATCH,
9781035004232,Dear Zoo Pop Up,Children,Novelty Books,YBGP,Books For Babies,MISMATCH,
9781473613577,Venomous Lumpsucker,Fiction,Science Fiction and Fantasy,FA,General Fiction,MISMATCH,
9781529056587,I Wanna Be Yours,Fiction,Poetry,AGB,Art,MISMATCH,
9780811204811,No Longer Human,Fiction,Classics,FA,General Fiction,MISMATCH,
9780760382592,"Art for Self-Care - Create Powerful, Healing Art by Listening to Your Inner Voice",The Arts,Art,WFA,Fashion,MISMATCH,
9780571342211,Children of Men,Fiction,Science Fiction and Fantasy,FA,General Fiction,MISMATCH,
9781786891587,To The River - A Journey Beneath The Surface,Sciences,Environment,HBJD1,History,MISMATCH,
9781941325971,Babys Black and White Contrast Book - High-Contrast Art for Visual Stimulation at Tummy Time,Children,Books For Babies,YBLH,Childrens Non Fiction,MISMATCH,
9781787634541,Mosquito - The RAF's Legendary Wooden Wonder and its Most Extraordinary Mission,Motoring,Transport,HBW,History,MISMATCH,
9781788403139,Climbers - Pain Panache and Polka Dots in cycling's greatest arenas,Sport,Cycling,BGSA,Biography,MISMATCH,
9781786697400,Po -  An Elegy for Italy's Longest River,Travel,Travel Literature,WTL,Travel Guides,MISMATCH,
9781988595719,Light and Reflections - The house and the art in our lives,The Arts,Design,AGC,Art,MISMATCH,
9781991033444,Rugby League In New Zealand - A Peoples History,Sport,General Sport And Fitness,HBTB,History,MISMATCH,
9781786496393,Hidden Half - The Unseen Forces That Influence Everything,Well Being,Psychology,JFH,Sociology,MISMATCH,
9780711282643,To the Ends of the Earth -  How the greatest maps were made,Sciences,General Science,HBTP1,History,MISMATCH,
9780571378265,Mistletoe Malice,Fiction,Crime Fiction,FC,Classics,MISMATCH,
9781761069666,I Dont,Well Being,Gender,JFFK,Sociology,MISMATCH,
9781800814998,Invisible Lines -  Boundaries and Belts That Define the World,History And Politics,History,RG,Environment,MISMATCH,
9780241638200,Shakespeare - Man Who Pays The Rent,Biographies,Biography,AB,Art,MISMATCH,
9784805315859,How To Doodle Everywhere - Cute And Easy Drawings For Notebooks Cards Gifts And So Much More,The Arts,Art,YNA,Childrens Non Fiction,MISMATCH,
9784805315866,How To Doodle Year-Round - Cute And Super Easy Drawings For Holidays Celebrations And Special Events,The Arts,Art,YNA,Childrens Non Fiction,MISMATCH,
9781991006615,Reo Pepi Bilingual Colouring Book,Children,Activities,YB,Childrens Non Fiction,MISMATCH,
9781800921177,10 Step Drawing - Kawaii - Draw Over 50 Cute Creations In 10 Easy Steps,The Arts,Art,WFA,Fashion,MISMATCH,
9780711289161,Story Orchestra - The Planets,Children,Novelty Books,YBGT1,Books For Babies,MISMATCH,
9781844485086,Drawing - A Complete Guide,The Arts,Art,WFA,Fashion,MISMATCH,
9780711287075,Swan Lake - 2 Musical Puzzle,Children,Activities,YNVP,Childrens Non Fiction,MISMATCH,
9784805317273,Manga And Anime Digital Illustration Guide - A Handbook For Beginners,The Arts,Art,WFA,Fashion,MISMATCH,
9784805316849,Sketch Your World - A Guide To Sketch Journaling,The Arts,Art,JFCA,Sociology,MISMATCH,
9784805317228,Anime And Manga Digital Coloring Guide - Choose The Colors That Bring Your Drawings to Life,The Arts,Art,WFA,Fashion,MISMATCH,
9781526660619,What You Need to Be Warm,Children,Childrens Fiction,DCF,Poetry,MISMATCH,
9781526652263,Zebras Great Escape,Children,Childrens Picture Books,YFP,Childrens Fiction,MISMATCH,
9781446308844,365 Days Of Unicorns - How To Draw Unicorns And Friends Every Day Of The Year,The Arts,Art,WFA,Fashion,MISMATCH,
9784805316771,Draw Amazing Manga Characters  A Drawing Exercise Book for Beginners,The Arts,Art,JFCA,Sociology,MISMATCH,
9784805315620,How to Create Manga - Drawing Facial Expressions - The Ultimate Bible For Beginning Artists,The Arts,Art,WFA,Fashion,MISMATCH,
9781782211259,How To Draw - Manga Boys - In Simple Steps,The Arts,Art,WFA,Fashion,MISMATCH,
9781782218906,How To Draw - Kawaii - In Simple Steps,The Arts,Art,WFA,Fashion,MISMATCH,
9781800920071,10 Step Watercolour - Flowers And Plants - Paint 25 Beautifully Detailed Flowers In 10 Easy Steps,The Arts,Art,WFA,Fashion,MISMATCH,
9780733342257,Silver Linings,Fiction,Teen Fiction,YFT,Childrens Fiction,MISMATCH,
9781782214724,How To Draw - Manga In Simple Steps,The Arts,Art,WFA,Fashion,MISMATCH,
9781446308967,Anatomy For Fantasy Artists - An Essential Guide To Creating Action Figures And Fantastical Forms,The Arts,Art,WFA,Fashion,MISMATCH,
9784805316085,Learn To Draw Manga Women - A Beginner's Guide (With Over 550 Illustrations),The Arts,Art,WFA,Fashion,MISMATCH,
9784805315651,Complete Guide To Drawing Dynamic Manga Sword Fighters: (An Action-Packed Guide With Over 600 illustrations),The Arts,Art,WFA,Fashion,MISMATCH,
9781640210233,Master Guide To Drawing Anime - Tips And Tricks - Over 100 Essential Techniques To Sharpen Your Skills,The Arts,Art,WFA,Fashion,MISMATCH,
9781446308479,Manga Watercolor - Step-By-Step Manga Art Techniques From Pencil To Paint,The Arts,Art,WFA,Fashion,MISMATCH,
9784805317167,Learn To Draw Exciting Anime And Manga Characters - Lessons From 100 Professional Japanese Illustrators (with over 600 illustrations),The Arts,Art,JFCA,Sociology,MISMATCH,
9781446308752,365 Days Of Kawaii - How To Draw Cute Stuff Every Day Of The Year,The Arts,Art,WFA,Fashion,MISMATCH,
9784805317341,Guide To Drawing Manga Fantasy Furries -  And Other Anthropomorphic Creatures (Over 700 illustrations),The Arts,Art,WFA,Fashion,MISMATCH,
9784805316078,Drawing Cute Manga Chibi - A Beginner's Guide To Drawing Super Cute Characters,The Arts,Art,WFA,Fashion,MISMATCH,
9781684620203,Master Guide To Drawing Anime - 5-Minute Characters,The Arts,Art,WFA,Fashion,MISMATCH,
9781782217985,Art Of Angela Gaughan - Techniques And Inspiration For Painting Wildlife In Acrylics,The Arts,Art,WFA,Fashion,MISMATCH,
9781784945862,Painting And Drawing,The Arts,Art,WFA,Fashion,MISMATCH,
9781446309902,My Cute Kawaii Drawings - Learn To Draw Adorable Art With This Easy Step-by-Step Guide,The Arts,Art,YNA,Childrens Non Fiction,MISMATCH,
9781782218784,Painting With System3 - Techniques And Inspiration For Using Acrylics And Inks,The Arts,Art,WFA,Fashion,MISMATCH,
9781446309636,Sacred Art - Create Your Own Spiritual And Mandala Art With Easy Acrylic Painting Techniques,The Arts,Art,WFA,Fashion,MISMATCH,
9781446309377,Textured Art - Palette Knife And Impasto Painting Techniques In Acrylic,The Arts,Art,WFA,Fashion,MISMATCH,
9783829755740,Southern England And Wales - Marco Polo Map,Travel,Maps,WTRM,Travel Literature,MISMATCH,
9781446308448,DIY Watercolor Christmas - Easy Painting Ideas And Techniques For Cards Gifts And DeCOR,The Arts,Art,WFA,Fashion,MISMATCH,
9781446308134,DIY Watercolor Jungle - Easy Watercolor Painting Techniques For Tropical Flowers And Foliage,The Arts,Art,WFA,Fashion,MISMATCH,
9781800920392,Simply Paint Flowers - 25 Inspiring Designs In Easy Steps,The Arts,Art,WFA,Fashion,MISMATCH,
9781782219200,Watercolour A To Z Of Trees And Foliage - An Illustrated Directory Of Techniques For Painting 24 Trees,The Arts,Art,WFA,Fashion,MISMATCH,
9781446308318,Oh My Gouache! - The Beginner's Guide To Painting With Opaque Watercolour,The Arts,Art,WFA,Fashion,MISMATCH,
9781784946395,Watercolour The Natural World,The Arts,Art,WFA,Fashion,MISMATCH,
9781782214199,How To Paint Water In Watercolour,The Arts,Art,WFA,Fashion,MISMATCH,
9781446308554,Watercolor And Hand Lettering - Step-By-Step Techniques For Modern Illustrated Calligraphy,The Arts,Art,WFU,Fashion,MISMATCH,
9781440354724,Encaustic Workshop Revised - Artistic Techniques For Working With Wax,The Arts,Art,WF,Fashion,MISMATCH,
9784805316733,Modern Japanese Painting Techniques - A Step-By-Step Beginner's Guide,The Arts,Art,WFA,Fashion,MISMATCH,
9780804854528,A Complete Guide To Chinese Brush Painting - Ink Paper Inspiration - Expert Step-By-Step Lessons For Beginners,The Arts,Art,WFA,Fashion,MISMATCH,
9784805316306,Beginners Guide To Sumi-e - Learn Japanese Ink Painting From A Modern Master,The Arts,Art,WFA,Fashion,MISMATCH,
9781782219361,Drawing Perspective,The Arts,Art,WFA,Fashion,MISMATCH,
9781800921085,How to Draw - Kittens,The Arts,Art,WFA,Fashion,MISMATCH,
9781800921153,How To Draw - Manga Faces,The Arts,Art,WFA,Fashion,MISMATCH,
9781684620166,Basics Of Drawing - The Ultimate Guide For Beginners,The Arts,Art,WFA,Fashion,MISMATCH,
9781760658281,Stuck Up and Stupid,Fiction,Teen Fiction,YFM,"Childrens Fiction, Romance",MISMATCH,
9781398527768,Curious Tides - 1,Fiction,Teen Fiction,YFB,Childrens Fiction,MISMATCH,
9781991311733,Official New Zealand Road Code 2026,Motoring,Transport,VSF,Psychology,MISMATCH,
9780711281844,Painting Calm - Connect To Nature Through The Art Of Watercolour,The Arts,Art,WFA,Fashion,MISMATCH,
9781761107221,Remember - The Science of Memory and the Art of Forgetting,Well Being,Psychology,PDZ,General Science,MISMATCH,
9781803705071,Spy Maze - Usborne Book and Jigsaw,Children,Activities,YNVP,Childrens Non Fiction,MISMATCH,
9781668022641,Sorry Sorry Sorry - The Case for Good Apologies,Sciences,Business,VSPM,Psychology,MISMATCH,
9780618526413,Heart is a Lonely Hunter - A Novel,Fiction,Classics,FA,General Fiction,MISMATCH,
9781991166852,Children of the Rush - Book 2,Fiction,Teen Fiction,YFB,Childrens Fiction,MISMATCH,
9780393655063,Odyssey - A Norton Critical Edition,Fiction,Classics,CB,Languages,MISMATCH,
9781526640437,Foxlight,Fiction,Teen Fiction,YFP,Childrens Fiction,MISMATCH,
9781592539796,"Beeswax Alchemy - How to Make Your Own Soap, Candles, Balms, Creams, and Salves from the Hive",The Arts,Craft,WF,Fashion,MISMATCH,
9780593519448,Skeleanor the Decomposer - A Graphic Novel,Fiction,Graphic Novels,YFW,Childrens Fiction,MISMATCH,
9781529910407,Small Victories -  A Colouring Book of Little Wins and Miniature Masterpieces,The Arts,Art,WFA,Fashion,MISMATCH,
9780099593591,Two Wheels Good,Sport,General Sport And Fitness,HBTB,History,MISMATCH,
9781869664503,Photographing Aoraki Mount Cook,The Arts,Photography,WTH,Travel Guides,MISMATCH,
9781405955102,Mythos Illustrated,History And Politics,Mythology,FXL,Graphic Novels,MISMATCH,
9780099593591,Two Wheels Good,Sport,Cycling,HBTB,History,MISMATCH,
9780241555217,Ready For Absolutely Nothing,The Arts,Fashion,BM,Biography,MISMATCH,
9781684128907,Harry Potter Paper Models,Children,Activities,WF,Fashion,MISMATCH,
9798886630893,Harry Potter Travels Through the Wizarding World -  An Official Coloring Book,Children,Activities,WF,Fashion,MISMATCH,
9781529081411,Unraveller,Fiction,Teen Fiction,YFH,Childrens Fiction,MISMATCH,
9781481489553,Leaf Men - And The Brave Good Bugs,Children,Childrens Picture Books,YFP,Childrens Fiction,MISMATCH,
9781775541776,Boy From Gorge River - From New Zealands Remotest Family To The World Beyond,Travel,Travel Literature,BM,Biography,MISMATCH,
9781035424726,World Formula One Records 2026,Motoring,Transport,WGCB,Gardening,MISMATCH,
9781035424726,World Formula One Records 2026,Motoring,Formula One,WGCB,Gardening,MISMATCH,
9780743268097,End Of Faith - Religion Terror And The Future Of Reason,Sciences,Philosophy,HRAB,Religion,MISMATCH,
9781913696092,No Place For Monsters - School of Phantoms - 2,Children,Childrens Fiction,YFD,"Childrens Fiction, Horror",MISMATCH,
9781913696092,No Place For Monsters - School of Phantoms - 2,Fiction,Teen Fiction,YFD,"Childrens Fiction, Horror",MISMATCH,
9781837760022,Cut Up This Book and Create Your Own Wonderland,The Arts,Craft,WF,Fashion,MISMATCH,
9780500291221,Great Discoveries in Medicine - From Ayurveda to Xrays Cancer to Covid,Sciences,General Science,HBT,History,MISMATCH,
9781922310057,Witness of Fact - the peculiar case of chief forensic pathologist Colin Manock,History And Politics,True Crime,JKVF1,Politics,MISMATCH,
9781399804462,Power and Progress - Our Thousand-Year Struggle Over Technology and Prosperity,History And Politics,History,KC,Economics,MISMATCH,
9780143777953,Te Awa o Kupu,Fiction,Poetry,JFSL9,Sociology,MISMATCH,
9781419771415,Art of Walt Disney - From Mickey Mouse to the Magic Kingdoms and Beyond - Disney 100 Celebration Edition,The Arts,Art,APFV,Music And Performing Arts,MISMATCH,
9781419760907,Nightbane - 2 The Lightlark Saga,Fiction,Teen Fiction,YF,Childrens Fiction,MISMATCH,
9781529077193,House for Mr Biswas,Fiction,Classics,FA,General Fiction,MISMATCH,
9781857159080,Childs Garden Of Verses,Fiction,Poetry,YQE,Childrens Picture Books,MISMATCH,
9781399802574,Rambling Man - My Life On The Road,Travel,Travel Literature,WTL,Travel Guides,MISMATCH,
9781784878627,Gilda Stories,Fiction,Science Fiction and Fantasy,FA,General Fiction,MISMATCH,
9781760763008,House Cat - Inspirational Interiors and the Elegant Felines Who Call Them Home,The Arts,Design,AJ,Photography,MISMATCH,
9780241638507,Brothers Hawthorne - 4 Inheritance Games,Fiction,Teen Fiction,YFCB,"Childrens Fiction, Thriller",MISMATCH,
9781786542212,Naturals - 1 The Naturals,Fiction,Teen Fiction,YFCB,"Childrens Fiction, Thriller",MISMATCH,
9781786542229,Killer Instinct - 2 The Naturals,Fiction,Teen Fiction,YFCB,"Childrens Fiction, Thriller",MISMATCH,
9781991033444,Rugby League In New Zealand - A Peoples History,Sport,Rugby,HBTB,History,MISMATCH,
9781446309728,"Macrame Bible - The Complete Reference Guide to Macrame Knots, Patterns, Motifs and More",The Arts,Craft,WFC,Fashion,MISMATCH,
9781786575760,Brazilian Portuguese - Lonely Planet Phrasebook And Dictionary,Travel,Languages,WTK,Travel Guides,MISMATCH,
9781786576033,Fijian - Lonely Planet Phrasebook And Dictionary,Travel,Languages,WTK,Travel Guides,MISMATCH,
9781788680868,Latin American Spanish - Lonely Planet Phrasebook And Dictionary,Travel,Languages,WTK,Travel Guides,MISMATCH,
9781786571892,South Pacific - Lonely Planet Phrasebook And Dictionary,Travel,Languages,WTK,Travel Guides,MISMATCH,
9781988595702,Feeling for Food,Well Being,Food And Beverage,BM,Biography,MISMATCH,
9781838698126,Best Bike Rides Italy,Sport,Cycling,WTH,Travel Guides,MISMATCH,
9781784946586,Whittling Woodland Animals,The Arts,Craft,WFS,Fashion,MISMATCH,
9780804856911,Soap Making for Beginners,The Arts,Craft,WFS,Fashion,MISMATCH,
9781788842389,Rolling Stones - Icons,The Arts,Music And Performing Arts,AJC,Photography,MISMATCH,
9780448489520,Tower Treasure - 1 Hardy Boys,Fiction,Teen Fiction,YFCF,Childrens Fiction,MISMATCH,
9780448489537,House On The Cliff - 2 Hardy Boys,Fiction,Teen Fiction,YFCF,Childrens Fiction,MISMATCH,
9780804171564,Walden And Civil Disobedience,Fiction,Classics,BGT,Biography,MISMATCH,
9781761299636,I Know Youre Lying,Fiction,Teen Fiction,YFCB,"Childrens Fiction, Thriller",MISMATCH,
9780143779278,Hamlet Is Not OK,Fiction,Teen Fiction,YFB,Childrens Fiction,MISMATCH,
9781760148515,Being Jimmy Baxter,Children,Childrens Fiction,YNU,Childrens Non Fiction,MISMATCH,
9781838858636,Creative Act - A Way Of Being,The Arts,Art,VS,Psychology,MISMATCH,
9781846681370,What Got You Here Won't Get You There - How successful people become even more successful,Sciences,Business,VSC,Psychology,MISMATCH,
9781800902176,Day The Hiccups Took Over,Fiction,Teen Fiction,YFQ,Childrens Fiction,MISMATCH,
9781913183509,Very Bad People - The Inside Story of the Fight Against the World's Network of Corruption,Sciences,Business,JPW,Politics,MISMATCH,
9781510107816,In the Shadow of the Wolf Queen - 1 Geomancer,Fiction,Teen Fiction,YFH,Childrens Fiction,MISMATCH,
9781472977403,Flow - Rivers Water and Wildness,Sciences,Environment,BM,Biography,MISMATCH,
9781510110281,Leila and the Blue Fox,Fiction,Teen Fiction,YFN,Childrens Fiction,MISMATCH,
9781761266553,Light At Lavelle,Fiction,Historical Fiction,FT,General Fiction,MISMATCH,
9781510107854,In the Shadow of the Wolf Queen - 1 Geomancer,Fiction,Teen Fiction,YFH,Childrens Fiction,MISMATCH,
9781035410460,Abuse of Power - Confronting Injustice in Public Life,History And Politics,Politics,BGHA,Biography,MISMATCH,
9781990035333,Night Tribe,Fiction,Teen Fiction,YFS,Childrens Fiction,MISMATCH,
9781914224119,Sophies World Vol I - A Graphic Novel About the History of Philosophy from Socrates to Galileo,Sciences,Philosophy,FXZ,Graphic Novels,MISMATCH,
9781914224164,Sophies World Vol II - A Graphic Novel About the History of Philosophy from Descartes to the Present Day,Fiction,Graphic Novels,YFW,Childrens Fiction,MISMATCH,
9781914224164,Sophies World Vol II - A Graphic Novel About the History of Philosophy from Descartes to the Present Day,Sciences,Philosophy,YFW,Childrens Fiction,MISMATCH,
9782067173279,USA - Michelin National Map 761,Travel,Maps,WTRD,Travel Literature,MISMATCH,
9781472281067,Dawn - 1 Lilith's Brood,Fiction,Science Fiction and Fantasy,FA,General Fiction,MISMATCH,
9783967041149,Beautiful Machines -  The Italians -  The Most Iconic Cars from Italy and Their Era,Motoring,Transport,WGC,Gardening,MISMATCH,
9781838665999,Atlas of Car Design -  The World's Most Iconic Cars - Onyx Edition,Motoring,Transport,WGCB,Gardening,MISMATCH,
9783967041279,Riding in the Wild -  Motorcycle Adventures Off and on the Roads,Motoring,Transport,WGCK,Gardening,MISMATCH,
9780007183517,When Things Fall Apart - Heart Advice For Difficult Times,Well Being,Psychology,HREX,Religion,MISMATCH,
9782067259904,Sweden - Michelin National Map 753,Travel,Maps,WTRD,Travel Literature,MISMATCH,
9781788008471,My First Lift-The-Flap Nursery Rhymes,Children,Books For Babies,YBCB,Childrens Picture Books,MISMATCH,
9781529427608,Chased by Pandas - My life in the mysterious world of cycling,Sport,Cycling,BGSA,Biography,MISMATCH,
9781035032471,Breaking Twitter -  Elon Musk and the Most Controversial Corporate Takeover in History,Sciences,Business,BGT,Biography,MISMATCH,
9781804191347,Things To Do Outdoors - 100 Play Prompts,Children,Activities,YBG,Books For Babies,MISMATCH,
9781804191330,Things To Do Indoors - 100 Play Prompts,Children,Activities,YBG,Books For Babies,MISMATCH,
9781780726038,Modest Book About How to Make an Adequate Speech,Sciences,Business,CBP,Languages,MISMATCH,
9781444968934,Heartstopper Volume 1 - Special Edition,Fiction,Graphic Novels,YFW,Childrens Fiction,MISMATCH,
9781444972443,Heartstopper Volume 2 - Special Edition,Fiction,Graphic Novels,YFW,Childrens Fiction,MISMATCH,
9781444972450,Heartstopper Volume 3 - Special Edition,Fiction,Graphic Novels,YFW,Childrens Fiction,MISMATCH,
9780908340279,Level 3 Chemistry Externals Learning Workbook,Children,Study And Education,YQZ,Childrens Picture Books,MISMATCH,
9780908340286,Level 3 Chemistry Internals Learning Workbook,Children,Study And Education,YQZ,Childrens Picture Books,MISMATCH,
9781804190296,Waypoints - My Scottish Journey,Travel,Travel Literature,BM,Biography,MISMATCH,
9781877459528,Year 9 English - Learning Workbook,Children,Study And Education,YQC,Childrens Picture Books,MISMATCH,
9781877401350,Year 9 English Study Guide,Children,Study And Education,YQC,Childrens Picture Books,MISMATCH,
9781877459535,Year 10 English - Learning Workbook,Children,Study And Education,YQC,Childrens Picture Books,MISMATCH,
9782067258648,Brittany - Michelin Regional Map 512,Travel,Maps,WTRD,Travel Literature,MISMATCH,
9782067258709,Loire Valley - Michelin Regional Map 517,Travel,Maps,WTRD,Travel Literature,MISMATCH,
9781665930949,Miles Morales Suspended - A Spider-Man Novel,Fiction,Teen Fiction,YFC,Childrens Fiction,MISMATCH,
9781925625066,Great Britain And Ireland - Hema Map,Travel,Maps,WTR,Travel Literature,MISMATCH,
9781990015724,Year 2 Homework - Start Right Workbook,Children,Study And Education,YQZ,Childrens Picture Books,MISMATCH,
9781990015755,Year 5 Homework - Start Right Workbook,Children,Study And Education,YQZ,Childrens Picture Books,MISMATCH,
9781988586076,Year 9 Creative Writing Skills - Learning Guide,Children,Study And Education,YQCS,Childrens Picture Books,MISMATCH,
9781991107244,Scholarship Calculus - AME Workbook 2023,Children,Study And Education,YQM,Childrens Picture Books,MISMATCH,
9781991107022,Level 1 Chemistry AME Workbook 2023,Children,Study And Education,YQSC,Childrens Picture Books,MISMATCH,
9781471407369,Wicked King - 2 The Folk of the Air,Fiction,Teen Fiction,YFH,Childrens Fiction,MISMATCH,
9781684125531,Ancient Greek Philosophers,Fiction,Classics,HBG,History,MISMATCH,
9780349106533,Long Walk To Freedom,Biographies,Biography,JPVH,Politics,MISMATCH,
9781783788231,Handmade - Learning the Art of Chainsaw Mindfulness in a Norwegian Wood,The Arts,Craft,BM,Biography,MISMATCH,
9781761104480,Good Arguments,Sciences,Business,VS,Psychology,MISMATCH,
9780008527990,Lost Rainforests Of Britain,Sciences,Environment,PST,General Science,MISMATCH,
9781785120459,Master of Change -  How to Excel When Everything Is Changing - Including You,Sciences,Business,VSC,Psychology,MISMATCH,
9781805330752,Allure of Chanel - Illustrated,The Arts,Fashion,BGF,Biography,MISMATCH,
9781844131037,Worst Journey in the World,Travel,Travel Literature,WTL,Travel Guides,MISMATCH,
9780571336715,Lost Girls,Fiction,Crime Fiction,FA,General Fiction,MISMATCH,
9781803381169,Hidden World of Magical Creatures,History And Politics,Mythology,YFH,Childrens Fiction,MISMATCH,
9781776191857,Elon Musk - Risking It All,Sciences,Business,BGB,Biography,MISMATCH,
9781838937959,Wolves of Winter - 2 Essex Dogs,Fiction,Historical Fiction,FJH,General Fiction,MISMATCH,
9780723277972,Father Christmas,Christmas,Christmas Books,YBC,Childrens Picture Books,MISMATCH,
9781405951937,Harrier - How To Be a Fighter Pilot,Motoring,Transport,HBWS,History,MISMATCH,
9780241988954,From A Mountain In Tibet - A Monks Journey,Travel,Travel Literature,BGXA,Biography,MISMATCH,
9780008534202,Pokemon Epic stickers,Children,Activities,YFC,Childrens Fiction,MISMATCH,
9781760269821,Winter Turning - 7 Wings Of Fire Graphix,Fiction,Graphic Novels,YFC,Childrens Fiction,MISMATCH,
9780645869002,Kaldoras - The Medoran Chronicles Epilogue,Fiction,Teen Fiction,YFH,Childrens Fiction,MISMATCH,
9780241596265,LGBTQ + History Book,Well Being,Gender,JFSK,Sociology,MISMATCH,
9780571374915,Spys Handbook - 20th Anniversary Edition,Fiction,Teen Fiction,YNM,Childrens Non Fiction,MISMATCH,
9780473675738,Honest Scales - A Journey of Faith And Freedom From Anorexia,Well Being,Health,HRCV9,Religion,MISMATCH,
9780711260771,"Legends of Norse Mythology - Enter a world of gods, giants, monsters and heroes",History And Politics,Mythology,YNX,Childrens Non Fiction,MISMATCH,
9781922310965,Mater 2-10,Fiction,Historical Fiction,FYT,Translated Fiction,MISMATCH,
9781684620456,Beautiful Landscape Painting Outdoors - Mastering Plein Air,The Arts,Art,WFA,Fashion,MISMATCH,
9781446307359,DIY Watercolor Flowers - The Beginners Guide to Flower Painting,The Arts,Art,WFA,Fashion,MISMATCH,
9781684620579,Everyday Art Exercises - Daily Activities To Boost Your Creativity,The Arts,Art,WF,Fashion,MISMATCH,
9781440301315,Watercolor Basics - Learn to Solve the Most Common Painting Problems burst,The Arts,Art,WFA,Fashion,MISMATCH,
9781782213406,How to Draw - People in Action,The Arts,Art,WFA,Fashion,MISMATCH,
9781800921450,Shaun the Sheep - The Official Colouring Book,The Arts,Art,YBGC,Books For Babies,MISMATCH,
9781782214359,Pure Watercolour Painting - Classic Techniques for Creating Radiant Landscapes,The Arts,Art,WFA,Fashion,MISMATCH,
9781782218579,Water-Mixable Oils - A Beginners Guide To Painting In This Vibrant Medium,The Arts,Art,WFA,Fashion,MISMATCH,
9780804856225,Foolproof Sketching And Painting Techniques For Beginners - For Pencil Pen And Watercolors,The Arts,Art,WFA,Fashion,MISMATCH,
9781800920088,10 Step Watercolour - Birds - Paint 25 Exquisitely Detailed Birds In 10 Easy Steps,The Arts,Art,WFA,Fashion,MISMATCH,
9781640210448,Whimsical and Wild,The Arts,Art,WFA,Fashion,MISMATCH,
9781782218463,Acrylic Paint Pouring - 16 Fluid Painting Projects & Creative Techniques,The Arts,Art,WFA,Fashion,MISMATCH,
9781800787063,Odd One Out,Children,Childrens Picture Books,YBG,Books For Babies,MISMATCH,
9781684620128,Natures Wisdom - Coloring Our Beautiful World,The Arts,Art,WF,Fashion,MISMATCH,
9781844489503,Painting Watercolour Sea & Sky the Easy Way,The Arts,Art,WFA,Fashion,MISMATCH,
9781800921443,Wallace And Gromit - The Official Colouring Book,The Arts,Art,YBGC,Books For Babies,MISMATCH,
9781782212966,Bird Art - Drawing Birds Using Graphite & Coloured Pencils,The Arts,Art,WFA,Fashion,MISMATCH,
9781684620289,Art of Positivity - 35+ Hopeful Coloring Projects,The Arts,Art,WF,Fashion,MISMATCH,
9781526629364,Theres A War Going On But No One Can See It,History And Politics,History,FHD,Thriller,MISMATCH,
9781840228502,Midsummer Nights Dream - Wordsworth Collectors Edition,Fiction,Classics,YQE,Childrens Picture Books,MISMATCH,
9781840221992,Anne of Green Gables - Wordsworth Luxe Collection,Fiction,Classics,YFA,Childrens Fiction,MISMATCH,
9781398515406,Boy And The Dog,Children,Childrens Non Fiction,FA,General Fiction,MISMATCH,
9781644116272,Functional Anatomy Of Yoga - A Guide For Practitioners And Teachers,Sport,General Sport And Fitness,HRQX,Religion,MISMATCH,
9781913183578,Twins of Auschwitz - The Inspiring True Story Of A Young Girl Surviving Mengeles Hell,Biographies,Biography,HBTZ1,History,MISMATCH,
9781837731060,Finding Endurance - Shackleton My Father And A World Without End,Travel,Travel Literature,HB,History,MISMATCH,
9780861546763,Morgan Is My Name,Fiction,Science Fiction and Fantasy,FQ,General Fiction,MISMATCH,
9781529003192,Hinterland,Fiction,Historical Fiction,FJMS,General Fiction,MISMATCH,
9780761157281,Beautiful Oops!,Children,Novelty Books,YBGP,Books For Babies,MISMATCH,
9781399802574,Rambling Man - My Life On The Road,Biographies,Biography,WTL,Travel Guides,MISMATCH,
9781761263323,Fastest Diet - Supercharge your weight loss with the 4:3 intermittent fasting plan,Well Being,Health,WBH,Food And Beverage,MISMATCH,
9798886631210,"Harry Potter - Herbology Magic - Botanical Projects, Terrariums, and Gardens Inspired by the Wizarding World",The Garden,Gardening,JFCA,Sociology,MISMATCH,
9781782693703,Daughter of the Siren Queen,Fiction,Teen Fiction,YFH,Childrens Fiction,MISMATCH,
9781782694557,Vengeance of the Pirate Queen,Fiction,Teen Fiction,YFH,Childrens Fiction,MISMATCH,
9780241632321,My Very Important Lift-the-Flap Book - Animals With More Than 80 Flaps to Lift,Children,Books For Babies,YNNR,Childrens Non Fiction,MISMATCH,
9781761212949,Star Wars - The Prequel Trilogy - A Graphic Novel,Fiction,Graphic Novels,YFW,Childrens Fiction,MISMATCH,
9781035029402,Rassie -  Stories of Life and Rugby,Sport,Rugby,BGSA,Biography,MISMATCH,
9781250820587,Truth About Dragons,Children,Childrens Picture Books,YFH,Childrens Fiction,MISMATCH,
9781250829382,Doris,Children,Childrens Picture Books,YFP,Childrens Fiction,MISMATCH,
9782067170209,Ireland - Michelin National Map 712,Travel,Maps,WTRD,Travel Literature,MISMATCH,
9782067171213,Southern France - Michelin National Map 725,Travel,Maps,WTRD,Travel Literature,MISMATCH,
9782067259898,South Africa - National Map 748,Travel,Maps,WTRD,Travel Literature,MISMATCH,
9781838852184,Small Bodies Of Water,Travel,Travel Literature,BM,Biography,MISMATCH,
9781408884447,House of Flame and Shadow - 3 Cresent City,Fiction,Science Fiction and Fantasy,FR,Romance,MISMATCH,
9781526628237,House Of Flame And Shadow - 3 Crescent City,Fiction,Science Fiction and Fantasy,FR,Romance,MISMATCH,
9781761341663,Glucose Goddess Method,Well Being,Health,WBH,Food And Beverage,MISMATCH,
9781761292644,Turf Wars - 1 Legend of Korra,Fiction,Graphic Novels,YF,Childrens Fiction,MISMATCH,
9781760265014,Ruins of the Empire - 2 The Legend of Korra,Fiction,Graphic Novels,YBCS,Childrens Picture Books,MISMATCH,
9781398513341,Killers Of The Flower Moon - Oil Money Murder and the Birth of the FBI,History And Politics,True Crime,HB,History,MISMATCH,
9781683692911,Toil and Trouble - A Women's History of the Occult,History And Politics,Religion,HB,History,MISMATCH,
9780008435813,Mystery Guest - 2 Molly The Maid,Fiction,Crime Fiction,FA,General Fiction,MISMATCH,
9781529908664,Decolonising My Body - A radical exploration of rituals and beauty,History And Politics,History,JF,Sociology,MISMATCH,
9781838959548,Wild - A Journey from Lost to Found,Travel,Travel Literature,BM,Biography,MISMATCH,
9781444957655,Heartstopper Volume 5,Fiction,Graphic Novels,YFW,Childrens Fiction,MISMATCH,
9780735217966,Nineties,History And Politics,History,JFCA,Sociology,MISMATCH,
9781419769047,Lila Greer - Teacher Of The Year,Children,Childrens Picture Books,YF,Childrens Fiction,MISMATCH,
9780008519018,Theory of Everything Else - A Voyage into the World of the Weird,Sciences,General Science,JFH,Sociology,MISMATCH,
9780063143968,Warriors - The Ultimate Guide - Updated and Expanded Edition,Fiction,Teen Fiction,YBG,Books For Babies,MISMATCH,
9781783789351,Our Share Of Night,Fiction,Science Fiction and Fantasy,FA,General Fiction,MISMATCH,
9781760266820,Imbalance - 7 Avatar the Last Airbender,Fiction,Graphic Novels,YBCS,Childrens Picture Books,MISMATCH,
9798886630541,Harry Potter -  Characters of the Wizarding World,The Arts,Art,JFCA,Sociology,MISMATCH,
9781958862124,Fellowship of the Knits -  The Unofficial Lord of the Rings Knitting Book,The Arts,Craft,WF,Fashion,MISMATCH,
9781398521681,First to Die at the End,Fiction,Teen Fiction,YFM,"Childrens Fiction, Romance",MISMATCH,
9781035032990,Gruffalo and Friends Advent Calendar Book Collection -  Count down to Christmas with 24 mini activity books!,Christmas,Christmas Books,YBGC,Books For Babies,MISMATCH,
9780008435769,Maid - 1 Molly The Maid,Fiction,Crime Fiction,FA,General Fiction,MISMATCH,
9781646433704,"Book Of Superstitions - Black Cats, Yellow Flowers, Broken Mirrors, Cracked Sidewalks, and More Cultural Behaviors",History And Politics,Mythology,JFHF,Sociology,MISMATCH,
9780008605551,Tiger Who Came To Tea - Jigsaw Book,Children,Activities,YBG,Books For Babies,MISMATCH,
9781646431175,Velveteen Rabbit - The Classic Edition,Children,Childrens Picture Books,YFA,Childrens Fiction,MISMATCH,
9781646433605,Velveteen Rabbit - Heirloom Edition Hardcover with Audio CD,Children,Childrens Picture Books,YFA,Childrens Fiction,MISMATCH,
9781646433988,Classic Tale of Peter Rabbit - The Collectible Leather Edition,Children,Childrens Picture Books,YFA,Childrens Fiction,MISMATCH,
9781646433575,Classic Tale of Peter Rabbit -  Heirloom Edition -  The Classic Edition Hardcover with Audio CD Narrated by Jeff Bridges,Children,Childrens Picture Books,YFA,Childrens Fiction,MISMATCH,
9781646432325,Peter Rabbit Plush Gift Set - The Revised Edition-  Includes the Classic Edition Board Book + Plush Stuffed Animal Toy,Children,Novelty Books,YFA,Childrens Fiction,MISMATCH,
9781805330943,Wizard of the Kremlin,Fiction,Crime Fiction,FYT,Translated Fiction,MISMATCH,
9781409580980,Illustrated Bible Stories,Children,Childrens Fiction,YNRB,Childrens Non Fiction,MISMATCH,
9781847925541,Determined - Life Without Free Will,Sciences,Philosophy,PSX,General Science,MISMATCH,
9781785120770,Misbelief - What Makes Rational People Believe Irrational Things,History And Politics,History,KCK,Economics,MISMATCH,
9781804184523,In The Streets Of Tehran - Woman Life Freedom,History And Politics,History,JFFJ,Sociology,MISMATCH,
9781440340246,How to Draw Fantasy Art and RPG Maps - Step by Step Cartography for Gamers and Fans,The Arts,Art,WFA,Fashion,MISMATCH,
9781787081406,Economics,Sciences,Economics,YN,Childrens Non Fiction,MISMATCH,
9781784946722,Quick And Easy Macrame - Simple and Stylist Small Projects,The Arts,Craft,WFC,Fashion,MISMATCH,
9781784946746,Knot Handbook,Sport,General Sport And Fitness,WFC,Fashion,MISMATCH,
9781781454848,Beatles - In Pictures,The Arts,Music And Performing Arts,AJC,Photography,MISMATCH,
9781861874214,When You Lose Someone You Love - A Journey Through the Heart of Grief,Well Being,Psychology,DCF,Poetry,MISMATCH,
9781783785780,Curtain And The Wall - A Modern Journey Along Europe's Cold War Border,Travel,Travel Literature,HBLW3,History,MISMATCH,
9781526600950,Giacometti In Paris,The Arts,Art,BGF,Biography,MISMATCH,
9781785302275,Summer Bird Blue,Fiction,Teen Fiction,YFB,Childrens Fiction,MISMATCH,
9781760295745,Aurora Burning - 2 Aurora Cycle,Fiction,Science Fiction and Fantasy,YF,Childrens Fiction,MISMATCH,
9781801990967,Blackbeard's Treasure,Fiction,Teen Fiction,YFT,Childrens Fiction,MISMATCH,
9780241528457,Nothing Ever Just Disappears - Seven Hidden Histories,Well Being,Gender,JFSK,Sociology,MISMATCH,
9780241602751,Bring No Clothes -  Bloomsbury and the Philosophy of Fashion,The Arts,Fashion,JFCK,Sociology,MISMATCH,
9781838957421,Path Of Peace - Walking The Western Front Way,Travel,Travel Literature,BM,Biography,MISMATCH,
9781953424723,Rebel Girls Little Library,Fiction,Teen Fiction,YNM,Childrens Non Fiction,MISMATCH,
9780241598245,Big Book Of LEGO Facts,Children,Activities,YNG,Childrens Non Fiction,MISMATCH,
9781784878672,Beloved - Special Edition,Fiction,Classics,FA,General Fiction,MISMATCH,
9781784878894,Trainspotting,Fiction,Classics,FA,General Fiction,MISMATCH,
9781784878702,I Capture the Castle -  A special edition of the coming-of-age classic,Fiction,Classics,YFA,Childrens Fiction,MISMATCH,
9781784878689,Bloody Chamber and Other Stories - Special Edition,Fiction,Classics,FA,General Fiction,MISMATCH,
9781784878696,Catch 22 -  Special Edition,Fiction,Classics,FJMS,General Fiction,MISMATCH,
9781847927736,Entangled Life - Illustrated Edition,Sciences,Environment,PSQ,General Science,MISMATCH,
9781776957026,Blue Blue Christmas,Christmas,Christmas Books,YBCS,Childrens Picture Books,MISMATCH,
9781776957033,He Kirihimete Kahurangi,Christmas,Christmas Books,YBCS,Childrens Picture Books,MISMATCH,
9781958395295,Harry Styles,The Arts,Fashion,BGFA,Biography,MISMATCH,
9780241541975,Squirrel And The Lost Treasure,Children,Childrens Fiction,YBC,Childrens Picture Books,MISMATCH,
9781761345043,Astonishingly Good Stories,Children,Childrens Fiction,YNU,Childrens Non Fiction,MISMATCH,
9781541702981,Conspirituality - How New Age Conspiracy Theories Became a Health Threat,History And Politics,History,JFHC,Sociology,MISMATCH,
9781529082098,Macmillan Collection of Myths and Legends,History And Politics,Mythology,YFJ,Childrens Fiction,MISMATCH,
9781805330301,Beauties - Essential Stories,Fiction,Classics,FYB,General Fiction,MISMATCH,
9780545741668,Sunny Side Up,Fiction,Graphic Novels,YFB,Childrens Fiction,MISMATCH,
9784805317426,No Longer Human,Fiction,Classics,FA,General Fiction,MISMATCH,
9780241620441,Ten Minutes to Bed - Wheres the Easter Bunny - A magical lift-the-flap book,Children,Childrens Picture Books,YBGP,Books For Babies,MISMATCH,
9781761344695,Bluey - Hooray Its Easter - A Lift The Flap Book,Children,Childrens Picture Books,YFB,Childrens Fiction,MISMATCH,
9781869508005,Power Of Mothers - Releasing Our Children,Well Being,Psychology,JKSB1,Politics,MISMATCH,
9781869508005,Power Of Mothers - Releasing Our Children,Well Being,Family,JKSB1,Politics,MISMATCH,
9781591433866,Classic Tales from India - How Ganesh Got His Elephant Head and Other Stories,Children,Childrens Picture Books,YFJ,Childrens Fiction,MISMATCH,
9780241519165,Peter Rabbit Great Big Easter Egg Hunt - A Lift-the-Flap Storybook,Children,Childrens Picture Books,YFP,Childrens Fiction,MISMATCH,
9780241371565,Peppa Pig - Easter Egg,Children,Childrens Picture Books,YBGT,Books For Babies,MISMATCH,
9780241381014,Peppa Pig - Peppas Egg-cellent Easter Sticker Activity Book,Children,Activities,YBGS,Books For Babies,MISMATCH,
9780241543467,Peppa Pig - Peppas Easter Basket Shaped Board Book,Children,Books For Babies,YBCH,Childrens Picture Books,MISMATCH,
9781760896898,Bluey - Easter Fun - A Craft Book,Children,Activities,YBG,Books For Babies,MISMATCH,
9781761046261,Bluey - More Easter Fun - A Craft Book,Children,Activities,YBG,Books For Babies,MISMATCH,
9780723263616,Spots First Easter Board Book,Children,Books For Babies,YBCH,Childrens Picture Books,MISMATCH,
9781526632807,Defy the Night,Fiction,Teen Fiction,YFC,Childrens Fiction,MISMATCH,
9780241553527,Very Hungry Caterpillars Easter Picnic,Children,Childrens Picture Books,YBLJ,Childrens Non Fiction,MISMATCH,
9780241554340,Roald Dahl - Easter EGGstravaganza,Children,Childrens Picture Books,YBGT,Books For Babies,MISMATCH,
9780141363776,Very Hungry Caterpillars Easter Colours,Children,Childrens Picture Books,YBLD,Childrens Non Fiction,MISMATCH,
9780241422311,Very Hungry Caterpillars Easter Sticker and Colouring Book,Children,Activities,YBGS,Books For Babies,MISMATCH,
9780241618530,Very Hungry Caterpillars Easter Surprise,Children,Activities,YBGT,Books For Babies,MISMATCH,
9781761049415,Bluey - Cricket,Children,Childrens Picture Books,YFB,Childrens Fiction,MISMATCH,
9781761343100,Bluey - At the Beach -  A Colouring Book,Children,Activities,YBGC,Books For Babies,MISMATCH,
9781119815365,Power Of One More - The Ultimate Guide to Happiness and Success,Sciences,Business,VSC,Psychology,MISMATCH,
9781837581955,Best Beaches - 100 of the World's Most Incredible Beaches,Travel,Travel Literature,WTM,Travel Guides,MISMATCH,
9781787015296,Barcelona - Lonely Planet City Map,Travel,Maps,WTRM,Travel Literature,MISMATCH,
9781787015319,Berlin - Lonely Planet City Map,Travel,Maps,WTRM,Travel Literature,MISMATCH,
9781787015678,Florence - Lonely Planet Map,Travel,Maps,WTRM,Travel Literature,MISMATCH,
9781787017078,London - Lonely Planet City Map,Travel,Maps,WTRM,Travel Literature,MISMATCH,
9781787017108,Madrid - Lonely Planet City Map,Travel,Maps,WTRM,Travel Literature,MISMATCH,
9781787016361,Rome - Lonely Planet City Map,Travel,Maps,WTRM,Travel Literature,MISMATCH,
9781787016491,Singapore - Lonely Planet Map,Travel,Maps,WTRM,Travel Literature,MISMATCH,
9781787017849,Tokyo - Lonely Planet City Map,Travel,Maps,WTRM,Travel Literature,MISMATCH,
9781787017917,Venice - Lonely Planet Map,Travel,Maps,WTRM,Travel Literature,MISMATCH,
9781787015616,Lonely Planet Fast Talk Latin American Spanish,Travel,Languages,WTK,Travel Guides,MISMATCH,
9781786575975,Egyptian Arabic - Lonely Planet Phrasebook And Dictionary,Travel,Languages,WTK,Travel Guides,MISMATCH,
9780552579193,Wee Free Men - 1 Tiffany Aching,Fiction,Science Fiction and Fantasy,YFH,Childrens Fiction,MISMATCH,
9780552579155,Wintersmith - 3 Tiffany Aching,Fiction,Science Fiction and Fantasy,YFH,Childrens Fiction,MISMATCH,
9780552576307,Wee Free Men - 1 Tiffany Aching,Fiction,Science Fiction and Fantasy,YFH,Childrens Fiction,MISMATCH,
9780552576338,I Shall Wear Midnight - 4 Tiffany Aching,Fiction,Science Fiction and Fantasy,YFC,Childrens Fiction,MISMATCH,
9780552579179,I Shall Wear Midnight - 4 Tiffany Aching 38 Discworld,Fiction,Science Fiction and Fantasy,YFC,Childrens Fiction,MISMATCH,
9780062857378,Warriors Manga - SkyClan and the Stranger,Fiction,Graphic Novels,YFW,Childrens Fiction,MISMATCH,
9780062748249,Warriors Manga - Ravenpaws Path,Fiction,Graphic Novels,YFW,Childrens Fiction,MISMATCH,
9781529096743,Princess Mirror Belle,Children,Childrens Picture Books,YFB,Childrens Fiction,MISMATCH,
9781761343582,Just Because,Children,Childrens Picture Books,YFB,Childrens Fiction,MISMATCH,
9781786274359,Puzzle Play - Five Chunky Jigsaws to Learn & Play,Children,Activities,YBGT7,Books For Babies,MISMATCH,
9781922790545,Here And Only Here,Fiction,Teen Fiction,YFS,Childrens Fiction,MISMATCH,
9781846041242,Mans Search For Meaning,Sciences,Philosophy,VSP,Psychology,MISMATCH,
9780241681510,Eragon - Illustrated Edition,Fiction,Science Fiction and Fantasy,YFH,Childrens Fiction,MISMATCH,
9781460763216,How To Make Friends With The Dark,Fiction,Teen Fiction,YFM,"Childrens Fiction, Romance",MISMATCH,
9780811200325,Setting Sun,Fiction,Classics,FA,General Fiction,MISMATCH,
9780987655417,New Zealand,The Arts,Photography,WTH,Travel Guides,MISMATCH,
9781761299995,Smoke and Shadow - 4 Avatar The Last Airbender,Fiction,Graphic Novels,YBCS,Childrens Picture Books,MISMATCH,
9781761068881,Second Chance,Sciences,Environment,BM,Biography,MISMATCH,
9781788709194,Housefly Buzzes in the Key of F - Hilarious and fascinating facts on all things flora and fauna,Sciences,Environment,WH,Humour,MISMATCH,
9780711277991,I Love Books,Children,Childrens Picture Books,YB,Childrens Non Fiction,MISMATCH,
9781801104487,Fowl Play - A History of the Chicken from Dinosaur to Dinner Plate,Sciences,Environment,HBTB,History,MISMATCH,
9781526665386,Clockwork Conspiracy,Children,Childrens Fiction,YN,Childrens Non Fiction,MISMATCH,
9781789502299,Kew Gardens Botanical Artist - Learn To Draw And Paint Flowers In The Style Of Pierre-Joseph Redoute,The Garden,Gardening,AGN,Art,MISMATCH,
9781775542001,Mad on Meth - How New Zealand got hooked on P,History And Politics,True Crime,JKVG,Politics,MISMATCH,
9780141379500,Brown Bear Brown Bear What Do You See - With Audio Read by Eric Carle,Children,Childrens Picture Books,YBLD,Childrens Non Fiction,MISMATCH,
9780764366901,"Cumulative Cloth - Wet Techniques - A Guide to Fabric Color, Pattern, Construction, and Embellishment",The Arts,Craft,WF,Fashion,MISMATCH,
9781497103931,"Making Wooden Toys -  15 Projects That Stack, Tumble, Whistle & Climb",The Arts,Craft,WFS,Fashion,MISMATCH,
9781761128523,Allergic,Fiction,Graphic Novels,YFN,Childrens Fiction,MISMATCH,
9780593176221,Scout Is Not a Band Kid - A Graphic Novel,Fiction,Graphic Novels,YF,Childrens Fiction,MISMATCH,
9780008611460,Lobster Cop - 1 Officer Clawsome,Fiction,Graphic Novels,YFW,Childrens Fiction,MISMATCH,
9780448489544,Secret of the Old Mill - 3 Hardy Boys,Fiction,Teen Fiction,YFCF,Childrens Fiction,MISMATCH,
9781536231953,Hoops - A Graphic Novel,Fiction,Graphic Novels,YFW,Childrens Fiction,MISMATCH,
9780241336786,Battle Of the Labyrinth - 4 Percy Jackson Graphic Novel,Fiction,Graphic Novels,YFH,Childrens Fiction,MISMATCH,
9780241342909,Last Olympian - 5 Percy JacksonThe Graphic Novel,Fiction,Graphic Novels,YFC,Childrens Fiction,MISMATCH,
9781338766943,I Survived Hurricane Katrina - The Graphic Novel,Fiction,Graphic Novels,YFW,Childrens Fiction,MISMATCH,
9781338825152,I Survived the Great Chicago Fire 1871 -  Tthe Graphic Novel,Fiction,Graphic Novels,YFW,Childrens Fiction,MISMATCH,
9781338825183,I Survived the American Revolution 1776  - The Graphic Novel,Fiction,Graphic Novels,YFW,Childrens Fiction,MISMATCH,
9781769112845,I Survived the Shark Attacks of 1916 - I Survived Graphic Novel,Fiction,Graphic Novels,YFW,Childrens Fiction,MISMATCH,
9781338304572,Claudia and the New Girl - 9 The Babysitters Club Graphic Novel,Fiction,Graphic Novels,YFN,Childrens Fiction,MISMATCH,
9781338328189,Amulet Box set 1-8 Graphix,Fiction,Graphic Novels,YFW,Childrens Fiction,MISMATCH,
9781760265458,Wings Of Fire - The Graphic Novels First Six Books,Fiction,Graphic Novels,YFW,Childrens Fiction,MISMATCH,
9780008422141,Punching the Air,Fiction,Teen Fiction,YFB,Childrens Fiction,MISMATCH,
9781760657239,Impossible Story of Hannah Kemp,Fiction,Teen Fiction,YFH,Childrens Fiction,MISMATCH,
9781471411526,Silver Chain,Fiction,Teen Fiction,YFN,Childrens Fiction,MISMATCH,
9781035005567,Little Old Lady Strikes Back - 4 Senior League,Fiction,Crime Fiction,FA,General Fiction,MISMATCH,
9781529095364,Atlas Complex - 3 Atlas,Fiction,Science Fiction and Fantasy,FJ,General Fiction,MISMATCH,
9781529115949,Appliance,Fiction,Science Fiction and Fantasy,FA,General Fiction,MISMATCH,
9781529915587,Behind the Seams - My Life in Rhinestones,The Arts,Fashion,BGFA,Biography,MISMATCH,
9781922616630,Vegemite - The true story of the man who invented an Australian icon,Sciences,Business,BG,Biography,MISMATCH,
9781035008421,Ship Beneath The Ice,Travel,Travel Literature,BGA,Biography,MISMATCH,
9781250866592,Silent Unseen - A Novel of World War II,Fiction,Teen Fiction,YFT,Childrens Fiction,MISMATCH,
9781035041886,Lunar New Year Love Story,Fiction,Graphic Novels,YFW,Childrens Fiction,MISMATCH,
9781529097566,Classic Christmas Crime Stories,Fiction,Classics,FFC,Crime Fiction,MISMATCH,
9781761268212,Darkness Runs Deep,Fiction,Crime Fiction,FA,General Fiction,MISMATCH,
9781250897787,It Works - Complete Original Edition,Sciences,Business,VSC,Psychology,MISMATCH,
9781035041329,Eowulf -  Of Monsters and Middle School,Fiction,Graphic Novels,YFW,Childrens Fiction,MISMATCH,
9781250289070,Sticker Mosaics -  Amazing Animals -  Create Wild Pictures with Spectacular Stickers!,The Arts,Craft,WF,Fashion,MISMATCH,
9781250793348,History Comics -  World War II -  Fight On The Home Front,Fiction,Graphic Novels,YFW,Childrens Fiction,MISMATCH,
9781783788224,Our Share of Night,Fiction,Science Fiction and Fantasy,FA,General Fiction,MISMATCH,
9781783127603,Lewis Hamilton Rules,Motoring,Formula One,YNW,Childrens Non Fiction,MISMATCH,
9780349727158,"Toxic - Women, Fame and The Noughties",History And Politics,History,JFFK,Sociology,MISMATCH,
9781035413393,Pretty Boys Are Poisonous - Poems - A Collection of F**ked Up Fairy Tales,Fiction,Poetry,BM,Biography,MISMATCH,
9780008363420,How to Speak Whale -  A Voyage into the Future of Animal Communication,Sciences,Environment,PSVP,General Science,MISMATCH,
9780008622794,"Britains Steam Locomotives - 100 of the best, from Penydarren to Tornado",Motoring,Transport,WGF,Gardening,MISMATCH,
9781988595726,Emergency Weather,Fiction,Teen Fiction,FA,General Fiction,MISMATCH,
9781760266837,Hunger Games Collection,Fiction,Teen Fiction,YF,Childrens Fiction,MISMATCH,
9781474966832,You Could Be So Pretty,Fiction,Teen Fiction,YFG,Childrens Fiction,MISMATCH,
9780008309145,Future,Fiction,Science Fiction and Fantasy,FA,General Fiction,MISMATCH,
9781409550013,Sticker Picture Atlas of the World,Travel,Atlases And Globes,YBGS,Books For Babies,MISMATCH,
9781851687176,Anarchism - A Beginner's Guide,Sciences,Philosophy,JPFB,Politics,MISMATCH,
9781629639635,Anarchic Agreements - How to Build Durable Groups and Coalitions,Sciences,Philosophy,JP,Politics,MISMATCH,
9781760642365,Successor - The High-Stakes Life of Lachlan Murdoch,Sciences,Business,BG,Biography,MISMATCH,
9780241188309,Monet - The Restless Vision,The Arts,Art,BGF,Biography,MISMATCH,
9780241389799,Humanise - A Maker's Guide to Building Our World,History And Politics,History,RGC,Environment,MISMATCH,
9780241669631,Britannias - An Island Quest,Travel,Travel Literature,HBTP,History,MISMATCH,
9780241686515,Mark of Athena - 3 Heroes of Olympus - Graphic Novel,Fiction,Graphic Novels,YFW,Childrens Fiction,MISMATCH,
9781409598787,Creative Writing Book,Children,Childrens Non Fiction,YQCS,Childrens Picture Books,MISMATCH,
9781529153569,Jolly Festive Jeeves,Fiction,Classics,FA,General Fiction,MISMATCH,
9780224087025,Less Boring History of the World,Children,Childrens Non Fiction,WH,Humour,MISMATCH,
9781474969109,Write Your Own Scripts,Children,Childrens Non Fiction,YQCS,Childrens Picture Books,MISMATCH,
9781474950879,Write Your Own Poems,Children,Childrens Non Fiction,YQCS,Childrens Picture Books,MISMATCH,
9781474950862,Write And Design Your Own Magazines,Children,Childrens Non Fiction,YBG,Books For Babies,MISMATCH,
9781529379112,Inflammation Spectrum - Find Your Food Triggers And Reset Your System,Well Being,Health,WBHS,Food And Beverage,MISMATCH,
9781472287083,Rebellion - 22 Eagles Of Empire,Fiction,Historical Fiction,FJH,General Fiction,MISMATCH,
9781035006823,Finding Hildasay - How One Man Walked The UK's Coastline And Found Hope And Happiness,Travel,Travel Literature,BM,Biography,MISMATCH,
9781782492429,Handmade Christmas - Over 35 Step-by-Step Projects and Inspirational Ideas for the Festive Season,The Arts,Craft,WF,Fashion,MISMATCH,
9781838993733,First Felt -  Words,Children,Books For Babies,YBLA,Childrens Non Fiction,MISMATCH,
9781838993665,First Felt - Numbers,Children,Books For Babies,YBLC,Childrens Non Fiction,MISMATCH,
9781838993658,First Felt - Colours,Children,Books For Babies,YBLD,Childrens Non Fiction,MISMATCH,
9781838993740,First Felt - Animals,Children,Books For Babies,YBLN1,Childrens Non Fiction,MISMATCH,
9781035028405,Gruffalo - A First Sticker Book,Children,Activities,YBGS,Books For Babies,MISMATCH,
9781035028412,Dear Zoo Little Library,Children,Books For Babies,YBCS,Childrens Picture Books,MISMATCH,
9781784870348,Time Must Have a Stop,Fiction,Classics,FA,General Fiction,MISMATCH,
9781784870362,Genius and the Goddess,Fiction,Classics,FA,General Fiction,MISMATCH,
9781471164910,Lost City of Z - A Legendary British Explorer's Deadly Quest to Uncover the Secrets of the Amazon,Travel,Travel Literature,BGH,Biography,MISMATCH,
9781925381986,Ambulance Ambulance,Children,Books For Babies,YBC,Childrens Picture Books,MISMATCH,
9781925126358,Construction,Children,Books For Babies,YBC,Childrens Picture Books,MISMATCH,
9781914198700,In Italy - Venice Rome and Beyond,Travel,Travel Literature,WTL,Travel Guides,MISMATCH,
9781471411410,Prisoners Throne -  A Novel of Elfhame,Fiction,Teen Fiction,YFH,Childrens Fiction,MISMATCH,
9781635575934,Core Of An Onion - Peeling the Rarest Common Food,Well Being,Food And Beverage,JFCV,Sociology,MISMATCH,
9781789545067,La Serenissima - The Story of Venice,Travel,Travel Literature,WTL,Travel Guides,MISMATCH,
9781409549772,100 More Paper Planes to Fold and Fly,Children,Activities,YNPH,Childrens Non Fiction,MISMATCH,
9781409598596,100 Paper Dragons To Fold And Fly,Children,Activities,YBG,Books For Babies,MISMATCH,
9781474986250,100 Superplanes To Fold And Fly,Children,Activities,YBG,Books For Babies,MISMATCH,
9781409557067,200 Paper Planes To Fold And Fly,Children,Activities,YBGK,Books For Babies,MISMATCH,
9781474998918,Look Inside a Coral Reef,Children,Books For Babies,YNN,Childrens Non Fiction,MISMATCH,
9781474968874,Look Inside Wild Weather,Children,Books For Babies,YNN,Childrens Non Fiction,MISMATCH,
9781474947060,Seas And Oceans - Look Inside,Children,Childrens Non Fiction,YBGP,Books For Babies,MISMATCH,
9781398531796,Keeper Of The Lost Cities - The Graphic Novel Volume 1,Fiction,Graphic Novels,YFB,Childrens Fiction,MISMATCH,
9781912785605,Make Art with the Greats - Discover Brilliant Artists and Try Their Techniques for Yourself,The Arts,Art,WFA,Fashion,MISMATCH,
9781761213700,Hey Jack - Thats A Big Book Volume 1,Children,Childrens Fiction,YFM,"Childrens Fiction, Romance",MISMATCH,
9780008606121,Incredible Rugby - 3 Incredible Sports Stories,Sport,Rugby,YNG,Childrens Non Fiction,MISMATCH,
9781783967247,Future of Geography - How Power and Politics in Space Will Change Our World,History And Politics,History,RGCP,Environment,MISMATCH,
9781665903103,Enlightened,Fiction,Teen Fiction,YFB,Childrens Fiction,MISMATCH,
9781035034529,Bad Land,Travel,Travel Literature,WTL,Travel Guides,MISMATCH,
9781035034536,Passage To Juneau,Travel,Travel Literature,WTL,Travel Guides,MISMATCH,
9781683693574,Darcy Myth - Jane Austen Literary Heartthrobs And The Monsters They Taught Us To Love,Biographies,Essays,DSK,Classics,MISMATCH,
9781761345432,Bluey - Lets Stick - A Sticker Book,Children,Activities,YBGC,Books For Babies,MISMATCH,
9781761346194,These Jokes Will Annoy Everyone You Know,Children,Childrens Fiction,YNU,Childrens Non Fiction,MISMATCH,
9780241659489,Peppas Magical Dress-Up Sticker Book,Children,Activities,YBGS,Books For Babies,MISMATCH,
9780241621196,Grimms Fairy Tales,Fiction,Classics,YFJ,Childrens Fiction,MISMATCH,
9781761343988,Chico The Schnauzer,Children,Childrens Picture Books,YB,Childrens Non Fiction,MISMATCH,
9780241425145,Hans Christian Andersens Fairy Tales - Retold by Naomi Lewis,Fiction,Classics,YFJ,Childrens Fiction,MISMATCH,
9780241536117,Agnes and the Hen,Children,Childrens Picture Books,YNNF,Childrens Non Fiction,MISMATCH,
9781645677857,"Art of Upcycling -  Creative Ways to Make Something Beautiful Out of Trash, Thrifted Finds and Everyday Recyclables",The Arts,Craft,WF,Fashion,MISMATCH,
9781529902204,Murder On Lake Garda,Fiction,Crime Fiction,FA,General Fiction,MISMATCH,
9781665949422,Betting On You,Fiction,Teen Fiction,YFM,"Childrens Fiction, Romance",MISMATCH,
9781529913934,Sapiens - A Brief History of Humankind (10 Year Anniversary Edition),History And Politics,History,JFCX,Sociology,MISMATCH,
9781841591711,Girl in Blue,Fiction,Classics,FA,General Fiction,MISMATCH,
9781841591704,Man Upstairs,Fiction,Classics,FA,General Fiction,MISMATCH,
9781841596334,Stories of Southern Italy,Fiction,Classics,FYB,General Fiction,MISMATCH,
9781841596341,Stories of Books and Libraries,Fiction,Classics,FYB,General Fiction,MISMATCH,
9781841594101,Never Let Me Go,Fiction,Classics,FA,General Fiction,MISMATCH,
9781841596310,Stories Of Trees Woods And Forests,Fiction,Classics,FYB,General Fiction,MISMATCH,
9781841593722,Giovannis Room,Fiction,Classics,FA,General Fiction,MISMATCH,
9781841594019,Famished Road,Fiction,Classics,FA,General Fiction,MISMATCH,
9781841594026,Bridge On The Drina,Fiction,Classics,FV,Historical Fiction,MISMATCH,
9781841594033,Life and Fate,Fiction,Classics,FJMS,General Fiction,MISMATCH,
9781409147800,Manchurian Candidate,Fiction,Classics,FH,Thriller,MISMATCH,
9780593871850,Sister of Starlit Seas - 3 Viridian Deep,Fiction,Science Fiction and Fantasy,FT,General Fiction,MISMATCH,
9781760654870,Click - 1 Click,Fiction,Graphic Novels,YFW,Childrens Fiction,MISMATCH,
9781760654924,Camp - 2 Click,Fiction,Graphic Novels,YFW,Childrens Fiction,MISMATCH,
9781760654931,Act - 3 Click,Fiction,Graphic Novels,YFW,Childrens Fiction,MISMATCH,
9781760655174,Clash - 4 Click,Fiction,Graphic Novels,YFW,Childrens Fiction,MISMATCH,
9781760657130,Besties Work it Out,Fiction,Graphic Novels,YFW,Childrens Fiction,MISMATCH,
9781760657147,Besties Find Their Groove,Fiction,Graphic Novels,YFW,Childrens Fiction,MISMATCH,
9781529520798,Were Going on a Bear Hunt,Children,Novelty Books,YBC,Childrens Picture Books,MISMATCH,
9780063252981,Generation Ship -  A Novel,Fiction,Science Fiction and Fantasy,FA,General Fiction,MISMATCH,
9780008640422,Tales of the Celestial Kingdom,Fiction,Science Fiction and Fantasy,FQ,General Fiction,MISMATCH,
9781849948500,Celtic Fairy Tales and Legends,History And Politics,Mythology,HRKP2,Religion,MISMATCH,
9781460759103,Andromache Between Worlds,Fiction,Teen Fiction,YFC,Childrens Fiction,MISMATCH,
9780241675304,Ark Sakura,Fiction,Classics,FL,Science Fiction and Fantasy,MISMATCH,
9780241675274,Child of Fortune,Fiction,Classics,FA,General Fiction,MISMATCH,
9780241675311,Frolic of the Beasts,Fiction,Classics,FA,General Fiction,MISMATCH,
9781409591511,Computers and Coding - Lift The Flap,Children,Childrens Non Fiction,YQTU,Childrens Picture Books,MISMATCH,
9781474943604,My First Computer Coding Book Using Scratch Jr,Children,Childrens Non Fiction,YQTU,Childrens Picture Books,MISMATCH,
9781409599197,See Inside Space Stations And Other Spacecraft,Children,Childrens Non Fiction,YBGP,Books For Babies,MISMATCH,
9781035015429,All Tide Up - 7 InvestiGators,Fiction,Graphic Novels,YFW,Childrens Fiction,MISMATCH,
9780753449936,Lets Meet Taylor - Story Of A Superstar,Children,Childrens Picture Books,YNCP,Childrens Non Fiction,MISMATCH,
9780711290310,Who Am I - A Guessing Game,Children,Activities,YNV,Childrens Non Fiction,MISMATCH,
9780711287037,Amazing Women - A Memory Game,Children,Activities,YNV,Childrens Non Fiction,MISMATCH,
9780711286955,Rewild The World at Bedtime - Hopeful Stories from Mother Nature,Children,Childrens Non Fiction,YF,Childrens Fiction,MISMATCH,
9781804536001,Football Superstars - Football Activities Rule,Children,Activities,YNWA,Childrens Non Fiction,MISMATCH,
9781783126293,Football Superstars - Quizzes Rule,Children,Activities,YNWA,Childrens Non Fiction,MISMATCH,
9781783126309,Football Superstars -  Football Jokes Rule,Children,Activities,YNWA,Childrens Non Fiction,MISMATCH,
9781472966926,Aesops Animals - The Science Behind the Fables,Sciences,Environment,PDZ,General Science,MISMATCH,
9781035015412,All Tide Up - 7 InvestiGators,Fiction,Graphic Novels,YFQ,Childrens Fiction,MISMATCH,
9780143778776,Property With Shes On The Money,Sciences,Business,VSB,Psychology,MISMATCH,
9780008587758,Mog Activity Book,Children,Activities,YBGC,Books For Babies,MISMATCH,
9781805075882,100 Childrens Puzzles and Games -  Holiday,Children,Activities,YNVP,Childrens Non Fiction,MISMATCH,
9781805074496,Art Puzzle Book,Children,Activities,YNVP,Childrens Non Fiction,MISMATCH,
9780071790352,Gemba Kaizen - A Commonsense Approach To A Continuous Improvement Strategy,Motoring,Transport,KJMV5,Business,MISMATCH,
9781761346613,POWER - Womans Guide To Living And Leading Without Apology,Well Being,Gender,JFFK,Sociology,MISMATCH,
9781761343445,Not Now Not Ever - Ten Years on from the misogyny speech,Biographies,Biography,JF,Sociology,MISMATCH,
9780008585785,Bad Magic - Skulduggery Pleasant,Fiction,Graphic Novels,YFH,Childrens Fiction,MISMATCH,
9780241655498,Hidden Language of Cats - Learn What your Feline friend is trying to tell you,Sciences,Environment,PSVP,General Science,MISMATCH,
9780241987339,Mirror And The Road - Conversations with William Boyd,Biographies,Biography,DSK,Classics,MISMATCH,
9781338860429,Five Nights At Freddys - 3 Fazbear Frights,Fiction,Graphic Novels,YFW,Childrens Fiction,MISMATCH,
9780141988535,Christendom - The Triumph of a Religion,History And Politics,Religion,HBJD,History,MISMATCH,
9780241612965,Fungi -  Discover the Science and Secrets Behind the World of Mushrooms,Sciences,Environment,PSQ,General Science,MISMATCH,
9780241558249,Mrs Wordsmith Vocabularious Card Game - Ages 7-11,Children,Childrens Non Fiction,YQCS,Childrens Picture Books,MISMATCH,
9780241683118,Watership Down - The Graphic Novel,Fiction,Graphic Novels,YFW,Childrens Fiction,MISMATCH,
9780593651049,Richard Scarrys The Great Pie Robbery,Children,Childrens Picture Books,YF,Childrens Fiction,MISMATCH,
9781789504583,Childrens Encyclopedia of Maths,Children,Childrens Non Fiction,YQM,Childrens Picture Books,MISMATCH,
9781398806986,Science and Maths for Curious Kids - A World of Knowledge - from Atoms to Zoology,Children,Childrens Non Fiction,YQM,Childrens Picture Books,MISMATCH,
9781761047169,Chugga Tugga Tugboat,Children,Childrens Picture Books,YNTR,Childrens Non Fiction,MISMATCH,
9780241659359,Peppa Pig - Peppas Favourite Nursery Rhymes - Tabbed Board Book,Children,Books For Babies,YBLB1,Childrens Non Fiction,MISMATCH,
9781405956987,Doctor Who - The Self Made Man - A 1980s story,Fiction,Science Fiction and Fantasy,YFG,Childrens Fiction,MISMATCH,
9781405957014,Doctor Who - Wannabes -  A 1990s Story,Fiction,Science Fiction and Fantasy,YFG,Childrens Fiction,MISMATCH,
9781405956949,Doctor Who - Imaginary Friends -  A 1960s story,Fiction,Science Fiction and Fantasy,YFG,Childrens Fiction,MISMATCH,
9781405957007,Doctor Who - The Angel of Redemption - A 2010s story,Fiction,Science Fiction and Fantasy,YFG,Childrens Fiction,MISMATCH,
9781405957038,Doctor Who - The Monster In The Cupboard -  A 2000s story,Fiction,Science Fiction and Fantasy,YFG,Childrens Fiction,MISMATCH,
9781405956963,Doctor Who - The Cradle - A 1970s story,Fiction,Science Fiction and Fantasy,YFG,Childrens Fiction,MISMATCH,
9780593354834,Book of Radical Answers - Real Questions from Real Kids Just Like You,Well Being,Childrens Well Being,YBLN,Childrens Non Fiction,MISMATCH,
9780241643051,Find My Favourite Things Dinosaurs - Search and Find - Follow the Characters On Their Dinosaur Adventure!,Children,Books For Babies,YNNA,Childrens Non Fiction,MISMATCH,
9798889641094,Rebel Girls Celebrate Neurodiversity -  25 Tales of Creative Thinkers,Well Being,Childrens Well Being,YFY,Childrens Fiction,MISMATCH,
9781665942386,Program,Fiction,Teen Fiction,YFCB,"Childrens Fiction, Thriller",MISMATCH,
9781665942393,Treatment,Fiction,Teen Fiction,YFCB,"Childrens Fiction, Thriller",MISMATCH,
9781665942409,Remedy,Fiction,Teen Fiction,YFCB,"Childrens Fiction, Thriller",MISMATCH,
9781665942416,Epidemic,Fiction,Teen Fiction,YFCB,"Childrens Fiction, Thriller",MISMATCH,
9781665942423,Adjustment,Fiction,Teen Fiction,YFCB,"Childrens Fiction, Thriller",MISMATCH,
9781665942430,Complication,Fiction,Teen Fiction,YFCB,"Childrens Fiction, Thriller",MISMATCH,
9781534496545,Duel,Fiction,Graphic Novels,YFW,Childrens Fiction,MISMATCH,
9781841884622,Year at the Chateau,The Arts,Design,BGFA,Biography,MISMATCH,
9781840221961,Mrs Dalloway - Wordsworth Collectors Edition,Fiction,Classics,FA,General Fiction,MISMATCH,
9781784878801,Stalingrad,Fiction,Historical Fiction,FJMS,General Fiction,MISMATCH,
9781841594163,Intuitionist,Fiction,Classics,FA,General Fiction,MISMATCH,
9780143129172,Two State Delusion - Israel and Palestine - A Tale of Two Narratives,History And Politics,History,GTJ,Maps,MISMATCH,
9780711279766,Round And Round Goes Mother Nature - 48 Stories Of Life Cycles Around The World,Children,Childrens Non Fiction,YBC,Childrens Picture Books,MISMATCH,
9781761521065,Out From Boneville - 1 Bone,Fiction,Graphic Novels,YF,Childrens Fiction,MISMATCH,
9780711282117,Worlds of Dune - The Places and Cultures that Inspired Frank Herbert,Fiction,Science Fiction and Fantasy,DSK,Classics,MISMATCH,
9781784946524,Woodworking Joinery by Hand - Innovative Techniques Using Japanese Saws and Jigs,The Arts,Craft,WKDW,General Sport And Fitness,MISMATCH,
9780241951712,Brotherhood - 2 Assassins Creed,Fiction,Science Fiction and Fantasy,FH,Thriller,MISMATCH,
9781101984703,Where The Deer And The Antelope Play,Travel,Travel Literature,WH,Humour,MISMATCH,
9780143780267,Endeavour - The Ship And The Attitude That Changed The World,Travel,Travel Literature,HBTM,History,MISMATCH,
9780702266256,Only this Beautiful Moment,Fiction,Teen Fiction,YFT,Childrens Fiction,MISMATCH,
9781803705422,Catch Your Death,Fiction,Teen Fiction,YFCB,"Childrens Fiction, Thriller",MISMATCH,
9781529506655,Way to the Stars,Children,Childrens Picture Books,YFN,Childrens Fiction,MISMATCH,
9780711255197,Frozen Mountain - Spin To Survive,Children,Childrens Non Fiction,YBGT,Books For Babies,MISMATCH,
9781398509412,Eject Eject,Motoring,Transport,HBW,History,MISMATCH,
9781591434856,Revelations Of The Ruby Crystal,Well Being,New Age,FK,Horror,MISMATCH,
9781250198921,Be Sure - Wayward Children Books 1-3,Children,Childrens Non Fiction,FM,Science Fiction and Fantasy,MISMATCH,
9781035018116,One of the Good Guys,Children,Childrens Non Fiction,FH,Thriller,MISMATCH,
9781035006847,How I Won A Nobel Prize,Children,Childrens Non Fiction,FA,General Fiction,MISMATCH,
9781665900041,What The Fact - Finding The Truth In All The Noise,Sciences,General Science,YNGL,Childrens Non Fiction,MISMATCH,
9781534496415,New Kids and Underdogs,Children,Childrens Non Fiction,YFP,Childrens Fiction,MISMATCH,
9781922790576,Buddhist And The Ethicist - Conversations On Effective Altruism Engaged Buddhism And How To Build A Better World,Well Being,New Age,HREP,Religion,MISMATCH,
9781838959494,Golden Gate,Children,Childrens Non Fiction,FF,Crime Fiction,MISMATCH,
9781529114317,Birdgirl - Discovering the Power of Our Natural World,Children,Childrens Non Fiction,BM,Biography,MISMATCH,
9781529420784,Conquest,Fiction,Science Fiction and Fantasy,FA,General Fiction,MISMATCH,
9780744081657,Marvel Sticker Anthology,Children,Childrens Non Fiction,YBGS,Books For Babies,MISMATCH,
9781915202673,HIM,Fiction,Science Fiction and Fantasy,FW,General Fiction,MISMATCH,
9781797220055,Dad Law - The Definitive Reference for All Things Dad,Well Being,Psychology,WH,Humour,MISMATCH,
9781646433704,"Book Of Superstitions - Black Cats, Yellow Flowers, Broken Mirrors, Cracked Sidewalks, and More Cultural Behaviors",Well Being,New Age,JFHF,Sociology,MISMATCH,
9781869715120,Girl From London,Fiction,Historical Fiction,FA,General Fiction,MISMATCH,
9781529151558,Death In Malta - An Assassination And A Familys Quest For Justice,History And Politics,True Crime,BM,Biography,MISMATCH,
9781838776350,Testament - 9,Fiction,Historical Fiction,FJH,General Fiction,MISMATCH,
9781761041808,Down To Earth - A Guide To Simple Living,Sciences,Environment,VSZ,Psychology,MISMATCH,
9780141329505,Percy Jackson - Demigod Files,Fiction,Teen Fiction,YFH,Childrens Fiction,MISMATCH,
9780141377698,Camp Half Blood Confidential,Fiction,Teen Fiction,YFH,Childrens Fiction,MISMATCH,
9781406375725,Little Bang,Fiction,Teen Fiction,YFN,Childrens Fiction,MISMATCH,
9780861545360,Scoops - The BBCs Most Shocking Interviews from Prince Andrew to Steven Seagal,Biographies,Biography,KNTJ,Business,MISMATCH,
9780473331528,Kakahu - Getting Dressed,Children,Books For Babies,YB,Childrens Non Fiction,MISMATCH,
9781472270740,MCU - Reign Of Marvel Studios,The Arts,Music And Performing Arts,JFCA,Sociology,MISMATCH,
9781529038620,Twas The Nightshift Before Christmas -  Festive Hospital Diaries From the Author of This is Going to Hurt,Well Being,Health,BGTA,Biography,MISMATCH,
9781398700390,Undoctored,Well Being,Health,BGTA,Biography,MISMATCH,
9781509899470,This Is Going To Hurt - Secret Diaries Of A Junior Doctor,Well Being,Health,BM,Biography,MISMATCH,
9780141346809,Percy Jackson And The Lightning Thief - 1 Percy Jackson and The Olympians,Fiction,Teen Fiction,YFB,Childrens Fiction,MISMATCH,
9780349727233,I Have Some Questions For You,Fiction,Crime Fiction,FA,General Fiction,MISMATCH,
9781035035144,Racing Legends - Max Verstappen,Motoring,Formula One,YNW,Childrens Non Fiction,MISMATCH,
9781035035137,Racing Legends -  Lewis Hamilton,Motoring,Formula One,YNW,Childrens Non Fiction,MISMATCH,
9781529053425,Grimms Fairy Tales,Children,Childrens Fiction,YBCS,Childrens Picture Books,MISMATCH,
9781529097429,We Are All Different - A Celebration of Diversity,Well Being,Childrens Well Being,YNM,Childrens Non Fiction,MISMATCH,
9781035004225,My StandUp Baby Animals - A Pop Up Animal Book,Children,Childrens Picture Books,YBGP,Books For Babies,MISMATCH,
9781035032457,Hello Friends - Tales From Acorn Wood -  A Tabbed Board Book,Children,Books For Babies,YBCB,Childrens Picture Books,MISMATCH,
9780465030507,Why Orwell Matters,Biographies,Biography,DSK,Classics,MISMATCH,
9781529500752,Book That No One Wanted To Read,Fiction,Teen Fiction,YFQ,Childrens Fiction,MISMATCH,
9781991165510,Beach Activity Book -  99 Ideas for Activities by the Water Around Aotearoa New Zealand,Children,Activities,YNN,Childrens Non Fiction,MISMATCH,
9780446574754,Mythology - Timeless Tales Of Gods And Heroes,History And Politics,Mythology,HRKP,Religion,MISMATCH,
9781529030709,"Gospel of the Eels - A Father, a Son and the World's Most Enigmatic Fish",Travel,Travel Literature,BGLA,Biography,MISMATCH,
9781761638442,Showing Up - Get Comfortable being Uncomfortable,Sport,General Sport And Fitness,VS,Psychology,MISMATCH,
9781800751088,Counterweight Handbook - Principled Strategies for Surviving and Defeating Critical Social Justice Ideology,History And Politics,History,JF,Sociology,MISMATCH,
9781788688772,Queensland - Lonely Planet Planning Map,Travel,Maps,WTRM,Travel Literature,MISMATCH,
9780140446739,Revelations Of Divine Love,Fiction,Classics,HRCS1,Religion,MISMATCH,
9781867214021,Unusual Abduction Of Avery Conifer,Fiction,Crime Fiction,FA,General Fiction,MISMATCH,
9781761066863,Deep Is the Fen - 2 Hunger of Thorns,Fiction,Teen Fiction,YFB,Childrens Fiction,MISMATCH,
9780711294929,Max Verstappen - The unstoppable force in Formula One,Motoring,Transport,BGS,Biography,MISMATCH,
9781577154129,Complete Language Of Herbs - A Definitive And Illustrated History - Pocket Edition,The Garden,Gardening,JFHF,Sociology,MISMATCH,
9780785844075,Antiquities Sticker -  Color & Activity Book: Over 500 Unique Stickers,The Arts,Craft,WF,Fashion,MISMATCH,
9781526634917,Last Murder at the End of the World,Fiction,Crime Fiction,FA,General Fiction,MISMATCH,
9780861547821,Dead Happy,Fiction,Teen Fiction,YF,Childrens Fiction,MISMATCH,
9780099551461,Angels In My Hair,Well Being,New Age,BGA,Biography,MISMATCH,
9780241653081,Woodworking - Complete Step-by-Step Manual,The Arts,Craft,WKDW,General Sport And Fitness,MISMATCH,
9780241630662,Science Museum - Stephen Hawking Genius At Work - Explore His Life Mind And Science Through The Objects In His Study,Sciences,General Science,BGT,Biography,MISMATCH,
9781526675835,Elsewhere,Fiction,Teen Fiction,YFB,Childrens Fiction,MISMATCH,
9781913750794,Britannicas Baby Encyclopedia - For Curious Kids Aged 0 To 3,Children,Childrens Non Fiction,YBCB,Childrens Picture Books,MISMATCH,
9781800785915,Enchanted Tales,Children,Childrens Fiction,JFHF,Sociology,MISMATCH,
9781922616784,Handmade Cottage -  The art of crafting a home,The Arts,Craft,WF,Fashion,MISMATCH,
9781922616784,Handmade Cottage -  The art of crafting a home,The Arts,Design,WF,Fashion,MISMATCH,
9781838958565,Dark Brilliance - The Age of Reason from Descartes to Peter the Great,Sciences,Philosophy,HBLH,History,MISMATCH,
9780711294929,Max Verstappen - The unstoppable force in Formula One,Motoring,Formula One,BGS,Biography,MISMATCH,
9780711295124,Always Carry Me With You,Children,Childrens Picture Books,YFN,Childrens Fiction,MISMATCH,
9781683693550,Apocalypse - Worst Case Scenario Survival Handbook,Travel,Travel Literature,VS,Psychology,MISMATCH,
9781761180132,Sunshine On Vinegar Street,Fiction,Teen Fiction,YFN,Childrens Fiction,MISMATCH,
9780241563366,One Of Us Is Back - 3 Bayview High,Fiction,Teen Fiction,YFCB,"Childrens Fiction, Thriller",MISMATCH,
9780241651421,Motorbike Book - Definitive Visual History,Motoring,Transport,WGCK,Gardening,MISMATCH,
9781922790477,Lost Library,Fiction,Teen Fiction,YFB,Childrens Fiction,MISMATCH,
9781984859099,Home in Bloom -  Lessons for Creating Floral Beauty in Every Room,The Garden,Gardening,WF,Fashion,MISMATCH,
9780552574242,Sun Is Also A Star,Children,Childrens Fiction,YFM,"Childrens Fiction, Romance",MISMATCH,
9781368066389,Rick Riordan Presents -  Serwa Boateng's Guide to Vampire Hunting,Fiction,Teen Fiction,YNM,Childrens Non Fiction,MISMATCH,
9781506737768,Cartoonists Against Racism -  The Secret Jewish War on Bigotry,Fiction,Graphic Novels,YBC,Childrens Picture Books,MISMATCH,
9781681378022,Unforgivable -  And Other Writings,Biographies,Biography,DQ,General Fiction,MISMATCH,
9780008619930,Cat That Walked by Himself and Other Cat Stories - Collins Classics,Fiction,Classics,FYB,General Fiction,MISMATCH,
9780008618445,Book of Witches,Fiction,Science Fiction and Fantasy,YNXW,Childrens Non Fiction,MISMATCH,
9780008641955,Four Good Liars,Fiction,Teen Fiction,YFB,Childrens Fiction,MISMATCH,
9781460762127,Great Gallipoli Escape,Fiction,Teen Fiction,YFB,Childrens Fiction,MISMATCH,
9780008600327,Sherlock Holmes and the Hound of the Baskervilles - Comic Classics,Fiction,Graphic Novels,YFA,Childrens Fiction,MISMATCH,
9780008600310,Treasure Island - Comic Classics,Fiction,Graphic Novels,YFA,Childrens Fiction,MISMATCH,
9781782392286,Library Book,History And Politics,True Crime,HBTB,History,MISMATCH,
9781788706988,Filterworld - How Algorithms Flattened Culture,Sciences,General Science,JFMG,Sociology,MISMATCH,
9781419735042,Rise of Kyoshi - 1,Fiction,Science Fiction and Fantasy,YFH,Childrens Fiction,MISMATCH,
9781419732096,Epic Crush of Genie Lo,Fiction,Science Fiction and Fantasy,YFH,Childrens Fiction,MISMATCH,
9780143039716,Iron Heel,Fiction,Classics,FA,General Fiction,MISMATCH,
9781760656409,Losing The Plot,Fiction,Teen Fiction,YFB,Childrens Fiction,MISMATCH,
9780731933112,Touring Atlas Of Australia,Travel,Maps,WTRD,Travel Literature,MISMATCH,
9781648230684,Family Values - Kurt Cobain Courtney Love And Frances Bean,The Arts,Music And Performing Arts,AJ,Photography,MISMATCH,
9780099512158,Leopard,Fiction,Classics,FV,Historical Fiction,MISMATCH,
9780008665579,Green Machines and Other Amazing Eco-Inventions,Children,Childrens Non Fiction,YBCH,Childrens Picture Books,MISMATCH,
9780008665586,Hug a Bug -  How YOU Can Help Protect Insects,Children,Childrens Non Fiction,YBCH,Childrens Picture Books,MISMATCH,
9780008665593,What Humming Fish Wish - How YOU Can Help Protect Sea Creatures,Children,Childrens Non Fiction,YBCH,Childrens Picture Books,MISMATCH,
9780008619725,Maybe You Should Fly A Jet -  Maybe You Should Be A Vet,Children,Childrens Picture Books,YFA,Childrens Fiction,MISMATCH,
9780593599211,Garfield Fully Caffeinated -  His 75th Book,Fiction,Graphic Novels,WH,Humour,MISMATCH,
9780593578636,Very Hungry Caterpillar -  Let's Play All Day - 52 Very Creative Activities for Kids,Children,Activities,YF,Childrens Fiction,MISMATCH,
9781761041105,Bluey - Trains - An Illustrated Chapter Book,Children,Childrens Picture Books,YFW,Childrens Fiction,MISMATCH,
9780241636404,My First Trucks and Diggers - Lets Get Driving,Children,Books For Babies,YBCB,Childrens Picture Books,MISMATCH,
9780241672044,Grandest Game - 1 Grandest Game,Fiction,Teen Fiction,YF,Childrens Fiction,MISMATCH,
9780764367311,"McLaren -  The Road Cars, 2010-2024",Motoring,Transport,WGC,Gardening,MISMATCH,
9780764367304,"Alfa Romeo -  An Illustrated History, 1910-2020",Motoring,Transport,WGCB,Gardening,MISMATCH,
9780241595824,Whos Afraid Of Gender,Sciences,Philosophy,JFSJ,Sociology,MISMATCH,
9781665952316,My Pickup Truck -  A Touch-and-Feel Book,Children,Books For Babies,YFB,Childrens Fiction,MISMATCH,
9781776575558,Sounds Good - Discover 50 Instruments,Children,Childrens Non Fiction,YBC,Childrens Picture Books,MISMATCH,
9781760655198,Break - 6 Click,Fiction,Graphic Novels,YFW,Childrens Fiction,MISMATCH,
9781471415937,Cruel Prince - Limited Special Edition,Fiction,Science Fiction and Fantasy,YFH,Childrens Fiction,MISMATCH,
9781510764415,Chalk Art Handbook - How to Create Masterpieces on Driveways and Sidewalks and in Playgrounds,The Arts,Craft,WFV,Fashion,MISMATCH,
9780008485122,Year Of Magical Thinking,Well Being,Psychology,BGLA,Biography,MISMATCH,
9780241667224,Glorious Exploits,Fiction,Historical Fiction,FA,General Fiction,MISMATCH,
9781471116148,Perks Of Being A Wallflower,Fiction,Teen Fiction,YFB,Childrens Fiction,MISMATCH,
9781869409517,Jumping Sundays - Rise And Fall Of The Counterculture In Aotearoa New Zealand,The Arts,Music And Performing Arts,HBTB,History,MISMATCH,
9781728205472,My Life With The Walter Boys,Fiction,Teen Fiction,YFM,"Childrens Fiction, Romance",MISMATCH,
9780062445773,Someday Birds,Fiction,Teen Fiction,YFN,Childrens Fiction,MISMATCH,
9781481465816,Genesis Begins Again,Fiction,Teen Fiction,YFB,Childrens Fiction,MISMATCH,
9780241968741,Of Love and Other Demons,Fiction,Classics,FA,General Fiction,MISMATCH,
9781846143632,Magus - The Art of Magic from Faustus to Agrippa,The Arts,Art,HBTB,History,MISMATCH,
9780744087352,Gay Science - The Totally Scientific Examination Of LGBTQ+ Culture Myths And Stereotypes,Well Being,Gender,JFSK,Sociology,MISMATCH,
9780008525439,Complete Short Stories,Fiction,Classics,FYB,General Fiction,MISMATCH,
9781761045943,Cop And Robber,Fiction,Teen Fiction,YFC,Childrens Fiction,MISMATCH,
9781101935910,Cobalt Prince - 2 Five Worlds,Fiction,Graphic Novels,YF,Childrens Fiction,MISMATCH,
9781101935941,Red Maze - 3 Five Worlds,Fiction,Graphic Novels,YF,Childrens Fiction,MISMATCH,
9780593120606,Emerald Gate - 5 Five Worlds,Fiction,Graphic Novels,YF,Childrens Fiction,MISMATCH,
9781529415742,Broken Afternoon - 2 DI Wilkins Mysteries,Fiction,Crime Fiction,FA,General Fiction,MISMATCH,
9781922790637,Night War - 3 War,Fiction,Teen Fiction,YFB,Childrens Fiction,MISMATCH,
9781761180088,Floof,Children,Childrens Fiction,YBC,Childrens Picture Books,MISMATCH,
9780141368894,After the First Death,Fiction,Teen Fiction,YFCF,Childrens Fiction,MISMATCH,
9781922585455,Youre All Talk - Why We Are What We Speak,Well Being,Psychology,JFFP,Sociology,MISMATCH,
9783575022066,Portugal Marco Polo Map,Travel,Maps,WTRM,Travel Literature,MISMATCH,
9783575021861,South Africa Namibia & Botswana Marco Polo Map,Travel,Maps,WTRM,Travel Literature,MISMATCH,
9781444765427,Eat That Frog - Get More Of The Important Things Done Today,Sciences,Business,VS,Psychology,MISMATCH,
9780994447883,"Baby Bowl - Home-Cooked Meals for Happy, Healthy  Babies and Toddlers",Well Being,Health,WBQ,Food And Beverage,MISMATCH,
9781681378145,Ginster,Biographies,Biography,FJ,General Fiction,MISMATCH,
9781847926784,"Impossible Monsters -  Dinosaurs, Darwin and the War Between Science and Religion",Sciences,General Science,HRAM3,Religion,MISMATCH,
9781444763676,Red Side Story - 2 Shades Of Grey,Fiction,Science Fiction and Fantasy,FA,General Fiction,MISMATCH,
9781471164958,Unshakeable - Your Guide to Financial Freedom,Sciences,Business,VSB,Psychology,MISMATCH,
9780593473801,Flawless - Lessons in Looks and Culture from the K-Beauty Capital,Well Being,Health,JF,Sociology,MISMATCH,
9780349726915,Fear Is Just A Word,History And Politics,True Crime,JKVM,Politics,MISMATCH,
9781529094565,Underground Library,Fiction,Historical Fiction,FJMS,General Fiction,MISMATCH,
9781529005394,Joy at Work - Organizing Your Professional Life,Sciences,Business,VSC,Psychology,MISMATCH,
9781035015481,From Badger to Worse - 1 Agents of S.U.I.T.,Fiction,Graphic Novels,YNUC,Childrens Non Fiction,MISMATCH,
9781250895134,Arya Khannas Bollywood Moment,Fiction,Teen Fiction,YFM,"Childrens Fiction, Romance",MISMATCH,
9781250324115,Mangatopia -  Cupcakes and Kitties,Well Being,Food And Beverage,FXA,Manga,MISMATCH,
9781398536425,Nothing Like The Movies,Fiction,Teen Fiction,YFB,Childrens Fiction,MISMATCH,
9781761204005,Cursed Bunny - 2 Mischief and Mayhem,Fiction,Graphic Novels,YFS,Childrens Fiction,MISMATCH,
9781637742419,Flowers Of Fire - The Inside Story Of South Koreas Feminist Movement And What It Means For Womens Rights Worldwide,Well Being,Gender,JFFK,Sociology,MISMATCH,
9781915343314,Dior - The Fashion Icons,The Arts,Fashion,BGF,Biography,MISMATCH,
9781804180143,Nemesis,Fiction,Historical Fiction,FJH,General Fiction,MISMATCH,
9781946764102,Art Of Money - A Life Changing Guide To Financial Happiness,Sciences,Business,VS,Psychology,MISMATCH,
9780170438117,Understanding Microeconomics NCEA L3 Workbook,Children,Study And Education,KC,Economics,MISMATCH,
9780170438148,Understanding Macroeconomics NCEA L3 Workbook,Children,Study And Education,KC,Economics,MISMATCH,
9780143137603,Case Of Lizzie Borden and Other Writings - Tales of a Newspaper Woman,Biographies,Biography,JFFE2,Sociology,MISMATCH,
9780241660423,Very Hungry Caterpillars Garden -  A push-and-pull adventure,Children,Books For Babies,YBCH,Childrens Picture Books,MISMATCH,
9780593706305,Richard Scarrys Cars and Trucks and Things That Go -  50th Anniversary Edition,Children,Childrens Picture Books,YF,Childrens Fiction,MISMATCH,
9781409182085,Ferryman,Fiction,Science Fiction and Fantasy,FH,Thriller,MISMATCH,
9781863717403,Common Prayer,History And Politics,Religion,FA,General Fiction,MISMATCH,
9781863717410,Prayer Tree - Gift Edition,History And Politics,Religion,FA,General Fiction,MISMATCH,
9780008566524,Wayfarer - Love Loss and Life on Britain's Ancient Paths,Travel,Travel Literature,WTL,Travel Guides,MISMATCH,
9781804292303,Price is Wrong - Why Capitalism Won't Save the Planet,History And Politics,History,KNBT,Business,MISMATCH,
9781804292303,Price is Wrong - Why Capitalism Won't Save the Planet,Sciences,Economics,KNBT,Business,MISMATCH,
9781760266998,Lost Adventures - 6 Avatar the Last Airbender,Fiction,Graphic Novels,YFW,Childrens Fiction,MISMATCH,
9780008669140,Silmarillion,Fiction,Science Fiction and Fantasy,FC,Classics,MISMATCH,
9781035035182,Gruffalo - A Pop-Up Flap Book,Children,Novelty Books,YBGT,Books For Babies,MISMATCH,
9781035035120,Hide And Seek On the Farm -  A Lift The Flap Book,Children,Childrens Picture Books,YBG,Books For Babies,MISMATCH,
9781250776099,Three Little Tardigrades,Children,Childrens Picture Books,YFQ,Childrens Fiction,MISMATCH,
9780143307068,Hairy Maclary Book and Toy Set,Children,Novelty Books,YBCH,Childrens Picture Books,MISMATCH,
9781786576309,China - Lonely Planet Phrasebook And Dictionary,Travel,Languages,WTK,Travel Guides,MISMATCH,
9780008507268,Reappearance of Rachel Price,Fiction,Teen Fiction,YFCB,"Childrens Fiction, Thriller",MISMATCH,
9780063080904,Dark Times - 3 Lightfall,Fiction,Graphic Novels,YFW,Childrens Fiction,MISMATCH,
9780008639174,Cat In The Hat Activity Book,Children,Activities,YBGC,Books For Babies,MISMATCH,
9780008648695,Lorax Activity Book,Children,Activities,YBCH,Childrens Picture Books,MISMATCH,
9781400340866,ABCs of Engineering - A Scientific Alphabet Book for Babies,Children,Books For Babies,YBLA,Childrens Non Fiction,MISMATCH,
9781805312284,Zoo - Matching Games and Book,Children,Activities,YBG,Books For Babies,MISMATCH,
9780008585846,Mind Full of Murder - 16 Skulduggery Pleasant,Fiction,Teen Fiction,YFH,Childrens Fiction,MISMATCH,
9781838779146,Warrior King - 23 Courtney,Fiction,Historical Fiction,FJH,General Fiction,MISMATCH,
9781804182543,Culture - The surprising connections and influences between civilisations,History And Politics,History,JFCX,Sociology,MISMATCH,
9781788708272,Lead Sister - The Story of Karen Carpenter,Biographies,Biography,AVGP,Music And Performing Arts,MISMATCH,
9781474950541,Underpants for Ants,Children,Books For Babies,YBL,Childrens Non Fiction,MISMATCH,
9781526661326,Saltblood,Fiction,Historical Fiction,FA,General Fiction,MISMATCH,
9781529043402,She Who Became The Sun - 1 Radiant Emperor,Fiction,Science Fiction and Fantasy,FQ,General Fiction,MISMATCH,
9780711254589,B on Your Thumb - 60 Poems to Boost Reading and Spelling,Children,Childrens Fiction,YQCS,Childrens Picture Books,MISMATCH,
9781841593265,Stories of Ray Bradbury,Fiction,Classics,FA,General Fiction,MISMATCH,
9781787415768,Paper World -  Space,Children,Activities,YNTS,Childrens Non Fiction,MISMATCH,
9781775542506,View From The Second Row,Sport,Rugby,BGSA,Biography,MISMATCH,
9781775436188,Mission Girl,Fiction,Teen Fiction,YFB,Childrens Fiction,MISMATCH,
9781760686031,Tattooist of Auschwitz - YA Edition,Fiction,Teen Fiction,YFT,Childrens Fiction,MISMATCH,
9781536201154,You Are Light,Children,Childrens Picture Books,YBGT,Books For Babies,MISMATCH,
9780711278738,Colossal Words for Kids,Children,Activities,YQCS,Childrens Picture Books,MISMATCH,
9781526616258,Big Bad Wolf Investigates Fairy Tales - Fact-checking your favourite stories with SCIENCE!,Children,Childrens Picture Books,YN,Childrens Non Fiction,MISMATCH,
9781399714952,Wartime Book Club,Fiction,Historical Fiction,FJMS,General Fiction,MISMATCH,
9781760656980,Hatch And Match,Children,Childrens Picture Books,YBLH,Childrens Non Fiction,MISMATCH,
9781760276195,My Easter Egg Hunt Boxed Set,Children,Novelty Books,YBG,Books For Babies,MISMATCH,
9781743833179,I Love Easter,Children,Childrens Picture Books,YBG,Books For Babies,MISMATCH,
9781761295126,Disney Bunnies - Paint with Water,Children,Activities,YBG,Books For Babies,MISMATCH,
9781761295171,Disney Bunnies - Puffy Sticker Colouring Book,Children,Activities,YBG,Books For Babies,MISMATCH,
9781837831715,Weaving -  A Modern Guide to Creating 17 Woven Accessories for your Handmade Home,The Arts,Craft,WFG,Fashion,MISMATCH,
9781398534643,Revenant Games,Fiction,Teen Fiction,YFB,Childrens Fiction,MISMATCH,
9781398504974,Infinity Kings - 3 Infinity Cycle,Fiction,Teen Fiction,YFB,Childrens Fiction,MISMATCH,
9798886630435,Harry Potter -  An Official Hogwarts Coloring Book,The Arts,Craft,YB,Childrens Non Fiction,MISMATCH,
9781805330899,Woman In The Polar Night,Travel,Travel Literature,BM,Biography,MISMATCH,
9780241637647,Performer - Art Life Politics,History And Politics,History,JHBA,Sociology,MISMATCH,
9781849947787,Atlas of Imagined Cities - Who lives where in TV books games and movies,Travel,Travel Literature,JFCA,Sociology,MISMATCH,
9780008466800,Trust the Plan - The Rise of QAnon and the Conspiracy That Reshaped the World,History And Politics,History,JFHC,Sociology,MISMATCH,
9781472974051,Canal Guide - Britains 55 Best Canals,Travel,Travel Literature,WGGN,Gardening,MISMATCH,
9781399014304,Canal Builders - Men Who Constructed Britains Canals,Travel,Travel Literature,WGGN,Gardening,MISMATCH,
9781905460168,Yakari and the Grizzly - 4 Yakari,Fiction,Graphic Novels,YFW,Childrens Fiction,MISMATCH,
9781905460090,Yakari and the Beavers - 3 Yakari,Fiction,Graphic Novels,YFW,Childrens Fiction,MISMATCH,
9782067262690,Australia - Michelin National Map,Travel,Maps,WTRD,Travel Literature,MISMATCH,
9781925625738,Central Australia Map,Travel,Maps,WTR,Travel Literature,MISMATCH,
9780804855877,Blank Comic Book - Draw Your Own Manga,Fiction,Graphic Novels,AGZ,Art,MISMATCH,
9781761214349,Bad Butterfly -  Super-dooper $5 edition Volume 1,Children,Childrens Fiction,YFM,"Childrens Fiction, Romance",MISMATCH,
9780008649555,Astrochimp,Fiction,Graphic Novels,YNUC,Childrens Non Fiction,MISMATCH,
9780241632895,Artists Who Changed History,The Arts,Art,BGF,Biography,MISMATCH,
9781529370003,Bluestockings - The First Womens Movement,Well Being,Gender,JFFK,Sociology,MISMATCH,
9780473674120,"First Signs Animals - NZ Sign Language, Te Reo Maori and English",Well Being,Childrens Well Being,YBLA1,Childrens Non Fiction,MISMATCH,
9780473674120,"First Signs Animals - NZ Sign Language, Te Reo Maori and English",Children,Books For Babies,YBLA1,Childrens Non Fiction,MISMATCH,
9780473651923,"First Signs Everyday Words - NZ Sign Language, Te Reo Maori and English",Children,Books For Babies,YBC,Childrens Picture Books,MISMATCH,
9780473704674,Cure For Gravity - Speculative Fiction And Short Poetry,Fiction,Poetry,FM,Science Fiction and Fantasy,MISMATCH,
9781598537802,Cloudland Revisited -  A Misspent Youth in Books and Film,Fiction,Classics,WH,Humour,MISMATCH,
9781598537789,Crazy Like A Fox - The Classic Collection,Fiction,Classics,WH,Humour,MISMATCH,
9781776575862,Good Night - Belly Button,Children,Books For Babies,YBCB,Childrens Picture Books,MISMATCH,
9781529509502,Groosham Grange Graphic Novel,Fiction,Graphic Novels,YFW,Childrens Fiction,MISMATCH,
9781529508154,Maisy Loves Bees -  A Maisy's Planet Book,Children,Books For Babies,YBCB,Childrens Picture Books,MISMATCH,
9781524884734,Spring - 1 Haru,Fiction,Graphic Novels,YFW,Childrens Fiction,MISMATCH,
9781524885564,Scales And Tales - A Beginners Guide to Fantasy Role Playing Games,Children,Activities,YBG,Books For Babies,MISMATCH,
9781760659240,Ferris,Children,Childrens Fiction,YFD,"Childrens Fiction, Horror",MISMATCH,
9780593808672,Eliza - The Story of Elizabeth Schuyler Hamilton,Children,Childrens Non Fiction,YF,Childrens Fiction,MISMATCH,
9781761344763,Bluey -  The Decider,Children,Childrens Picture Books,YFB,Childrens Fiction,MISMATCH,
9780241658956,Make Your Own T-Rex - Easy to Build - No Glue No Mess,Children,Activities,YNNA,Childrens Non Fiction,MISMATCH,
9780241670033,Space Book - Pop Up Pull Out,Children,Activities,YNTS,Childrens Non Fiction,MISMATCH,
9780143777489,This is My Book,Children,Childrens Picture Books,YB,Childrens Non Fiction,MISMATCH,
9780241462003,Penguin Book of French Short Stories - 1 -  From Marguerite de Navarre to Marcel Proust,Travel,Languages,FC,Classics,MISMATCH,
9780241462065,Penguin Book of French Short Stories -  2 - From Colette to Marie NDiaye,Travel,Languages,FC,Classics,MISMATCH,
9780241687680,Wheres the Footballer -  A Search-and-Find Book,Children,Activities,YNWA,Childrens Non Fiction,MISMATCH,
9781804940655,Great Uncle Harry - A Tale of War and Empire,Biographies,Biography,HB,History,MISMATCH,
9781988547060,Natural Home - Tips Ideas And Recipes For A Sustainable Life,The Garden,Gardening,WK,General Sport And Fitness,MISMATCH,
9781988547060,Natural Home - Tips Ideas And Recipes For A Sustainable Life,The Arts,Design,WK,General Sport And Fitness,MISMATCH,
9781419735059,Shadow Of Kyoshi - 2,Fiction,Science Fiction and Fantasy,YFH,Childrens Fiction,MISMATCH,
9781800921764,Rock Art - All New Twenty to Make,The Arts,Craft,WFA,Fashion,MISMATCH,
9781800920972,"Nature Imprinted - A Complete Guide to Lino Printing, with 10 Nature-Inspired Designs",The Arts,Art,WFA,Fashion,MISMATCH,
9781398526747,Heist Royale - 2 Thieves Gambit,Fiction,Teen Fiction,YFB,Childrens Fiction,MISMATCH,
9781847926876,Sound Tracks -  Uncovering Our Musical Past,The Arts,Music And Performing Arts,HBG,History,MISMATCH,
9784805317716,Hiroshiges One Hundred Famous Views Of Edo - Definitive Collectors Edition,The Arts,Art,HBJF,History,MISMATCH,
9781800922112,Handmade Spa - Natural Cosmetics,The Arts,Craft,WF,Fashion,MISMATCH,
9781784946753,Whittling Walking Sticks,The Arts,Craft,WFS,Fashion,MISMATCH,
9781460760055,White Gardenia,Fiction,Historical Fiction,FJH,General Fiction,MISMATCH,
9780789345578,Barbie (TM) - World Tour,The Arts,Design,AB,Art,MISMATCH,
9780789345578,Barbie (TM) - World Tour,The Arts,Fashion,AB,Art,MISMATCH,
9783961715480,Orchids,The Garden,Gardening,AJC,Photography,MISMATCH,
9781406397017,Maisys Circus Show - Pull Slide and Play!,Children,Childrens Picture Books,YBGP,Books For Babies,MISMATCH,
9781847926296,Book-Makers - A History of the Book in 18 Remarkable Lives,Biographies,Biography,HBTB,History,MISMATCH,
9781529092844,Wilding - How to Bring Wildlife Back - The NEW Illustrated Guide,Sciences,Environment,YNNR,Childrens Non Fiction,MISMATCH,
9781804176153,Ancient Near East Ancient Origins - Stories Of People and Civilization,History And Politics,History,FQ,General Fiction,MISMATCH,
9781804175781,Norse Ancient Origins - Stories Of People and Civilization,History And Politics,History,FQ,General Fiction,MISMATCH,
9780141193854,Complete Father Brown Stories,Fiction,Classics,FFC,Crime Fiction,MISMATCH,
9781529031447,They Thought I Was Dead - Sandys Story,Fiction,Crime Fiction,FA,General Fiction,MISMATCH,
9781905460274,Yakari And The Stranger - 5 Yakari,Fiction,Graphic Novels,YFW,Childrens Fiction,MISMATCH,
9781035004973,Price Of Life - In Search Of What We're Worth And Who Decides,Sciences,Philosophy,JFM,Sociology,MISMATCH,
9780241678503,Black Box - Writing The Race,History And Politics,History,DSBH,Classics,MISMATCH,
9781250287861,"Broke Witch - Magick Spells and Powerful Potions that Use What You Can Grow, Find, or Already Have",Well Being,New Age,HRQX5,Religion,MISMATCH,
9781250354600,Draw Down The Moon - 1 Moonstruck,Fiction,Teen Fiction,YFH,Childrens Fiction,MISMATCH,
9781250909374,Buried and the Bound,Fiction,Teen Fiction,YFH,Childrens Fiction,MISMATCH,
9781851245550,Reynard The Fox,History And Politics,Mythology,FQ,General Fiction,MISMATCH,
9781529176100,Chief Shepherdess - Lessons In Life Love and Farming,Travel,Travel Literature,BM,Biography,MISMATCH,
9781250325747,Your Table Is Ready - Tales of a New York City Maitre D',Biographies,Biography,WTHR,Travel Guides,MISMATCH,
9781529010572,Sleeping Beauties - And Other Stories Of Mystery Illness,Well Being,Psychology,PDZ,General Science,MISMATCH,
9780008456771,Book That Broke the World - 2 The Library Trilogy,Fiction,Science Fiction and Fantasy,FJ,General Fiction,MISMATCH,
9781784879631,Rachel Papers -  50th Anniversary Edition,Fiction,Classics,FA,General Fiction,MISMATCH,
9781035034932,Dear Zoo -  Your Colouring Book,Children,Activities,YBGC,Books For Babies,MISMATCH,
9781035006885,Frogs Day Out -  A Lift The Flap Story,Children,Books For Babies,YBCB,Childrens Picture Books,MISMATCH,
9781529413113,Before And Laughter,Biographies,Biography,VS,Psychology,MISMATCH,
9788854420465,Lives Of Trees,Children,Childrens Non Fiction,YBG,Books For Babies,MISMATCH,
9780008682484,Assassins Apprentice - 1 Farseer Trilogy the Graphic Novel,Fiction,Graphic Novels,FM,Science Fiction and Fantasy,MISMATCH,
9780008665036,Forbidden Daughter,Biographies,Biography,HBTZ1,History,MISMATCH,
9780008701123,Age of Magical Overthinking - Notes on Modern Irrationality,Well Being,Psychology,JFC,Sociology,MISMATCH,
9781849948852,Beginners Guide To Making Abstract Art,The Arts,Art,WFA,Fashion,MISMATCH,
9780008607739,Botanical Block Printing - A creative step-by-step handbook to make art inspired by nature,The Arts,Art,WFA,Fashion,MISMATCH,
9781668055939,Everest Inc - Renegades And Rogues Who Built An Industry At The Top Of The World,Travel,Travel Literature,BM,Biography,MISMATCH,
9781805443612,Big Cats - 100 Facts,Children,Childrens Non Fiction,YFP,Childrens Fiction,MISMATCH,
9780553814477,Into Africa - The Epic Adventures Of Stanley And Livingstone,Travel,Travel Literature,BGH,Biography,MISMATCH,
9781805443681,Sharks - 100 Facts,Children,Childrens Non Fiction,YFP,Childrens Fiction,MISMATCH,
9781805443698,Whales and Dolphins - 100 Facts,Children,Childrens Non Fiction,YFP,Childrens Fiction,MISMATCH,
9781472292216,Hera,Fiction,Historical Fiction,FQ,General Fiction,MISMATCH,
9781472292179,Atalanta,Fiction,Historical Fiction,FQ,General Fiction,MISMATCH,
9780356516103,House of Odysseus - 2 Songs of Penelope,Fiction,Historical Fiction,FA,General Fiction,MISMATCH,
9781922539496,Anchored,Children,Childrens Picture Books,YF,Childrens Fiction,MISMATCH,
9780356516127,Last Song of Penelope - 3 Songs of Penelope,Fiction,Historical Fiction,FA,General Fiction,MISMATCH,
9781473639997,Spaceman of Bohemia,Fiction,Science Fiction and Fantasy,FA,General Fiction,MISMATCH,
9781529417531,Past Unearthed - 1 Return of the Condor Heroes,Fiction,Historical Fiction,FA,General Fiction,MISMATCH,
9781784709402,You Are Not Listening - What You're Missing and Why It Matters,Well Being,Psychology,PDZ,General Science,MISMATCH,
9780241953570,I Am Number Four - 1 Lorien Legacies,Fiction,Teen Fiction,YFCB,"Childrens Fiction, Thriller",MISMATCH,
9781444004908,Asterix Omnibus 5 - Asterix and The Cauldron Asterix in Spain Asterix and The Roman Agent,Fiction,Graphic Novels,YFW,Childrens Fiction,MISMATCH,
9781444008388,"Asterix Omnibus 8 - Asterix and The Great Crossing Obelix and Co., Asterix in Belgium",Fiction,Graphic Novels,YFW,Childrens Fiction,MISMATCH,
9781760876746,Puddle Hunters,Children,Books For Babies,YBCB,Childrens Picture Books,MISMATCH,
9781743799178,New Coastal -  Inspiration for a Life by the Sea,The Arts,Art,WK,General Sport And Fitness,MISMATCH,
9781743797297,New Rural -  Where to Find It and How to Create It,The Arts,Art,WK,General Sport And Fitness,MISMATCH,
9781912785896,Wisdom of Flowers - Essential Life Lessons for Joy and Wellbeing,Sciences,Environment,WFW,Craft,MISMATCH,
9781419756771,Dawn of Yangchen - 3,Fiction,Science Fiction and Fantasy,YFH,Childrens Fiction,MISMATCH,
9781419756795,Legacy Of Yangchen - 4,Fiction,Science Fiction and Fantasy,YFH,Childrens Fiction,MISMATCH,
9780063057753,Eyes That Speak to the Stars,Children,Childrens Picture Books,YFN,Childrens Fiction,MISMATCH,
9781800902039,Northern Soul,Fiction,Teen Fiction,YFB,Childrens Fiction,MISMATCH,
9781805073642,Babys Black and White -  Things That Go,Children,Books For Babies,YBCB,Childrens Picture Books,MISMATCH,
9781805074854,Write and Draw Your Own Comics,Children,Activities,YNA,Childrens Non Fiction,MISMATCH,
9780063397538,Life - My Story Through History,History And Politics,Religion,BGXA,Biography,MISMATCH,
9780008614102,This is Skateboarding,Children,Activities,YNWY,Childrens Non Fiction,MISMATCH,
9781782216612,10 Step Drawing Flowers - Draw 75 Flowers In 10 Easy Steps,The Arts,Art,WFA,Fashion,MISMATCH,
9781784946371,Draw Manga - 10 Step-by-Step Projects,The Arts,Art,WFA,Fashion,MISMATCH,
9781529518016,Family Fortuna,Fiction,Teen Fiction,YFH,Childrens Fiction,MISMATCH,
9781035021185,City Beyond the Sea - 2 Greenwild,Fiction,Teen Fiction,YFH,Childrens Fiction,MISMATCH,
9780571376162,Finding Wonder,Fiction,Teen Fiction,YFB,Childrens Fiction,MISMATCH,
9782067259515,Scotland - Michelin Regional Map 501,Travel,Maps,WTRD,Travel Literature,MISMATCH,
9781787016712,Canada - Lonely Planet Planning Map,Travel,Maps,WTRM,Travel Literature,MISMATCH,
9781787015586,Icelandic - Fast Talk,Travel,Languages,WTK,Travel Guides,MISMATCH,
9781787015623,Norwegian - Fast Talk,Travel,Languages,WTK,Travel Guides,MISMATCH,
9781787015654,Thai - Fast Talk,Travel,Languages,WTK,Travel Guides,MISMATCH,
9781536222791,Orris and Timble - 1 The Beginning,Children,Childrens Fiction,YFM,"Childrens Fiction, Romance",MISMATCH,
9798886740998,Wake Up The Beast -  A Dinosaur Game For All The Family,Children,Activities,YNPH,Childrens Non Fiction,MISMATCH,
9781913750770,Solstice - Around the World on the Longest Shortest Day,Children,Childrens Picture Books,YNA,Childrens Non Fiction,MISMATCH,
9781529518313,Little Books of the Little Brontes,Children,Childrens Fiction,YBCS,Childrens Picture Books,MISMATCH,
9781743799178,New Coastal -  Inspiration for a Life by the Sea,The Arts,Design,WK,General Sport And Fitness,MISMATCH,
9781788680615,German - Lonely Planet Phrasebook,Travel,Languages,WTK,Travel Guides,MISMATCH,
9781743797297,New Rural -  Where to Find It and How to Create It,The Arts,Design,WK,General Sport And Fitness,MISMATCH,
9780349726984,Hags,Well Being,Gender,JFFK,Sociology,MISMATCH,
9780195051858,Creation of Patriarchy - The Origins of Womens Subordination Women and History - Volume 1,Well Being,Gender,HBG,History,MISMATCH,
9788854420724,My Huge Book of Dinosaurs,Children,Childrens Non Fiction,YBC,Childrens Picture Books,MISMATCH,
9781787015876,Japan - Lonely Planet Planning Map,Travel,Maps,WTRM,Travel Literature,MISMATCH,
9781787015579,German - Fast Talk,Travel,Languages,WTK,Travel Guides,MISMATCH,
9780008619954,Interesting Narrative of the Life of Olaudah Equiano,Fiction,Classics,HBTS,History,MISMATCH,
9780063223141,Birding to Change the World -  A Memoir,Sciences,Environment,BM,Biography,MISMATCH,
9781460755525,Order - 20 Gabriel Allon,Fiction,Crime Fiction,FJ,General Fiction,MISMATCH,
9781524713317,Owls are Good at Keeping Secrets - An Unusual Alphabet,Children,Childrens Picture Books,YFA,Childrens Fiction,MISMATCH,
9781644214053,Woman Life Freedom,Fiction,Graphic Novels,JPA,Politics,MISMATCH,
9781626726109,Monsters and Modules - 6 Secret Coders,Fiction,Graphic Novels,YFW,Childrens Fiction,MISMATCH,
9781626720763,Paths And Portals - 2 Secret Coders,Fiction,Graphic Novels,YFU,Childrens Fiction,MISMATCH,
9780691240732,Beetles Of The World - A Natural History,Sciences,Environment,PSAF,General Science,MISMATCH,
9781775436379,Wahine Disaster - 1 My New Zealand Story,Children,Childrens Non Fiction,YF,Childrens Fiction,MISMATCH,
9781775432746,1915 - Wounds Of War - Kiwis At War,Children,Childrens Non Fiction,YFT,Childrens Fiction,MISMATCH,
9780747579724,Lost Men - The Harrowing Story of Shackletons Ross Sea Party,Travel,Travel Literature,WTLP,Travel Guides,MISMATCH,
9781775432067,1914 - Riding Iinto War - Kiwis At War,Children,Childrens Non Fiction,YFT,Childrens Fiction,MISMATCH,
9781775432807,1917 -  Machines of War - Kiwis at War,Children,Childrens Non Fiction,YFB,Childrens Fiction,MISMATCH,
9781775432784,1916 - Dig for Victory - Kiwis at War,Children,Childrens Non Fiction,YFT,Childrens Fiction,MISMATCH,
9781775432821,1918 - Broken Poppies - Kiwis At War,Children,Childrens Non Fiction,YFT,Childrens Fiction,MISMATCH,
9781775436324,Canterbury Quake - My New Zealand Story,Children,Childrens Non Fiction,YFB,Childrens Fiction,MISMATCH,
9781775436010,Pandemic - My New Zealand Story,Children,Childrens Non Fiction,YFT,Childrens Fiction,MISMATCH,
9781805312758,Planes And Helicopters - Lights and Sounds,Children,Activities,YB,Childrens Non Fiction,MISMATCH,
9781805312840,Lets Go On A Tractor,Children,Books For Babies,YNTR,Childrens Non Fiction,MISMATCH,
9781805077398,Dolls House - First Sticker Book,Children,Activities,YBGS,Books For Babies,MISMATCH,
9780063320925,Always Anthony,Fiction,Graphic Novels,YFW,Childrens Fiction,MISMATCH,
9780008667092,Wheres Mog,Children,Books For Babies,YBCB,Childrens Picture Books,MISMATCH,
9780008672904,Pokemon Wheres Eevee - An Evolutions Search and Find Book,Children,Activities,YBG,Books For Babies,MISMATCH,
9780008616724,Pokemon Ashs Journey - A Visual Guide to Ashs Epic Story,Children,Activities,YFH,Childrens Fiction,MISMATCH,
9780007968039,Geek Girl - 6 Copy Slipcase,Fiction,Teen Fiction,YFQ,Childrens Fiction,MISMATCH,
9781835401514,Tree of Life - Usborne Book and Jigsaw,Children,Activities,YBGT7,Books For Babies,MISMATCH,
9780593580547,"Oxherd Boy - Parables of Love, Compassion, and Community",Fiction,Graphic Novels,HR,Religion,MISMATCH,
9781838959630,Other Valley,Fiction,Science Fiction and Fantasy,FA,General Fiction,MISMATCH,
9780691236759,Voices Of Nature - How And Why Animals Communicate,Sciences,Environment,PSAN,General Science,MISMATCH,
9781526638106,"Vulture Capitalism - Corporate Crimes, Backdoor Bailouts and the Death of Freedom",History And Politics,History,KC,Economics,MISMATCH,
9781529369250,Why We Die - The New Science of Ageing and the Quest for Immortality,Well Being,Health,JHBZ,Sociology,MISMATCH,
9781576877760,Mike Tyson - 1981-1991,Sport,General Sport And Fitness,AJCP,Photography,MISMATCH,
9781991033741,Economic Possibilities Of Decolonisation,History And Politics,Sociology,KC,Economics,MISMATCH,
9780241643297,Everyday Stoic - Simple Rules for a Good Life,Sciences,Philosophy,VS,Psychology,MISMATCH,
9780241553169,Half Bird,Travel,Travel Literature,WTL,Travel Guides,MISMATCH,
9780241554913,Im Not as Well as I Thought I Was,Biographies,Biography,VFJB,Psychology,MISMATCH,
9781472131850,Pure Invention - How Japan Made the Modern World,History And Politics,History,KJB,Business,MISMATCH,
9780241388655,Global Merchants - The Enterprise and Extravagance of the Sassoon Dynasty,Biographies,Biography,HBTB,History,MISMATCH,
9781923058170,Tree Collectors - Tales Of Arboreal Obsession,Sciences,Environment,PDZ,General Science,MISMATCH,
9780241691700,Wrath Of The Triple Goddess - 7,Fiction,Teen Fiction,YFH,Childrens Fiction,MISMATCH,
9781775436386,Journey to Tangiwai - My New Zealand Journey,Children,Childrens Non Fiction,YFY,Childrens Fiction,MISMATCH,
9781841593326,Foundation Trilogy,Fiction,Science Fiction and Fantasy,FA,General Fiction,MISMATCH,
9781035044863,Wren in the Holly Library,Fiction,Science Fiction and Fantasy,FA,General Fiction,MISMATCH,
9781035038619,Immortal Life of Henrietta Lacks,Sciences,General Science,BGT,Biography,MISMATCH,
9781035014224,Twelfth Knight,Fiction,Teen Fiction,YFM,"Childrens Fiction, Romance",MISMATCH,
9781761344732,Bluey - The Doctor,Children,Childrens Picture Books,YFB,Childrens Fiction,MISMATCH,
9781761347825,Where is the Green Sheep -  Sticker Activity Book,Children,Activities,YBGC,Books For Babies,MISMATCH,
9780241643242,Peter Rabbit Tales -  The Tooth Fairy,Children,Childrens Picture Books,YBLN,Childrens Non Fiction,MISMATCH,
9780241643242,Peter Rabbit Tales -  The Tooth Fairy,Well Being,Childrens Well Being,YBLN,Childrens Non Fiction,MISMATCH,
9780241667262,Peppa Pig -  Fantastic Families Sticker Activity Book,Children,Activities,YBGS,Books For Babies,MISMATCH,
9780241682050,Much Ado About Nothing - Staged,Fiction,Teen Fiction,YNDS,Childrens Non Fiction,MISMATCH,
9780241682067,Romeo and Juliet - Staged,Fiction,Teen Fiction,YFA,Childrens Fiction,MISMATCH,
9780241682074,Macbeth - Staged,Fiction,Teen Fiction,YNDS,Childrens Non Fiction,MISMATCH,
9780241682081,Midsummer Nights Dream - Staged,Fiction,Teen Fiction,YNDS,Childrens Non Fiction,MISMATCH,
9780241682098,Hamlet - Staged,Fiction,Teen Fiction,YNDS,Childrens Non Fiction,MISMATCH,
9780241682111,As You Like It - Staged,Fiction,Teen Fiction,YNDS,Childrens Non Fiction,MISMATCH,
9780241663547,David Copperfield - 175th Anniversary Edition,Fiction,Classics,YFA,Childrens Fiction,MISMATCH,
9780241663561,Neverending Story -  45th Anniversary Edition,Fiction,Classics,YFH,Childrens Fiction,MISMATCH,
9780241657539,LEGO Minecraft Ideas -  With Exclusive Mini Model,Children,Activities,YNV,Childrens Non Fiction,MISMATCH,
9780241668498,Book Of Nursery Rhymes - 50 Classic Poems for Children,Children,Childrens Fiction,YBLB1,Childrens Non Fiction,MISMATCH,
9781922585400,Magic Counting - Explore the world of numbers through the shapes and patterns around us,Children,Books For Babies,YBLC,Childrens Non Fiction,MISMATCH,
9781645470823,Vibes Book,Children,Childrens Picture Books,YN,Childrens Non Fiction,MISMATCH,
9780241677254,Charlie And The Chocolate Factory,Children,Childrens Fiction,FM,Science Fiction and Fantasy,MISMATCH,
9780241677261,BFG,Children,Childrens Fiction,FM,Science Fiction and Fantasy,MISMATCH,
9780241677285,Billy And The Minpins,Children,Childrens Fiction,FM,Science Fiction and Fantasy,MISMATCH,
9780241677292,Boy - Tales of Childhood,Children,Childrens Fiction,BM,Biography,MISMATCH,
9780241677308,Charlie and the Great Glass Elevator,Children,Childrens Fiction,FC,Classics,MISMATCH,
9780241677315,Danny the Champion of the World,Children,Childrens Fiction,FC,Classics,MISMATCH,
9780241677346,Esio Trot,Children,Childrens Fiction,FM,Science Fiction and Fantasy,MISMATCH,
9780241677339,Dirty Beasts,Children,Childrens Fiction,FC,Classics,MISMATCH,
9780241677377,Fantastic Mr Fox,Children,Childrens Fiction,FM,Science Fiction and Fantasy,MISMATCH,
9780241677384,Georges Marvellous Medicine,Children,Childrens Fiction,FC,Classics,MISMATCH,
9780241677391,Going Solo,Children,Childrens Fiction,BM,Biography,MISMATCH,
9780241677568,James And the Giant Peach,Children,Childrens Fiction,FC,Classics,MISMATCH,
9780241677575,Matilda,Children,Childrens Fiction,FM,Science Fiction and Fantasy,MISMATCH,
9780241677599,Rhyme Stew,Children,Childrens Fiction,FC,Classics,MISMATCH,
9780241677612,Giraffe and the Pelly and Me,Children,Childrens Fiction,FA,General Fiction,MISMATCH,
9780241677605,Enormous Crocodile,Children,Childrens Fiction,FM,Science Fiction and Fantasy,MISMATCH,
9780241677650,Twits,Children,Childrens Fiction,FM,Science Fiction and Fantasy,MISMATCH,
9780241677667,Witches,Children,Childrens Fiction,FM,Science Fiction and Fantasy,MISMATCH,
9780241677643,Magic Finger,Children,Childrens Fiction,FM,Science Fiction and Fantasy,MISMATCH,
9781915569332,Dragon Lore,Children,Childrens Picture Books,YNX,Childrens Non Fiction,MISMATCH,
9780001712812,Old Hat New Hat,Children,Childrens Picture Books,YFB,Childrens Fiction,MISMATCH,
9781683831884,Harry Potter - The Wand Collection,Children,Childrens Non Fiction,APF,Music And Performing Arts,MISMATCH,
9781405206211,Shooting Star - The Adventures of Tintin,Fiction,Graphic Novels,YFW,Childrens Fiction,MISMATCH,
9781035023349,Five Little Ducks -  A Slide and Count Book,Children,Books For Babies,YBLC,Childrens Non Fiction,MISMATCH,
9781035023356,Old Macdonald Had a Farm - A Slide and Count Book,Children,Books For Babies,YBLC,Childrens Non Fiction,MISMATCH,
9781250867841,Theres No Such Thing as Vegetables,Children,Childrens Picture Books,YFQ,Childrens Fiction,MISMATCH,
9781838993955,My Best Friend Is A Dragon,Children,Books For Babies,YBL,Childrens Non Fiction,MISMATCH,
9781838993948,My Best Friend Is A Koala,Children,Books For Babies,YBL,Childrens Non Fiction,MISMATCH,
9781838993979,Emergency - Lets Learn And Play,Children,Books For Babies,YBL,Childrens Non Fiction,MISMATCH,
9781838993962,Dinosaurs - Lets Learn And Play,Children,Books For Babies,YBL,Childrens Non Fiction,MISMATCH,
9781250324139,Cloud Doodles - Find and Doodle the Objects in the Clouds,The Arts,Craft,WFA,Fashion,MISMATCH,
9781783967698,Sunken Lands -  A Journey Through Flooded Kingdoms and Lost Worlds,Travel,Travel Literature,WTL,Travel Guides,MISMATCH,
9781507221914,Book of Japanese Folklore,History And Politics,Mythology,JFHF,Sociology,MISMATCH,
9798886634549,Official Funko Pop Harry Potter Coloring Book,The Arts,Craft,YB,Childrens Non Fiction,MISMATCH,
9780099572978,Adventures of Huckleberry Finn,Fiction,Teen Fiction,FC,Classics,MISMATCH,
9781974739066,Spy x Family - Family Portrait,Fiction,Graphic Novels,YFH,Childrens Fiction,MISMATCH,
9781526651945,On Our Best Behaviour - The Price Women Pay to Be Good,Well Being,Gender,JFSJ1,Sociology,MISMATCH,
9781665938242,Great Puptective,Fiction,Graphic Novels,YFW,Childrens Fiction,MISMATCH,
9781761152122,Terra Nova - Ambition Jealousy And Simmering Rivalry In The Heroic Age Of Antarctic Exploration,Travel,Travel Literature,RGR,Environment,MISMATCH,
9781789296396,Lancaster Story -  True Tales of Britain's Legendary Bomber,Motoring,Transport,WGM,Gardening,MISMATCH,
9781916035171,White Review - Writing in Translation Anthology,Biographies,Essays,DQ,General Fiction,MISMATCH,
9781526310248,Life Cycles - From Tadpole to Frog,Children,Childrens Non Fiction,YQSB,Childrens Picture Books,MISMATCH,
9781838958091,Jack and Eve - Two Women In Love and At War,Biographies,Biography,HBTB,History,MISMATCH,
9781838955243,Among The Trolls - My Journey Through Conspiracyland,History And Politics,History,JFD,Sociology,MISMATCH,
9780760382639,Porsche Outlaws - Stuttgart Hot Rods,Motoring,Transport,WGCB,Gardening,MISMATCH,
9781474940238,Stick People to Draw,Children,Activities,YBG,Books For Babies,MISMATCH,
9781474947664,Funny Faces Sticker Book,Children,Activities,YBGS,Books For Babies,MISMATCH,
9781474947695,Travel Puzzles,Children,Activities,YBG,Books For Babies,MISMATCH,
9781474981095,Doodling Things That Go,Children,Activities,YBGC,Books For Babies,MISMATCH,
9780593242407,Better Living Through Birding - Notes from a Black Man in the Natural World,Travel,Travel Literature,BG,Biography,MISMATCH,
9780733651335,Storm Child - 4 Cyrus Haven,Fiction,Crime Fiction,FA,General Fiction,MISMATCH,
9781529149173,What About Men,Well Being,Gender,JFFK,Sociology,MISMATCH,
9780593580981,Designing With Dried Flowers - Creating Everlasting Arrangements,The Arts,Craft,WF,Fashion,MISMATCH,
9781841594194,Byrons Travels,Fiction,Classics,WTLC,Travel Guides,MISMATCH,
9781529152234,Inheritance - The Evolutionary Origins of the Modern World,Sciences,General Science,JHMP,Sociology,MISMATCH,
9781529924626,Humanly Possible - The great humanist experiment in living,Sciences,Philosophy,JFCX,Sociology,MISMATCH,
9780008557546,Fear And Loathing In Las Vegas - Collins Modern Classics,Fiction,Classics,JPHF,Politics,MISMATCH,
9781529913606,Variable Valve Timings - Memoirs Of A Car Tragic,Motoring,Transport,WGCB,Gardening,MISMATCH,
9781847926944,2020 - A Reckoning,History And Politics,History,JH,Sociology,MISMATCH,
9781784707514,Palaces for the People -  How To Build a More Equal and United Society,History And Politics,History,JFSG,Sociology,MISMATCH,
9781645472056,Gardens Of Awakening - A Guide to the Aesthetics History and Spirituality of Kyotos Zen Landscapes,The Garden,Gardening,HR,Religion,MISMATCH,
9781761066566,Lasting Harm - Witnessing the trial of Ghislaine Maxwell,Biographies,Biography,JFFK,Sociology,MISMATCH,
9781368043885,Murderfunding - 2 Murdertrending,Fiction,Teen Fiction,YF,Childrens Fiction,MISMATCH,
9781805330929,Glimpses of the Moon,Fiction,Classics,FA,General Fiction,MISMATCH,
9781407181257,Citadel of Chaos - 2 Fighting Fantasy,Fiction,Science Fiction and Fantasy,YFH,Childrens Fiction,MISMATCH,
9780715655245,Lost Carving - A Journey to the Heart of Making,The Arts,Art,BGFA,Biography,MISMATCH,
9781803285665,Guru The Bagman And The Sceptic - A Story of Science Sex and Psychoanalysis,Sciences,General Science,HBLW,History,MISMATCH,
9781761180590,Mawson in Antarctica - To the Ends of the Earth,Children,Childrens Non Fiction,YFY,Childrens Fiction,MISMATCH,
9781761180729,Lets Play - Board Book,Children,Books For Babies,YBL,Childrens Non Fiction,MISMATCH,
9780711298606,Rafa Nadal - Little People BIG DREAMS,Children,Childrens Non Fiction,YFR,Childrens Fiction,MISMATCH,
9781982103675,Tell Your Children - The Truth About Marijuana Mental Illness And Violence,Well Being,Health,JFFH1,Sociology,MISMATCH,
9781776891047,Ten Nosey Weka,Children,Childrens Non Fiction,YBC,Childrens Picture Books,MISMATCH,
9781805462712,Fallen - George Mallory The Man The Myth and the 1924 Everest Tragedy,Travel,Travel Literature,BGH,Biography,MISMATCH,
9781401308773,Dead Poets Society,Fiction,Classics,FA,General Fiction,MISMATCH,
9780711296589,Untold Paris - The Secret History of the City of Light,Travel,Travel Literature,WTH,Travel Guides,MISMATCH,
9780711268968,Do The Work - A guide to understanding power and creating change,Well Being,Psychology,JFFJ,Sociology,MISMATCH,
9780571376018,Taming of the Cat,Children,Childrens Picture Books,YFP,Childrens Fiction,MISMATCH,
9781398834323,Ancient Legends -  Mystic Charms and Superstitions of Ireland,History And Politics,Mythology,FQ,General Fiction,MISMATCH,
9781797225180,Secret Garden -  An Illustrated Edition of the Classic Novel,Fiction,Classics,YFA,Childrens Fiction,MISMATCH,
9781800781047,Little Wooden Robot and the Log Princess,Children,Childrens Picture Books,YFW,Childrens Fiction,MISMATCH,
9781797224565,"Tuft the World -  An Illustrated Manual to Tufting Gorgeous Rugs, Decor, and More",The Arts,Craft,WFF,Fashion,MISMATCH,
9781788490771,Best Loved Oscar Wilde,Fiction,Classics,DQ,General Fiction,MISMATCH,
9780141995465,Caste,History And Politics,History,JFSC,Sociology,MISMATCH,
9781368105385,Drop of Venom,Fiction,Science Fiction and Fantasy,YFJ,Childrens Fiction,MISMATCH,
9781529919660,Food for Life - Your Guide to the New Science of Eating Well,Well Being,Health,WB,Food And Beverage,MISMATCH,
9781804946206,Unscripted - Sex and Lies in a Hollywood Media Empire,The Arts,Music And Performing Arts,KNTC,Business,MISMATCH,
9781623541866,Mario And the Hole in the Sky - How a Chemist Saved Our Planet,Children,Childrens Non Fiction,YF,Childrens Fiction,MISMATCH,
9781339022406,Haunting of the Ghost Dragon - 27 Dragon Masters,Fiction,Teen Fiction,YQF,Childrens Picture Books,MISMATCH,
9781803701820,Space - 100 Childrens Wordsearches,Children,Activities,YNVP,Childrens Non Fiction,MISMATCH,
9781786542267,All In - 3 The Naturals,Fiction,Teen Fiction,YFCF,Childrens Fiction,MISMATCH,
9781786542281,Bad Blood - 4 The Naturals,Fiction,Teen Fiction,YFCF,Childrens Fiction,MISMATCH,
9781398514546,Holmes And Moriarty,Fiction,Crime Fiction,FA,General Fiction,MISMATCH,
9781988595764,Town,Fiction,Poetry,BM,Biography,MISMATCH,
9781398502956,Skandar and the Chaos Trials - 3 Skandar,Fiction,Teen Fiction,YFC,Childrens Fiction,MISMATCH,
9781473646780,Dark Age - 5 Red Rising,Fiction,Science Fiction and Fantasy,FH,Thriller,MISMATCH,
9781399803373,Oh Miriam - Stories from an Extraordinary Life,Biographies,Biography,VS,Psychology,MISMATCH,
9781760260026,Katara and the Pirate's Silver - Avatar The Last Airbender,Fiction,Graphic Novels,YFW,Childrens Fiction,MISMATCH,
9780008474416,Traitors Gate - 6 William Warwick,Fiction,Crime Fiction,FA,General Fiction,MISMATCH,
9781398514508,Turnglass,Fiction,Crime Fiction,FA,General Fiction,MISMATCH,
9781398514522,Turnglass,Fiction,Crime Fiction,FA,General Fiction,MISMATCH,
9781394206865,Diabetes Meal Planning and Nutrition For Dummies,Well Being,Health,WBHS,Food And Beverage,MISMATCH,
9780711293946,Sleeping Beauty - 3 Musical Puzzle,Children,Activities,YNC,Childrens Non Fiction,MISMATCH,
9780711293953,Carnival of the Animals - 4 Musical Puzzle,Children,Activities,YNC,Childrens Non Fiction,MISMATCH,
9781529517675,Wheres Wally - The Great Games Speed Search,Children,Activities,YBG,Books For Babies,MISMATCH,
9781761152733,It Takes a Town,Fiction,Crime Fiction,FA,General Fiction,MISMATCH,
9780008473259,Ask Not - The Kennedys and the Women They Destroyed,Biographies,Biography,JFF,Sociology,MISMATCH,
9780593752500,Lei and the Fire Goddess - 1 Lei and the Legends,Fiction,Teen Fiction,YFG,Childrens Fiction,MISMATCH,
9781529922530,Thunderclap - A memoir of art and life and sudden death,The Arts,Art,BM,Biography,MISMATCH,
9781800817982,Living The Artists Way - An Intuitive Path to Creativity,The Arts,Art,VS,Psychology,MISMATCH,
9781805462323,"Leading With The Heart - Coach Ks Successful Strategies for Sport, Business and Life",Sciences,Business,VSC,Psychology,MISMATCH,
9781840228045,Down and Out in Paris and London & The Road to Wigan Pier,Fiction,Classics,BGLA,Biography,MISMATCH,
9780170477710,Walker Maths Numeracy Essentials WorkBook,Children,Study And Education,PB,General Science,MISMATCH,
9781915672018,Collapse Feminism - The Online Battle for Feminisms Future,Well Being,Gender,JFFK,Sociology,MISMATCH,
9781399726351,Ministry Of Time,Fiction,Science Fiction and Fantasy,FA,General Fiction,MISMATCH,
9781775438847,After Dark - Nocturnal Forest Creatures of Aotearoa,Children,Childrens Non Fiction,YBCS,Childrens Picture Books,MISMATCH,
9781761527401,Lionel Messi - Football Legends,Children,Childrens Non Fiction,YFR,Childrens Fiction,MISMATCH,
9781761527326,Bounty Hunter and the Tea Brewer - Avatar The Last Airbender,Fiction,Graphic Novels,YBCS,Childrens Picture Books,MISMATCH,
9798886633917,Harry Potter - The Official Hogwarts Book of Cross-Stitch,The Arts,Craft,WF,Fashion,MISMATCH,
9781760266967,Azula in the Spirit Temple - Avatar The Last Airbender,Fiction,Graphic Novels,YFW,Childrens Fiction,MISMATCH,
9781760204204,Writing Success - Year 10,Children,Study And Education,YQCS,Childrens Picture Books,MISMATCH,
9781760204198,Writing Success - Year 9,Children,Study And Education,YQCS,Childrens Picture Books,MISMATCH,
9781760204181,Writing Success - Year 8,Children,Study And Education,YQCS,Childrens Picture Books,MISMATCH,
9781760204174,Writing Success - Year 7,Children,Study And Education,YQCS,Childrens Picture Books,MISMATCH,
9781529070415,Winnie The Pooh at the Palace,Children,Childrens Picture Books,YFA,Childrens Fiction,MISMATCH,
9781035017409,Cautionary Tales,Children,Childrens Fiction,FC,Classics,MISMATCH,
9780553816693,Narrow Dog To Carcassonne,Travel,Travel Literature,WTL,Travel Guides,MISMATCH,
9781801319225,Look and Find Puzzles Dogs and Cats,Children,Activities,YBG,Books For Babies,MISMATCH,
9781804183632,Master Slave Husband Wife,Biographies,Biography,HBTS,History,MISMATCH,
9780063342705,Little Blue Truck Feeling Happy - A Touch-and-Feel Book,Children,Books For Babies,YBLN1,Childrens Non Fiction,MISMATCH,
9781805312628,One Little Bee,Children,Books For Babies,YNNR,Childrens Non Fiction,MISMATCH,
9780008592356,Special Shapes - A Flip The Flap Book,Children,Books For Babies,YBLB,Childrens Non Fiction,MISMATCH,
9780008592370,Crazy Colours - A Flip The Flap Book,Children,Books For Babies,YBLB,Childrens Non Fiction,MISMATCH,
9780008592363,Super Senses - A Flip the Flap Book,Children,Books For Babies,YBLB,Childrens Non Fiction,MISMATCH,
9780008592387,Nutty Numbers -  A Flip The Flap Book,Children,Books For Babies,YBLB,Childrens Non Fiction,MISMATCH,
9780702323188,On the Road,Children,Childrens Non Fiction,YFQ,Childrens Fiction,MISMATCH,
9780241652671,Father Brown Selected Stories,Fiction,Classics,FFC,Crime Fiction,MISMATCH,
9780241652572,Machine Stops and Other Stories,Fiction,Classics,FLC,Science Fiction and Fantasy,MISMATCH,
9781338810806,I Spy - A Book of Picture Riddles,Children,Activities,YBG,Books For Babies,MISMATCH,
9780241486368,Odyssey,History And Politics,Mythology,FQ,General Fiction,MISMATCH,
9780241993576,Strange Sally Diamond,Fiction,Crime Fiction,FA,General Fiction,MISMATCH,
9780751535259,Ireland - A Novel,Fiction,Historical Fiction,FA,General Fiction,MISMATCH,
9781761213724,Claris - Chicest Mouse In Paris - Volume 1,Children,Books For Babies,YBCH,Childrens Picture Books,MISMATCH,
9780241675229,End Crowns All,Fiction,Teen Fiction,YNX,Childrens Non Fiction,MISMATCH,
9780241703878,Road to Freedom - Economics And The Good Society,Sciences,Economics,JPA,Politics,MISMATCH,
9780743461511,Click Clack Moo - Cows That Type,Children,Childrens Picture Books,YFP,Childrens Fiction,MISMATCH,
9781991006745,Piki te Ora - Your Wellbeing Journal,Well Being,Childrens Well Being,YN,Childrens Non Fiction,MISMATCH,
9780241662199,Great Spanish Stories -  10 Parallel Texts,Travel,Languages,FC,Classics,MISMATCH,
9780241634455,Great Italian Stories - 10 Parallel Texts,Travel,Languages,FC,Classics,MISMATCH,
9783967040586,Surf Atlas -  Iconic Waves and Surfing Hinterlands Around the World,Sport,General Sport And Fitness,WTM,Travel Guides,MISMATCH,
9781785007392,BSA - The Complete Story,Motoring,Transport,WGCK,Gardening,MISMATCH,
9783967047288,Famous Robberies - The World's Most Spectacular Heists,Children,Childrens Non Fiction,YQNP,Childrens Picture Books,MISMATCH,
9781444968859,Girl in Question - 2 The Girls I've Been,Fiction,Teen Fiction,YFCB,"Childrens Fiction, Thriller",MISMATCH,
9798765102282,Relic - Object Lessons,The Arts,Art,DSA,Classics,MISMATCH,
9781501392245,Pencil - Object Lessons,Sciences,Philosophy,DSA,Classics,MISMATCH,
9780861544615,Magisteria - The Entangled Histories Of Science And Religion,Sciences,General Science,HRAM3,Religion,MISMATCH,
9780241635902,Invisible Doctrine - Secret History Of Neoliberalism And How It Came To Control Your Life,Sciences,Economics,JPFM,Politics,MISMATCH,
9781398520042,Sisters of Sword and Shadow - 1,Fiction,Teen Fiction,YFC,Childrens Fiction,MISMATCH,
9780241679357,Animals of the World - Quiz Yourself Clever,Children,Activities,YNVP,Childrens Non Fiction,MISMATCH,
9781761299155,Swim Team,Fiction,Graphic Novels,YFW,Childrens Fiction,MISMATCH,
9780358549314,Cool Code - 1 The Cool Code,Fiction,Graphic Novels,YFW,Childrens Fiction,MISMATCH,
9780358521181,Switch Glitch - 2 The Cool Code,Fiction,Graphic Novels,YFW,Childrens Fiction,MISMATCH,
9781398533530,Sisters of Sword and Shadow - 1 Sisters of Sword and Shadow,Fiction,Teen Fiction,YFH,Childrens Fiction,MISMATCH,
9781398536944,Sisters of Fire and Fury - 2 Sisters of Sword and Shadow,Fiction,Teen Fiction,YFB,Childrens Fiction,MISMATCH,
9781761521072,Great Cow Race - 2 Bone,Fiction,Graphic Novels,YF,Childrens Fiction,MISMATCH,
9781761521942,Eyes of the Storm - 3 Bone,Fiction,Graphic Novels,YF,Childrens Fiction,MISMATCH,
9780593357385,Child of Light - 1 Viridian Deep,Fiction,Science Fiction and Fantasy,FA,General Fiction,MISMATCH,
9781419712173,El Deafo,Fiction,Graphic Novels,YFW,Childrens Fiction,MISMATCH,
9781529004021,Were Going to the Dentist - Going For A Check Up,Well Being,Childrens Well Being,YBGT,Books For Babies,MISMATCH,
9781776951055,"Art of Winning - 10 Lessons in Leadership, Purpose and Potential",Sport,Rugby,BGSA,Biography,MISMATCH,
9780241665961,Peppas Surprise Party - Peppa Pig A Lift The Flap Book,Children,Books For Babies,YBCH,Childrens Picture Books,MISMATCH,
9781761347023,Pull My Finger And Other Dad Jokes - Bluey A Fathers Day Book,Children,Childrens Picture Books,YFB,Childrens Fiction,MISMATCH,
9780241672969,Roald Dahl - Marvellous Magnet Book,Children,Activities,YBGT5,Books For Babies,MISMATCH,
9781761345050,Mr McGee And His Hat,Children,Childrens Picture Books,YBLB,Childrens Non Fiction,MISMATCH,
9780241664766,Myths of China - Meet the Gods Creatures and Heroes of Ancient China,History And Politics,Mythology,YNR,Childrens Non Fiction,MISMATCH,
9780241662250,Sesame Street Lets Cook Together - With 40 Fun Healthy Recipes,Children,Activities,YNPC,Childrens Non Fiction,MISMATCH,
9780241662250,Sesame Street Lets Cook Together - With 40 Fun Healthy Recipes,Well Being,Food And Beverage,YNPC,Childrens Non Fiction,MISMATCH,
9780593750636,Very Lonely Fireflys Nighttime Friends -  A Touch-and-Feel Book,Children,Books For Babies,YBLN1,Childrens Non Fiction,MISMATCH,
9780241670651,Day at School with The Very Hungry Caterpillar - Tabbed Board Book,Children,Books For Babies,YBCH,Childrens Picture Books,MISMATCH,
9780241657621,LEGO Harry Potter Visual Dictionary -  With Exclusive Minifigure,Children,Activities,YNV,Childrens Non Fiction,MISMATCH,
9780593751022,Night Before the New Baby,Well Being,Childrens Well Being,YBLB1,Childrens Non Fiction,MISMATCH,
9781805260097,Not So Black and White - A History of Race from White Supremacy to Identity Politics,History And Politics,History,JHBA,Sociology,MISMATCH,
9781497102842,Complete Book Of Woodcarving - Everything You Need To Know To Master The Craft,The Arts,Craft,WFS,Fashion,MISMATCH,
9781565237452,Complete Beginners Woodcarving Workbook - Simplified Approach For Learning To Carve,The Arts,Craft,WFS,Fashion,MISMATCH,
9781922662125,Holden Vs Ford Commemorative Edition,Motoring,Transport,WGCB,Gardening,MISMATCH,
9781471173103,One Medicine - How understanding animals can save our lives,Sciences,General Science,BGTA,Biography,MISMATCH,
9780241509975,Once Upon a Time in the North - Illustrated Edition,Fiction,Graphic Novels,YFH,Childrens Fiction,MISMATCH,
9781250871633,Empire of Ice and Stone - The Disastrous and Heroic Voyage of the Karluk,Travel,Travel Literature,WTLP,Travel Guides,MISMATCH,
9781916763173,Top Secret Spy Puzzle Book - Role Play Codes and Cases to Crack,Children,Activities,YNVP,Childrens Non Fiction,MISMATCH,
9781529517798,Playing With Collage,Children,Activities,YNA,Childrens Non Fiction,MISMATCH,
9781849391115,Funniest Football Joke Book Ever,Children,Activities,YNU,Childrens Non Fiction,MISMATCH,
9781665905169,Work In Progress,Fiction,Teen Fiction,YFB,Childrens Fiction,MISMATCH,
9781665918602,Time To Roll,Fiction,Teen Fiction,YFM,"Childrens Fiction, Romance",MISMATCH,
9780645869347,My Brother Finch,Fiction,Teen Fiction,YFCB,"Childrens Fiction, Thriller",MISMATCH,
9781398511026,How Far Weve Come,Fiction,Teen Fiction,YFA,Childrens Fiction,MISMATCH,
9781665936378,Not Just the Drive,Children,Childrens Non Fiction,YFB,Childrens Fiction,MISMATCH,
9781398520158,Dragon Force -  Devourer's Attack,Fiction,Teen Fiction,YFB,Childrens Fiction,MISMATCH,
9780241634479,Great Japanese Stories -  10 Parallel Texts,Travel,Languages,FC,Classics,MISMATCH,
9780571308408,Bell Jar,Fiction,Classics,FA,General Fiction,MISMATCH,
9781804940556,Sea Bean,Travel,Travel Literature,BM,Biography,MISMATCH,
9781683690900,Warren The 13th And The Thirteen Year Curse - 3 Warren the 13th,Fiction,Graphic Novels,YF,Childrens Fiction,MISMATCH,
9781626722644,Mighty Jack - 1 Mighty Jack,Fiction,Graphic Novels,YFW,Childrens Fiction,MISMATCH,
9781250191731,Mighty Jack and Zita the Spacegirl - 3 Mighty Jack / 4 Zita the Spacegril,Fiction,Graphic Novels,YFW,Childrens Fiction,MISMATCH,
9781250305725,Go With The Flow,Fiction,Graphic Novels,YFW,Childrens Fiction,MISMATCH,
9781250171115,Snapdragon,Fiction,Graphic Novels,YFW,Childrens Fiction,MISMATCH,
9781509552689,Slavery Capitalism And The Industrial Revolution,Sciences,Philosophy,KC,Economics,MISMATCH,
9780306832697,Ask - Tap Into The Hidden Wisdom of People Around You For Unexpected Breakthroughs In Leadership And Life,Sciences,Business,VSC,Psychology,MISMATCH,
9781784879693,Slaughterhouse 5 -  Vintage Quarterbound Classics,Fiction,Classics,FA,General Fiction,MISMATCH,
9781784879679,Handmaids Tale -  Vintage Quarterbound Classics,Fiction,Classics,FA,General Fiction,MISMATCH,
9781784879709,House of the Spirits -  Vintage Quarterbound Classics,Fiction,Classics,FA,General Fiction,MISMATCH,
9781784879662,Night Circus -  Vintage Quarterbound Classics,Fiction,Classics,FM,Science Fiction and Fantasy,MISMATCH,
9780140278170,Enlightened Economy - Britain And The Industrial Revolution 1700-1850,History And Politics,History,KCB,Economics,MISMATCH,
9781925106671,Gut - The inside story of our body's most under-rated organ,Well Being,Health,PDZ,General Science,MISMATCH,
9780300240023,Why Liberalism Failed,History And Politics,Sociology,JPFK,Politics,MISMATCH,
9781787015272,Bangkok - Lonely Planet City Map,Travel,Maps,WTRM,Travel Literature,MISMATCH,
9781787015906,Kuala Lumpur  - Lonely Planet City Map,Travel,Maps,WTRS,Travel Literature,MISMATCH,
9781786571038,East Timor - Lonely Planet Phrasebook And Dictionary,Travel,Languages,WTK,Travel Guides,MISMATCH,
9781784946838,Landscapes in Watercolour - Techniques and Tutorials for the Complete Beginner,The Arts,Art,WFA,Fashion,MISMATCH,
9781907155529,Elements of Chemistry - Quarks Atoms and Molecules,Sciences,General Science,BGT,Biography,MISMATCH,
9781904263852,"Altered States - Minds, Drugs and Culture",Well Being,Psychology,JFCA,Sociology,MISMATCH,
9781804178164,Icelandic Folktales,History And Politics,Mythology,FQ,General Fiction,MISMATCH,
9781529177480,Surviving to Drive - A Year Inside Formula 1,Motoring,Transport,BM,Biography,MISMATCH,
9781784877958,Jacobs Room,Fiction,Classics,FA,General Fiction,MISMATCH,
9780140185683,Night And Day,Fiction,Classics,FA,General Fiction,MISMATCH,
9781529924596,"All the Beauty in the World - A Museum Guards Adventures in Life, Loss and Art",The Arts,Art,BM,Biography,MISMATCH,
9781984859372,"Hot Springs -  Photos and Stories of How the World Soaks, Swims, and Slows Down",Travel,Travel Literature,WT,Travel Guides,MISMATCH,
9781912559459,Globetrotting - Writers Walk the World,Travel,Travel Literature,WTL,Travel Guides,MISMATCH,
9781787016095,Oslo City - Lonely Planet Map,Travel,Maps,WTRS,Travel Literature,MISMATCH,
9781787016347,Reykjavik - Lonely Planet City Map,Travel,Maps,WTRS,Travel Literature,MISMATCH,
9781786575906,Bulgarian - Lonely Planet Phrasebook And Dictionary,Travel,Languages,WTK,Travel Guides,MISMATCH,
9781529146707,Stoic Path to Wealth - Ancient Wisdom for Enduring Prosperity,Sciences,Business,VSB,Psychology,MISMATCH,
9780062945846,Squire,Fiction,Graphic Novels,YFW,Childrens Fiction,MISMATCH,
9784805317068,Zen And the Beat Way - Zen Teachings of Alan Watts,Well Being,New Age,HREZ,Religion,MISMATCH,
9780316486231,Invisible String,Well Being,Childrens Well Being,YFB,Childrens Fiction,MISMATCH,
9781681377988,Lily of the Valley,Fiction,Classics,FA,General Fiction,MISMATCH,
9781644211465,"Guerrilla Warfare -  Authoritative, Revised, New Edition",Fiction,Classics,JPFC,Politics,MISMATCH,
9781804994993,Past Is Myself,Biographies,Biography,HBJD,History,MISMATCH,
9781662665301,Night Stories -  Folktales from Latin America - A TOON Graphic,Fiction,Graphic Novels,YFW,Childrens Fiction,MISMATCH,
9781250754066,Ashs Cabin,Fiction,Graphic Novels,YFW,Childrens Fiction,MISMATCH,
9780241676998,Such Charming Liars - 4 Bayview High,Fiction,Teen Fiction,YFCB,"Childrens Fiction, Thriller",MISMATCH,
9780241638477,Brothers Hawthorne - 4 Inheritance Games,Fiction,Teen Fiction,YFCB,"Childrens Fiction, Thriller",MISMATCH,
9783575017710,France - Marco Polo Map,Travel,Maps,WTRM,Travel Literature,MISMATCH,
9781035031689,London An Illustrated Literary Companion,Travel,Travel Literature,DSRC,Classics,MISMATCH,
9781035023615,Paris - A Literary Anthology,Travel,Travel Literature,DSRC,Classics,MISMATCH,
9781035045808,Children of Anguish and Anarchy - 2 Legacy of Orisha,Fiction,Teen Fiction,YFH,Childrens Fiction,MISMATCH,
9781250908704,Calculation of You and Me,Fiction,Teen Fiction,YFM,"Childrens Fiction, Romance",MISMATCH,
9780143501992,Who Sank The Boat,Children,Books For Babies,YFB,Childrens Fiction,MISMATCH,
9780143506102,Babys World of Play - First Focus,Children,Books For Babies,YBLH,Childrens Non Fiction,MISMATCH,
9780141310602,Babys World Cot Book,Children,Books For Babies,YBCB,Childrens Picture Books,MISMATCH,
9781368073189,Last Fallen Realm - 3 Gifted Clans,Fiction,Teen Fiction,YFB,Childrens Fiction,MISMATCH,
9780099506980,Crime - 1 Crime,Fiction,Crime Fiction,FA,General Fiction,MISMATCH,
9781787334762,Resolution - 3 Crime,Fiction,Crime Fiction,FA,General Fiction,MISMATCH,
9781529177480,Surviving to Drive - A Year Inside Formula 1,Motoring,Formula One,BM,Biography,MISMATCH,
9781728284385,Youre the Coolest Dad in the Box,Children,Books For Babies,YFB,Childrens Fiction,MISMATCH,
9781728291291,"Pop Out Horses - Read, Build, and Play with These Fantastic Horses and Ponies",Children,Activities,YBG,Books For Babies,MISMATCH,
9780593582435,World of Eric Carle - First Words Flashcards -  50 Cards for Beginning Readers,Children,Activities,YN,Childrens Non Fiction,MISMATCH,
9781728291321,"Pop Out at the Zoo -  Read, Build, and Play with these Fantastic Animals at the Zoo",Children,Activities,YNVP,Childrens Non Fiction,MISMATCH,
9780823458844,Up Goes the Skyscraper,Children,Activities,YNTB,Childrens Non Fiction,MISMATCH,
9781761266287,You Called an Ambulance for What,Well Being,Psychology,BGA,Biography,MISMATCH,
9781250324085,"Grossest Joke Book Ever Written - Only Grosser - 1,000 Jokes that Are Sooooo Gross",Children,Activities,YNU,Childrens Non Fiction,MISMATCH,
9781838993696,My Little World Dinosaurs,Children,Books For Babies,YBL,Childrens Non Fiction,MISMATCH,
9781035017751,There are 101 Dinosaurs in This Book,Children,Childrens Non Fiction,YBGT,Books For Babies,MISMATCH,
9781250874818,Youre Going to Be a Big Sibling - Everything You Need to Know to Celebrate Your Big-Sibling Journey,Well Being,Childrens Well Being,YBG,Books For Babies,MISMATCH,
9781775438632,Wheres Dinky Donkey? A Lift-the-Felt-Flap Book,Children,Books For Babies,YBC,Childrens Picture Books,MISMATCH,
9781761527654,New Girl - 1 The New Girl,Fiction,Graphic Novels,YFN,Childrens Fiction,MISMATCH,
9781775438595,Duck Goes Meow,Children,Books For Babies,YBC,Childrens Picture Books,MISMATCH,
9781805311942,Thats Not My Kitten - Usborne Touchy Feely Book,Children,Books For Babies,YBCB,Childrens Picture Books,MISMATCH,
9781805223740,History Of Ideas - Equality Justice And Revolution,Sciences,Philosophy,JFCX,Sociology,MISMATCH,
9781838697419,Australia - Lonely Planet Experience,Travel,Travel Literature,WTH,Travel Guides,MISMATCH,
9781787015258,Australia - Lonely Planet Planning Map,Travel,Maps,WTRM,Travel Literature,MISMATCH,
9780760388280,Corvette Stingray -  The Mid-Engine Evolution,Motoring,Transport,WGCB,Gardening,MISMATCH,
9781775507130,Migration,Fiction,Teen Fiction,YFG,Childrens Fiction,MISMATCH,
9781839945311,I Am Wolf,Fiction,Teen Fiction,YFB,Childrens Fiction,MISMATCH,
9780861541607,Grand Illusion,Fiction,Historical Fiction,FJMS,General Fiction,MISMATCH,
9781526650993,Book Of Days,The Arts,Music And Performing Arts,AJB,Photography,MISMATCH,
9781847499189,Jews Beech,Fiction,Classics,FFC,Crime Fiction,MISMATCH,
9781338893373,Beginners Guide to Anime and Manga,Fiction,Graphic Novels,YBGC,Books For Babies,MISMATCH,
9781990035357,Gracehopper,Fiction,Teen Fiction,YFB,Childrens Fiction,MISMATCH,
9781990035197,New Dawning - 1 The Edge Of Light,Fiction,Teen Fiction,YFC,Childrens Fiction,MISMATCH,
9781775437987,Tuatara - A Living Treasure,Children,Childrens Non Fiction,YFP,Childrens Fiction,MISMATCH,
9781776940301,Te Ra Kura Ki Aotearoa,Well Being,Childrens Well Being,YFS,Childrens Fiction,MISMATCH,
9781761344794,Bluey - Hooray Magic -  A Puffy Sticker Colouring Book,Children,Activities,YBGC,Books For Babies,MISMATCH,
9780241634226,Golden Age,Fiction,Classics,FA,General Fiction,MISMATCH,
9780241448519,Penguin Book of Korean Short Stories,Fiction,Classics,FYB,General Fiction,MISMATCH,
9780571391271,Appointment with Yesterday,Fiction,Crime Fiction,FA,General Fiction,MISMATCH,
9781991006851,Unmasking Monsters,History And Politics,True Crime,BM,Biography,MISMATCH,
9781805130871,Babys First Cloth Book - Cuddly Bear,Children,Books For Babies,YBCB,Childrens Picture Books,MISMATCH,
9781800787872,Wheres the Pair -  A Spotting Book,Children,Activities,YBG,Books For Babies,MISMATCH,
9781869663957,NZ Birds Board Book,Children,Books For Babies,YBCB,Childrens Picture Books,MISMATCH,
9781632362254,Attack On Titan 7 - Before The Fall,Fiction,Science Fiction and Fantasy,FXA,Manga,MISMATCH,
9780747562108,Coraline,Children,Childrens Fiction,YFD,"Childrens Fiction, Horror",MISMATCH,
9781742836058,Very Itchy Bear,Children,Books For Babies,YBCB,Childrens Picture Books,MISMATCH,
9781442402980,Creepy Pair Of Underwear,Children,Childrens Picture Books,YFQ,Childrens Fiction,MISMATCH,
9781442402973,Creepy Carrots,Children,Childrens Picture Books,YFP,Childrens Fiction,MISMATCH,
9780857634429,Pip And Posy - The Super Scooter,Children,Books For Babies,YBCS,Childrens Picture Books,MISMATCH,
9780711273795,100 Years of Bentley,Motoring,Transport,WGCB,Gardening,MISMATCH,
9781923186057,Energy - Get it. Guard it. Give it.,Sciences,Business,VSPM,Psychology,MISMATCH,
9781761450594,Living Hot - Surviving and Thriving on a Heating Planet,Sciences,Environment,JFF,Sociology,MISMATCH,
9781802061956,Doppelganger - A Trip Into the Mirror World,History And Politics,History,JFHC,Sociology,MISMATCH,
9780761189954,Random Illustrated Facts,Fiction,Graphic Novels,WH,Humour,MISMATCH,
9781990035425,Dont Worry About The Robots - How To Survive And Thrive In The New World Of Work - New And Updated For COVID - 2024,Sciences,Business,VSC,Psychology,MISMATCH,
9781804178058,Arabian Folk And Fairy Tales - Fables Folkore And Ancient Stories,History And Politics,Mythology,JFHF,Sociology,MISMATCH,
9781804178065,Chinese Myths And Legends - Tales Of Gods Heroes And Monsters,History And Politics,Mythology,FQ,General Fiction,MISMATCH,
9780702314506,Escape From St Hell - 2 St Hell,Fiction,Graphic Novels,BGA,Biography,MISMATCH,
9780241405949,Ulysses,Fiction,Classics,FA,General Fiction,MISMATCH,
9781761381195,Gentle Art Of Swedish Death Cleaning - How To Free Yourself And Your Family From A Lifetime Of Clutter,Well Being,Psychology,WKDM,General Sport And Fitness,MISMATCH,
9781925849127,Under The Skin - Racism Inequality And The Health Of A Nation,History And Politics,History,JFSL,Sociology,MISMATCH,
9781665927871,Take A Bow,Children,Childrens Picture Books,YF,Childrens Fiction,MISMATCH,
9780241406045,Poems,Fiction,Poetry,FC,Classics,MISMATCH,
9780241678947,Death in Midsummer,Fiction,Crime Fiction,FC,Classics,MISMATCH,
9780241201978,Making Sense of Chaos -  A Better Economics for a Better World,Sciences,Philosophy,KCA,Economics,MISMATCH,
9780241989654,Earned Life - Lose Regret Choose Fulfilment,Sciences,Business,VSC,Psychology,MISMATCH,
9780241996843,"On Women -  A new collection of feminist essays from the influential writer, activist and critic, Susan Sontag",Well Being,Gender,JFFK,Sociology,MISMATCH,
9781398512702,Barb The Brave - 1 Barb the Brave,Fiction,Graphic Novels,YFB,Childrens Fiction,MISMATCH,
9780143503583,Ten Little Fingers and Ten Little Toes Board Book,Children,Books For Babies,YBCB,Childrens Picture Books,MISMATCH,
9780241674888,"Manga Drawing School -  Take Your Art to the Next Level, Step-by-Step",The Arts,Art,WFA,Fashion,MISMATCH,
9780241666630,"Food Book -  The Stories, Science, and History of What We Eat",Well Being,Food And Beverage,JFCV,Sociology,MISMATCH,
9781454953739,Odyssey Travel Journal - A Memory Book Inspired by the Classic Tale of Adventure,Travel,Travel Literature,WTL,Travel Guides,MISMATCH,
9781923058163,Cowpuppy - Unexpected Friendship And A Scientists Journey Into The Secret World Of Cows,Sciences,Environment,BM,Biography,MISMATCH,
9780063390867,How The World Ran Out Of Everything,History And Politics,History,KJMV8,Business,MISMATCH,
9780063390867,How The World Ran Out Of Everything,Sciences,Economics,KJMV8,Business,MISMATCH,
9780645874594,Our Familiars - The Meaning of Animals in Our Lives,Sciences,Environment,JFFZ,Sociology,MISMATCH,
9781399725101,You Like It Darker,Fiction,Crime Fiction,FA,General Fiction,MISMATCH,
9781788312882,Beowulf - Poem Poet and Hero,Fiction,Poetry,DSBB,Classics,MISMATCH,
9781419740954,Rise of Kyoshi - 1 Chronicles of the Avatar,Fiction,Science Fiction and Fantasy,YFH,Childrens Fiction,MISMATCH,
9781922539977,Superheroes for a Day,Fiction,Teen Fiction,YFS,Childrens Fiction,MISMATCH,
9781922539977,Superheroes for a Day,Well Being,Childrens Well Being,YFS,Childrens Fiction,MISMATCH,
9781529940428,Talented Mr Ripley,Fiction,Classics,FF,Crime Fiction,MISMATCH,
9781841593609,Atonement,Fiction,Classics,FA,General Fiction,MISMATCH,
9781857151541,Grapes Of Wrath,Fiction,Classics,FA,General Fiction,MISMATCH,
9781857151879,Collected Stories,Fiction,Classics,FA,General Fiction,MISMATCH,
9781857152616,Border Trilogy - All the Pretty Horses / The Crossing / Cities of the Plain,Fiction,Classics,FA,General Fiction,MISMATCH,
9781645471929,Seamless Embroidery -  40 Projects and Patterns to Explore the Magic of Repeating Designs,The Arts,Craft,WF,Fashion,MISMATCH,
9781728281667,"Great Quotes from Great Scientists -  Quotes, Lessons, and Universal Truths from the World's Greatest Scientific Minds",Sciences,General Science,VSPM,Psychology,MISMATCH,
9780593582428,World of Eric Carle Bilingual Flashcards: 50 Cards in English and Spanish,Travel,Languages,YN,Childrens Non Fiction,MISMATCH,
9781644212622,Spinoza -  The Outcast Thinker,Sciences,Philosophy,BG,Biography,MISMATCH,
9780807018651,Harlem Ghetto -  Essays,Well Being,Gender,DS,Classics,MISMATCH,
9781506740690,H P  Lovecrafts -  At the Mountains of Madness Deluxe Edition,Fiction,Classics,FXA,Manga,MISMATCH,
9781849949217,Treasury Of Folklore - Waterlands Wooded Worlds and Starry Skies,History And Politics,Mythology,JFHF,Sociology,MISMATCH,
9780140442533,Campaigns of Alexander,Fiction,Classics,HBJD,History,MISMATCH,
9780141442259,Prince,Fiction,Classics,JPA,Politics,MISMATCH,
9781761346170,Bluey - Road Trip,Children,Books For Babies,YFC,Childrens Fiction,MISMATCH,
9781761347030,Bluey - Hooray Its Halloween A Colouring Book,Children,Activities,YBGC,Books For Babies,MISMATCH,
9781761348884,Where Is the Green Sheep? Cloth Book,Children,Books For Babies,YBCB,Childrens Picture Books,MISMATCH,
9780241655597,Hercules,Motoring,Transport,HBW,History,MISMATCH,
9780241672983,Roald Dahl -  A Phizz-Whizzing Shapes Finger Trail Book,Children,Books For Babies,YBLH,Childrens Non Fiction,MISMATCH,
9780241654668,Farm - My Very Important Lift-the-Flap Book,Children,Books For Babies,YNNF,Childrens Non Fiction,MISMATCH,
9780241661161,How To Build LEGO Robots,Children,Activities,YBG,Books For Babies,MISMATCH,
9780241646274,Find Spot at the Market - A Lift-the-Flap Story,Children,Books For Babies,YBCH,Childrens Picture Books,MISMATCH,
9780241649404,Spots Slide and Seek -  Playground,Children,Books For Babies,YBCH,Childrens Picture Books,MISMATCH,
9780593703892,Muhammad Ali -  A Little Golden Book Biography,Children,Childrens Non Fiction,YF,Childrens Fiction,MISMATCH,
9780593652176,Lionel Messi - A Little Golden Book Biography,Children,Childrens Non Fiction,YF,Childrens Fiction,MISMATCH,
9781513268835,Erewhon,Fiction,Classics,FV,Historical Fiction,MISMATCH,
9781474988766,Look And Find Puzzles Dinosaurs,Children,Activities,YBG,Books For Babies,MISMATCH,
9780008617004,Silent Sister,Fiction,Teen Fiction,YFCB,"Childrens Fiction, Thriller",MISMATCH,
9780063327757,Windeby Puzzle - History and Story,Fiction,Teen Fiction,YFT,Childrens Fiction,MISMATCH,
9781471187803,Infinity Son - 1 Infinity Cycle,Fiction,Teen Fiction,YFB,Childrens Fiction,MISMATCH,
9781250792402,"Following Caesar - From Rome to Constantinople, the Pathways That Planted the Seeds of Empire",Travel,Travel Literature,HBLA,History,MISMATCH,
9781847499202,Around the World in Eighty Days,Fiction,Teen Fiction,YFA,Childrens Fiction,MISMATCH,
9781847498878,His Last Bow - Annotated Edition,Fiction,Teen Fiction,FFC,Crime Fiction,MISMATCH,
9780008394394,Storms Edge - Life Death and Magic in the Islands of Orkney,Travel,Travel Literature,HBTB,History,MISMATCH,
9781847498939,Valley of Fear - Annotated Edition,Fiction,Teen Fiction,FFC,Crime Fiction,MISMATCH,
9781847498823,Casebook of Sherlock Holmes - Annotated Edition,Fiction,Teen Fiction,FFC,Crime Fiction,MISMATCH,
9781665967037,Past Present Future,Fiction,Teen Fiction,YFM,"Childrens Fiction, Romance",MISMATCH,
9781035042166,Map of Bones - 4 Joubert Family Chronicles,Fiction,Historical Fiction,FJH,General Fiction,MISMATCH,
9780063260269,Financial Feminist - Overcome The Patriarchys Bullsh*t To Master Your Money And Build A Life You Love,Sciences,Business,VSB,Psychology,MISMATCH,
9781760795849,Harriet - The Hearing Dog,Children,Childrens Non Fiction,YBC,Childrens Picture Books,MISMATCH,
9781760644932,Madame Brussels - The Life And Times Of Melbournes Most Notorious Woman,Biographies,Biography,HBJM,History,MISMATCH,
9781776575459,Titiro / Look,Children,Books For Babies,YBCB,Childrens Picture Books,MISMATCH,
9780143770787,Resilient Farmer,Sciences,Business,BGA,Biography,MISMATCH,
9781742031552,Six,Fiction,Teen Fiction,YFB,Childrens Fiction,MISMATCH,
9781761268267,Land of Lost Things - 1 Adventures Unlimited,Children,Childrens Non Fiction,YFC,Childrens Fiction,MISMATCH,
9781787705173,Postcard,Fiction,Historical Fiction,FA,General Fiction,MISMATCH,
9781838937966,Wolves of Winter - 2 Essex Dogs,Fiction,Historical Fiction,FJH,General Fiction,MISMATCH,
9780008663803,God Of The Woods,Fiction,Crime Fiction,FA,General Fiction,MISMATCH,
9780008654313,All The Light We Cannot See,Fiction,Classics,FA,General Fiction,MISMATCH,
9781471135903,Daughters of Castle Deverill - 2 The Deverill Chronicles,Fiction,Historical Fiction,FA,General Fiction,MISMATCH,
9781760789046,You Wouldnt Be Dead for Quids - 1 Les Norton,Fiction,Crime Fiction,FA,General Fiction,MISMATCH,
9781501380860,Doll - Object Lessons,Sciences,Philosophy,DSA,Classics,MISMATCH,
9781501383748,Blue Jeans - Object Lessons,Sciences,Philosophy,DSA,Classics,MISMATCH,
9781501386664,Stroller - Object Lessons,Sciences,Philosophy,DSA,Classics,MISMATCH,
9781501374012,Blackface - Object Lessons,History And Politics,Sociology,DSA,Classics,MISMATCH,
9781838776862,Fire on the Horizon - 24 Courtney,Fiction,Historical Fiction,FJH,General Fiction,MISMATCH,
9781783789924,Nineteen Eighty-Four -  75th Anniversary Edition,Fiction,Classics,FA,General Fiction,MISMATCH,
9781804710517,What the Wild Sea Can Be - The Future of the World's Ocean,Sciences,Environment,PSPM,General Science,MISMATCH,
9780711293786,Studios of Their Own -  Where Great Artists Work,The Arts,Art,BGF,Biography,MISMATCH,
9781668051351,What This Comedian Said Will Shock You,Well Being,Humour,JPHF,Politics,MISMATCH,
9781529387674,Queen of Attolia - 2  Queens Thief,Fiction,Teen Fiction,YFH,Childrens Fiction,MISMATCH,
9781922668042,Australia Road And 4WD handy Atlas,Travel,Maps,WTR,Travel Literature,MISMATCH,
9780349018324,Wise Women - Myths and stories for midlife and beyond,History And Politics,Mythology,JFHF,Sociology,MISMATCH,
9781787333277,Anima - A Wild Pastoral,Travel,Travel Literature,WTL,Travel Guides,MISMATCH,
9781529439144,BoyMum - Raising Boys in the Age of Toxic Masculinity,Well Being,Health,JFSJ2,Sociology,MISMATCH,
9780330424417,Daughter Of The Forest - 1 Sevenwaters,Fiction,Science Fiction and Fantasy,FA,General Fiction,MISMATCH,
9781398526082,Lady Tans Circle Of Women,Fiction,Historical Fiction,FA,General Fiction,MISMATCH,
9781761291272,Marvel - Character Encyclopedia,Fiction,Graphic Novels,YNF,Childrens Non Fiction,MISMATCH,
9781526658982,Cold Kitchen -  A Year of Culinary Journeys,Travel,Travel Literature,WTL,Travel Guides,MISMATCH,
9781801108850,Granite Kingdom -  A Cornish Journey,Travel,Travel Literature,WTL,Travel Guides,MISMATCH,
9780571393312,"Songlight -  Meet your new dystopian obsession, the first book in the epic Torch Trilogy",Fiction,Teen Fiction,YFB,Childrens Fiction,MISMATCH,
9780743261111,Off The Road - A Modern-Day Walk Down The Pilgrim's Route Into Spain,Travel,Travel Literature,WTL,Travel Guides,MISMATCH,
9781787335110,Fi - A Memoir Of My Son,Travel,Travel Literature,BM,Biography,MISMATCH,
9781847928061,On Freedom,Sciences,Philosophy,JPV,Politics,MISMATCH,
9780008725983,Absolution - 4 Southern Reach,Fiction,Science Fiction and Fantasy,FA,General Fiction,MISMATCH,
9781250322159,Cobalt Red -  How The Blood Of The Congo Powers Our Lives,History And Politics,History,JFFE,Sociology,MISMATCH,
9781035039036,Them - Adventures With Extremists,History And Politics,Religion,JFH,Sociology,MISMATCH,
9781645678533,Acrylic Landscapes For Beginners - Your Step-by-Step Guide To Painting,The Arts,Craft,WFA,Fashion,MISMATCH,
9781760984977,Skin Im In,Fiction,Teen Fiction,YFB,Childrens Fiction,MISMATCH,
9781250870940,I Will Tell You No Lies,Fiction,Teen Fiction,YFCB,"Childrens Fiction, Thriller",MISMATCH,
9780241672457,Modern Fairies,History And Politics,Mythology,FQ,General Fiction,MISMATCH,
9780241685044,We Have Always Lived in the Castle,Fiction,Crime Fiction,FA,General Fiction,MISMATCH,
9780241684795,Underground Man,Fiction,Crime Fiction,FA,General Fiction,MISMATCH,
9781761344008,Elle,The Arts,Fashion,JFCK,Sociology,MISMATCH,
9780141998060,Nothing Ever Just Disappears -  Seven Hidden Histories,Well Being,Gender,JFSK,Sociology,MISMATCH,
9780241685556,Great Transformation - Political And Economic Origins of Our Time,History And Politics,History,KCZ,Economics,MISMATCH,
9780241639580,Nights Out At Home -  Recipes and Stories from 25 years as a Restaurant Critic,Well Being,Food And Beverage,BM,Biography,MISMATCH,
9781394199280,"Neurodiversity Edge - The Essential Guide to Embracing Autism, ADHD, Dyslexia, and Other Neurological Differences for Any Organization",Well Being,Psychology,KJMV2,Business,MISMATCH,
9780241672976,France - DK Eyewitness,Fiction,Poetry,WTH,Travel Guides,MISMATCH,
9780241525081,Train Lord - The Astonishing True Story of One Man's Journey To Getting His Life Back On Track,Motoring,Transport,BM,Biography,MISMATCH,
9781035008551,Wonderful World Of James Herriot - A Collection Of Classic Stories,Travel,Travel Literature,BGTA,Biography,MISMATCH,
9781407181301,Warlock of Firetop Mountain - 1 Fighting Fantasy,Fiction,Science Fiction and Fantasy,YFH,Childrens Fiction,MISMATCH,
9781398536890,Billionaire Nerd Saviour King -  The Hidden Truth About Bill Gates and His Power to Shape Our World,Sciences,Business,BGB,Biography,MISMATCH,
9781035042616,Doodle A Day - Something To Draw Colour In Or Doodle - For Every Day Of The Year,Children,Activities,YBG,Books For Babies,MISMATCH,
9781035035175,My Stand Up Dinosaurs - Lift The Flap,Children,Books For Babies,YFP,Childrens Fiction,MISMATCH,
9780241686560,House of Hades - The Graphic Nove - (Heroes of Olympus Book 4,Fiction,Graphic Novels,YFW,Childrens Fiction,MISMATCH,
9781784878542,Fight Club,Fiction,Classics,FA,General Fiction,MISMATCH,
9781784878580,Light in August,Fiction,Classics,FA,General Fiction,MISMATCH,
9781529436150,My Animals And Other Animals,Sciences,Environment,WH,Humour,MISMATCH,
9781399820233,World According To Cunk - An Illustrated History Of All World Events Ever Space Permitting,Well Being,Humour,JFCA,Sociology,MISMATCH,
9781776890743,Honey - My Story Of Love Loss And Victory,Sport,Rugby,BGS,Biography,MISMATCH,
9781775438762,My Matariki Colouring and Activity Book,Children,Activities,YBGC,Books For Babies,MISMATCH,
9784805318539,Supernatural Tales From Japan - Ghosts Goblins Demons And Magic,Fiction,Classics,FQ,General Fiction,MISMATCH,
9781784946579,Wood Joints By Machine And By Hand,The Arts,Craft,WKDW,General Sport And Fitness,MISMATCH,
9788854421189,Taylor Swift - Book For Swifties,The Arts,Music And Performing Arts,YNCP,Childrens Non Fiction,MISMATCH,
9783961716197,Collaboration - David Bowie,The Arts,Music And Performing Arts,AJC,Photography,MISMATCH,
9788284620268,Munchs Missing - Find The Artist And His Family Friends And Followers,Children,Activities,YBG,Books For Babies,MISMATCH,
9780645874556,Excitable Boy - Essays on Risk,Biographies,Biography,JFSP2,Sociology,MISMATCH,
9781761181474,Extraordinary Disappointments Of Leopold Berry - 1 Sunderworld,Fiction,Teen Fiction,YFH,Childrens Fiction,MISMATCH,
9781839949449,Blossom Origami - National Trust,Children,Activities,YBG,Books For Babies,MISMATCH,
9780711295469,My First Story Orchestra - Swan Lake,Children,Activities,YBG,Books For Babies,MISMATCH,
9781529151527,On Leadership - Lessons for the 21st Century,Sciences,Business,JP,Politics,MISMATCH,
9780753560860,Take My Grief Away -  Voices from the War in Ukraine,Biographies,Biography,HBTD,History,MISMATCH,
9781761221866,Gourmet Traveller Southern Crossing -  Fiji,Travel,Travel Literature,KNSG,Business,MISMATCH,
9780691240817,Last Human Job - The Work of Connecting in a Disconnected World,History And Politics,History,JHBL,Sociology,MISMATCH,
9781472237347,Times Convert - 4 All Souls,Fiction,Science Fiction and Fantasy,FV,Historical Fiction,MISMATCH,
9780008536923,Elements of Marie Curie - How the Glow of Radium Lit a Path for Women in Science,Sciences,General Science,BGT,Biography,MISMATCH,
9781681377964,Waiting for the Fear,Fiction,Classics,FYB,General Fiction,MISMATCH,
9782067172012,Greece - Michelin National Map 737 - Map,Travel,Maps,WTR,Travel Literature,MISMATCH,
9783575018748,Greece And Islands Marco Polo Map,Travel,Maps,WTRM,Travel Literature,MISMATCH,
9781035038589,Essays In Love,Sciences,Philosophy,FA,General Fiction,MISMATCH,
9781761067013,Highway 13,Fiction,Crime Fiction,FA,General Fiction,MISMATCH,
9781922790774,Voyagers - Our Journey Into The Anthropocene,Sciences,Environment,PDZ,General Science,MISMATCH,
9781991006820,Ravens Eye Runaways -1 Ravens Eye Runaways,Fiction,Teen Fiction,YFH,Childrens Fiction,MISMATCH,
9780241998946,Burma Sahib,Fiction,Historical Fiction,FA,General Fiction,MISMATCH,
9781405951722,Clytemnestra,Fiction,Historical Fiction,FQ,General Fiction,MISMATCH,
9781472273956,Elektra,Fiction,Historical Fiction,FA,General Fiction,MISMATCH,
9781526648174,Song Of Achilles - Anniversary Edition,Fiction,Historical Fiction,FA,General Fiction,MISMATCH,
9781526664587,Circe - 5th Anniversary Edition,Fiction,Historical Fiction,FA,General Fiction,MISMATCH,
9780008601119,Once Upon a Prime - The Wondrous Connections Between Mathematics and Literature,Sciences,General Science,DS,Classics,MISMATCH,
9781804992227,Abroad in Japan,Travel,Travel Literature,BM,Biography,MISMATCH,
9781526162632,Value Of A Whale - On The Illusions Of Green Capitalism,Sciences,General Science,KCN,Economics,MISMATCH,
9780008592400,Grinch Christmas Activity Book,Children,Activities,YBCH,Childrens Picture Books,MISMATCH,
9781991182906,Murder On Milverton Square - 1 The Milverton Mysteries,Fiction,Crime Fiction,FA,General Fiction,MISMATCH,
9780385003438,Red Balloon,Children,Childrens Picture Books,FA,General Fiction,MISMATCH,
9781419771224,Little Kid With The Big Green Hand,Fiction,Graphic Novels,YFW,Childrens Fiction,MISMATCH,
9780241383285,Rumple Buttercup - A Story Of Bananas Belonging And Being Yourself,Fiction,Graphic Novels,YBCS,Childrens Picture Books,MISMATCH,
9781761381324,Underestimated - the wisdom and power of teenage girls,Well Being,Psychology,JFSJ1,Sociology,MISMATCH,
9781925625035,New Zealand Touring Atlas,Travel,Maps,WTRD,Travel Literature,MISMATCH,
9781925625301,North Island New Zealand Map,Travel,Maps,WTRM,Travel Literature,MISMATCH,
9781925625899,South Island New Zealand,Travel,Maps,WTR,Travel Literature,MISMATCH,
9781925625042,New Zealand Handy Atlas,Travel,Maps,WTRD,Travel Literature,MISMATCH,
9780241486351,Odyssey,History And Politics,Mythology,FQ,General Fiction,MISMATCH,
9781761348945,Taylor Swift Style - Fashion Through the Eras,The Arts,Fashion,BGF,Biography,MISMATCH,
9780241656556,GANNI Playbook -  How to Get Started Creating a Responsible Business,The Arts,Fashion,JFCK,Sociology,MISMATCH,
9781534353725,Shatterspin - LEGO NINJAGO,Fiction,Graphic Novels,YFW,Childrens Fiction,MISMATCH,
9781398535008,Playing the Field,Fiction,Teen Fiction,YFM,"Childrens Fiction, Romance",MISMATCH,
9780241696507,Travel Bucket List,Travel,Travel Literature,WTH,Travel Guides,MISMATCH,
9780711292017,Vincent van Gogh - Little People BIG DREAMS,Children,Childrens Fiction,YNM,Childrens Non Fiction,MISMATCH,
9781804993385,Assistant to the Villain - 1,Fiction,Science Fiction and Fantasy,FR,Romance,MISMATCH,
9780007589203,Whispers in the Walls - 2 Scarlet And Ivy,Fiction,Teen Fiction,YFCF,Childrens Fiction,MISMATCH,
9781035053902,Tits Up - What Our Beliefs About Breasts Reveal About Life Love Sex And Society,Well Being,Gender,JFFK,Sociology,MISMATCH,
9781399621472,Murder Under the Mistletoe - A Canon Clement Christmas Novella,Fiction,Crime Fiction,FA,General Fiction,MISMATCH,
9781761529009,Pearl - A Graphic Novel,Fiction,Graphic Novels,YFN,Childrens Fiction,MISMATCH,
9781250265852,Science Comics - Electricity,Children,Childrens Non Fiction,YFW,Childrens Fiction,MISMATCH,
9781853261046,Secret Garden,Fiction,Classics,YFA,Childrens Fiction,MISMATCH,
9780241668603,Dexter Procter The 10-Year-Old Doctor - 1,Children,Childrens Fiction,YFM,"Childrens Fiction, Romance",MISMATCH,
9780593808337,Richard Scarrys Cars and Trucks - Touch-and-Trace,Children,Activities,YFP,Childrens Fiction,MISMATCH,
9781569317778,Art Of Spirited Away,The Arts,Art,FX,Graphic Novels,MISMATCH,
9781805300663,Secret Painter,The Arts,Art,BGF,Biography,MISMATCH,
9781805223719,Democracy -  Eleven writers and leaders on what it is - and why it matters,Biographies,Essays,JPHV,Politics,MISMATCH,
9781869713157,Old MacDonalds Farm,Children,Books For Babies,YBC,Childrens Picture Books,MISMATCH,
9781419776038,Reckoning of Roku - 5 Chronicles of the Avatar,Fiction,Science Fiction and Fantasy,YFH,Childrens Fiction,MISMATCH,
9780141185859,How Green Was My Valley,Fiction,Classics,FA,General Fiction,MISMATCH,
9780470043899,Dhandho Investor - The Low-Risk Value Method to High Returns,Sciences,Business,VSB,Psychology,MISMATCH,
9780760393192,Harry Styles Is Life -  A Superfan's Guide to All Things We Love about Harry Styles,The Arts,Fashion,BGF,Biography,MISMATCH,
9780760393130,Beyonce Is Life -  A Superfan's Guide to All Things We Love about Beyonce,The Arts,Fashion,BGF,Biography,MISMATCH,
9781836001331,Grand Designs at 25 -  Game-changing designs from the iconic series,The Arts,Art,APT,Music And Performing Arts,MISMATCH,
9780711288522,Worlds of George RR Martin -  The inspirations behind Game of Thrones,Fiction,Science Fiction and Fantasy,DSK,Classics,MISMATCH,
9780785845454,Vintage Victorian Christmas Sticker -  Color & Activity Book: Over 500 Unique Stickers,The Arts,Art,WF,Fashion,MISMATCH,
9781761069758,Landovel,Fiction,Teen Fiction,YFH,Childrens Fiction,MISMATCH,
9781250268860,Science Comics - Frogs,Fiction,Graphic Novels,YFW,Childrens Fiction,MISMATCH,
9781250268860,Science Comics - Frogs,Children,Childrens Non Fiction,YFW,Childrens Fiction,MISMATCH,
9781849949095,Millie Marottas Precious Planet -  A mindful colouring adventure,The Arts,Art,WF,Fashion,MISMATCH,
9781368061278,Last Fallen Star - 1 Gifted Clans,Fiction,Teen Fiction,YFB,Childrens Fiction,MISMATCH,
9781368073158,Last Fallen Moon - 2 Gifted Clans,Fiction,Teen Fiction,YFB,Childrens Fiction,MISMATCH,
9780908573851,Trains on the Trunk,Motoring,Transport,WGF,Gardening,MISMATCH,
9780008498535,Wavewalker - Breaking Free,Travel,Travel Literature,BM,Biography,MISMATCH,
9781835408452,Build Your Own Super Cars and Monster Trucks Sticker Book,Children,Activities,YBG,Books For Babies,MISMATCH,
9780008659271,Solitaire,Fiction,Teen Fiction,YFS,Childrens Fiction,MISMATCH,
9780008659288,Nick And Charlie  - A Heartstopper Novella,Fiction,Teen Fiction,YFM,"Childrens Fiction, Romance",MISMATCH,
9780008659318,This Winter - A Heartstopper novella,Fiction,Teen Fiction,YFN,Childrens Fiction,MISMATCH,
9780008659301,Loveless,Fiction,Teen Fiction,YFM,"Childrens Fiction, Romance",MISMATCH,
9780241669952,Spot Says Goodnight -  Book & Toy Gift Set,Children,Books For Babies,YBCH,Childrens Picture Books,MISMATCH,
9780785844853,Unofficial Taylor Swift Sticker and Activity Book -  Swiftie Activities to Celebrate the World's Biggest Star,Children,Activities,WF,Fashion,MISMATCH,
9781836000808,Little People BIG DREAMS Advent Calendar Book Collection,Christmas,Christmas Books,YNM,Childrens Non Fiction,MISMATCH,
9780711297388,Story Orchestra - Midsummer Nights Dream,Children,Novelty Books,YNC,Childrens Non Fiction,MISMATCH,
9781526671356,Tales from Muggleswick Wood - A magical bedtime treasury,Children,Childrens Fiction,YBC,Childrens Picture Books,MISMATCH,
9780711295506,My First Story Orchestra - Nutcracker,Christmas,Christmas Books,YB,Childrens Non Fiction,MISMATCH,
9781836001331,Grand Designs at 25 -  Game-changing designs from the iconic series,The Arts,Architecture,APT,Music And Performing Arts,MISMATCH,
9780711296336,Spotless Giraffe,Children,Childrens Picture Books,YFP,Childrens Fiction,MISMATCH,
9780674295469,Brief History of Equality,Sciences,Business,JFFJ,Sociology,MISMATCH,
9780674295469,Brief History of Equality,Sciences,Economics,JFFJ,Sociology,MISMATCH,
9780473654917,Wealth Plan - How To Invest In New Zealand Property And Retire On Real Estate,Sciences,Business,VSB,Psychology,MISMATCH,
9781913519537,Wind In The Willows,Children,Childrens Picture Books,YFA,Childrens Fiction,MISMATCH,
9781405297820,Wind In The Willows,Children,Childrens Picture Books,YFA,Childrens Fiction,MISMATCH,
9780755501656,Fear - 5 Gone,Fiction,Teen Fiction,YFB,Childrens Fiction,MISMATCH,
9781922810748,Rock N Roll Gallery - A Journey from Sheffield to Sydney 1983-2023,The Arts,Music And Performing Arts,AJC,Photography,MISMATCH,
9780785291909,Power Moves - Ignite Your Confidence And Become A Force,Well Being,Psychology,HRCV,Religion,MISMATCH,
9781035041572,"Power of Words - How to Speak, Listen and Think Better",Sciences,Business,VSPM,Psychology,MISMATCH,
9781035009824,Way of the Hermit - My 40 years in the Scottish Wilderness,Travel,Travel Literature,BM,Biography,MISMATCH,
9781647223380,Avatar The Last Airbender Cookbook - The Official Cookbook - Recipes from the Four Nations,Fiction,Science Fiction and Fantasy,WB,Food And Beverage,MISMATCH,
9781529028096,10 Dogs -  A Funny Furry Counting Book,Children,Childrens Picture Books,YBL,Childrens Non Fiction,MISMATCH,
9781035023363,Five Little Trains - A Nursery Rhyme Counting Book for Toddlers,Children,Books For Babies,YBLC,Childrens Non Fiction,MISMATCH,
9781760993948,Dragons Treasure - History Hunter,Children,Childrens Non Fiction,YFCF,Childrens Fiction,MISMATCH,
9780764368059,Huts Full of Character - 52 Charming Huts in the Alps,Travel,Travel Literature,WTHH,Travel Guides,MISMATCH,
9783791379739,"Paris Flea Market -  Les Puces de Paris, Saint-Ouen",The Arts,Art,WTH,Travel Guides,MISMATCH,
9781916745308,Night Night Little One,Children,Books For Babies,YBL,Childrens Non Fiction,MISMATCH,
9781916745285,Happy Baby Colours -  Rattle and Cloth Book,Children,Books For Babies,YBLD,Childrens Non Fiction,MISMATCH,
9781916745278,Happy Baby Words -  Teether and Cloth Book,Children,Books For Babies,YBLN1,Childrens Non Fiction,MISMATCH,
9781035045815,Cats Cookbook - Book and Giant Puzzle Gift Set,Children,Novelty Books,YBC,Childrens Picture Books,MISMATCH,
9781035030293,Babies Laugh At Tickles - Sound Book With Giant Giggle Button To Press,Children,Books For Babies,YBCB,Childrens Picture Books,MISMATCH,
9781911545699,Future of the Self,History And Politics,History,JHB,Sociology,MISMATCH,
9780473710293,Wow A Dollar a Pound,Travel,Travel Literature,BGSA,Biography,MISMATCH,
9783967041606,Americans - Beautiful Machines -  The Most Iconic Us Cars and Their Era,Motoring,Transport,WGC,Gardening,MISMATCH,
9781398526389,Science of Happiness -  Seven Lessons for Living Well,History And Politics,Sociology,VSP,Psychology,MISMATCH,
9781471173103,One Medicine - How understanding animals can save our lives,Children,Childrens Fiction,BGTA,Biography,MISMATCH,
9780141441061,Sleeper Awakes,Fiction,Classics,FL,Science Fiction and Fantasy,MISMATCH,
9780141441122,Modern Utopia,Fiction,Classics,FLC,Science Fiction and Fantasy,MISMATCH,
9780141441047,Shape of Things to Come,Fiction,Classics,FLC,Science Fiction and Fantasy,MISMATCH,
9781398838604,Egyptian Book of the Dead,Fiction,Classics,HRKP1,Religion,MISMATCH,
9780756581824,Learn a Language See & Say French,Travel,Languages,YQF,Childrens Picture Books,MISMATCH,
9780756581909,Learn a Language See & Say Mandarin,Travel,Languages,YQF,Childrens Picture Books,MISMATCH,
9781399060677,Weaving with Natural Dyes -  Learn how to dye and weave yarns to create 12 beautiful seasonal projects for home,The Arts,Craft,WFG,Fashion,MISMATCH,
9780473270070,Paris Of The East,Fiction,Historical Fiction,FA,General Fiction,MISMATCH,
9780473343910,Paris Of The West,Fiction,Historical Fiction,FA,General Fiction,MISMATCH,
9781760558147,Cull - 3 Sannie van Rensburg / Sonja Kurtz,Fiction,Crime Fiction,FA,General Fiction,MISMATCH,
9781760987237,Last Survivor - 4 Sonja Kurtz,Fiction,Crime Fiction,FA,General Fiction,MISMATCH,
9781760781101,Scent of Fear,Fiction,Crime Fiction,FA,General Fiction,MISMATCH,
9781419772474,Daughters Of Chaos,Fiction,Historical Fiction,FM,Science Fiction and Fantasy,MISMATCH,
9781797227450,"Star Wars Dad Jokes -  The Best Worst Jokes and Puns from a Galaxy Far, Far Away...",Well Being,Humour,APFN,Music And Performing Arts,MISMATCH,
9781988550671,Saving Wananga - The true story of a kea rescue,Children,Childrens Non Fiction,YBC,Childrens Picture Books,MISMATCH,
9781988550664,Innerland - A journey through the everyday landscape of New Zealand,History And Politics,Sociology,RGC,Environment,MISMATCH,
9780349145945,From a Far and Lovely Country - 24 No 1 Ladies Detective Agency,Fiction,Crime Fiction,FA,General Fiction,MISMATCH,
9781529359916,Memoirs Of Stockholm Sven,Fiction,Historical Fiction,FA,General Fiction,MISMATCH,
9781837582723,Lonely Planet Hidden Libraries - The World's Most Unusual Book Depositories,Travel,Travel Literature,WTM,Travel Guides,MISMATCH,
9781837583058,Lonely Planet Kids Your Ultimate Travel Adventure List,Travel,Travel Literature,WTHF,Travel Guides,MISMATCH,
9780804857758,Korean Folktales - Classic Stories from Korea's Enchanted Past,Fiction,Classics,FA,General Fiction,MISMATCH,
9780804853705,Korean for K-Pop and K-Drama Fans - Essential Korean Phrases for Everyday Use,Travel,Languages,WTK,Travel Guides,MISMATCH,
9784805318621,"Japanese for Travelers Phrasebook and Dictionary - Useful Phrases, Travel Tips, Etiquette Guide",Travel,Languages,WTK,Travel Guides,MISMATCH,
9789401419703,150 National Parks You Need To Visit Before You Die,Travel,Travel Literature,WTH,Travel Guides,MISMATCH,
9781444794052,For The Love Of Bob - Childrens Edition,Children,Childrens Non Fiction,YFY,Childrens Fiction,MISMATCH,
9781529949100,Revenge,Fiction,Classics,FYB,General Fiction,MISMATCH,
9781529943993,House Of Leaves,Fiction,Classics,FA,General Fiction,MISMATCH,
9780857506245,Unfiltered -  My Incredible Decade in Formula 1,Motoring,Transport,BGSA,Biography,MISMATCH,
9781405206327,Castafiore Emerald - Adventures Of Tintin,Fiction,Graphic Novels,YFW,Childrens Fiction,MISMATCH,
9781405206334,Flight 714 To Sydney - Adventures Of Tintin,Fiction,Graphic Novels,YFW,Childrens Fiction,MISMATCH,
9781529925432,Without Ever Reaching the Summit -  A Himalayan Journey,Travel,Travel Literature,WTL,Travel Guides,MISMATCH,
9781529925531,Being Human - How Our Biology Shaped World History,Sciences,General Science,HBTB,History,MISMATCH,
9781800923287,Complete Guide to Acrylics - All the Essential Techniques and Skills You Need,The Arts,Art,WFA,Fashion,MISMATCH,
9781407157290,Attack Of The Graveyard Ghouls - Goosebumps,Children,Childrens Fiction,YFD,"Childrens Fiction, Horror",MISMATCH,
9781407157344,Please Dont Feed the Vampire - Goosbumps,Children,Childrens Fiction,YFD,"Childrens Fiction, Horror",MISMATCH,
9781407157320,Night Of The Living Dummy 2 - Goosbumps,Children,Childrens Fiction,YFD,"Childrens Fiction, Horror",MISMATCH,
9781407157504,Haunted Mask - Goosebumps,Children,Childrens Fiction,YFD,"Childrens Fiction, Horror",MISMATCH,
9781407157467,Return of the Mummy - Goosebumps,Children,Childrens Fiction,YFD,"Childrens Fiction, Horror",MISMATCH,
9781407157351,Abominable Snowman of Pasadena - Goosebumps,Children,Childrens Fiction,YFD,"Childrens Fiction, Horror",MISMATCH,
9781407157535,Vampire Breath - Goosebumps,Children,Childrens Fiction,YFD,"Childrens Fiction, Horror",MISMATCH,
9781407171029,Say Cheese And Die - Goosebumps,Children,Childrens Fiction,YFD,"Childrens Fiction, Horror",MISMATCH,
9781407157283,Shocker on Shock Street - Goosebumps,Children,Childrens Fiction,YFD,"Childrens Fiction, Horror",MISMATCH,
9781488957413,Flash Cards - Numbers 0 - 25,Children,Study And Education,YQM,Childrens Picture Books,MISMATCH,
9781488957475,Flash Cards - Numbers 1 - 100,Children,Study And Education,YQM,Childrens Picture Books,MISMATCH,
9781488957451,Flash Cards - Subtraction 0 - 12,Children,Study And Education,YQM,Childrens Picture Books,MISMATCH,
9781800923270,Complete Guide to Woodworking - All the Essential Techniques and Skills You Need,The Arts,Craft,WKDW,General Sport And Fitness,MISMATCH,
9781488956904,Babys First Animals - Building Blocks High Contrast Neon,Children,Books For Babies,YBLC,Childrens Non Fiction,MISMATCH,
9781488956928,Babys First Numbers - Building Blocks High Contrast Neon,Children,Books For Babies,YBLC,Childrens Non Fiction,MISMATCH,
9781488956911,Babys First Bedtime - Building Blocks High Contrast Neon,Children,Books For Babies,YBLC,Childrens Non Fiction,MISMATCH,
9781488954009,Very Hungry Caterpillar Colouring And Activity Set,Children,Activities,YBGC,Books For Babies,MISMATCH,
9781803991054,History Of Polar Exploration in 50 Objects - From Cook's Circumnavigations to the Aviation Age,Travel,Travel Literature,RGR,Environment,MISMATCH,
9781761268182,Youngest Son,Fiction,Historical Fiction,FT,General Fiction,MISMATCH,
9781910455173,Is a Cat the Right Pet for You - Can You Find the Facts?,Sciences,Environment,YNND,Childrens Non Fiction,MISMATCH,
9781788842723,Dua Lipa and the Clothes She Wears,The Arts,Fashion,AJCP,Photography,MISMATCH,
9780553277579,Greatest Salesman in the World,Sciences,Business,HRA,Religion,MISMATCH,
9781788841818,Prince - Icon,The Arts,Music And Performing Arts,AJC,Photography,MISMATCH,
9781861979780,33 Strategies Of War,Sciences,Business,VSPM,Psychology,MISMATCH,
9781846680793,50th Law,Sciences,Business,VSC,Psychology,MISMATCH,
9780008695477,Testimonies,Fiction,Historical Fiction,FA,General Fiction,MISMATCH,
9780063203877,Prophecies Begin - 1 Warriors Graphic Novel,Fiction,Graphic Novels,YFW,Childrens Fiction,MISMATCH,
9780545497619,Aquanaut,Fiction,Graphic Novels,YFW,Childrens Fiction,MISMATCH,
9781761640261,Sidekicks - 1 Sidekicks,Fiction,Graphic Novels,YFCF,Childrens Fiction,MISMATCH,
9781250851048,First Time for Everything,Fiction,Graphic Novels,YFN,Childrens Fiction,MISMATCH,
9780857506245,Unfiltered -  My Incredible Decade in Formula 1,Motoring,Formula One,BGSA,Biography,MISMATCH,
9781444727333,11 22 63,Fiction,Crime Fiction,FA,General Fiction,MISMATCH,
9781035026432,Classic Fantasy Stories,Fiction,Classics,FM,Science Fiction and Fantasy,MISMATCH,
9781035014927,Classic Stories of the Sea - Macmillan Collectors Library,Fiction,Classics,FJH,General Fiction,MISMATCH,
9781035048588,Sky on Fire,Fiction,Science Fiction and Fantasy,FJ,General Fiction,MISMATCH,
9781529058345,Hidden Globe - How Wealth Hacks the World,History And Politics,History,RGC,Environment,MISMATCH,
9781788688994,Western Australia - Lonely Planet Planning Map,Travel,Maps,WTRM,Travel Literature,MISMATCH,
9781035032488,Breaking Twitter -  Elon Musk and the Most Controversial Corporate Takeover in History,Sciences,Business,BGB,Biography,MISMATCH,
9781649630070,Invisible Loss -  Recognizing and Healing the Unacknowledged Heartbreak of Everyday Grief,Well Being,Family,VFJX,Psychology,MISMATCH,
9781250339270,Battle for Your Brain - Defending the Right to Think Freely in the Age of Neurotechnology,Well Being,Psychology,PDR,General Science,MISMATCH,
9781399712958,Holly - 5 Holly Gibney,Fiction,Crime Fiction,FK,Horror,MISMATCH,
9781529434248,Great Rides According to G,Sport,Cycling,BGSA,Biography,MISMATCH,
9781635868753,Coloready Mushrooms - 20 Modern Paint-by-Number Prints,The Arts,Craft,WFA,Fashion,MISMATCH,
9780349147192,"Revenge Of The Tipping Point - Overstories, Superspreaders and the Rise of Social Engineering",Sciences,General Science,JHB,Sociology,MISMATCH,
9781455523498,Mythology - Timeless Tales of Gods and Heroes,History And Politics,Mythology,HRA,Religion,MISMATCH,
9781869715540,Little Lambs Great New Zealand Christmas Activity Book,Children,Activities,YB,Childrens Non Fiction,MISMATCH,
9781408371855,Jingle Bells from Giraffes Cant Dance,Christmas,Christmas Books,YBCS,Childrens Picture Books,MISMATCH,
9781399739986,Dont Look Back Youll Trip Over - My Guide To Life,Biographies,Biography,VS,Psychology,MISMATCH,
9781398721791,Accidentally Wes Anderson Adventures,The Arts,Music And Performing Arts,AJ,Photography,MISMATCH,
9780762487790,Seinfeld - Whats the Deal with Everyone Hiding - A Seek and Find Book,Well Being,Humour,WF,Fashion,MISMATCH,
9781529520712,Maisys Rocket,Children,Books For Babies,YNTS,Childrens Non Fiction,MISMATCH,
9781529517149,How Does Santa Go Down the Chimney,Christmas,Christmas Books,YBCS,Childrens Picture Books,MISMATCH,
9781646434077,Giant Book of First Words -  Explore Colorful Vocabulary Scenes,Children,Childrens Picture Books,YB,Childrens Non Fiction,MISMATCH,
9781474995443,First Experiences Moving House,Well Being,Childrens Well Being,YBLN,Childrens Non Fiction,MISMATCH,
9780008616786,Pokemon Beginners Guide,Children,Activities,YNVU,Childrens Non Fiction,MISMATCH,
9781476754482,"Like Switch - An Ex-FBI Agent's Guide to Influencing, Attracting, and Winning People Over",Sciences,Business,VSP,Psychology,MISMATCH,
9781982139070,Truth Detector - An Ex-FBI Agent's Guide for Getting People to Reveal the Truth,Sciences,Business,VSP,Psychology,MISMATCH,
9781529146691,Job Therapy - Finding Work That Works for You,Sciences,Business,VSC,Psychology,MISMATCH,
9780241575734,300000 Kisses - Tales of Queer Love from the Ancient World,History And Politics,Religion,HBLA1,History,MISMATCH,
9781785784903,Feminism - A Graphic Guide,Fiction,Graphic Novels,JFFK,Sociology,MISMATCH,
9781472289254,We Will Not Be Saved - A memoir of hope and resistance in the Amazon rainforest,Sciences,Environment,BM,Biography,MISMATCH,
9781460764367,Oxenbridge King,Fiction,Historical Fiction,FA,General Fiction,MISMATCH,
9780008356729,Road -  A Story of Romans and Ways to the Past,Travel,Travel Literature,HBJD1,History,MISMATCH,
9780241994603,Freedom Is a Constant Struggle,History And Politics,Sociology,JPVH,Politics,MISMATCH,
9781560007043,Rise of the Meritocracy,Sciences,Philosophy,JFSC,Sociology,MISMATCH,
9780241630167,"May Contain Lies - How Stories, Statistics and Studies Exploit Our Biases - And What We Can Do About It",Sciences,Business,VSP,Psychology,MISMATCH,
9781839768996,Our Lives in Their Portfolios - Why Asset Managers Own the World,History And Politics,History,KCP,Economics,MISMATCH,
9781788739757,"Rentier Capitalism - Who Owns the Economy, and Who Pays for It?",History And Politics,History,KCP,Economics,MISMATCH,
9781984851598,Magic Fish,Fiction,Graphic Novels,YF,Childrens Fiction,MISMATCH,
9781761522789,Avatar the Last Airbender - 18 Book Box Set,Fiction,Graphic Novels,YBCS,Childrens Picture Books,MISMATCH,
9781407181295,Fighting Fantasy - The Port of Peril,Fiction,Science Fiction and Fantasy,YFH,Childrens Fiction,MISMATCH,
9780241721483,Sherlock Holmes and the Mystery of the Forgotten Password,Well Being,Humour,FA,General Fiction,MISMATCH,
9780241721445,Sherlock Holmes and the Air Fryer of Doom,Well Being,Humour,FA,General Fiction,MISMATCH,
9780241721414,Sherlock Holmes and the Case of the Trigger Warning,Well Being,Humour,FA,General Fiction,MISMATCH,
9780241718599,Giovannis Room,Fiction,Classics,FA,General Fiction,MISMATCH,
9781853261183,Alice in Wonderland,Fiction,Classics,YFA,Childrens Fiction,MISMATCH,
9781789147582,Globe - How the Earth Became Round,Sciences,General Science,HBG,History,MISMATCH,
9781915569509,She Speaks - The Women of Greek Myths in Their Own Words,History And Politics,Mythology,YNR,Childrens Non Fiction,MISMATCH,
9780711286504,Human Body - An Interactive Adventure with a 3x Magnifying Glass,Children,Childrens Non Fiction,YBG,Books For Babies,MISMATCH,
9781035015436,Class Action - InvestiGators,Fiction,Graphic Novels,YFW,Childrens Fiction,MISMATCH,
9781035033270,Gruffalo and Friends Search and Find -  With 17 super scenes and over 120 things to spot!,Children,Activities,YBG,Books For Babies,MISMATCH,
9781838991937,My First Jumbo Workbook,Children,Activities,YBL,Childrens Non Fiction,MISMATCH,
9780241711187,No Name in the Street,Fiction,Classics,BM,Biography,MISMATCH,
9780241656839,Economics Book - Big Ideas Simply Explained,Sciences,General Science,KCZ,Economics,MISMATCH,
9780241679562,"Calligraphy Book - Pointed Pen Techniques, with Projects and Inspiration",The Arts,Craft,WFU,Fashion,MISMATCH,
9781760404147,Aquatica - A Beginners Field Guide,Children,Childrens Non Fiction,YBC,Childrens Picture Books,MISMATCH,
9781761381386,We Are Not Able To Live In The Sky - The Seductive Promise Of Microfinance,Sciences,Economics,JKSN,Politics,MISMATCH,
9781423238591,"Argumentative Essay - QuickStudy Reference Guide to Planning, Researching, and Writing",Children,Study And Education,CBV,Languages,MISMATCH,
9781423202714,French,Travel,Languages,YQZ,Childrens Picture Books,MISMATCH,
9781423239208,Periodic Table,Children,Study And Education,PN,General Science,MISMATCH,
9780571386505,Lost Love Songs Of Boysie Singh,Fiction,Historical Fiction,FA,General Fiction,MISMATCH,
9781761381447,Enchantment by Birds -  a history of birdwatching in 22 species,Sciences,Environment,PSVW6,General Science,MISMATCH,
9781922779311,How Do Fish Hear -  An A-Z of Animal Acoustics,Sciences,Environment,YNNF,Childrens Non Fiction,MISMATCH,
9780241684320,Games Untold - 4.5 Inheritance Games,Fiction,Teen Fiction,YFCB,"Childrens Fiction, Thriller",MISMATCH,
9780593526668,Ghostkeeper,Fiction,Graphic Novels,YFW,Childrens Fiction,MISMATCH,
9780241670460,Met Collectors Sticker Anthology,The Arts,Art,WF,Fashion,MISMATCH,
9781761127465,Raina Telgemeier - Five Book Collection,Fiction,Graphic Novels,YFW,Childrens Fiction,MISMATCH,
9781761180934,Read At Your Own Risk,Fiction,Graphic Novels,YFB,Childrens Fiction,MISMATCH,
9781760974299,Truth About Stacey - 3 Netflix Edition Baby Sitters Club,Fiction,Graphic Novels,YFB,Childrens Fiction,MISMATCH,
9781760974305,Mary Anne Saves the Day - 4 Netflix Edition Baby Sitters Club,Fiction,Graphic Novels,YFB,Childrens Fiction,MISMATCH,
9781669059318,Theseus and the Minotaur - A Modern Graphic Greek Myth,Fiction,Graphic Novels,YFW,Childrens Fiction,MISMATCH,
9781869508265,Taniwhas Tear - 2 Aotearoa,Fiction,Teen Fiction,YFH,Childrens Fiction,MISMATCH,
9781669059240,Jason and the Argonauts - A Modern Graphic Greek Myth,Fiction,Graphic Novels,YFW,Childrens Fiction,MISMATCH,
9781669059172,Curse of Medusa - A Modern Graphic Greek Myth,Fiction,Graphic Novels,YFW,Childrens Fiction,MISMATCH,
9781669059103,Battle of the Titans - A Modern Graphic Greek Myth,Fiction,Graphic Novels,YFW,Childrens Fiction,MISMATCH,
9781911717263,Sapiens Graphic Novel - Volume 3,Fiction,Graphic Novels,YFW,Childrens Fiction,MISMATCH,
9781911717263,Sapiens Graphic Novel - Volume 3,Children,Childrens Non Fiction,YFW,Childrens Fiction,MISMATCH,
9781761640155,Pizza Face - 2 Four Eyes,Fiction,Graphic Novels,YFW,Childrens Fiction,MISMATCH,
9780063213760,Brightest Star - An Historical Novel Based on the True Story of Anna May Wong,Fiction,Historical Fiction,FA,General Fiction,MISMATCH,
9788417557768,30 Collage Exercises,The Arts,Craft,AG,Art,MISMATCH,
9783791380254,Iconic Transit Maps  -  The World's Best Designs,The Arts,Art,WTR,Travel Literature,MISMATCH,
9781473225039,Edgedancer,Fiction,Science Fiction and Fantasy,FA,General Fiction,MISMATCH,
9781788688314,Hebrew - Lonely Planet Phrasebook And Dictionary,Travel,Languages,WTK,Travel Guides,MISMATCH,
9781787013490,Hindi Urdu And Bengali - Lonely Planet Phrasebook And Dictionary,Travel,Languages,WTK,Travel Guides,MISMATCH,
9781399051477,Honda - The Golden Age - Isle of Man TT 1959-1967,Motoring,Transport,WGCK,Gardening,MISMATCH,
9780241647523,Chalice Of The Gods - 6 Percy Jackson And The Olympians,Fiction,Teen Fiction,YFH,Childrens Fiction,MISMATCH,
9781035043927,Racing Legends - Lando Norris,Motoring,Formula One,YNW,Childrens Non Fiction,MISMATCH,
9781035043941,Racing Legends -  Charles Leclerc,Motoring,Formula One,YNW,Childrens Non Fiction,MISMATCH,
9781797228709,Say It with Flowers  -  Notes from Real People and the Bouquets They Inspired,The Garden,Gardening,WFW,Craft,MISMATCH,
9780008595227,Little Prince - Pop Up Book,Children,Novelty Books,YBCS,Childrens Picture Books,MISMATCH,
9780008665395,Night Before The Night Before Christmas,Christmas,Christmas Books,YBCS,Childrens Picture Books,MISMATCH,
9780733330421,Hello Little Babies,Children,Books For Babies,YBC,Childrens Picture Books,MISMATCH,
9781805077374,Sparkly Fairies - First Sticker Book,Children,Activities,YBG,Books For Babies,MISMATCH,
9781805073499,Summer - Magic Painting Book,Children,Activities,YBGC,Books For Babies,MISMATCH,
9780241734315,Hound of the Baskervilles,Fiction,Classics,YFA,Childrens Fiction,MISMATCH,
9781761344800,Bluey - Granny Mobile,Children,Books For Babies,YBCH,Childrens Picture Books,MISMATCH,
9781761344824,Blueys Beach -  An Activity Book,Children,Activities,YBGC,Books For Babies,MISMATCH,
9780143777687,Meerkat Mayhem,Children,Childrens Picture Books,YFQ,Childrens Fiction,MISMATCH,
9781486312245,Compact Australian Bird Guide,Sciences,Environment,PSVW6,General Science,MISMATCH,
9780099497738,Cross Of St George - 24 Richard Bolitho Adventures,Fiction,Historical Fiction,FJH,General Fiction,MISMATCH,
9780099458234,Brave New World Revisited,Biographies,Essays,JFD,Sociology,MISMATCH,
9781471407598,Queen Of Nothing - 3 The Folk Of The Air,Fiction,Teen Fiction,YFH,Childrens Fiction,MISMATCH,
9781421500492,Art Of Howls Moving Castle,The Arts,Art,FX,Graphic Novels,MISMATCH,
9780099497745,Relentless Pursuit - 27 Richard Bolitho Adventures,Fiction,Historical Fiction,FJH,General Fiction,MISMATCH,
9780099484264,Heart Of Oak - 29 Richard Bolitho Adventures,Fiction,Historical Fiction,FJH,General Fiction,MISMATCH,
9780099528265,In the Kings Name - 30 Richard Bolitho Adventures,Fiction,Historical Fiction,FA,General Fiction,MISMATCH,
9781529517279,City Of Glass - 3 Mortal Instruments Collectors Edition,Fiction,Teen Fiction,YFH,Childrens Fiction,MISMATCH,
9781529514162,City of Ashes - 2 Mortal Instruments Collectors Edition,Fiction,Teen Fiction,YFH,Childrens Fiction,MISMATCH,
9781761049804,This Time Its Real,Fiction,Teen Fiction,YFM,"Childrens Fiction, Romance",MISMATCH,
9781250265852,Science Comics - Electricity,Fiction,Graphic Novels,YFW,Childrens Fiction,MISMATCH,
9781626727885,Sharks - Science Comics,Fiction,Graphic Novels,YNNR,Childrens Non Fiction,MISMATCH,
9781803512457,Happiness of Dogs,Sciences,Philosophy,JFFZ,Sociology,MISMATCH,
9780571365937,Wild Thing - A Life of Paul Gauguin,The Arts,Art,BGF,Biography,MISMATCH,
9781250767615,Science Comics - Periodic Table of Elements,Fiction,Graphic Novels,YNT,Childrens Non Fiction,MISMATCH,
9780446177955,100 Poems To Lift Your Spirit,Fiction,Poetry,DSC,Classics,MISMATCH,
9781760789404,Boys from Binjiwunyawunya - 3 Les Norton,Fiction,Crime Fiction,FA,General Fiction,MISMATCH,
9781635423778,Woman Back From Moscow - A Novel,Fiction,Historical Fiction,FA,General Fiction,MISMATCH,
9781783968084,Prisoners of Geography The Quiz Book - How Much Do You Really Know About the World,History And Politics,History,RGCP,Environment,MISMATCH,
9781668047361,What The Chicken Knows - A New Appreciation of the World's Most Familiar Bird,Sciences,Environment,PDZ,General Science,MISMATCH,
9781398524569,Uglies,Fiction,Teen Fiction,YFB,Childrens Fiction,MISMATCH,
9780571224333,Damned Utd,Sport,General Sport And Fitness,FA,General Fiction,MISMATCH,
9780008559670,"How We Fish - The Love, Life and Joy of the Riverbank",Travel,Travel Literature,WHG,Humour,MISMATCH,
9781761631283,"Something Lost Something Gained - Reflections on life, love, and liberty",Biographies,Biography,JPHL,Politics,MISMATCH,
9781805302872,"Many Lives of James Lovelock - Science, Secrets and Gaia Theory",Sciences,General Science,BGT,Biography,MISMATCH,
9781507215494,"Greek Mythology - The Gods, Goddesses, and Heroes Handbook: From Aphrodite to Zeus, a Profile of Who's Who in Greek Mythology",History And Politics,Mythology,JFHF,Sociology,MISMATCH,
9781405953337,Scandal of the Century,Biographies,Biography,DSG,Classics,MISMATCH,
9781804177174,Joan of Arc,History And Politics,Mythology,FA,General Fiction,MISMATCH,
9781394237333,Gravitas - Timeless Skills to Communicate with Confidence and Build Trust,Sciences,Business,VSC,Psychology,MISMATCH,
9781845843311,Mercedes-Benz Cars 1947 To 2000 - A Pictorial History,Motoring,Transport,WGCB,Gardening,MISMATCH,
9781787117761,Jaguar Cars - A Pictorial History,Motoring,Transport,WGCB,Gardening,MISMATCH,
9781788842761,Marilyn Monroe Style,The Arts,Fashion,AJB,Photography,MISMATCH,
9781524888077,Calvin and Hobbes Portable Compendium Set 3,Fiction,Graphic Novels,WHC,Humour,MISMATCH,
9788854420939,Zodiac Made Easy - Understand Astrology Horoscopes And Ascendants,Well Being,New Age,YN,Childrens Non Fiction,MISMATCH,
9781910455050,Are Rabbits The Right Pet For You - Can You Find The Facts,Sciences,Environment,YNND,Childrens Non Fiction,MISMATCH,
9788854420953,Dinosaurs - Fun Fact Activity Book,Children,Activities,YBG,Books For Babies,MISMATCH,
9781503766679,Eric Carle Around The Farm Apple Play A Sound,Children,Childrens Picture Books,YBGT1,Books For Babies,MISMATCH,
9781503747951,Thomas Potty Little Sound Book,Well Being,Childrens Well Being,YF,Childrens Fiction,MISMATCH,
9781503772182,Disney Frozen Look And Find 3D,Children,Activities,YFC,Childrens Fiction,MISMATCH,
9781526664662,Last Dynasty - Ancient Egypt from Alexander the Great to Cleopatra,History And Politics,History,HRKP1,Religion,MISMATCH,
9781526630254,World Travel  -  An Irreverent Guide,Travel,Travel Literature,JFCV,Sociology,MISMATCH,
9781401966706,Gap And The Gain - The High Achievers Guide To Happiness Confidence And Success,Sciences,Business,VSC,Psychology,MISMATCH,
9781761180491,We Do Not Welcome Our Ten-Year-Old Overlord,Fiction,Teen Fiction,YFG,Childrens Fiction,MISMATCH,
9781761180927,Backyard Games,Sport,General Sport And Fitness,YBC,Childrens Picture Books,MISMATCH,
9780571383009,Sisters of the Moon,Fiction,Teen Fiction,YFB,Childrens Fiction,MISMATCH,
9781805223757,Murdle Junior  -  Curious Crimes for Curious Minds,Fiction,Teen Fiction,YNVP,Childrens Non Fiction,MISMATCH,
9781835870815,Anzu and the Realm of Darkness,Fiction,Graphic Novels,YFW,Childrens Fiction,MISMATCH,
9780711288980,Hobbit Encyclopedia,Fiction,Science Fiction and Fantasy,DSRC,Classics,MISMATCH,
9780712674065,Peace Is Every Step - Path of Mindfulness In Everyday Life,Well Being,New Age,HRE,Religion,MISMATCH,
9780760384718,DeLorean - The Rise Fall and Second Acts of the DeLorean Motor Company,Motoring,Transport,WGCB,Gardening,MISMATCH,
9780760389201,Ford Mustang 60 Years,Motoring,Transport,WGCB,Gardening,MISMATCH,
9780760392171,Complete Book Of Classic And Modern Triumph Motorcycles - 1937 To Today,Motoring,Transport,WGCK,Gardening,MISMATCH,
9781419751714,Shadow of Kyoshi - 2 Chronicles of the Avatar,Fiction,Science Fiction and Fantasy,YFB,Childrens Fiction,MISMATCH,
9781529928105,Magical Worlds  -  An Enchanted Colouring Adventure,The Arts,Craft,WF,Fashion,MISMATCH,
9781915998590,Odd Spirits,Fiction,Science Fiction and Fantasy,FR,Romance,MISMATCH,
9781784879914,French Christmas  -  Festive Tales for a Joyeux Noel,Fiction,Classics,FA,General Fiction,MISMATCH,
9781784878221,German Christmas - Festive Tales From Berlin to Bavaria,Fiction,Classics,FA,General Fiction,MISMATCH,
9781784878634,Italian Christmas  -  Festive Tales for La Dolce Vita,Fiction,Classics,FYB,General Fiction,MISMATCH,
9780857505217,Iconic  -  My Life in Fashion in 50 Objects,The Arts,Fashion,BGFA,Biography,MISMATCH,
9781784745370,My Battle of Hastings - Chronicle of a Year by the Sea,Travel,Travel Literature,BM,Biography,MISMATCH,
9781250388599,First the Egg,Children,Childrens Fiction,YBCS,Childrens Picture Books,MISMATCH,
9780593580110,Mindful Coloring  -  45 Mantras to Color and Contemplate  -  A Mindfulness Coloring Book,The Arts,Craft,WF,Fashion,MISMATCH,
9781598537925,MAD Files  -   Writers and Cartoonists on the Magazine that Warped America's Brain -  A Library of America Special Publication,Well Being,Humour,JFCA,Sociology,MISMATCH,
9781785045523,T in LGBT  -  Everything you need to know about being trans,Well Being,Gender,VFJ,Psychology,MISMATCH,
9781846048548,Briefly Perfectly Human - Making an Authentic Life by Getting Real About the End,Well Being,Psychology,BM,Biography,MISMATCH,
9781398841420,Wonderful Wizard of Oz,Fiction,Classics,YFA,Childrens Fiction,MISMATCH,
9781398841383,Anne of Green Gables,Fiction,Classics,YFA,Childrens Fiction,MISMATCH,
9781398841413,Wind in the Willows,Fiction,Classics,YFA,Childrens Fiction,MISMATCH,
9781398841390,Peter Pan and Peter Pan in Kensington Gardens,Fiction,Classics,YFA,Childrens Fiction,MISMATCH,
9781398841406,Secret Garden,Fiction,Classics,YFA,Childrens Fiction,MISMATCH,
9781398841376,Alices Adventures in Wonderland and Through the Looking Glass,Fiction,Classics,YFA,Childrens Fiction,MISMATCH,
9780711293625,Instruments -  Listen to the Music A world of magical melodies,Children,Childrens Non Fiction,YBG,Books For Babies,MISMATCH,
9781800783423,Escape Castle Dracula - A Gothic Puzzle Adventure,Children,Activities,YFD,"Childrens Fiction, Horror",MISMATCH,
9781785948022,Top Gear Hypercars  -  The Greatest Automotive Gamechangers,Motoring,Transport,WGCB,Gardening,MISMATCH,
9781785948039,Top Gear Nought to Sixty  -  The Greatest Moments From (Probably) The Greatest Motoring Show In The World...,Motoring,Transport,WGCB,Gardening,MISMATCH,
9781761221798,Gourmet Traveller Journeys,Travel,Travel Literature,WTH,Travel Guides,MISMATCH,
9781464231025,If He Had Been with Me  -  Collector's Edition,Fiction,Teen Fiction,YFM,"Childrens Fiction, Romance",MISMATCH,
9781761264511,When Haru Was Here,Fiction,Teen Fiction,YFM,"Childrens Fiction, Romance",MISMATCH,
9781406386073,Dont Let the Pigeon Drive the Bus,Children,Books For Babies,YBC,Childrens Picture Books,MISMATCH,
9781503755079,Spider Man - Never A Dull Day Sound Book,Children,Books For Babies,YFC,Childrens Fiction,MISMATCH,
9781787017047,Kyoto - Lonely Planet City Map,Travel,Maps,WTRS,Travel Literature,MISMATCH,
9780847872671,Day of the Dead - A Celebration of Death and Life,The Arts,Photography,AGR,Art,MISMATCH,
9788854415751,Vespa - Style and Passion,Motoring,Transport,WGCK,Gardening,MISMATCH,
9781787081611,Transport,Children,Childrens Picture Books,YNTR,Childrens Non Fiction,MISMATCH,
9781787081628,Alphabet,Children,Childrens Picture Books,YBLA,Childrens Non Fiction,MISMATCH,
9780571377398,War of the Worlds - Illustrated Edition,Fiction,Classics,YFA,Childrens Fiction,MISMATCH,
9780711293960,Dream Big BINGO Little People BIG DREAMS An Inspiring Bingo Game,Children,Activities,YNV,Childrens Non Fiction,MISMATCH,
9781800784956,Faedom - Enter the World of Fairies,Children,Childrens Picture Books,FM,Science Fiction and Fantasy,MISMATCH,
9781923011113,Fifty Ships that Changed the Course of History - A Nautical History of the World,Travel,Travel Literature,HBTM,History,MISMATCH,
9780571374250,Lord of the Flies - The Graphic Novel,Fiction,Graphic Novels,YFW,Childrens Fiction,MISMATCH,
9781035040728,Turn a Blind Eye,Fiction,Historical Fiction,FT,General Fiction,MISMATCH,
9781474979887,Why Do Things Die? - First Questions and Answers,Children,Childrens Non Fiction,YBGP,Books For Babies,MISMATCH,
9781035011841,Just About Coping  -  A Real-Life Drama from the Psychotherapist's Chair,Well Being,Psychology,BGTA,Biography,MISMATCH,
9781250226877,"Wild  Willing and Wise  -  An Interactive Guide for When to Paddle, When to Rest, and When to Jump Naked",Well Being,Psychology,HRQM2,Religion,MISMATCH,
9781805222477,Obstacle is the Way - 10th Anniversary Edition - The Timeless Art of Turning Trials into Triumph,Sciences,Philosophy,VSC,Psychology,MISMATCH,
9798890031259,Flower Academy  -  Easy-to-Follow Tutorials for Arrangements that Awe,The Garden,Gardening,WFW,Craft,MISMATCH,
9781645678595,"Foolproof Perspective Drawing  -  Your Ultimate Guide to Creating Lifelike Buildings, Cities and Scenes",The Arts,Craft,WFA,Fashion,MISMATCH,
9798890030122,House Where Death Lives,Fiction,Teen Fiction,FYB,General Fiction,MISMATCH,
9781529074512,Rosa By Starlight,Fiction,Teen Fiction,YFH,Childrens Fiction,MISMATCH,
9781644732090,Harry Potter y el prisionero de Azkaban / Harry Potter and the Prisoner of Azkaban,Fiction,Teen Fiction,YFH,Childrens Fiction,MISMATCH,
9780241968628,Chronicle Of A Death Foretold,Fiction,Classics,FA,General Fiction,MISMATCH,
9780062946645,Warriors - 1 A Shadow in RiverClan,Fiction,Graphic Novels,YFC,Childrens Fiction,MISMATCH,
9780063043268,Warriors - 3 Exile from ShadowClan,Fiction,Graphic Novels,YFW,Childrens Fiction,MISMATCH,
9780063240247,Warriors - 4 A Thief in ThunderClan,Fiction,Graphic Novels,YFW,Childrens Fiction,MISMATCH,
9780063043237,Warriors - 2  Winds of Change,Fiction,Graphic Novels,YFP,Childrens Fiction,MISMATCH,
9780061688652,Ravenpaw's Path - 1 Shattered Peace,Fiction,Graphic Novels,YFW,Childrens Fiction,MISMATCH,
9780061688669,Ravenpaw's Path - 2 A Clan in Need,Fiction,Graphic Novels,YFW,Childrens Fiction,MISMATCH,
9780061688676,Ravenpaw's Path - 3 The Heart of a Warrior,Fiction,Graphic Novels,YFP,Childrens Fiction,MISMATCH,
9781838696023,Lonely Planet You Only Live Once,Travel,Travel Literature,WTM,Travel Guides,MISMATCH,
9780593599457,Official Game of Thrones Cookbook -  Recipes from King's Landing to the Dothraki Sea,Fiction,Science Fiction and Fantasy,WB,Food And Beverage,MISMATCH,
9781853260117,Tom Sawyer And Huckleberry Finn,Children,Childrens Fiction,FC,Classics,MISMATCH,
9780571377640,Collected Prose of Sylvia Plath,Fiction,Classics,DQ,General Fiction,MISMATCH,
9781805302711,Raising Hare,Sciences,Environment,BM,Biography,MISMATCH,
9781805300137,Bridge Between Worlds  -  A Brief History of Connection,Travel,Travel Literature,WTL,Travel Guides,MISMATCH,
9781760687939,Cop Who Fell to Earth,Biographies,Biography,JKVM,Politics,MISMATCH,
9781948174442,Unofficial Harry Potter Character Compendium - Mugglenets Ultimate Guide To Whos Who In The Wizarding World,Children,Childrens Fiction,AP,Music And Performing Arts,MISMATCH,
9781800788800,Frankenstein - Graphic Novel,Fiction,Graphic Novels,YFW,Childrens Fiction,MISMATCH,
9781526681553,Jonathan Strange And Mr Norrell,Fiction,Science Fiction and Fantasy,FA,General Fiction,MISMATCH,
9780711287969,Atlas of Paranormal Places  -  A Journey to the World's Most Supernatural Places,History And Politics,Mythology,FK,Horror,MISMATCH,
9780785845447,Flora Fauna Botanicals and Bees Sticker  -  Color & Activity Book  -  Over 500 Unique Stickers,The Arts,Art,WF,Fashion,MISMATCH,
9781423202547,Algebra,Children,Study And Education,PBF,General Science,MISMATCH,
9781572227354,Algebra Part 1,Children,Study And Education,PBF,General Science,MISMATCH,
9781572229228,Algebra Part 2,Children,Study And Education,PBF,General Science,MISMATCH,
9781423222668,Algebraic Equations,Children,Study And Education,PBF,General Science,MISMATCH,
9781423219538,Biology,Children,Study And Education,PS,General Science,MISMATCH,
9781423221517,Biology Terminology,Children,Study And Education,PD,General Science,MISMATCH,
9781423233039,Calculus 2,Children,Study And Education,PBKA,General Science,MISMATCH,
9781423208563,Calculus Equations And Answers,Children,Study And Education,PBKA,General Science,MISMATCH,
9781423218593,Chemistry,Children,Study And Education,PD,General Science,MISMATCH,
9781423216377,Chemistry Terminology,Children,Study And Education,PD,General Science,MISMATCH,
9781761066771,Revenge of the Toxic Space Potato - An Indefatigable EnviroTeens Story,Fiction,Graphic Novels,YFW,Childrens Fiction,MISMATCH,
9781761181405,Little Book of Kind,Children,Books For Babies,YBC,Childrens Picture Books,MISMATCH,
9781839948114,Pip and Posy  -  Where Are You  -  At Bedtime  - A Felt Flaps Book,Children,Books For Babies,YBCB,Childrens Picture Books,MISMATCH,
9781839945595,Pip and Posy - The Birthday Party,Children,Books For Babies,YBCS,Childrens Picture Books,MISMATCH,
9781836001454,Princess Castle,Children,Activities,YBG,Books For Babies,MISMATCH,
9781572228733,Ecology,Children,Study And Education,PSAF,General Science,MISMATCH,
9781526673343,No Matter What - The Anniversary Edition,Children,Books For Babies,YBC,Childrens Picture Books,MISMATCH,
9781423234722,German Grammar,Travel,Languages,YQZ,Childrens Picture Books,MISMATCH,
9781741177879,Ultimate Caravan Trips - Australia,Travel,Travel Literature,WTHH1,Travel Guides,MISMATCH,
9781572223264,Mythology - Greek/Roman Gods,History And Politics,Mythology,HRKP,Religion,MISMATCH,
9781423228158,Pre-Calculus,Children,Study And Education,PBJ,General Science,MISMATCH,
9781423236597,Solar System,Children,Study And Education,PG,General Science,MISMATCH,
9781423202554,Spanish,Travel,Languages,YQZ,Childrens Picture Books,MISMATCH,
9780008653170,Lochs and Legends - A Scotsman's Guide to the Heart of Scotland,Travel,Travel Literature,WTLC,Travel Guides,MISMATCH,
9781423233220,Trigonometry,Children,Study And Education,PBMB,General Science,MISMATCH,
9781423217763,Writing Tips And Tricks,Children,Study And Education,CBV,Languages,MISMATCH,
9780008224523,Beasts and Beauty - Dangerous Tales,Fiction,Teen Fiction,FQ,General Fiction,MISMATCH,
9781869713454,Christmas Looky Book,Christmas,Christmas Books,YBC,Childrens Picture Books,MISMATCH,
9781869713478,My First Board Book - Shapes,Children,Books For Babies,YBCB,Childrens Picture Books,MISMATCH,
9781869713485,My First Board Book - Things That Go,Children,Books For Babies,YBCB,Childrens Picture Books,MISMATCH,
9781869713409,Looky Book,Children,Books For Babies,YBC,Childrens Picture Books,MISMATCH,
9781869713652,My First Board Book - A Day at the Beach,Children,Books For Babies,YBC,Childrens Picture Books,MISMATCH,
9781869713669,My First Board Book - A Day at the Zoo,Children,Books For Babies,YBC,Childrens Picture Books,MISMATCH,
9781869713430,My First Board Book - Animals,Children,Books For Babies,YBL,Childrens Non Fiction,MISMATCH,
9780241613207,Animals Robots Gods - Adventures in the Moral Imagination,Sciences,General Science,JHMC,Sociology,MISMATCH,
9781802061147,Bring No Clothes  -  Bloomsbury and the Philosophy of Fashion,The Arts,Fashion,JFCK,Sociology,MISMATCH,
9781802063097,Sailing Alone - A History,Travel,Travel Literature,HBTM,History,MISMATCH,
9781035057566,Racing Legends - Fernando Alonso,Motoring,Formula One,YNW,Childrens Non Fiction,MISMATCH,
9781035057542,Racing Legends - Oscar Piastri,Motoring,Formula One,YNW,Childrens Non Fiction,MISMATCH,
9780141441610,Lord Jim,Fiction,Classics,FA,General Fiction,MISMATCH,
9781797226415,"Museum in a Book -  An Ideal Exhibition-Explore, Play, Create",Children,Childrens Picture Books,YFC,Childrens Fiction,MISMATCH,
9781035400829,Wicked,Fiction,Science Fiction and Fantasy,FA,General Fiction,MISMATCH,
9781805337652,"Rigor of Angels - Borges, Heisenberg, Kant, and the Ultimate Nature of Reality",Sciences,General Science,BGT,Biography,MISMATCH,
9781338620931,Lines Of Courage,Fiction,Teen Fiction,YFT,Childrens Fiction,MISMATCH,
9781761643415,Escaping Peril - 8 Wings Of Fire Graphix,Fiction,Graphic Novels,YFW,Childrens Fiction,MISMATCH,
9781035040070,So Youve Been Publicly Shamed,Well Being,Psychology,JFS,Sociology,MISMATCH,
9781804091081,How To Live An Extraordinary Life,Sciences,Business,VS,Psychology,MISMATCH,
9781804091036,Soul of Wealth - 50 reflections on money and meaning,Sciences,Business,VSB,Psychology,MISMATCH,
9781035059744,Psychology of Wealth - The Practical Guide to Enduring Success,Sciences,Business,VSC,Psychology,MISMATCH,
9780008278403,Windswept - Life Nature and Deep Time in the Scottish Highlands,Travel,Travel Literature,BM,Biography,MISMATCH,
9781035053049,Range - How Generalists Triumph in a Specialized World,Sciences,Business,VSC,Psychology,MISMATCH,
9781837840694,Hell Followed With Us,Fiction,Teen Fiction,FK,Horror,MISMATCH,
9781837840724,Spirit Bares Its Teeth,Fiction,Teen Fiction,FK,Horror,MISMATCH,
9781837840755,Compound Fracture,Fiction,Teen Fiction,FH,Thriller,MISMATCH,
9781838741211,Rune - The Tale of a Thousand Faces,Fiction,Graphic Novels,YFW,Childrens Fiction,MISMATCH,
9798890032997,They Watch From Below,Fiction,Teen Fiction,FM,Science Fiction and Fantasy,MISMATCH,
9781250823663,Mia and Friends - Mia Hamm and the Soccer Sisterhood that Changed History,Fiction,Graphic Novels,YFW,Childrens Fiction,MISMATCH,
9780063158146,How It All Ends,Fiction,Graphic Novels,YFW,Childrens Fiction,MISMATCH,
9781805079255,First Magic Painting Pets,Children,Activities,YBGC,Books For Babies,MISMATCH,
9781835408469,Build Your Own Monsters and Mythical Beasts Sticker Book,Children,Activities,YBG,Books For Babies,MISMATCH,
9781805076568,Number Puzzle a Day,Children,Activities,YNVP,Childrens Non Fiction,MISMATCH,
9780785841821,War of the Worlds,Fiction,Classics,FLC,Science Fiction and Fantasy,MISMATCH,
9781460766583,Not Everything Counts but Everything Matters,Sport,General Sport And Fitness,KJMB,Business,MISMATCH,
9780593964200,Disney Moana 2 Ultimate Sticker Book,Children,Activities,YBGS,Books For Babies,MISMATCH,
9780241645734,Peppas Shape Hunt - Learn with Peppa,Children,Books For Babies,YBLH,Childrens Non Fiction,MISMATCH,
9798217031283,Taylor Swift Ultimate Fan Edition Little Golden Book Biography,Children,Childrens Non Fiction,YF,Childrens Fiction,MISMATCH,
9781398536111,Skandar and the Skeleton Curse - 4 Skandar,Fiction,Teen Fiction,YFH,Childrens Fiction,MISMATCH,
9781529949087,Moustache,Fiction,Classics,FA,General Fiction,MISMATCH,
9781784879877,Tin Drum,Fiction,Classics,FJMS,General Fiction,MISMATCH,
9781784879471,Nazi Literature in the Americas,Fiction,Classics,FA,General Fiction,MISMATCH,
9781784879549,Spirit of Science Fiction,Fiction,Classics,FA,General Fiction,MISMATCH,
9781784879853,Heat of the Day,Fiction,Classics,FJMS,General Fiction,MISMATCH,
9781529949094,In the Absence of Men,Fiction,Classics,FA,General Fiction,MISMATCH,
9781784879815,For Whom the Bell Tolls,Fiction,Classics,FA,General Fiction,MISMATCH,
9781775542476,Winning Mindset - Your guide to achieving success from New Zealand's leading mental performance coach,Sciences,Business,VSPM,Psychology,MISMATCH,
9781612680859,Its Rising Time - What It Really Takes To Reach Your Financial Dreams,Sciences,Business,VSB,Psychology,MISMATCH,
9781683694748,"Taylor Swift by the Book - The Literature Behind the Lyrics, from Fairy Tales to Tortured Poets",The Arts,Music And Performing Arts,YNC,Childrens Non Fiction,MISMATCH,
9781847922090,Extinction of Experience - Reclaiming Our Humanity in a Digital World,History And Politics,History,JHB,Sociology,MISMATCH,
9781598537949,Cole Porter - Selected Lyrics,The Arts,Music And Performing Arts,DC,Poetry,MISMATCH,
9780473331511,Kararehe - Animals,Children,Books For Babies,YB,Childrens Non Fiction,MISMATCH,
9781250322876,Antiquarian Sticker Book - Mandala,The Arts,Art,WF,Fashion,MISMATCH,
9781839134814,Yours From the Tower,Fiction,Teen Fiction,YFM,"Childrens Fiction, Romance",MISMATCH,
9781035038909,Unquiet Mind - A Memoir of Moods and Madness,Well Being,Psychology,BM,Biography,MISMATCH,
9781529058345,Hidden Globe - How Wealth Hacks the World,Sciences,Economics,RGC,Environment,MISMATCH,
9780241543580,Drag Queens Guide to Life,Well Being,Gender,VS,Psychology,MISMATCH,
9781529070453,What Shall We Do - Winnie The Pooh,Children,Childrens Picture Books,YFA,Childrens Fiction,MISMATCH,
9781838995836,Alphaprints ABC - Alphaprints,Children,Books For Babies,YBLA,Childrens Non Fiction,MISMATCH,
9781460763759,Glass Girl,Fiction,Teen Fiction,YFN,Childrens Fiction,MISMATCH,
9780062946232,Grieving Brain - Surprising Science Of How We Learn From Love And Loss,Well Being,Psychology,PS,General Science,MISMATCH,
9780545459396,I Survived the Destruction of Pompeii 79 AD,Children,Childrens Non Fiction,YFT,Childrens Fiction,MISMATCH,
9781800753617,Care Dilemma - Caring Enough in the Age of Sex Equality,Well Being,Health,JHBK,Sociology,MISMATCH,
9781760763299,Big Garden Design,The Garden,Gardening,AMV,Architecture,MISMATCH,
9781399602624,Shy Creatures,Fiction,Historical Fiction,FA,General Fiction,MISMATCH,
9781250900241,What Can a Mess Make,Children,Childrens Picture Books,YFN,Childrens Fiction,MISMATCH,
9781035050581,Moomin Mail - A beautiful gift book with real letters to open and read,Children,Novelty Books,YFA,Childrens Fiction,MISMATCH,
9781848667921,Hero Born - 1 Legends Of The Condor Heroes,Fiction,Science Fiction and Fantasy,FA,General Fiction,MISMATCH,
9781784299583,Bond Undone - 2 Legends Of The Condor Heroes,Fiction,Science Fiction and Fantasy,FA,General Fiction,MISMATCH,
9781784299576,Snake Lies Waiting - 3 Legends Of The Condor Heroes,Fiction,Science Fiction and Fantasy,FA,General Fiction,MISMATCH,
9780857059604,Heart Divided - 4 Legends of the Condor Heroes,Fiction,Science Fiction and Fantasy,FQ,General Fiction,MISMATCH,
9780007322008,Gray Wolf Throne - 3 Seven Realms,Fiction,Teen Fiction,FM,Science Fiction and Fantasy,MISMATCH,
9780007498017,Crimson Crown - 4 Seven Realms,Fiction,Teen Fiction,FM,Science Fiction and Fantasy,MISMATCH,
9780007321995,Exiled Queen - 2 Seven Realms,Fiction,Teen Fiction,FM,Science Fiction and Fantasy,MISMATCH,
9780008663506,Big London A-Z Street Atlas,Travel,Maps,WTRS,Travel Literature,MISMATCH,
9781668023105,On Sex and Gender - A Commonsense Approach,Well Being,Gender,JFSJ,Sociology,MISMATCH,
9781399804479,Power and Progress - Our Thousand-Year Struggle Over Technology and Prosperity,History And Politics,History,KC,Economics,MISMATCH,
9781647825409,"Shocks, Crises, and False Alarms - How to Assess True Macroeconomic Risk",History And Politics,History,KJC,Business,MISMATCH,
9781647825409,"Shocks, Crises, and False Alarms - How to Assess True Macroeconomic Risk",Sciences,Economics,KJC,Business,MISMATCH,
9781847946751,Why Axis - Hidden Motives and the Undiscovered Economics of Everyday Life,History And Politics,History,PDZ,General Science,MISMATCH,
9781847946751,Why Axis - Hidden Motives and the Undiscovered Economics of Everyday Life,Sciences,Economics,PDZ,General Science,MISMATCH,
9780674248229,Age of Addiction - How Bad Habits Became Big Business,History And Politics,History,KCZ,Economics,MISMATCH,
9780674278714,Violent Land - Single Men and Social Disorder from the Frontier to the Inner City,History And Politics,History,JFFE,Sociology,MISMATCH,
9780141984742,Meritocracy Trap,History And Politics,History,KCF,Economics,MISMATCH,
9780367340445,Good Life Beyond Growth - New Perspectives,History And Politics,History,KCN,Economics,MISMATCH,
9781472228062,TED Talks - The official TED guide to public speaking - Tips and tricks for giving unforgettable speeches and presentations,Sciences,Business,CBP,Languages,MISMATCH,
9780753560501,Infectious Generosity - The Ultimate Idea Worth Spreading,History And Politics,History,JFFS,Sociology,MISMATCH,
9780753560501,Infectious Generosity - The Ultimate Idea Worth Spreading,Sciences,Economics,JFFS,Sociology,MISMATCH,
9781802060317,Shame Machine - Who Profits in the New Age of Humiliation,History And Politics,History,JFFJ,Sociology,MISMATCH,
9781637744765,Never Enough - From Barista to Billionaire,Sciences,Business,VSC,Psychology,MISMATCH,
9780500297520,Lives Of Lee Miller,Biographies,Biography,AJB,Photography,MISMATCH,
9781761211041,Zorros Tasty Treat - 19 School of Monsters,Children,Childrens Fiction,YQF,Childrens Picture Books,MISMATCH,
9781761211034,Millys Family Fun - 20 School of Monsters,Children,Childrens Fiction,YQF,Childrens Picture Books,MISMATCH,
9780593224915,When Cloud Became a Cloud,Children,Childrens Picture Books,YNT,Childrens Non Fiction,MISMATCH,
9781788164337,Warriors,Fiction,Classics,FA,General Fiction,MISMATCH,
9781405913140,Natural Causes: Inspector McLean 1,Fiction,Crime Fiction,FA,General Fiction,MISMATCH,
9781406398595,Monster Calls,Fiction,Teen Fiction,FA,General Fiction,MISMATCH,
9781668020777,Medea,Fiction,Historical Fiction,FQ,General Fiction,MISMATCH,
9781529921618,Loud - Accept Nothing Less Than The Life You Deserve,Well Being,Gender,JFFK,Sociology,MISMATCH,
9781419769948,Watching New York - Street Style A to Z,The Arts,Fashion,AJ,Photography,MISMATCH,
9781909741904,Queens Dolls House - Revised and Updated Edition,The Arts,Art,HBJD1,History,MISMATCH,
9781250317469,Best Friends - 2 Real Friends,Fiction,Graphic Novels,YFW,Childrens Fiction,MISMATCH,
9781626727854,Real Friends - 1 Real Friends,Fiction,Graphic Novels,YFW,Childrens Fiction,MISMATCH,
9781250317568,Friends Forever - 3 Real Friends,Fiction,Graphic Novels,YFW,Childrens Fiction,MISMATCH,
9781529526400,My First 123,Children,Books For Babies,YBLC,Childrens Non Fiction,MISMATCH,
9781529526394,My First ABC,Children,Books For Babies,YBLA,Childrens Non Fiction,MISMATCH,
9780008653781,SAVE OUR FOREST,Fiction,Graphic Novels,YFW,Childrens Fiction,MISMATCH,
9780008619978,Communist Manifesto And Other Selected Writings (Collins Classics),Fiction,Classics,JPFC,Politics,MISMATCH,
9781640955110,"Think and Grow Rich Deluxe Leather Edition - The Original, Unedited 1937 Text",Sciences,Business,VSC,Psychology,MISMATCH,
9781990015212,My Creative Writing Start Right Workbook,Children,Study And Education,YQZ,Childrens Picture Books,MISMATCH,
9780711294172,Story Orchestra - Peter and the Wolf,Children,Novelty Books,YBGT1,Books For Babies,MISMATCH,
9780500027226,1980s - Image of a Decade,The Arts,Art,JFCA,Sociology,MISMATCH,
9781923049550,Outside In - Thoughtful interiors inspired by the natural world,The Garden,Gardening,AMV,Architecture,MISMATCH,
9780593581933,Breathe Like a Bear - Mindfulness Cards -  50 Mindful Activities for Kids,Well Being,Childrens Well Being,YN,Childrens Non Fiction,MISMATCH,
9783836598774,Motorcycles - 40th Ed,Motoring,Transport,WGCK,Gardening,MISMATCH,
9781923049253,Little Book of Cosmic Catastrophes - That Could End the World,Sciences,General Science,YNTS,Childrens Non Fiction,MISMATCH,
9781419773785,Skyshade - Lightlark Saga Book 3,Fiction,Teen Fiction,YFH,Childrens Fiction,MISMATCH,
9781419778193,Handbag Book - 400 Designer Bags That Changed Fashion,The Arts,Fashion,AJR,Photography,MISMATCH,
9781419772672,Art of DreamWorks Animation - Celebrating 30 Years,The Arts,Art,APFV,Music And Performing Arts,MISMATCH,
9781435163812,Prince - Barnes & Noble Collectible Editions,Fiction,Classics,JPA,Politics,MISMATCH,
9781435169593,Sherlock Holmes - Classic Stories,Fiction,Classics,FFC,Crime Fiction,MISMATCH,
9781435122956,Jules Verne - Seven Novels - Barnes & Noble Collectible Editions,Fiction,Classics,FLC,Science Fiction and Fantasy,MISMATCH,
9781435158146,Greek Myths - A Wonder Book for Girls and Boys,History And Politics,Mythology,YFJ,Childrens Fiction,MISMATCH,
9780241196885,Complete Childrens Cookbook - Delicious step-by-step recipes for young chefs,Well Being,Food And Beverage,YNPC,Childrens Non Fiction,MISMATCH,
9780241196885,Complete Childrens Cookbook - Delicious step-by-step recipes for young chefs,Children,Activities,YNPC,Childrens Non Fiction,MISMATCH,
9781405305884,Childrens Cookbook - Delicious Step-by-Step Recipes,Well Being,Food And Beverage,YNPC,Childrens Non Fiction,MISMATCH,
9781405305884,Childrens Cookbook - Delicious Step-by-Step Recipes,Children,Activities,YNPC,Childrens Non Fiction,MISMATCH,
9781787398160,Annabel Karmels Fun Fast and Easy Children's Cookbook,Well Being,Food And Beverage,YNPC,Childrens Non Fiction,MISMATCH,
9781067027100,Pee Wee the Kiwis Christmas Adventure,Christmas,Christmas Books,YBC,Childrens Picture Books,MISMATCH,
9780473689247,Pee Wee the Kiwi Spends the Day at the Farm,Children,Books For Babies,YB,Childrens Non Fiction,MISMATCH,
9781067027117,Pee Wee the Kiwis First Black and White book,Children,Books For Babies,YBCB,Childrens Picture Books,MISMATCH,
9781923049765,Dress Up Taylor - A Taylor Swift paper doll book featuring her iconic eras,The Arts,Craft,WF,Fashion,MISMATCH,
9780500297933,Bloomsbury Cookbook - Recipes for Life Love and Art,Well Being,Food And Beverage,HBTB,History,MISMATCH,
9781739887858,Propagandopolis - A Century of Propaganda From Around the World,The Arts,Art,JFD,Sociology,MISMATCH,
9788857242606,Hidden Italy - Unveiling Art Nature and Cultural Heritage,Travel,Travel Literature,AJ,Photography,MISMATCH,
9781923049505,Art Search -  Seek & find great artists and their masterpieces,The Arts,Art,YBG,Books For Babies,MISMATCH,
9780500026366,Citrus - A World History,Sciences,Environment,AGNB,Art,MISMATCH,
9783836584760,Pirate Tales,The Arts,Art,FC,Classics,MISMATCH,
9780593708286,Elvis Presley - A Little Golden Book Biography,Children,Childrens Non Fiction,YF,Childrens Fiction,MISMATCH,
9798886509922,My First Book of Baby Signs,Children,Books For Babies,YNGL,Childrens Non Fiction,MISMATCH,
9781464229893,Swifties - My Sticker Dress-Up,Children,Activities,YBG,Books For Babies,MISMATCH,
9798886509953,Stomp Wiggle Clap and Tap,Children,Books For Babies,YBL,Childrens Non Fiction,MISMATCH,
9781837832736,Green Christmas - Sustainable Celebrations that Won't Cost the Earth,Christmas,Christmas Books,WF,Fashion,MISMATCH,
9781849769440,Miffy the Artist - Jigsaw Puzzle Book,Children,Activities,YBG,Books For Babies,MISMATCH,
9781789295252,Human Being -  Reclaim 12 Vital Skills We're Losing to Technology,Sciences,General Science,VSP,Psychology,MISMATCH,
9780522879322,Transgender Australia - A History Since 1910,Well Being,Gender,HBJM,History,MISMATCH,
9781324006978,Loving Sylvia Plath - A Reclamation,Biographies,Biography,DS,Classics,MISMATCH,
9783575017703,Czech Republic Marco Polo Map,Travel,Maps,WTRM,Travel Literature,MISMATCH,
9782067171138,Northern France - Michelin National Map 724,Travel,Maps,WTRD,Travel Literature,MISMATCH,
9782067229839,"San Francisco Streetwise Map - Laminated City Center Street Map of San Francisco, California: City Plans",Travel,Maps,WTR,Travel Literature,MISMATCH,
9781398542488,Blood Like Mine,Fiction,Crime Fiction,FK,Horror,MISMATCH,
9781460761564,Wing,Fiction,Crime Fiction,FA,General Fiction,MISMATCH,
9781446307014,Sewing Luna Lapins Friends - Over 20 Sewing Patterns for Heirloom Dolls And Their Exquisite Handmade Clothing,The Arts,Craft,WFH,Fashion,MISMATCH,
9780746003831,Irish For Beginners,Travel,Languages,YQF,Childrens Picture Books,MISMATCH,
9781776890408,Journey Through The Cat Door,Fiction,Teen Fiction,YFB,Childrens Fiction,MISMATCH,
9781398507418,Wonders In The Deep - Extraordinary Shipwreck Discoveries From Spanish Gold to Shackletons Bible,Travel,Travel Literature,HB,History,MISMATCH,
9780008253271,How the Grinch Stole Christmas - Slipcase edition,Christmas,Christmas Books,YBCH,Childrens Picture Books,MISMATCH,
9781776891108,Tales Through The Cat Door,Fiction,Teen Fiction,YFCF,Childrens Fiction,MISMATCH,
9781904263517,Symmetry - The Ordering Principle,Sciences,General Science,ABA,Art,MISMATCH,
9781786570932,Farsi (Persian) - Lonely Planet Phrasebook & Dictionary,Travel,Languages,WTK,Travel Guides,MISMATCH,
9781838691530,Korean - Lonely Planet Phrasebook & Dictionary,Travel,Languages,WTK,Travel Guides,MISMATCH,
9781788680363,Mandarin - Lonely Planet Phrasebook And Dictionary,Travel,Languages,WTK,Travel Guides,MISMATCH,
9781786570871,Swahili - Lonely Planet Phrasebook & Dictionary,Travel,Languages,WTK,Travel Guides,MISMATCH,
9781786570864,Turkish - Lonely Planet Phrasebook & Dictionary,Travel,Languages,WTK,Travel Guides,MISMATCH,
9781787016859,Washington DC - Lonely Planet City Map,Travel,Maps,WTRM,Travel Literature,MISMATCH,
9781787016750,Chicago - Lonely Planet City Map,Travel,Maps,WTRM,Travel Literature,MISMATCH,
9781787017887,USA - Lonely Planet Planning Map,Travel,Maps,WTRM,Travel Literature,MISMATCH,
9781800922853,Mindful Macrame - Create Journal And Unwind Through Meditative Knotting,The Arts,Craft,WFC,Fashion,MISMATCH,
9781776575961,One Wise Sheep - An Untraditional Christmas Story,Children,Childrens Picture Books,YFQ,Childrens Fiction,MISMATCH,
9781067028442,Leo And Santa,Christmas,Christmas Books,YBCS,Childrens Picture Books,MISMATCH,
9781503761988,Moana Textured Sound - Pua Saves The Day,Children,Childrens Picture Books,YFC,Childrens Fiction,MISMATCH,
9781503743328,Disney - Best Friends 12 Board Books,Children,Books For Babies,YBC,Childrens Picture Books,MISMATCH,
9781503769823,PAW Patrol Pups To The Lookout Look And Find Midi,Children,Childrens Picture Books,YFC,Childrens Fiction,MISMATCH,
9780947493349,Barry Brickell Reader,Fiction,Poetry,BGF,Biography,MISMATCH,
9780063391024,Possible - How We Survive (and Thrive) In An Age Of Conflict,Well Being,Psychology,JHBK,Sociology,MISMATCH,
9781526664907,Good Nature - The New Science Of How Nature Improves Our Health,Well Being,Health,PDZ,General Science,MISMATCH,
9780141188607,Claudius The God,Fiction,Classics,FV,Historical Fiction,MISMATCH,
9781789295726,Webb's Universe - The Space Telescope Images That Reveal Our Cosmic History,History And Politics,History,AJR,Photography,MISMATCH,
9781399619110,I Saw It First - Jungle - A Family Spotting Game,Children,Activities,YNNR,Childrens Non Fiction,MISMATCH,
9781399619103,I Saw It First Ocean - A Family Spotting Game,Children,Activities,YNNR,Childrens Non Fiction,MISMATCH,
9781785120800,Misbelief - What Makes Rational People Believe Irrational Things,Sciences,General Science,KCK,Economics,MISMATCH,
9781805225348,You Deserve To Be Rich - Master the Inner Game of Wealth and Claim Your Future,Sciences,Business,VSB,Psychology,MISMATCH,
9781788166935,Cheesemongers Tour de France,Travel,Travel Literature,WTH,Travel Guides,MISMATCH,
9781781259825,Bradleys Railway Guide - A journey through two centuries of British railway history - 1825-2025,Motoring,Transport,WGF,Gardening,MISMATCH,
9780571370542,Times Echo - Music  Memory and the Second World War,History And Politics,History,AVGC6,Music And Performing Arts,MISMATCH,
9781804441169,Rebel Sounds - Music As Resistance,The Arts,Music And Performing Arts,HBTV,History,MISMATCH,
9781785307232,Living Medicine - How phages will save us when antibiotics fail,Sciences,General Science,MJCM,Health,MISMATCH,
9798888902189,"Raising the Red Flag - Marxism, Labourism, and the Roots of British Communism, 1884 - 1921",History And Politics,History,KNXB2,Business,MISMATCH,
9781409192749,Body for Rent - The terrifying true story of two ordinary girls sold for sex against their will,History And Politics,True Crime,BG,Biography,MISMATCH,
9780571355860,Christmas Carol,Christmas,Christmas Books,YFA,Childrens Fiction,MISMATCH,
9781803381565,National Gallery Masterpiece Classics - A Christmas Carol,Fiction,Classics,YFA,Childrens Fiction,MISMATCH,
9781406395884,Twas the Night Before Christmas,Christmas,Christmas Books,YBCS,Childrens Picture Books,MISMATCH,
9781035006632,All Things Wise And Wonderful,Travel,Travel Literature,BM,Biography,MISMATCH,
9781526600998,Giacometti in Paris,The Arts,Art,BG,Biography,MISMATCH,
9781399408295,How to Think Like a Poet - The Poets That Made Our World and Why We Need Them,Sciences,Philosophy,DSC,Classics,MISMATCH,
9781472979834,Into the Groove - The Story of Sound From Tin Foil to Vinyl,The Arts,Music And Performing Arts,PDZ,General Science,MISMATCH,
9781399413251,"Year of Creativity - 52 smart ideas for boosting creativity, innovation and inspiration at work",Sciences,Business,VSC,Psychology,MISMATCH,
9780861544240,Heavenly Tyrant,Fiction,Teen Fiction,YFG,Childrens Fiction,MISMATCH,
9780861549023,Bletchley Riddle,Fiction,Teen Fiction,YFT,Childrens Fiction,MISMATCH,
9781761181580,Family Of Liars - 0.5 We Were Liars,Fiction,Teen Fiction,YFB,Childrens Fiction,MISMATCH,
9781471412974,Scorpions Sting - 3 Prey Zone,Fiction,Teen Fiction,YFC,Childrens Fiction,MISMATCH,
9780785846116,Antiquities Sticker - Color & Activity Book - Over 200 Unique Stickers,The Arts,Craft,WF,Fashion,MISMATCH,
9780785846123,Oddities and Curiosities Sticker - Color and Activity Book - Over 200 Unique Stickers,The Arts,Craft,WF,Fashion,MISMATCH,
9781787391321,Little Book Of Audrey Hepburn,The Arts,Fashion,BGF,Biography,MISMATCH,
9780300245790,Hidden London - Discovering The Forgotten Underground,Travel,Travel Literature,AMVD,Architecture,MISMATCH,
9780008670740,Thousand Feasts - Small Moments of Joy - A Memoir of Sorts,Well Being,Food And Beverage,BM,Biography,MISMATCH,
9781911723523,Ignorance and Bliss - On Wanting Not to Know,Sciences,Philosophy,JF,Sociology,MISMATCH,
9781324074519,Undertow - Scenes From A Slow Civil War,History And Politics,History,JFC,Sociology,MISMATCH,
9781399603492,History of the World in Twelve Shipwrecks,Travel,Travel Literature,HBTM,History,MISMATCH,
9780241706992,Experience of Pain,Fiction,Classics,FA,General Fiction,MISMATCH,
9780241718896,More and More and More - An All-Consuming History of Energy,Sciences,General Science,HBTK,History,MISMATCH,
9780241582725,Gambling Man - The Wild Ride of Japan's Masayoshi Son,Sciences,Business,BGB,Biography,MISMATCH,
9781405957960,Hidden Language of Cats - Learn what your feline friend is trying to tell you,Sciences,Environment,PSVP,General Science,MISMATCH,
9781802062861,Identity Trap - A Story Of Ideas And Power In Our Time,Sciences,General Science,JPA,Politics,MISMATCH,
9780711289055,Londons Underground - The Story Of The Tube,Travel,Travel Literature,WGF,Gardening,MISMATCH,
9781839641800,Aesops Fables,Fiction,Classics,JFHF,Sociology,MISMATCH,
9780810996175,Night Bookmobile,Children,Childrens Non Fiction,FX,Graphic Novels,MISMATCH,
9781509560851,Offended Freedom - The Rise of Libertarian Authoritarianism,History And Politics,History,JHBA,Sociology,MISMATCH,
9780241705391,Prime of Life,Fiction,Classics,BGLA,Biography,MISMATCH,
9780063435445,Same River Twice - Putins War on Women,History And Politics,History,JFFK,Sociology,MISMATCH,
9780008725075,Normal Women - Making history for 900 years,Fiction,Teen Fiction,YNH,Childrens Non Fiction,MISMATCH,
9780241701553,Last Bookstore on Earth,Fiction,Teen Fiction,YFB,Childrens Fiction,MISMATCH,
9780593403662,Terrifying Tales of Vivian Vance - A Graphic Novel,Fiction,Teen Fiction,YF,Childrens Fiction,MISMATCH,
9781835091326,Treasury of Bedtime Stories,Children,Childrens Picture Books,YFB,Childrens Fiction,MISMATCH,
9781837951086,Space - Table Mat - 5+ Super STEM,Children,Activities,YQS,Childrens Picture Books,MISMATCH,
9781837951093,Wild Animals - Table Mat,Children,Activities,YBL,Childrens Non Fiction,MISMATCH,
9781398833487,Escape the Space Station - An Interactive Puzzle Adventure,Children,Activities,YNVP,Childrens Non Fiction,MISMATCH,
9781398833494,Escape the Museum - An Interactive Puzzle Adventure,Children,Activities,YNVP,Childrens Non Fiction,MISMATCH,
9781803686905,Dangerous Dinosaurs - Lift The Flap,Children,Books For Babies,YNNA,Childrens Non Fiction,MISMATCH,
9781837951437,My First 1000 Words,Children,Childrens Picture Books,YBLA,Childrens Non Fiction,MISMATCH,
9780655227120,Flash Cards - 123,Children,Activities,YBLC,Childrens Non Fiction,MISMATCH,
9780655227113,Flash Cards - ABC,Children,Activities,YBLA,Childrens Non Fiction,MISMATCH,
9780655225966,Snap Cards Unicorn,Children,Activities,YNV,Childrens Non Fiction,MISMATCH,
9780655227779,Starting to Write,Children,Activities,YBL,Childrens Non Fiction,MISMATCH,
9781788246521,Wipe Clean Handwriting,Children,Activities,YQCS1,Childrens Picture Books,MISMATCH,
9781788246552,Wipe Clean Addition and Subtraction,Children,Activities,YQM,Childrens Picture Books,MISMATCH,
9781760680640,When Im Feeling Kind,Well Being,Childrens Well Being,YBL,Childrens Non Fiction,MISMATCH,
9781398846142,Wordsearch Puzzles - Smart Kids Cool,Children,Activities,YNVP,Childrens Non Fiction,MISMATCH,
9781398846159,Sudoku Puzzles - Smart Kids Cool,Children,Activities,YNVP,Childrens Non Fiction,MISMATCH,
9781398805163,"Essential Knots Kit - Includes Instructional Book, 48 Knot Tying Flash Cards and 2 Practice Ropes",Sport,General Sport And Fitness,WFC,Fashion,MISMATCH,
9780008703493,Atlas of Microstates,History And Politics,History,RGCP,Environment,MISMATCH,
9781038900388,I Am Not Jessica Chen,Fiction,Teen Fiction,YFB,Childrens Fiction,MISMATCH,
9781419778766,Barbie - The Celebration of an Icon,The Arts,Fashion,JFCA,Sociology,MISMATCH,
9781419778773,Little Prince - The Visual Encyclopedia,The Arts,Art,FC,Classics,MISMATCH,
9780571390762,Lord of the Flies -  Deluxe Anniversary Edition,Fiction,Classics,YFA,Childrens Fiction,MISMATCH,
9781784879990,Possession - A Romance,Fiction,Classics,FA,General Fiction,MISMATCH,
9780753560068,Hidden Potential - The Science of Achieving Greater Things,Sciences,Business,VSC,Psychology,MISMATCH,
9781864486896,Magic Beach - 35th Anniversary Edition,Children,Childrens Picture Books,YFB,Childrens Fiction,MISMATCH,
9781839948190,My First 123,Children,Books For Babies,YBLC,Childrens Non Fiction,MISMATCH,
9781835870648,Fungarium Activity Book,Children,Activities,YBL,Childrens Non Fiction,MISMATCH,
9781835870686,One is Not a Pair - A Spotting Book,Children,Activities,YBC,Childrens Picture Books,MISMATCH,
9781464218781,This Song Is (Not) For You,Fiction,Teen Fiction,YFM,"Childrens Fiction, Romance",MISMATCH,
9781529515985,One Day - A True Story of Courage and Survival in the Holocaust,Children,Childrens Non Fiction,YFY,Childrens Fiction,MISMATCH,
9781529517590,All Better Now,Fiction,Teen Fiction,YFG,Childrens Fiction,MISMATCH,
9781529061512,Stone Blind,Fiction,Historical Fiction,FQ,General Fiction,MISMATCH,
9781338846041,Pokemon - How To Draw Adventures,Fiction,Teen Fiction,YBG,Books For Babies,MISMATCH,
9780500294284,Lives Of Lee Miller,Biographies,Biography,AGB,Art,MISMATCH,
9781399739689,Legendary - 2 Caraval Special Edition,Fiction,Science Fiction and Fantasy,FR,Romance,MISMATCH,
9781399739696,Finale - 3 Caraval Special Edition,Fiction,Science Fiction and Fantasy,FJ,General Fiction,MISMATCH,
9780008559526,What A Way To Go,Fiction,Crime Fiction,FA,General Fiction,MISMATCH,
9781645678144,Beginners Guide To Cosplay Armor And Props - Craft Epic Fantasy Costumes And Accessories With EVA Foam,The Arts,Craft,WF,Fashion,MISMATCH,
9781837993604,Stoics Guide to Life - Timeless Wisdom on the Art of Living,Sciences,Philosophy,VSPM,Psychology,MISMATCH,
9781789145014,Wanderers - A History Of Women Walking,Travel,Travel Literature,HB,History,MISMATCH,
9781761427909,Murriyang - Song Of Time,Biographies,Biography,JPV,Politics,MISMATCH,
9781760266479,Speedy Sloth Meets Her Match - 3 The Speedy Sloth,Children,Childrens Picture Books,YB,Childrens Non Fiction,MISMATCH,
9780785846208,Essential Grimms Fairy Tales,Fiction,Classics,FQ,General Fiction,MISMATCH,
9781739271466,Tractor Ted Farm Fun Colouring Book,Children,Activities,YB,Childrens Non Fiction,MISMATCH,
9781739684099,Tractor Ted Colours on the Farm,Children,Activities,YBLD,Childrens Non Fiction,MISMATCH,
9781739271428,Tractor Ted Noises on the Farm,Children,Books For Babies,YBC,Childrens Picture Books,MISMATCH,
9780711268739,Writers Journeys That Shaped Our World - In the Footsteps of the Literary Greats - Volume 1,Travel,Travel Literature,BGL,Biography,MISMATCH,
9781836003144,Van Goghs Finale - Auvers and the Artist's Rise to Fame,The Arts,Art,BGF,Biography,MISMATCH,
9780571390687,Twenty-Four Seconds From Now - A Regular Love Stor,Fiction,Teen Fiction,YFM,"Childrens Fiction, Romance",MISMATCH,
9780571388189,Maurice - The Illustrated Edition,Fiction,Teen Fiction,YFA,Childrens Fiction,MISMATCH,
9780571388578,Room With A View - The Illustrated Edition,Fiction,Teen Fiction,YFM,"Childrens Fiction, Romance",MISMATCH,
9781250402110,Mislaid in Parts Half-Known,Fiction,Science Fiction and Fantasy,FQ,General Fiction,MISMATCH,
9798890030900,Joy of Weaving - Modern Frame Loom Projects for Beginners,The Arts,Craft,WFG,Fashion,MISMATCH,
9781435163829,Aesops Fables,Fiction,Classics,YFA,Childrens Fiction,MISMATCH,
9781529372809,"This Here Flesh - Spirituality, Liberation and the Stories That Make Us",History And Politics,Religion,BGXA,Biography,MISMATCH,
9781435159648,Adventures of Huckleberry Finn,Children,Childrens Fiction,FC,Classics,MISMATCH,
9781435163669,Adventures of Tom Sawyer,Fiction,Classics,YFA,Childrens Fiction,MISMATCH,
9781435163683,Little Mermaid and Other Fairy Tales (Barnes & Noble Collectible Editions),Fiction,Classics,YFA,Childrens Fiction,MISMATCH,
9781399620673,Stickerbomb,The Arts,Art,WF,Fashion,MISMATCH,
9780241665169,"Creating Effective Spaces - Declutter, Organise and Maintain Your Space",The Arts,Art,WKH,General Sport And Fitness,MISMATCH,
9780241665169,"Creating Effective Spaces - Declutter, Organise and Maintain Your Space",The Arts,Design,WKH,General Sport And Fitness,MISMATCH,
9781805134077,Cuddly Sheep - Baby's First Cloth Book,Children,Books For Babies,YBCB,Childrens Picture Books,MISMATCH,
9781035909278,Fairy Shopping,Children,Childrens Picture Books,YFA,Childrens Fiction,MISMATCH,
9781787334878,What In Me Is Dark - Revolutionary Life Of Paradise Lost,Fiction,Poetry,DSRC,Classics,MISMATCH,
9781529090802,Forest of a Thousand Eyes,Fiction,Teen Fiction,YFH,Childrens Fiction,MISMATCH,
9781250346575,"Dontt Look Back - A Memoir of War, Survival, and My Journey from Sudan to America",Fiction,Teen Fiction,YNM,Childrens Non Fiction,MISMATCH,
9780008719722,Towards Zero,Fiction,Crime Fiction,FC,Classics,MISMATCH,
9780198848905,Russian Economy - Very Short Introduction,History And Politics,History,KCL,Economics,MISMATCH,
9781460766156,All Women Want - An intimate look inside women's love lives and pursuits of pleasure,Well Being,Gender,JFSJ1,Sociology,MISMATCH,
9780008641986,Murder Hypothesis,Fiction,Teen Fiction,YFCF,Childrens Fiction,MISMATCH,
9781869715847,Wheels on the Bus Colouring Book,Children,Activities,YBGC,Books For Babies,MISMATCH,
9780764362057,Modern HomeMaker - Creative Ideas for Stylish Living,The Arts,Art,HRCV9,Religion,MISMATCH,
9780733341885,Art of Cycling,Sport,Cycling,BGSA,Biography,MISMATCH,
9781406397031,Wheres Wally - The Mighty Magical Mix-Up,Children,Activities,YBG,Books For Babies,MISMATCH,
9780241593431,DC Book Of Pride - Celebration Of DCs LGBTQIA+ Characters,Well Being,Gender,YNUC,Childrens Non Fiction,MISMATCH,
9781526622709,Hood Feminism - Notes from the Women White Feminists Forgot,History And Politics,History,JFFK,Sociology,MISMATCH,
9781853261183,Alice in Wonderland,Fiction,Classics,YFA,Childrens Fiction,MISMATCH,
9781912631537,Teach Your Dog German,Travel,Languages,WTK,Travel Guides,MISMATCH,
9781035002306,Bones Beneath My Skin,Fiction,Science Fiction and Fantasy,FA,General Fiction,MISMATCH,
9781529095371,Atlas Complex - 3 Atlas Six,Fiction,Science Fiction and Fantasy,FJ,General Fiction,MISMATCH,
9781471197970,Crow Folk - 1 The Witches of Woodville,Fiction,Science Fiction and Fantasy,FJH,General Fiction,MISMATCH,
9781471197994,Babes in the Wood - 2 The Witches of Woodville,Fiction,Science Fiction and Fantasy,FJH,General Fiction,MISMATCH,
9781471198014,Ghost of Ivy Barn - 3 The Witches of Woodville,Fiction,Science Fiction and Fantasy,FJH,General Fiction,MISMATCH,
9781398541498,Dogs and Their Humans - Stories of Healing and Hope from the Supervet's Surgery,Sciences,Environment,BM,Biography,MISMATCH,
9781035049202,Romantic Tragedies Of A Drama King,Fiction,Teen Fiction,YFB,Childrens Fiction,MISMATCH,
9781250846891,Squire & Knight - Wayward Travelers,Fiction,Graphic Novels,YFC,Childrens Fiction,MISMATCH,
9781529401929,Maps Edge - 1 The Tethered Citadel,Fiction,Teen Fiction,FM,Science Fiction and Fantasy,MISMATCH,
9781760879365,Leave the Girls Behind,Fiction,Crime Fiction,FA,General Fiction,MISMATCH,
9781784883508,Resident Dog - Volume 2 -  Incredible Dogs and the International Homes They Live In,The Arts,Design,AJ,Photography,MISMATCH,
9780473642570,Driving Test EZY - New Zealand Theory Test,Motoring,Transport,VSF,Psychology,MISMATCH,
9781761641831,Thunder City - Mortal Engines,Fiction,Teen Fiction,YFC,Childrens Fiction,MISMATCH,
9780008720292,Last Kids on Earth - The Graphic Novel - 1 The Last Kids on Earth,Fiction,Graphic Novels,YFW,Childrens Fiction,MISMATCH,
9781035417902,Librarians of Rue de Picardie,Fiction,Historical Fiction,FJMF,General Fiction,MISMATCH,
9781399610742,Womens Orchestra Of Auschwitz - A Story Of Survival,Biographies,Biography,HBTZ1,History,MISMATCH,
9781869715557,New Zealand School Holidays Activity Book,Children,Activities,YBGC,Books For Babies,MISMATCH,
9781760641887,Unfinished Business - Notes Of A Chronic Re-Reader,Biographies,Essays,JF,Sociology,MISMATCH,
9781761641176,Sunrise On The Reaping - The Hunger Games,Fiction,Teen Fiction,YF,Childrens Fiction,MISMATCH,
9780241405895,Portrait of the Artist as a Young Man,Fiction,Classics,FA,General Fiction,MISMATCH,
9780008618476,Book of Witches,Fiction,Science Fiction and Fantasy,YNXW,Childrens Non Fiction,MISMATCH,
9781761380051,Sirens Call - how attention became the world's most endangered resource,Sciences,General Science,JHMC,Sociology,MISMATCH,
9780525553861,As Many Nows as I Can Get,Fiction,Teen Fiction,YF,Childrens Fiction,MISMATCH,
9780241657447,Letty and the Mystery of the Golden Thread,Fiction,Teen Fiction,YFT,Childrens Fiction,MISMATCH,
9780241628584,Lost Sunlion,Fiction,Teen Fiction,YFC,Childrens Fiction,MISMATCH,
9781471192043,Niki Lauda - The Biography,Motoring,Transport,BGS,Biography,MISMATCH,
9780143136927,Penguin Book of Latina Writings,Fiction,Classics,DQ,General Fiction,MISMATCH,
9780857080776,Wealth of Nations - The Economics Classic - A Selected Edition for the Contemporary Reader,Sciences,Philosophy,KCA,Economics,MISMATCH,
9781399600484,Mountain In The Sea,Fiction,Science Fiction and Fantasy,FA,General Fiction,MISMATCH,
9781787303881,Ghosts Of Rome,Fiction,Historical Fiction,FJMS,General Fiction,MISMATCH,
9781804995877,Blink of the Screen - Collected Short Fiction,Fiction,Science Fiction and Fantasy,FYB,General Fiction,MISMATCH,
9781718503809,LEGO Builder's Handbook - Become a Master Builder,The Arts,Craft,WF,Fashion,MISMATCH,
9780262549332,Cities Made Differently,History And Politics,History,JF,Sociology,MISMATCH,
9781774885673,Fantastic Lou - Little Comics from Real Life,Fiction,Graphic Novels,YFW,Childrens Fiction,MISMATCH,
9781681378862,Suicides,Fiction,Classics,FF,Crime Fiction,MISMATCH,
9781911590873,Bathysphere Book - Effects of the Luminous Ocean Depths,Sciences,Environment,BG,Biography,MISMATCH,
9781805464228,Not To Do List - The Surprisingly Simple Art Of Success,Sciences,Business,VSC,Psychology,MISMATCH,
9781668076750,Generations - The Real Differences Between Gen Z Millennials Gen X Boomers and Silents,Sciences,General Science,JHBD,Sociology,MISMATCH,
9781839134821,Boy I Love,Fiction,Teen Fiction,YFM,"Childrens Fiction, Romance",MISMATCH,
9781406399615,Rebel Dawn,Fiction,Teen Fiction,YFC,Childrens Fiction,MISMATCH,
9781838953355,Patriarchy Inc - What We Get Wrong About Gender Equality - And Why Men Still Win At Work,Well Being,Gender,JFFK,Sociology,MISMATCH,
9781399603577,Devils - 1,Fiction,Science Fiction and Fantasy,FJH,General Fiction,MISMATCH,
9781990042775,Treaty Of Waitangi - Te Tiriti o Waitangi,Children,Childrens Non Fiction,HBJM,History,MISMATCH,
9780785846307,Vintage Blossoms And Blooms - Sticker Color And Activity Book,The Arts,Craft,WF,Fashion,MISMATCH,
9781836004066,Pilgrimage - Great Pilgrim Routes Of Britain And Europe,Travel,Travel Literature,WTM,Travel Guides,MISMATCH,
9781761347627,We Need Your Art - Stop Messing Around and Make Something,The Arts,Craft,CBV,Languages,MISMATCH,
9781760264949,Ninja Girl,Fiction,Teen Fiction,YF,Childrens Fiction,MISMATCH,
9780241653593,"Artists Watercolour Techniques - Discover How to Paint Landscapes, People and Still Lifes, and Develop Your Own Style",The Arts,Craft,WFA,Fashion,MISMATCH,
9781761645778,Ballad of Songbirds and Snakes - 4 The Hunger Games Deluxe Edition,Children,Childrens Fiction,YFCB,"Childrens Fiction, Thriller",MISMATCH,
9781761645754,Catching Fire - 2 The Hunger Games Deluxe Edition,Children,Childrens Fiction,YFCB,"Childrens Fiction, Thriller",MISMATCH,
9780241726099,"DIY - Repair, Renovate and Decorate",The Arts,Craft,WKDM,General Sport And Fitness,MISMATCH,
9780241720158,Science Book - Big Ideas Simply Explained,Sciences,General Science,YNT,Childrens Non Fiction,MISMATCH,
9781923058279,"Chameleon - A memoir of art, travel, ideas and love",Travel,Travel Literature,BM,Biography,MISMATCH,
9781761180385,Darkest Night Brightest Star,Fiction,Teen Fiction,YFR,Childrens Fiction,MISMATCH,
9781761180743,Moonboy,Fiction,Teen Fiction,YFT,Childrens Fiction,MISMATCH,
9781761181795,Song Of A Blackbird,Fiction,Graphic Novels,YFT,Childrens Fiction,MISMATCH,
9781805130178,Farmer - 4 Suki Cat,Children,Books For Babies,YBCB,Childrens Picture Books,MISMATCH,
9781805130185,Doctor - 3 Suki Cat,Children,Books For Babies,YBCB,Childrens Picture Books,MISMATCH,
9780241735015,Northanger Abbey,Fiction,Teen Fiction,YFA,Childrens Fiction,MISMATCH,
9780241734988,Persuasion,Fiction,Teen Fiction,YFA,Childrens Fiction,MISMATCH,
9780241734872,Sense and Sensibility,Fiction,Teen Fiction,YFA,Childrens Fiction,MISMATCH,
9780241735039,Mansfield Park,Fiction,Teen Fiction,FC,Classics,MISMATCH,
9780241734889,Pride and Prejudice,Fiction,Teen Fiction,YFA,Childrens Fiction,MISMATCH,
9780241734896,Emma,Fiction,Teen Fiction,YFA,Childrens Fiction,MISMATCH,
9781761346286,This Stays Between Us,Fiction,Teen Fiction,YFD,"Childrens Fiction, Horror",MISMATCH,
9780571368341,Theres A Tiger On The Train,Children,Childrens Fiction,YBCS,Childrens Picture Books,MISMATCH,
9781839949487,Recycling Day - What Happens To The Things We Throw Away,Children,Childrens Fiction,YN,Childrens Non Fiction,MISMATCH,
9781839949487,Recycling Day - What Happens To The Things We Throw Away,Children,Childrens Picture Books,YN,Childrens Non Fiction,MISMATCH,
9781805134701,Listen To The Countryside,Children,Books For Babies,YBCB,Childrens Picture Books,MISMATCH,
9781805134695,Listen To The Birds From Around The World,Children,Books For Babies,YBCB,Childrens Picture Books,MISMATCH,
9780593859605,May the Best Player Win,Fiction,Teen Fiction,YNM,Childrens Non Fiction,MISMATCH,
9798889641421,Good Night Stories for Rebel Girls - New Edition - 100+ Tales of Extraordinary Women,Fiction,Teen Fiction,YNM,Childrens Non Fiction,MISMATCH,
9781760994716,Invisible Boys,Fiction,Teen Fiction,YFB,Childrens Fiction,MISMATCH,
9781471416637,Silver,Fiction,Teen Fiction,YFB,Childrens Fiction,MISMATCH,
9798888671702,My First Chess Book,Children,Books For Babies,YB,Childrens Non Fiction,MISMATCH,
9781529001440,Ragpicker King - 2 Chronicles of Castellane,Fiction,Science Fiction and Fantasy,FJ,General Fiction,MISMATCH,
9780008626532,Proto - How One Ancient Language Went Global,History And Politics,History,CBX,Languages,MISMATCH,
9781649631657,Power of Bridging - How to Build a World Where We All Belong,Sciences,General Science,JFFJ,Sociology,MISMATCH,
9781399744348,Never Flinch - 6 Holly Gibney,Fiction,Crime Fiction,FK,Horror,MISMATCH,
9798890031594,Alchemy of Moonlight,Fiction,Teen Fiction,YFM,"Childrens Fiction, Romance",MISMATCH,
9781338803365,39 Clues Graphix - 1 Maze Of Bones - Graphic Novel Edition,Fiction,Graphic Novels,YFB,Childrens Fiction,MISMATCH,
9780753561478,Deficit - How Feminist Economics Can Change Our World,Sciences,Business,JFFK,Sociology,MISMATCH,
9781787330610,Alive - An Alternative Anatomy,Sciences,General Science,BGTA,Biography,MISMATCH,
9781911709954,Managing Up - How to Get What You Need from the People in Charge,Sciences,Business,VS,Psychology,MISMATCH,
9781506743059,Minecraft - Out of Order Volume 1,Fiction,Graphic Novels,YFW,Childrens Fiction,MISMATCH,
9781529353839,Mediocre - Dangerous Legacy Of White Male Power,History And Politics,History,JFFJ,Sociology,MISMATCH,
9781681379050,From Ted to Tom - The Illustrated Envelopes of Edward Gorey,The Arts,Art,DS,Classics,MISMATCH,
9781524888046,Calvin and Hobbes Portable Compendium Set 2,Fiction,Graphic Novels,WHC,Humour,MISMATCH,
9781761645778,Ballad of Songbirds and Snakes - 4 The Hunger Games Deluxe Edition,Fiction,Teen Fiction,YFCB,"Childrens Fiction, Thriller",MISMATCH,
9781761645754,Catching Fire - 2 The Hunger Games Deluxe Edition,Fiction,Teen Fiction,YFCB,"Childrens Fiction, Thriller",MISMATCH,
9781761645747,Hunger Games - 1 The Hunger Games Deluxe Edition,Fiction,Teen Fiction,YFC,Childrens Fiction,MISMATCH,
9781761645761,Mockingjay - 3 The Hunger Games Deluxe Edition,Fiction,Teen Fiction,YFC,Childrens Fiction,MISMATCH,
9781775542872,Rich Enough - A Laid-back Guide for Every Kiwi 2025 Edition,Sciences,Business,VSB,Psychology,MISMATCH,
9781600592164,Complete Guide To High-Fire Glazes - Glazing And Firing At Cone 10,The Arts,Craft,WFS,Fashion,MISMATCH,
9780008716479,Collins Road Map of Europe - Folded map,Travel,Travel Guides,WTRD,Travel Literature,MISMATCH,
9780008716486,Collins Road Map of France,Travel,Travel Guides,WTRD,Travel Literature,MISMATCH,
9780008718145,Watch Me - Shatter Me - The New Republic,Fiction,Teen Fiction,YFB,Childrens Fiction,MISMATCH,
9781761341670,Consultant,History And Politics,True Crime,BGA,Biography,MISMATCH,
9781472258502,Honour Of Rome - 20 Eagles of the Empire,Fiction,Historical Fiction,FJH,General Fiction,MISMATCH,
9780241568255,Voyage Home - 3 Troy,Fiction,Historical Fiction,FQ,General Fiction,MISMATCH,
9780760396230,Ultimate Unofficial Minecraft Challenge,Children,Activities,YNT,Childrens Non Fiction,MISMATCH,
9781631069970,Blessings For Bedtime - Peaceful Nighttime Poems For Children,Children,Childrens Fiction,YBLB,Childrens Non Fiction,MISMATCH,
9781958803875,Our Big Book of First Words - A Collection of 100+ Foundational Words for Language Development,Children,Books For Babies,YBLA,Childrens Non Fiction,MISMATCH,
9781991006769,Good Life,Well Being,Food And Beverage,VSZ,Psychology,MISMATCH,
9781406383393,Guess How Much I Love You - I See Me - With a Mirror Surprise,Children,Books For Babies,YFA,Childrens Fiction,MISMATCH,
9781761601675,Shearer,Children,Childrens Picture Books,YNH,Childrens Non Fiction,MISMATCH,
9781529520323,House on the Canal - The Story of the House that Hid Anne Frank,Children,Childrens Picture Books,YFN,Childrens Fiction,MISMATCH,
9781839136047,Mismatched - A Graphic novel inspired by Jane Austen's Emma,Fiction,Graphic Novels,YFM,"Childrens Fiction, Romance",MISMATCH,
9781035049479,All About the Gruffalo - A shaped board book,Children,Books For Babies,YBCH,Childrens Picture Books,MISMATCH,
9781035023226,Wallace And Gromit Vengeance Most Fowl - The Junior Novel,Children,Childrens Fiction,YBCH,Childrens Picture Books,MISMATCH,
9781916745506,Predators,Children,Books For Babies,YBL,Childrens Non Fiction,MISMATCH,
9781035050222,Tales From Acorn Wood - A First Sticker Book,Children,Activities,YBG,Books For Babies,MISMATCH,
9781035056170,Beauty and the Beast - A Push Pull and Slide Book,Children,Books For Babies,YBCH,Childrens Picture Books,MISMATCH,
9781250864048,Swing,Fiction,Graphic Novels,YFW,Childrens Fiction,MISMATCH,
9781250225917,Dog Trouble,Fiction,Graphic Novels,YFW,Childrens Fiction,MISMATCH,
9781035028931,My First Space Book,Children,Books For Babies,YNTS,Childrens Non Fiction,MISMATCH,
9780374391324,I Can Help,Children,Books For Babies,YFP,Childrens Fiction,MISMATCH,
9781399821339,Into the Uncut Grass,Children,Childrens Fiction,BM,Biography,MISMATCH,
9781786581464,Defy - The Power of No in a World that Demands Yes,Well Being,Psychology,JFC,Sociology,MISMATCH,
9781800819153,Tiny Experiments - How To Live Freely In A Goal-Obsessed World,Sciences,Business,VSC,Psychology,MISMATCH,
9781805220237,"Billions to Bust and Beyond - New and Updated Edition - How I made, lost and rebuilt a fortune, and what I learned on the way",Sciences,Business,BM,Biography,MISMATCH,
9781526661319,Saltblood,Fiction,Historical Fiction,FA,General Fiction,MISMATCH,
9781805464365,Mysterious Mr Nakamoto - A Fifteen-Year Quest to Unmask the Secret Genius Behind Crypto,Sciences,Business,BGB,Biography,MISMATCH,
9781471418266,Party,Fiction,Teen Fiction,YFCB,"Childrens Fiction, Thriller",MISMATCH,
9781761210419,Star Wars - The Original Trilogy - A Graphic Novel,Fiction,Graphic Novels,YFW,Childrens Fiction,MISMATCH,
9781761214608,Star Wars - The Sequel Trilogy - A Graphic Novel,Fiction,Graphic Novels,YFW,Childrens Fiction,MISMATCH,
9781509565504,Equality - What It Means and Why It Matters,History And Politics,History,KCA,Economics,MISMATCH,
9781840226997,Capital - Volumes One and Two,Sciences,Economics,JPFC,Politics,MISMATCH,
9781761349973,Wheres Bluey At Easter - A Search And Find Book,Children,Activities,YBCH,Childrens Picture Books,MISMATCH,
9780241687598,Peter Rabbit - The Easter Bunny Hunt - A Lift-the-Flap Storybook,Children,Activities,YBCH,Childrens Picture Books,MISMATCH,
9781776957125,Go Scooter Go,Children,Childrens Picture Books,YNTR,Childrens Non Fiction,MISMATCH,
9781761352577,Bluey and Bingos Book of Singy Things - A Tabbed Board Book,Children,Books For Babies,YBCS,Childrens Picture Books,MISMATCH,
9781408837184,Unfinished Woman,Travel,Travel Literature,BM,Biography,MISMATCH,
9780008537319,MINECRAFT SURVIVAL CHALLENGES,Children,Activities,YNVU,Childrens Non Fiction,MISMATCH,
9780008696047,Graphic Novel Builder - The illustrated guide to making your own comics,Children,Activities,YFW,Childrens Fiction,MISMATCH,
9780008701307,Glassmaker,Fiction,Historical Fiction,FA,General Fiction,MISMATCH,
9781035030668,Science of Racism - Everything you need to know but probably dont - yet,Sciences,General Science,JFFJ,Sociology,MISMATCH,
9781915569318,Life Changing Magic of Baking - A Beginners Guide,Well Being,Food And Beverage,YNPC,Childrens Non Fiction,MISMATCH,
9798889641407,Rebel Girls Cook,Well Being,Food And Beverage,YNPC,Childrens Non Fiction,MISMATCH,
9780241714768,Spots First Little Library,Children,Books For Babies,YBL,Childrens Non Fiction,MISMATCH,
9780241726136,My First Busy Home - Lets Look and Learn,Children,Books For Babies,YBLN,Childrens Non Fiction,MISMATCH,
9780241716397,LEGO - How to Build Everything,Children,Activities,YBG,Books For Babies,MISMATCH,
9781917226059,Illustrated Meditations - Life Lessons from Marcus Aurelius,Fiction,Classics,HBJD,History,MISMATCH,
9780241683149,Happy Baby - With a Mirror Surprise,Children,Books For Babies,YBL,Childrens Non Fiction,MISMATCH,
9781836041122,Dolls House Sticker Book,Children,Activities,YBGS,Books For Babies,MISMATCH,
9781805312819,Moo - Slider Sound Books,Children,Books For Babies,YBL,Childrens Non Fiction,MISMATCH,
9780593703304,Vikings - My Little Golden Book About,Children,Childrens Non Fiction,YF,Childrens Fiction,MISMATCH,
9780241721797,Peppa Pig - Peppa's Super Bumper Colouring Book,Children,Activities,YBGC,Books For Babies,MISMATCH,
9780241764381,Ms Rachel - My First Colouring Book,Children,Activities,YBGC,Books For Babies,MISMATCH,
9780241683668,Glorious Rivals - 2 Grandest Game,Fiction,Teen Fiction,YF,Childrens Fiction,MISMATCH,
9781529514421,Shakespeares First Folio - All The Plays - A Childrens Edition,Children,Childrens Picture Books,YNDS,Childrens Non Fiction,MISMATCH,
9781851245796,Curious History of Weights and Measures,Sciences,General Science,HBTB,History,MISMATCH,
9781529931341,Impossible Monsters - How the Discovery of Dinosaurs Changed the World,Sciences,General Science,HRAM3,Religion,MISMATCH,
9781526609755,Shape of Things Unseen - A New Science of Imagination,Sciences,General Science,HBTB,History,MISMATCH,
9780141379920,Princess in Practice - 2 Rosewood Chronicles,Children,Childrens Fiction,YFM,"Childrens Fiction, Romance",MISMATCH,
9780141379975,Lost Princess - 3 Rosewood Chronicles,Children,Childrens Fiction,YFM,"Childrens Fiction, Romance",MISMATCH,
9780241458419,Princess Ever After - 5 Rosewood Chronicles,Children,Childrens Fiction,YFM,"Childrens Fiction, Romance",MISMATCH,
9781524890612,Calvin and Hobbes Portable Compendium Set 4,Fiction,Graphic Novels,WHC,Humour,MISMATCH,
9781788544474,Gate Of The Dead - 3 Master Of War,Fiction,Historical Fiction,FJH,General Fiction,MISMATCH,
9781788451772,Bunny vs Monkey - 1 Bunny vs Monkey,Fiction,Graphic Novels,YFW,Childrens Fiction,MISMATCH,
9781471409493,Jet Skis Swamps And Smugglers - 3 Robin Hood,Children,Childrens Fiction,YFCB,"Childrens Fiction, Thriller",MISMATCH,
9798329229639,Ginger - Boston Marathon Champion - A Story that Transcends Sport and Embodies the Spirit of a Community,Sport,General Sport And Fitness,HBT,History,MISMATCH,
9781776951277,Different Kind Of Power - A Memoir,Biographies,Biography,JP,Politics,MISMATCH,
9781988503493,in the cracks of light - Poems by Apirana Taylor,Fiction,Poetry,FA,General Fiction,MISMATCH,
9780645817959,"Labours of Love - A midwife's stories of birth, life and speaking up for women",Well Being,Health,BM,Biography,MISMATCH,
9780141993768,Crack Up Capitalism - Market Radicals And The Dream Of A World Without Democracy,History And Politics,History,KCZ,Economics,MISMATCH,
9781760875763,Dark Heir - 2 Dark Rise,Fiction,Teen Fiction,YFH,Childrens Fiction,MISMATCH,
9781529523126,Maisy Goes on a Bike Ride,Children,Childrens Picture Books,YFM,"Childrens Fiction, Romance",MISMATCH,
9781529524826,Ferris,Children,Childrens Fiction,YFD,"Childrens Fiction, Horror",MISMATCH,
9783967041712,Life on the Road - Around the World on Four Wheels,Motoring,Transport,WGC,Gardening,MISMATCH,
9783791380353,David Hockney - A Graphic Novel,The Arts,Art,FXZ,Graphic Novels,MISMATCH,
9781529438680,Pocket Guide to Adidas,The Arts,Fashion,KNSX,Business,MISMATCH,
9781529438666,Pocket Guide to Nike,The Arts,Fashion,KNSX,Business,MISMATCH,
9789401446686,Build A Campervan - The Definitive Guide,The Arts,Craft,WGCV,Gardening,MISMATCH,
9781904263340,Crop Circles,Sciences,General Science,JFH,Sociology,MISMATCH,
9780241618592,Nation,Fiction,Teen Fiction,YFH,Childrens Fiction,MISMATCH,
9781805070832,First Sticker Book - Superheroes,Children,Activities,YBG,Books For Babies,MISMATCH,
9781805079309,Lots of Travel Puzzles and Games,Children,Activities,YNVP,Childrens Non Fiction,MISMATCH,
9781805074120,Dinosaur Puzzle Book,Children,Activities,YNVP,Childrens Non Fiction,MISMATCH,
9780141180311,In Search Of Lost Time - Volume 1 - The Way By Swanns,Fiction,Classics,FA,General Fiction,MISMATCH,
9781788167833,Confronting Leviathan - A History Of Ideas,Sciences,Philosophy,JPA,Politics,MISMATCH,
9781839949951,Lets Go Home Baby Puppy,Children,Books For Babies,YBCB,Childrens Picture Books,MISMATCH,
9780593299777,Traffic,Sciences,Business,JFCA,Sociology,MISMATCH,
9780241998021,On Marriage,Well Being,Family,JHBK,Sociology,MISMATCH,
9781922790958,Right Story Wrong Story - Adventures In Indigenous Thinking,History And Politics,History,JFC,Sociology,MISMATCH,
9780571382972,Glasgow Boys,Fiction,Teen Fiction,YFM,"Childrens Fiction, Romance",MISMATCH,
9780241668504,Spots Digger,Children,Books For Babies,YBCH,Childrens Picture Books,MISMATCH,
9780571377169,Mama Car,Children,Childrens Picture Books,YFN,Childrens Fiction,MISMATCH,
9780241670774,Very Hungry Caterpillars First 100 Animals,Children,Books For Babies,YBCH,Childrens Picture Books,MISMATCH,
9781761620300,Girls Sports Academy-  Gymnastics - Abbys Story,Children,Childrens Fiction,YNWG,Childrens Non Fiction,MISMATCH,
9781761620317,Girls Sports Academy - Athletics - Josies Story,Children,Childrens Fiction,YNWG,Childrens Non Fiction,MISMATCH,
9780593857151,Telephone Of The Tree,Children,Childrens Fiction,YNM,Childrens Non Fiction,MISMATCH,
9781035420032,Story of Classic Cars - A Tribute to Four Automotive Icons,Motoring,Transport,WGCB,Gardening,MISMATCH,
9780764368844,Chevrolet Corvette - The Owners and the Cars,Motoring,Transport,WGC,Gardening,MISMATCH,
9781497104662,"How to Make Classic Wooden Toys - Woodworkers Plans for 15 Sturdy Toys that Go, Plus Skill-Building Techniques",The Arts,Craft,WFH,Fashion,MISMATCH,
9781922928054,Lebanon Days - Memories Of An Ancient Land,Travel,Travel Literature,BM,Biography,MISMATCH,
9781800654082,"Sewing Machine Projects for Children - For Children Aged 7+ Years - a Fun and Creative Guide to Making 30 Toys, Decorations, Bags, and More",The Arts,Craft,YNPH,Childrens Non Fiction,MISMATCH,
9781797232737,"Floral Project Deck - 30 DIY Bouquets, Arrangements, Wreaths, and Other Seasonal Flower Projects",The Garden,Gardening,WFW,Craft,MISMATCH,
9788854421332,Eco-Play Bees - Over 20 Boardgames in a Travel Size Box,Children,Activities,YBG,Books For Babies,MISMATCH,
9788854421257,Animals - 100 Q and As,Children,Activities,YNN,Childrens Non Fiction,MISMATCH,
9781835622797,Polynesian Stories and Legends - Tales of Heroes Gods and Monsters,History And Politics,Mythology,FQ,General Fiction,MISMATCH,
9781835622780,Celtic Myths and Legends - Tales of Heroes Myths and Monsters,History And Politics,Mythology,FQ,General Fiction,MISMATCH,
9780593438060,Woman With The Cure,Fiction,Historical Fiction,FJH,General Fiction,MISMATCH,
9781398839908,Egyptian Book of the Dead,Fiction,Classics,HRKP1,Religion,MISMATCH,
9781398841130,Tibetan Book of the Dead,Fiction,Classics,HREX,Religion,MISMATCH,
9780719844409,BMW E34 - The Complete Story,Motoring,Transport,WGCB,Gardening,MISMATCH,
9780719844362,Ornamental Woodcarving,The Arts,Craft,WFS,Fashion,MISMATCH,
9781804290385,Half-Earth Socialism - Plan To Save The Future From Extinction Climate Change And Pandemics,History And Politics,History,KCN,Economics,MISMATCH,
9781786634139,Work - The Last 1000 Years,History And Politics,Sociology,HBTB,History,MISMATCH,
9781804543146,Moonshadow The Derby Winner,Fiction,Teen Fiction,YFR,Childrens Fiction,MISMATCH,
9781906011413,Full Tilt - Ireland To India With A Bicycle,Travel,Travel Literature,WTL,Travel Guides,MISMATCH,
9781776951208,Maori Millionaire - A Beginners Guide To Building Better Money Habits,Sciences,Business,VSB,Psychology,MISMATCH,
9781776891337,Living Tree - A New Zealand Habitat,Children,Childrens Non Fiction,YBC,Childrens Picture Books,MISMATCH,
9781035030880,Witchcraft for Wayward Girls,Fiction,Science Fiction and Fantasy,FH,Thriller,MISMATCH,
9780241609644,Babylonia,Fiction,Historical Fiction,FQ,General Fiction,MISMATCH,
9780143136361,"Women in Power - Classical Myths and Stories, from the Amazons to Cleopatra",History And Politics,Religion,FQ,General Fiction,MISMATCH,
9781804710760,Devils Best Trick,History And Politics,History,HRQX9,Religion,MISMATCH,
9783575018694,"Thailand Vietnam Laos, Cambodia Marco Polo Map",Travel,Maps,WTRM,Travel Literature,MISMATCH,
9782067265363,Germany - Michelin National Map 718,Travel,Maps,WTRD,Travel Literature,MISMATCH,
9781526675224,Norse Mythology Illustrated,History And Politics,Religion,YNR,Childrens Non Fiction,MISMATCH,
9781988595771,Fox Spirit On A Distant Cloud,Fiction,Poetry,FA,General Fiction,MISMATCH,
9781426222160,Always Ireland - An Insiders Tour Of The Emerald Isle,Travel,Travel Literature,WTH,Travel Guides,MISMATCH,
9781538707944,Wisdom of the Bullfrog - Leadership Made Simple But Not Easy,Sciences,Business,VSPM,Psychology,MISMATCH,
9780143138686,Wizard of Oz and Other Wonderful Books of Oz - The Emerald City of Oz and Glinda of Oz,Fiction,Science Fiction and Fantasy,FC,Classics,MISMATCH,
9780241689325,Im Rich  Youre Poor - How to Give Social Media a Reality Check,Sciences,Business,WHG,Humour,MISMATCH,
9780008737672,Smith of Wootton Major,Fiction,Science Fiction and Fantasy,FA,General Fiction,MISMATCH,
9780008737689,Roverandom,Fiction,Science Fiction and Fantasy,FQ,General Fiction,MISMATCH,
9780008713409,Lord of the Rings Movie Trilogy Colouring Book - Official and Authorised,Fiction,Science Fiction and Fantasy,APF,Music And Performing Arts,MISMATCH,
9780063356726,Intelligent Investor - The Definitive Book on Value Investing,Sciences,Business,VSB,Psychology,MISMATCH,
9781782391098,Concorde - Rise And Fall Of The Supersonic Airliner,Motoring,Transport,WGM,Gardening,MISMATCH,
9780241715277,Princess of 72nd Street,Fiction,Classics,FA,General Fiction,MISMATCH,
9780241405925,Finnegans Wake,Fiction,Classics,FA,General Fiction,MISMATCH,
9780241682791,Exploration Map by Map - From Migrations and Encounters to Voyages and Discoveries,History And Politics,History,RGR,Environment,MISMATCH,
9780241719121,Motorbike Book - The Definitive Visual History,Motoring,Transport,WGCK,Gardening,MISMATCH,
9781398537866,Fake Skating,Fiction,Teen Fiction,YFB,Childrens Fiction,MISMATCH,
9780241995297,Why Animals Talk - The New Science of Animal Communication,Sciences,Environment,PSVP,General Science,MISMATCH,
9781761348525,Mystery of Missing Billie -'Jo Westons Netball Besties 1 -,Fiction,Teen Fiction,YF,Childrens Fiction,MISMATCH,
9798889641117,Rebel Girls STEM Stars - 25 Tales of Women in Science,Fiction,Teen Fiction,YNM,Childrens Non Fiction,MISMATCH,
9781869408510,Allen Curnow Collected Poems,Fiction,Poetry,HB,History,MISMATCH,
9781529070361,Royal Animals - An Illustrated History,Children,Childrens Fiction,YNM,Childrens Non Fiction,MISMATCH,
9781916745254,Chunky Play Set - Trucks,Children,Books For Babies,YNVP,Childrens Non Fiction,MISMATCH,
9781916745261,Chunky Play Set - Farm,Children,Books For Babies,YNNF,Childrens Non Fiction,MISMATCH,
9781526650344,House Of Flame And Shadow - 3 Crescent City,Fiction,Science Fiction and Fantasy,FR,Romance,MISMATCH,
9781804995990,Sister in Law - Fighting for Justice in a System Designed by Men,History And Politics,History,JFSJ1,Sociology,MISMATCH,
9781035061211,Rooms For Vanishing,Fiction,Historical Fiction,FT,General Fiction,MISMATCH,
9781035038688,Wild Courage - Go After What You Want and Get It,Sciences,Business,VSC,Psychology,MISMATCH,
9781250778000,French Art Of Living Well,Travel,Travel Literature,JFCA,Sociology,MISMATCH,
9781804090954,Uncomfortable Truth About Money - How to live with uncertainty and think for yourself,Sciences,Business,VSB,Psychology,MISMATCH,
9798890039408,Prayer for Vengeance,Fiction,Teen Fiction,FM,Science Fiction and Fantasy,MISMATCH,
9781529074710,Dear Zoo Book and Lift-the-Flap Jigsaw Puzzle,Children,Activities,YBGP,Books For Babies,MISMATCH,
9781035073726,Cluedle - The Case of the Silver Cipher - 60 Super Sleuth Mystery Puzzles,Children,Activities,YNVP,Childrens Non Fiction,MISMATCH,
9781035038404,Moomins Find a Home - A Pop-Up Adventure - Based on Tove Jansson's first Moomin story,Children,Childrens Picture Books,YBG,Books For Babies,MISMATCH,
9781035053001,Farm Magic Painting - Just add water to paint again and again,Children,Activities,YBGC,Books For Babies,MISMATCH,
9781035023370,Old Macdonald had a Zoo - A Nursery Rhyme Counting Book for Toddlers,Children,Books For Babies,YBLC,Childrens Non Fiction,MISMATCH,
9780751583885,How To Survive Family Holidays - The Hilarious Memoir From The Stars Of Travels With My Father,Travel,Travel Literature,WTHF,Travel Guides,MISMATCH,
9798887197067,Ukrainian Sunrise - Stories Of The Donetsk And Luhansk Regions From The Early 2000s,History And Politics,History,JFC,Sociology,MISMATCH,
9781368092203,Book of Bill,Fiction,Science Fiction and Fantasy,FA,General Fiction,MISMATCH,
9781760631673,Unhallowed Halls,Fiction,Teen Fiction,YFH,Childrens Fiction,MISMATCH,
9789381182512,Hamlet - Campfire Graphic Novels,Fiction,Graphic Novels,YFW,Childrens Fiction,MISMATCH,
9781035428144,Free - My Search for Meaning,Biographies,Biography,VS,Psychology,MISMATCH,
9781787399761,Sunset,Fiction,Teen Fiction,FRD,Romance,MISMATCH,
9781474974493,Adventures of Robin Hood - Graphic Novel,Fiction,Graphic Novels,YFW,Childrens Fiction,MISMATCH,
9781474938112,Three Musketeers - Graphic Novel,Fiction,Graphic Novels,YFW,Childrens Fiction,MISMATCH,
9781802061062,Whos Afraid Of Gender,Sciences,Philosophy,JFSJ,Sociology,MISMATCH,
9780099282792,Temple of Dawn,Fiction,Classics,FV,Historical Fiction,MISMATCH,
9780099282891,Runaway Horses,Fiction,Classics,FV,Historical Fiction,MISMATCH,
9780099285670,Temple of the Golden Pavilion,Fiction,Classics,FV,Historical Fiction,MISMATCH,
9780857527417,Our Last Wild Days,Fiction,Crime Fiction,FA,General Fiction,MISMATCH,
9781784878979,1984,Fiction,Classics,FLC,Science Fiction and Fantasy,MISMATCH,
9781784878986,Animal Farm,Fiction,Classics,FA,General Fiction,MISMATCH,
9781784878993,Down and Out in Paris and London,Fiction,Classics,JFFB,Sociology,MISMATCH,
9781784879006,Homage to Catalonia,Fiction,Classics,BM,Biography,MISMATCH,
9780593688670,All Quiet on the Western Front,Fiction,Classics,FV,Historical Fiction,MISMATCH,
9781846048524,Visualise - Think  Feel Perform Like the Top 1%,Sciences,Business,VSC,Psychology,MISMATCH,
9781529922721,In Search of Amrit Kaur - An Indian Princess in Wartime Paris,Biographies,Biography,HBWQ,History,MISMATCH,
9781847927729,Oceans Menagerie - How Earth's Strangest Creatures Reshape the Rules of Life,Sciences,Environment,PSVD,General Science,MISMATCH,
9780192789044,Christmas Carol And Other Stories,Fiction,Classics,YFA,Childrens Fiction,MISMATCH,
9780008713560,Hobbit Movie Trilogy Colouring Book -  Official and Authorised,Fiction,Science Fiction and Fantasy,APF,Music And Performing Arts,MISMATCH,
9781761620096,"Bluey - Hip Hip Hooray, Happy Birthday - A Sticker Activity Book",Children,Childrens Picture Books,YFB,Childrens Fiction,MISMATCH,
9780241740019,Very Hungry Caterpillar - Pop-Up Book,Children,Novelty Books,YBCH,Childrens Picture Books,MISMATCH,
9781526691262,Harry Potter And The Goblet Of Fire - Interactive Illustrated Edition,Children,Novelty Books,YFH,Childrens Fiction,MISMATCH,
9781526666321,Harry Potter and the Prisoner of Azkaban - MinaLima Edition,Children,Novelty Books,YFH,Childrens Fiction,MISMATCH,
9781869799144,Red Rocks,Children,Childrens Fiction,HRKP2,Religion,MISMATCH,
9781784874858,Slaughterhouse 5 - 50th Anniversary Edition,Fiction,Classics,FA,General Fiction,MISMATCH,
9780593688632,Room of Ones Own,Fiction,Classics,JF,Sociology,MISMATCH,
9780593707203,Last Boyfriends Rules for Revenge,Fiction,Teen Fiction,YF,Childrens Fiction,MISMATCH,
9798886503838,Money for Adulting - Fun Tips and Financial Tricks for Teens,Fiction,Teen Fiction,YQV,Childrens Picture Books,MISMATCH,
9780908315789,Level 1 - Geographic Skills 1.4 Learning Workbook,Children,Study And Education,YQZ,Childrens Picture Books,MISMATCH,
9781785033506,Fingers in the Sparkle Jar - A Memoir,Travel,Travel Literature,BM,Biography,MISMATCH,
9781681379166,Water,Fiction,Poetry,DS,Classics,MISMATCH,
9780473737382,You Left Your Heart,Fiction,Poetry,FA,General Fiction,MISMATCH,
9780008665968,South of Nowhere,Fiction,Crime Fiction,FJ,General Fiction,MISMATCH,
9780008663940,Vindication of the Rights of Woman,Fiction,Classics,JPF,Politics,MISMATCH,
9781398521445,In Deeper Waters,Fiction,Teen Fiction,YFB,Childrens Fiction,MISMATCH,
9781529391732,Girl Who Fell Beneath the Sea,Fiction,Teen Fiction,YFH,Childrens Fiction,MISMATCH,
9781577155164,Roots and Legends - Folktales from African Culture,History And Politics,Mythology,JFSL3,Sociology,MISMATCH,
9781460760680,Aisle Nine,Fiction,Teen Fiction,YFH,Childrens Fiction,MISMATCH,
9781786788559,Watkins Book of Urban Legends,History And Politics,Mythology,FQ,General Fiction,MISMATCH,
9781473635180,Frostblood - 1 Frostblood Saga,Fiction,Science Fiction and Fantasy,YFH,Childrens Fiction,MISMATCH,
9781473635210,Fireblood - 2 Frostblood Saga,Fiction,Science Fiction and Fantasy,YFH,Childrens Fiction,MISMATCH,
9781473635241,Nightblood - 3 Frostblood Saga,Fiction,Science Fiction and Fantasy,YFH,Childrens Fiction,MISMATCH,
9780008726430,Giver - 1,Fiction,Teen Fiction,YFA,Childrens Fiction,MISMATCH,
9780008726454,Street Child - HarperCollins Children's Classics,Fiction,Teen Fiction,YFA,Childrens Fiction,MISMATCH,
9780702305085,Northern Lights Illustrated - 1 His Dark Materials,Fiction,Science Fiction and Fantasy,YFH,Childrens Fiction,MISMATCH,
9781803512341,Men Explain Things To Me,Biographies,Essays,JFFK,Sociology,MISMATCH,
9781925791945,Hollywood Godfather - My Life in the Movies and the Mob,History And Politics,True Crime,BM,Biography,MISMATCH,
9781805332336,My Tender Matador,Fiction,Classics,FA,General Fiction,MISMATCH,
9781761069291,Red House - Kumanjayi Walker and Zachary Rolfe - An Australian reckoning,History And Politics,History,JFF,Sociology,MISMATCH,
9781785124495,"JFK Conspiracy - The Secret Plot to Kill Kennedy, And Why It Failed",History And Politics,History,JFHC,Sociology,MISMATCH,
9781839642401,Nineteen Eighty Four,Fiction,Classics,FA,General Fiction,MISMATCH,
9781837260416,History of Women in 101 Objects - A walk through female history,Well Being,Gender,JFFK,Sociology,MISMATCH,
9781786896131,Home And Exile,Biographies,Essays,DSK,Classics,MISMATCH,
9781250269485,Science Comics - Birds of Prey,Fiction,Graphic Novels,YNNR,Childrens Non Fiction,MISMATCH,
9781250203953,Science Comics - Rocks and Minerals,Fiction,Graphic Novels,YFW,Childrens Fiction,MISMATCH,
9781250203953,Science Comics - Rocks and Minerals,Children,Childrens Non Fiction,YFW,Childrens Fiction,MISMATCH,
9781801108119,To Kill A King - 8 Master Of War,Fiction,Historical Fiction,FJH,General Fiction,MISMATCH,
9781865003054,Brazil Bolivia Paraguay Peru - Hema Map,Travel,Maps,WTRM,Travel Literature,MISMATCH,
9782067259836,Brazil - Michelin National Map 764,Travel,Maps,WTRD,Travel Literature,MISMATCH,
9781406394818,Outlaws - 1 Scarlett and Browne,Fiction,Teen Fiction,YFH,Childrens Fiction,MISMATCH,
9781406394825,Notorious - 2 Scarlett and Browne,Fiction,Teen Fiction,YFH,Childrens Fiction,MISMATCH,
9781529514377,Legendary - 3 Scarlett and Browne,Fiction,Teen Fiction,YFB,Childrens Fiction,MISMATCH,
9781421550060,Pokemon Adventures Red And Blue Box Set,Fiction,Graphic Novels,YFW,Childrens Fiction,MISMATCH,
9781991142290,Lost Saint,Fiction,Teen Fiction,YFH,Childrens Fiction,MISMATCH,
9781761181788,Surface Trials,Fiction,Teen Fiction,YFC,Childrens Fiction,MISMATCH,
9781914198625,By The River - Essays FromThe Waters Edge,Sciences,Environment,DQ,General Fiction,MISMATCH,
9781408368275,Twelve Elves Of Christmas,Children,Childrens Picture Books,YBLC,Childrens Non Fiction,MISMATCH,
9780241395516,Oneness With All Life,Well Being,New Age,VSPM,Psychology,MISMATCH,
9781760279349,Very Noisy Bear,Children,Books For Babies,YBC,Childrens Picture Books,MISMATCH,
9782067265448,Spain And Portugal - Michelin National Map 734,Travel,Maps,WTRD,Travel Literature,MISMATCH,
9782067263987,Morocco - Michelin National Map 742,Travel,Maps,WTRD,Travel Literature,MISMATCH,
9782067235298,Bali Lombok - Michelin Map 190,Travel,Maps,WTRD,Travel Literature,MISMATCH,
9782067263963,Chile Argentina - Michelin National Map 788,Travel,Maps,WTRD,Travel Literature,MISMATCH,
9781398550568,Survivor Wants to Die at the End - Volume 3,Fiction,Teen Fiction,YFB,Childrens Fiction,MISMATCH,
9781529526264,Wizard of Earthsea - The Graphic Novel,Fiction,Graphic Novels,YFH,Childrens Fiction,MISMATCH,
9781877567209,Action English 5 - For Year 7 Students,Children,Study And Education,YQC,Childrens Picture Books,MISMATCH,
9780170474320,Nelson English Language Reference Book,Children,Study And Education,YQ,Childrens Picture Books,MISMATCH,
9780473721053,Japan - An Autobiography,Travel,Travel Literature,WTL,Travel Guides,MISMATCH,
9780170474474,Walker Maths Numeracy Practice,Children,Study And Education,YQM,Childrens Picture Books,MISMATCH,
9781419720147,Draw Every Day Draw Every Way,The Arts,Craft,WFA,Fashion,MISMATCH,
9781761043680,Marthas Vineyard Beach and Book Club,Fiction,Historical Fiction,FJMS,General Fiction,MISMATCH,
9780804857109,Arabic Folktales For Language Learners - Traditional Stories In Arabic And English,Travel,Languages,DQ,General Fiction,MISMATCH,
9781446314098,Sketching Nature - The Beginners Guide To Keeping A Botanical Sketchbook,The Arts,Craft,AGNB,Art,MISMATCH,
9781835622612,Native American Stories And Legends - Tales Of Gods Heroes And Monsters,History And Politics,Mythology,FQ,General Fiction,MISMATCH,
9781835625651,Korean Folk And Fairy Tales - Fables Folklore And Ancient Stories,History And Politics,Mythology,FQ,General Fiction,MISMATCH,
9788854421271,Classic Cars - From The Early 1900s To The Late 1960s,Motoring,Transport,WGCB,Gardening,MISMATCH,
9781503751989,Disney Frozen - Look and Find,Children,Activities,YFH,Childrens Fiction,MISMATCH,
9788854421431,Money Savvy - The Building Blocks Of Financial Literacy,Children,Activities,YBG,Books For Babies,MISMATCH,
9780241712740,Morrigan,Fiction,Historical Fiction,FQ,General Fiction,MISMATCH,
9781526676030,Memoirs Of A Teenage Amnesiac,Fiction,Teen Fiction,YFB,Childrens Fiction,MISMATCH,
9781250143174,Go with the Flow - 1 Go with the Flow,Fiction,Graphic Novels,YFW,Childrens Fiction,MISMATCH,
9781250834102,Look on the Bright Side - 2 Go with the Flow,Fiction,Graphic Novels,YFW,Childrens Fiction,MISMATCH,
9780008685003,Blueprints - How Mathematics Shapes Creativity,Sciences,General Science,AGZ,Art,MISMATCH,
9781800902725,Foundation - Will Always Welcome You,Fiction,Teen Fiction,YFB,Childrens Fiction,MISMATCH,
9781805074519,Wheres The Spy,Children,Activities,YBG,Books For Babies,MISMATCH,
9781788738354,Lifehouse - Taking Care of Ourselves in a World on Fire,Sciences,Environment,JFD,Sociology,MISMATCH,
9780008129460,Murder On The Links - 2 Poirot,Fiction,Crime Fiction,FC,Classics,MISMATCH,
9780063203907,Prophecies Begin - 2 Warriors Graphic Novel,Fiction,Graphic Novels,YFW,Childrens Fiction,MISMATCH,
9781536225303,Lost And Found - 2 Orris and Timble,Children,Childrens Fiction,YFM,"Childrens Fiction, Romance",MISMATCH,
9781761215674,Wheres Thomas -  A Search And Find Adventure,Children,Activities,YBG,Books For Babies,MISMATCH,
9781517912253,Virtue Hoarders - The Case against the Professional Managerial Class,Sciences,Philosophy,JFSC,Sociology,MISMATCH,
9781787015241,Athens - Lonely Planet City Map,Travel,Maps,WTRM,Travel Literature,MISMATCH,
9781761648304,Cartoonists Club - A Graphic Novel,Fiction,Graphic Novels,YF,Childrens Fiction,MISMATCH,
9781775542858,Leading Under Pressure,Sport,Rugby,BGSA,Biography,MISMATCH,
9781846976391,Kinloch Tales - The Collected Stories,Fiction,Crime Fiction,FA,General Fiction,MISMATCH,
9780735843738,Rainbow Fish - English and Chinese,Children,Childrens Picture Books,YFP,Childrens Fiction,MISMATCH,
9781761645693,Titanic - Ship Of Dreams,Children,Childrens Non Fiction,YFY,Childrens Fiction,MISMATCH,
9781800787520,Myths Monsters and Mayhem in Ancient Greece,History And Politics,Mythology,YNX,Childrens Non Fiction,MISMATCH,
9780241735947,Pornography - Men Possessing Women,Well Being,Psychology,JFF,Sociology,MISMATCH,
9780241672662,Every Man - Why Violence Against Women Is A Mens Issue And How You Can Make A Difference,Well Being,Gender,JFFK,Sociology,MISMATCH,
9780241645833,North Pole - The History of an Obsession,Travel,Travel Literature,WTL,Travel Guides,MISMATCH,
9781405962193,Furies - Three Women And Their Violent Fight For Justice,Well Being,Gender,JFFK,Sociology,MISMATCH,
9780008637965,Why Were Getting Poorer - A Realists Guide to the Economy and How We Can Fix It,History And Politics,History,KCB,Economics,MISMATCH,
9781529356816,Dragons Promise - 2 Six Crimson Cranes,Fiction,Teen Fiction,FM,Science Fiction and Fantasy,MISMATCH,
9781839641756,Memoirs of Sherlock Holmes - 4 Sherlock Holmes,Fiction,Classics,FFC,Crime Fiction,MISMATCH,
9781804175620,His Last Bow - 8 Sherlock Holmes,Fiction,Classics,FFC,Crime Fiction,MISMATCH,
9781804175613,Sign of the Four - 2 Sherlock Holmes,Fiction,Classics,FFC,Crime Fiction,MISMATCH,
9781804175590,Study in Scarlet - 1 Sherlock Holmes,Fiction,Classics,FFC,Crime Fiction,MISMATCH,
9781804175606,Valley of Fear - 7 Sherlock Holmes,Fiction,Classics,FFC,Crime Fiction,MISMATCH,
9781399821339,Into the Uncut Grass,Fiction,Graphic Novels,BM,Biography,MISMATCH,
9781783968916,Chokepoints - How The Global Economy Became A Weapon Of War,Sciences,Economics,JP,Politics,MISMATCH,
9781915590350,Invention of Amsterdam - A History of Europe's Greatest City in Ten Walks,Travel,Travel Literature,WTL,Travel Guides,MISMATCH,
9780702265877,Nightingale,Fiction,Historical Fiction,HBWL,History,MISMATCH,
9781035031627,Dragons Wyverns and Serpents - Myths and Legends,History And Politics,Mythology,FC,Classics,MISMATCH,
9781035031634,Witches Wizards and Sorcerers - Myths and Legends,History And Politics,Mythology,FC,Classics,MISMATCH,
9780593624760,Rules for Rule Breaking,Fiction,Teen Fiction,YFM,"Childrens Fiction, Romance",MISMATCH,
9781526643179,Illuminations,Fiction,Science Fiction and Fantasy,FYB,General Fiction,MISMATCH,
9781800811607,Language Puzzle - How We Talked Our Way Out of the Stone Age,Sciences,General Science,CBX,Languages,MISMATCH,
9781774060117,Think Like A Commoner - A Short Introduction To The Life Of The Commons,Sciences,Economics,JPVH1,Politics,MISMATCH,
9781526690333,Court of Thorns and Roses - 1 Limited Edition,Fiction,Science Fiction and Fantasy,FRD,Romance,MISMATCH,
9781526690340,Court of Mist and Fury - 2 Limited Edition,Fiction,Science Fiction and Fantasy,FRD,Romance,MISMATCH,
9781526690357,Court of Wings and Ruin - 3 Limited Edition,Fiction,Science Fiction and Fantasy,FRD,Romance,MISMATCH,
9781526690364,Court of Frost and Starlight - 4 Limited Edition,Fiction,Science Fiction and Fantasy,FRD,Romance,MISMATCH,
9781035030613,Outrage - Why the Fight for LGBTQ+ Equality Is Not Yet Won and What We Can Do About It,Well Being,Gender,JFFJ,Sociology,MISMATCH,
9798890039415,"Being Ace - An Anthology of Queer, Trans, Femme, and Disabled Stories of Asexual Love and Connection",Fiction,Teen Fiction,YFM,"Childrens Fiction, Romance",MISMATCH,
9781784758523,Crazy House,Fiction,Crime Fiction,YFCB,"Childrens Fiction, Thriller",MISMATCH,
9780553258479,Exodus - A Novel of Israel,Fiction,Historical Fiction,FA,General Fiction,MISMATCH,
9781761620102,Bluey - Hide and Seek,Children,Books For Babies,YBCS,Childrens Picture Books,MISMATCH,
9780593888018,Very Hungry Caterpillars Vegetable Garden - A Search AndFind Book,Children,Books For Babies,YBLC,Childrens Non Fiction,MISMATCH,
9780241723067,Toy Story - Pop Up Peekaboo,Children,Books For Babies,YNF,Childrens Non Fiction,MISMATCH,
9781761348693,Main Character Energy - How To Own The Narrative Of Your Life,Well Being,Psychology,BM,Biography,MISMATCH,
9780241710401,Find Spot in the Garden,Children,Books For Babies,YBCH,Childrens Picture Books,MISMATCH,
9780593887936,You Are My Busy Little Spider,Children,Books For Babies,YFP,Childrens Fiction,MISMATCH,
9780593752418,Homegrown Grossology - Icky Things in Your Everyday Life,Children,Childrens Fiction,YNU,Childrens Non Fiction,MISMATCH,
9781787742697,Peanuts - Heres To You Charlie Brown,Fiction,Graphic Novels,WHX,Humour,MISMATCH,
9781523528837,Just a Banana,Children,Books For Babies,YNU,Childrens Non Fiction,MISMATCH,
9781399628617,Fart Bingo,Children,Activities,YNV,Childrens Non Fiction,MISMATCH,
9781526364661,Girl at the Front of the Class,Children,Childrens Fiction,YBCS,Childrens Picture Books,MISMATCH,
9781776957309,Hairy Maclarys Magnet Fun,Children,Activities,YBGT,Books For Babies,MISMATCH,
9781761040191,Bluey - Fun and Games - A Colouring Book,Children,Activities,YBGC,Books For Babies,MISMATCH,
9780723264149,Spots Birthday Party,Children,Books For Babies,YBCB,Childrens Picture Books,MISMATCH,
9780143306764,Hairy Maclarys Showbusiness,Children,Books For Babies,YBCS,Childrens Picture Books,MISMATCH,
9780143306849,Schnitzel Von Krumm Forget Me Knot,Children,Books For Babies,YBCS,Childrens Picture Books,MISMATCH,
9780143501763,Where Is The Green Sheep,Children,Books For Babies,YBCS,Childrens Picture Books,MISMATCH,
9781526631169,Cold Spell - A Human History of Ice,Travel,Travel Literature,HBTB,History,MISMATCH,
9781784758554,Fall of Crazy House,Fiction,Teen Fiction,YFCB,"Childrens Fiction, Thriller",MISMATCH,
9781035068326,Meet the Mubbles,Fiction,Graphic Novels,YF,Childrens Fiction,MISMATCH,
9781835010341,Being With Cows,Sciences,Environment,VFJX,Psychology,MISMATCH,
9781785122361,Im Not Lazy - Im On Energy Saving Mode,Well Being,Humour,VS,Psychology,MISMATCH,
9781529523485,Jigsaw - A Puzzle in the Post,Children,Activities,YBCS,Childrens Picture Books,MISMATCH,
9781409194057,Fate Breaker - 3 Realm Breaker,Fiction,Teen Fiction,FM,Science Fiction and Fantasy,MISMATCH,
9780593481936,My First Book of Beards,Children,Books For Babies,YB,Childrens Non Fiction,MISMATCH,
9781035063239,Wild Ghost Chase - Agents of S.U.I.T.,Fiction,Graphic Novels,YFW,Childrens Fiction,MISMATCH,
9781529026115,Runaway Cone,Children,Childrens Picture Books,YNTR,Childrens Non Fiction,MISMATCH,
9781804994856,Unfiltered - My Incredible Decade in Formula 1,Motoring,Transport,BGSA,Biography,MISMATCH,
9781460758137,Pacific - In The Wake Of Captain Cook With Sam Neill,Travel,Travel Literature,BGH,Biography,MISMATCH,
9781035048861,Jaws,Fiction,Classics,FH,Thriller,MISMATCH,
9781529932713,Tell,Well Being,Psychology,BM,Biography,MISMATCH,
9781991154590,Surveillance - 1 Grace Marks,Fiction,Crime Fiction,FA,General Fiction,MISMATCH,
9780063434691,Nimona - 10th Anniversary Limited Edition,Fiction,Graphic Novels,YFW,Childrens Fiction,MISMATCH,
9781802062694,Invisible Doctrine - The Secret History of Neoliberalism and How It Came to Control Your Life,Sciences,Economics,JPFM,Politics,MISMATCH,
9780753559949,Dirty Filthy Book - Annie Besant's Fight for Reproductive Rights,Well Being,Gender,HBTB,History,MISMATCH,
9780753558805,Effortless - Make It Easier to Do What Matters Mos,Well Being,Psychology,KJMT,Business,MISMATCH,
9781398543409,Sunset at Zero Point,Fiction,Graphic Novels,FL,Science Fiction and Fantasy,MISMATCH,
9781907127304,Midsummer Night's Dream - Classical Comics - QUICK Text Edition,Fiction,Graphic Novels,FA,General Fiction,MISMATCH,
9781580897686,Baby Loves Thermodynamics,Children,Books For Babies,YBCB,Childrens Picture Books,MISMATCH,
9781911720324,Lore Olympus - Volume Eight,Fiction,Graphic Novels,FM,Science Fiction and Fantasy,MISMATCH,
9781588347879,Flight of the Godwit - Tracking Epic Shorebird Migrations,Sciences,Environment,PSVW6,General Science,MISMATCH,
9780593581896,Pop Manga Stickerology - A Surreal Safari of 250+ Cute and Quirky Stickers,The Arts,Craft,WF,Fashion,MISMATCH,
9780008585051,Meet Me at the Surface,Fiction,Historical Fiction,FQ,General Fiction,MISMATCH,
9781760111038,Singing Bones - Inspired by Grimms' Fairy Tales,Fiction,Graphic Novels,YFJ,Childrens Fiction,MISMATCH,
9780008664992,Whisky Map of Scotland - Discover where Scotland's national drink is produced,Travel,Maps,WTH,Travel Guides,MISMATCH,
9780008530501,Queer Bible,Well Being,Gender,JFSK,Sociology,MISMATCH,
9780008394424,Storms Edge - Life  Death and Magic in the Islands of Orkney,Travel,Travel Literature,HBTB,History,MISMATCH,
9780008687526,Goldens,Fiction,Teen Fiction,YFCB,"Childrens Fiction, Thriller",MISMATCH,
9781460765906,Year We Escaped,Fiction,Teen Fiction,YFT,Childrens Fiction,MISMATCH,
9781728270111,Thats Not My Name,Fiction,Teen Fiction,YFCB,"Childrens Fiction, Thriller",MISMATCH,
9780099477778,Island,Fiction,Classics,FA,General Fiction,MISMATCH,
9781398531451,Oathbound - 3 Legendborn Cycle,Fiction,Teen Fiction,YFB,Childrens Fiction,MISMATCH,
9780753826812,Return To The Olive Farm,Travel,Travel Literature,WTL,Travel Guides,MISMATCH,
9781250772879,Weirdo,Fiction,Graphic Novels,YFW,Childrens Fiction,MISMATCH,
9781406387797,I Want My Hat Back,Children,Books For Babies,YBCS,Childrens Picture Books,MISMATCH,
9781406390735,This Is Not My Hat,Children,Books For Babies,YBCS,Childrens Picture Books,MISMATCH,
9780008587802,Once More From The Top,Fiction,Crime Fiction,FA,General Fiction,MISMATCH,
9781419756788,Dawn of Yangchen - 3 Chronicles of the Avatar,Fiction,Science Fiction and Fantasy,YFH,Childrens Fiction,MISMATCH,
9781838857509,"Overnight - Journeys, Conversations and Stories After Dark",Travel,Travel Literature,WTL,Travel Guides,MISMATCH,
9781914613838,"In Green - Two Horses, Two Strangers, a Journey to the End of the Land",Travel,Travel Literature,WTL,Travel Guides,MISMATCH,
9781526686602,Les Normaux,Fiction,Graphic Novels,FRD,Romance,MISMATCH,
9781526644992,James and John - A True Story of Prejudice and Murder,Biographies,Biography,HBTB,History,MISMATCH,
9781399409049,On This Holy Island - A Modern Pilgrimage Across Britain,Travel,Travel Literature,WTL,Travel Guides,MISMATCH,
9781838510497,Dior by Dior - The Autobiography of Christian Dior,The Arts,Fashion,BGA,Biography,MISMATCH,
9781444978049,Dont Let The Forest In,Fiction,Science Fiction and Fantasy,YFD,"Childrens Fiction, Horror",MISMATCH,
9781646092970,Apothecary Diaries - 4 Light Novel,Fiction,Science Fiction and Fantasy,FFH,Crime Fiction,MISMATCH,
9780674293946,Our Oldest Companions - Story Of The First Dogs,Sciences,Environment,PSAF,General Science,MISMATCH,
9781646093243,Apothecary Diaries - 5 Light Novel,Fiction,Science Fiction and Fantasy,FFH,Crime Fiction,MISMATCH,
9781444934366,Brrr!,Children,Childrens Picture Books,YFQ,Childrens Fiction,MISMATCH,
9781444933796,Oi Frog! - Board Book,Children,Books For Babies,YBCB,Childrens Picture Books,MISMATCH,
9781444944242,Oi Cat! - Board Book,Children,Books For Babies,YBCS,Childrens Picture Books,MISMATCH,
9781526675064,Needy Little Things,Fiction,Teen Fiction,YFCB,"Childrens Fiction, Thriller",MISMATCH,
9781526666574,Where the Heart Should Be,Fiction,Teen Fiction,YFN,Childrens Fiction,MISMATCH,
9781836430896,I Am the Cage,Fiction,Teen Fiction,YFM,"Childrens Fiction, Romance",MISMATCH,
9781035916962,Songs for Ghosts,Fiction,Teen Fiction,YFM,"Childrens Fiction, Romance",MISMATCH,
9781780277745,Clans and Tartans of Scotland,Travel,Travel Literature,HB,History,MISMATCH,
9781842046678,Scottish Clans And Tartans,Travel,Travel Literature,HBJD1,History,MISMATCH,
9780760395714,"Emma - The Work, Life, and Style of Emma Stone",Biographies,Biography,APB,Music And Performing Arts,MISMATCH,
9780785846574,Calm And Serene Coloring Book - Over 150 Pages of Inspiring Beauty to Color - with Beautiful Sprayed Edges,The Arts,Craft,WF,Fashion,MISMATCH,
9780760393888,Complete Book of Porsche 911 - 4th Edition - Every Model Since 1964,Motoring,Transport,WGC,Gardening,MISMATCH,
9780008625627,Death of Us,Fiction,Crime Fiction,FA,General Fiction,MISMATCH,
9781623543983,Baby Loves Automotive Engineering,Children,Books For Babies,YF,Childrens Fiction,MISMATCH,
9781623543976,Baby Loves Paleontology,Children,Books For Babies,YF,Childrens Fiction,MISMATCH,
9780857528384,Training School for Elephants,Travel,Travel Literature,HBG,History,MISMATCH,
9780760394472,Complete Book Of Corvette 5th Edition - Every Model Since 1953,Motoring,Transport,WGCB,Gardening,MISMATCH,
9780760393826,"Pocket Universal Principles of Branding - 100 Key Concepts for Defining, Building, and Delivering Brands",The Arts,Art,KJSA,Business,MISMATCH,
9781991006943,Its A Bit More Complicated Than That,Fiction,Teen Fiction,YFB,Childrens Fiction,MISMATCH,
9781529359428,Good And Evil - 2 The Black Sun,Fiction,Historical Fiction,FJMS,General Fiction,MISMATCH,
9781529300338,Hellbound - 3 The Black Sun,Fiction,Historical Fiction,FJMS,General Fiction,MISMATCH,
9781805133384,Lets Go - Toddler Talk,Children,Books For Babies,YBLN,Childrens Non Fiction,MISMATCH,
9781805133391,All Gone - Toddler Talk,Children,Books For Babies,YBCB,Childrens Picture Books,MISMATCH,
9781836002901,Dinosaurs - Touch And Feel,Children,Books For Babies,YBLF,Childrens Non Fiction,MISMATCH,
9781835872987,Colour Monster - Mindfulness - A feel-good activity book with 45 mandalas to colour,Well Being,Childrens Well Being,YBGC,Books For Babies,MISMATCH,
9782067259652,Turkey - Michelin National Map 758,Travel,Maps,WTRD,Travel Literature,MISMATCH,
9781783969012,Fires of Gallipoli,Fiction,Historical Fiction,FJMF,General Fiction,MISMATCH,
9781668209516,Why Buddhism is True - The Science and Philosophy of Meditation and Enlightenment,History And Politics,Religion,VS,Psychology,MISMATCH,
9781398534674,Hallow Hunt -  Volume 2,Fiction,Teen Fiction,YFB,Childrens Fiction,MISMATCH,
9781789297485,Lancaster Story - True Tales of Britain's Legendary Bomber,Motoring,Transport,WGM,Gardening,MISMATCH,
9798765671696,Fierce Little Woman And The Wicked Pirate,Children,Childrens Picture Books,YFC,Childrens Fiction,MISMATCH,
9781473226722,Stone And Sky - 10 Rivers of London,Fiction,Science Fiction and Fantasy,FF,Crime Fiction,MISMATCH,
9781398828186,50 Greatest Scientists - The pioneers who have changed our world,Sciences,General Science,BGT,Biography,MISMATCH,
9781398850187,Sherlock Holmes - A Thrilling Casebook of Villainous Crimes,Fiction,Classics,FFC,Crime Fiction,MISMATCH,
9781398840256,Call of the Wild - Gilded Pocket Edition,Fiction,Classics,YFA,Childrens Fiction,MISMATCH,
9781398841772,Large Print Flowers Colouring Book - Over 45 Images,The Arts,Craft,WFA,Fashion,MISMATCH,
9781399817721,Short History Of The Apocalypse,Well Being,Humour,FA,General Fiction,MISMATCH,
9780719844614,Spoon Carving - From Log to Spoon,The Arts,Craft,WFS,Fashion,MISMATCH,
9780719844539,Chair Caning - A Practical Guide to Weaving Cane Seats,The Arts,Craft,WF,Fashion,MISMATCH,
9780747545187,Princess Bride,Fiction,Classics,FA,General Fiction,MISMATCH,
9780473732998,Thats What I Am - Oral Histories Of Older Lesbians,Well Being,Gender,JF,Sociology,MISMATCH,
9781835822739,Writing Skills Workbook 1 - In Print Letters (British English edition),Children,Study And Education,YQC,Childrens Picture Books,MISMATCH,
9781835822753,Jolly Phonics Capital Letters Handwriting Book - In Precursive Letters (British English edition),Children,Study And Education,YQC,Childrens Picture Books,MISMATCH,
9781835822708,Reading Comprehension Pupil Book 1 - In Print Letters (British English edition),Children,Study And Education,YQC,Childrens Picture Books,MISMATCH,
9781423251101,Algebra part 1,Children,Study And Education,PBF,General Science,MISMATCH,
9781423251118,Algebra Part 2,Children,Study And Education,PBF,General Science,MISMATCH,
9781250204042,Science Comics - Digestive System,Fiction,Graphic Novels,YNUC,Childrens Non Fiction,MISMATCH,
9781250228383,Science Comics - Whales,Fiction,Graphic Novels,YFW,Childrens Fiction,MISMATCH,
9781250228383,Science Comics - Whales,Children,Childrens Non Fiction,YFW,Childrens Fiction,MISMATCH,
9780241554937,Cues - Master the Secret Language of Charismatic Communication,Sciences,Business,JHBA,Sociology,MISMATCH,
9781529907469,Greatest Nobodies of History - Minor Characters from Major Moments,History And Politics,History,WH,Humour,MISMATCH,
9780008751890,World of Dr Seuss - A Search and Find Book,Children,Activities,YBG,Books For Babies,MISMATCH,
9780008682347,Minecraft Magical Bite-Size Builds,Children,Activities,YNVU,Childrens Non Fiction,MISMATCH,
9781783784578,"Philosopher and the Wolf - Lessons From the Wild on Love, Death and Happiness",Sciences,Philosophy,BM,Biography,MISMATCH,
9780306921421,Sword and Scimitar - Fourteen Centuries of War between Islam and the West,History And Politics,Sociology,HBTB,History,MISMATCH,
9780415267694,Rosicrucian Enlightenment,History And Politics,History,PDX,General Science,MISMATCH,
9781914502149,Moomins and the Great Flood,Children,Childrens Fiction,YBCH,Childrens Picture Books,MISMATCH,
9781035054008,Can You Find Mummy,Children,Books For Babies,YBCB,Childrens Picture Books,MISMATCH,
9781644214671,Sad Tiger,Biographies,Biography,FA,General Fiction,MISMATCH,
9781775542650,Coach - Lessons from an All Blacks Legend,Sport,Rugby,BGSA,Biography,MISMATCH,
9781541645639,Discrimination And Disparities,History And Politics,History,KCM,Economics,MISMATCH,
9781626723603,Science Comics - Volcanoes,Fiction,Graphic Novels,YFW,Childrens Fiction,MISMATCH,
9781626723603,Science Comics - Volcanoes,Children,Childrens Non Fiction,YFW,Childrens Fiction,MISMATCH,
9781626724082,Science Comics - Bats,Children,Childrens Non Fiction,YFW,Childrens Fiction,MISMATCH,
9781626721418,Solar System - Our Place in Space - Science Comics,Fiction,Graphic Novels,YFW,Childrens Fiction,MISMATCH,
9781626721418,Solar System - Our Place in Space - Science Comics,Children,Childrens Non Fiction,YFW,Childrens Fiction,MISMATCH,
9780719844591,Porsche Sports Racing Prototypes 1963-1971,Motoring,Transport,WGCB,Gardening,MISMATCH,
9780719844638,Making Mechanical Toys,The Arts,Craft,WFH,Fashion,MISMATCH,
9781406309614,Ten in the Bed,Children,Books For Babies,YBCS,Childrens Picture Books,MISMATCH,
9780764369032,Transit Tourism - The Iconic Art and Design of 22 Subway Systems around the World,Travel,Travel Literature,WGF,Gardening,MISMATCH,
9783791393629,Supersonic - The Design and Lifestyle of Concorde,Motoring,Transport,WGM,Gardening,MISMATCH,
9783791393001,Japan: A Culinary Travel Diary,Travel,Travel Literature,WBN,Food And Beverage,MISMATCH,
9781497104945,Complete Starter Guide to Macrame - 15 Knotted Home Creations Made with Natural Materials,The Arts,Craft,WFC,Fashion,MISMATCH,
9781398538078,Stranger Skies - 2 Drowned Gods,Fiction,Teen Fiction,YFH,Childrens Fiction,MISMATCH,
9781398527362,Curious Tides - 1 Drowned Gods,Fiction,Teen Fiction,YFB,Childrens Fiction,MISMATCH,
9780759556904,Muhammad Najem - War Reporter,Fiction,Graphic Novels,YNUC,Childrens Non Fiction,MISMATCH,
9781923049482,Feathered Freaks - A compendium of the world's weirdest birds,Sciences,Environment,WHP,Humour,MISMATCH,
9781641244091,My Sticker Paintings: Cats - 10 Amazing Felines,The Arts,Craft,YBGC,Books For Babies,MISMATCH,
9781641244084,My Sticker Paintings - Trucks - 10 Massive Machines,The Arts,Craft,YBGC,Books For Babies,MISMATCH,
9781788708548,Filterworld - How Algorithms Make Everything the Same,History And Politics,Sociology,PDR,General Science,MISMATCH,
9781988595634,Room To Write - 20 Years of Randell Cottage Writers - 20 ans d'ecrivains au Randell Cottage,Travel,Languages,FA,General Fiction,MISMATCH,
9781784946982,Routing - Projects and Techniques for the Small Router,The Arts,Craft,WKDW,General Sport And Fitness,MISMATCH,
9780008456801,Book That Broke the World - 2 Library Trilogy,Fiction,Science Fiction and Fantasy,FJ,General Fiction,MISMATCH,
9780143137689,Winter Goddess - A Novel,Fiction,Historical Fiction,FQ,General Fiction,MISMATCH,
9781405972239,Stories of Ireland,Fiction,Classics,FA,General Fiction,MISMATCH,
9781405948425,Odyssey,History And Politics,Mythology,FQ,General Fiction,MISMATCH,
9780241724439,Inspector Imanishi Investigates,Fiction,Classics,FFC,Crime Fiction,MISMATCH,
9780241563397,Penguin Book of Polish Short Stories,Fiction,Classics,FA,General Fiction,MISMATCH,
9781488959370,Bluey  - Inkredibles Invisible Ink,Children,Activities,YBCH,Childrens Picture Books,MISMATCH,
9781488938719,Handwriting - School Zone Ages 8-10,Children,Study And Education,YBL,Childrens Non Fiction,MISMATCH,
9781488938641,Multiplication And Division - School Zone Ages 8 - 10,Children,Study And Education,YBL,Childrens Non Fiction,MISMATCH,
9781488938832,Maths Readiness - School Zone Ages 5-7,Children,Study And Education,YQM,Childrens Picture Books,MISMATCH,
9781488938771,Sight Word Fun - School Zone Ages 6-8,Children,Study And Education,YBL,Childrens Non Fiction,MISMATCH,
9781488938597,Maths Basics 5 - School Zone Ages 9 - 11,Children,Study And Education,YBL,Childrens Non Fiction,MISMATCH,
9781488924132,Times Tables - Junior Explorers Magnetic Books,Children,Study And Education,YBLC,Childrens Non Fiction,MISMATCH,
9781488964008,First Animals - Building Blocks Floor Puzzle,Children,Activities,YNVP,Childrens Non Fiction,MISMATCH,
9781488964015,First Words - Building Blocks Floor Puzzle,Children,Activities,YNVP,Childrens Non Fiction,MISMATCH,
9781488914751,Diggers and Dumpers - Inkredibles Invisible Ink,Children,Activities,YBG,Books For Babies,MISMATCH,
9781488960765,Bluey Easter - Inkredibles Magic Ink,Children,Activities,YBGC,Books For Babies,MISMATCH,
9781488910722,Disney Princess - Inkredibles Magic Ink,Children,Activities,YBGT,Books For Babies,MISMATCH,
9781488963995,Word Sounds - Building Blocks Match & Learn,Children,Activities,YNVP,Childrens Non Fiction,MISMATCH,
9781743528150,Junior Explorers Times Tables Pull-the-Tab Flash Cards,Children,Study And Education,YBLC,Childrens Non Fiction,MISMATCH,
9780241568743,Revolting Rhymes,Children,Childrens Fiction,YBC,Childrens Picture Books,MISMATCH,
9780241422137,Matildas Jokes For Awesome Kids,Children,Childrens Fiction,YNU,Childrens Non Fiction,MISMATCH,
9780241481493,My Mum is Magnificent,Children,Books For Babies,YBLB1,Childrens Non Fiction,MISMATCH,
9780141368238,Whizzpopping Joke Book,Children,Childrens Fiction,YNU,Childrens Non Fiction,MISMATCH,
9780241610800,How to Be a Writer - Splendiferous Stories,Children,Activities,YQF,Childrens Picture Books,MISMATCH,
9780241347478,What Is Free Speech - The History of a Dangerous Idea,Sciences,Philosophy,JFCX,Sociology,MISMATCH,
9781802064636,Black Box - Writing the Race,Biographies,Essays,DSBH,Classics,MISMATCH,
9780241186893,Lives of the Caesars,Fiction,Classics,HBLA1,History,MISMATCH,
9781802063165,"Canceling of the American Mind - How Cancel Culture Undermines Trust, Destroys Institutions, and Threatens Us All",Sciences,Philosophy,JPFK,Politics,MISMATCH,
9781907127281,Midsummer Nights Dream - Classical Comics - Original Text,Fiction,Graphic Novels,FA,General Fiction,MISMATCH,
9781988538631,My Name Is Henry Fanshaw - The True Story of New Zealand's Bomber Squadron,Children,Childrens Non Fiction,YF,Childrens Fiction,MISMATCH,
9780349020433,She Speaks - What Shakespeare's Women Might Have Said,Fiction,Poetry,FA,General Fiction,MISMATCH,
9780241735121,Corsica - DK Top 10,Travel,Travel Literature,WTH,Travel Guides,MISMATCH,
9781626728011,Brain - Science Comics,Fiction,Graphic Novels,YFW,Childrens Fiction,MISMATCH,
9781837585205,Lonely Planet Women Travel Solo - 30 Inspiring Stories Of Adventure Curiosity And The Power Of Self-Discovery,Travel,Travel Literature,WTL,Travel Guides,MISMATCH,
9780241554418,Masquerade,Fiction,Teen Fiction,YFM,"Childrens Fiction, Romance",MISMATCH,
9781761354991,Wish in a Tree,Fiction,Teen Fiction,YFB,Childrens Fiction,MISMATCH,
9780473739065,A will and a way - On foot across france,Travel,Travel Literature,WTL,Travel Guides,MISMATCH,
9781761566868,Girl Falling,Fiction,Crime Fiction,FA,General Fiction,MISMATCH,
9781035065233,Snow Geese,Travel,Travel Literature,WTL,Travel Guides,MISMATCH,
9780008192211,Fates Divide - 2 Carve The Mark,Fiction,Teen Fiction,YFH,Childrens Fiction,MISMATCH,
9781035023479,Air Borne - The Hidden History of the Life We Breathe,Sciences,General Science,MJCJ,Health,MISMATCH,
9780063452244,"AI Valley - Microsoft, Google, and the Trillion-Dollar Race to Cash In on Artificial Intelligence",Sciences,General Science,KJH,Business,MISMATCH,
9781761401084,Built for Speed,Motoring,Transport,YNT,Childrens Non Fiction,MISMATCH,
9781784684501,Where Is Tiger,Children,Books For Babies,YB,Childrens Non Fiction,MISMATCH,
9781784684525,Where Is Sheep,Children,Books For Babies,YB,Childrens Non Fiction,MISMATCH,
9781835320716,Weather Rhymes,Children,Books For Babies,YBLB,Childrens Non Fiction,MISMATCH,
9781835320723,Playtime Rhymes,Children,Books For Babies,YBLB,Childrens Non Fiction,MISMATCH,
9781835320730,Bedtime Rhymes,Children,Books For Babies,YBLB,Childrens Non Fiction,MISMATCH,
9781835320709,Animal Rhymes,Children,Books For Babies,YBLB,Childrens Non Fiction,MISMATCH,
9781912646357,Baby Sees - Spots and Dots,Children,Books For Babies,YBLH,Childrens Non Fiction,MISMATCH,
9781912646340,Baby Sees - Babys First Book,Children,Books For Babies,YBLH,Childrens Non Fiction,MISMATCH,
9781739271497,Tractor Ted - 3 Picture Puzzles Tractors,Children,Activities,YBLH,Childrens Non Fiction,MISMATCH,
9781912188673,How to Draw Amazing Birds,Children,Activities,YBGC,Books For Babies,MISMATCH,
9781782705215,How To Draw Wild Animals,Children,Activities,YBG,Books For Babies,MISMATCH,
9781782705192,How To Draw Farm Animals,Children,Activities,YBG,Books For Babies,MISMATCH,
9781497104761,Whittling On the Go - 13 Easy-to-Learn Woodcarving Projects,The Arts,Craft,WFS,Fashion,MISMATCH,
9781509560738,Ancestral Future,History And Politics,History,JHMC,Sociology,MISMATCH,
9781035026357,Legend of the White Snake,Fiction,Teen Fiction,YFB,Childrens Fiction,MISMATCH,
9781250363084,Dragon Hoops,Fiction,Graphic Novels,YFW,Childrens Fiction,MISMATCH,
9781250818386,Oasis,Fiction,Graphic Novels,YFW,Childrens Fiction,MISMATCH,
9781419765575,Song Of The Lioness - Alanna - 1 Song Of The Lioness,Fiction,Graphic Novels,YFW,Childrens Fiction,MISMATCH,
9780141041155,Perfume - The Story of a Murderer,Fiction,Classics,FA,General Fiction,MISMATCH,
9788854417946,Chanel No. 5 - The Perfume of a Century,The Arts,Fashion,JFCK,Sociology,MISMATCH,
9780008365141,Catland - Feline Enchantment and the Making of the Modern World,History And Politics,History,AGB,Art,MISMATCH,
9780743456067,Rock My Soul - Black People and Self-Esteem,Well Being,Psychology,JFCA,Sociology,MISMATCH,
9781524889265,Murder Ballads - Illustrated Lyrics & Lore,History And Politics,Mythology,JFHF,Sociology,MISMATCH,
9781761632600,Men Who Killed The News - The Inside Story Of How Media Moguls Abused Their Power,History And Politics,History,JFC,Sociology,MISMATCH,
9780522880694,Shadows of Azadi - Women's Lives in the Crucible of Kashmir,History And Politics,History,JF,Sociology,MISMATCH,
9781398521001,Cold Blood - 3 Bite Risk,Fiction,Teen Fiction,YFB,Childrens Fiction,MISMATCH,
9781398532922,Deep Dark - Volume 1,Fiction,Teen Fiction,YFH,Childrens Fiction,MISMATCH,
9781529520927,Skipshock,Fiction,Teen Fiction,YFM,"Childrens Fiction, Romance",MISMATCH,
9781761211287,Into the Bewilderness,Fiction,Graphic Novels,YFW,Childrens Fiction,MISMATCH,
9781035053780,Tickle Book - A Push Pull and Slide Book,Children,Books For Babies,YBCS,Childrens Picture Books,MISMATCH,
9780008662264,Divergent Series Box Set - Books 1-4,Fiction,Teen Fiction,YFG,Childrens Fiction,MISMATCH,
9781776957316,Food For Kiwi Babies,Children,Books For Babies,YBLA1,Childrens Non Fiction,MISMATCH,
9781761620119,Bluey - Super Mega Colouring Book - A Colouring Book,Children,Activities,YBGC,Books For Babies,MISMATCH,
9780141991924,Place of Tides,Travel,Travel Literature,BM,Biography,MISMATCH,
9780241668610,Dexter Procter The 10-Year-Old Doctor - 1,Children,Childrens Fiction,YFM,"Childrens Fiction, Romance",MISMATCH,
9780241712313,Spots First Walk,Children,Books For Babies,YBCB,Childrens Picture Books,MISMATCH,
9781786311962,Camino Portugues - From Lisbon And Porto To Santiago - Central Coastal And Spiritual Caminos,Travel,Travel Literature,WTH,Travel Guides,MISMATCH,
9780008738969,"Legends and Soles - Business, Creativity and Basketball - A Memoir of an Improbable Life",Sciences,Business,BGSA,Biography,MISMATCH,
9781529511109,Diet Soda Club,Fiction,Teen Fiction,YFN,Childrens Fiction,MISMATCH,
9780746001394,Italian for Beginners,Travel,Languages,YQF,Childrens Picture Books,MISMATCH,
9781786788962,Watkins Book Of African Folklore,History And Politics,Mythology,FA,General Fiction,MISMATCH,
9780593448908,Limits - A Novel,Fiction,Historical Fiction,FJH,General Fiction,MISMATCH,
9781784878764,Caliban Shrieks,Fiction,Classics,FA,General Fiction,MISMATCH,
9781529945683,Collected Works of Billy the Kid,Fiction,Classics,FA,General Fiction,MISMATCH,
9781529936391,Breaking Through - A Memoir,Sciences,General Science,BGTA,Biography,MISMATCH,
9780262552981,Data Is Everybodys Business - The Fundamentals Of Data Monetization,Sciences,General Science,KC,Economics,MISMATCH,
9781804995969,Women on Porn - One hundred stories. One vital conversation,Well Being,Gender,JFSJ1,Sociology,MISMATCH,
9781645059790,Corals Reef - 1,Fiction,Graphic Novels,YFW,Childrens Fiction,MISMATCH,
9780008496807,Sharpes Command - 14 Sharpe Series,Fiction,Historical Fiction,FJH,General Fiction,MISMATCH,
9781529525045,Ultimate Rugby Superstars,Sport,Rugby,YNWB,Childrens Non Fiction,MISMATCH,
9780008644109,Evil Under The Sun - 23 Poirot Special Edition,Fiction,Crime Fiction,FC,Classics,MISMATCH,
9780008641320,Grand Adventure Map,Travel,Maps,WTRM,Travel Literature,MISMATCH,
9780008498290,Full English,Travel,Travel Literature,WTL,Travel Guides,MISMATCH,
9780749021986,We Were The Lucky Ones,Fiction,Historical Fiction,FA,General Fiction,MISMATCH,
9781399812313,Girl on Girl - How Pop Culture Turned a Generation of Women Against Themselves,Well Being,Gender,JFFK,Sociology,MISMATCH,
9780593644690,Ariel Crashes a Train,Fiction,Teen Fiction,YF,Childrens Fiction,MISMATCH,
9780241752326,Beauty - Penguin Archive,Fiction,Classics,FA,General Fiction,MISMATCH,
9780241752234,Requiem - A Hallucination - Penguin Archive,Fiction,Classics,FA,General Fiction,MISMATCH,
9780241752142,Closely Watched Trains - Penguin Archive,Fiction,Classics,FA,General Fiction,MISMATCH,
9780241752029,Reflections In A Golden Eye - Penguin Archive,Fiction,Classics,FA,General Fiction,MISMATCH,
9780241752357,Burned Sinner And The Harmonious Angels - Penguin Archive,Fiction,Classics,FA,General Fiction,MISMATCH,
9780241752036,Drivers Seat - Penguin Archive,Fiction,Classics,FA,General Fiction,MISMATCH,
9780241746974,Odour Of Chrysanthemums - Penguin Archive,Fiction,Classics,FA,General Fiction,MISMATCH,
9780241752227,Ecce Homo - How One Becomes What One Is - Penguin Archive,Fiction,Classics,BGA,Biography,MISMATCH,
9780241752166,Stan The Killer - Penguin Archive,Fiction,Classics,FFC,Crime Fiction,MISMATCH,
9780241746837,Shadow Out Of Time - Penguin Archive,Fiction,Classics,FLC,Science Fiction and Fantasy,MISMATCH,
9780241752371,Under The Jaguar Sun - Penguin Archive,Fiction,Classics,FA,General Fiction,MISMATCH,
9780241747308,History Of England By A Partial Prejudiced And Ignorant Historian - Penguin Archive,Fiction,Classics,BGR,Biography,MISMATCH,
9780241752296,Prose Edda - Penguin Archive,Fiction,Classics,FQ,General Fiction,MISMATCH,
9780241752043,Moment Of War - Penguin Archive,Fiction,Classics,BM,Biography,MISMATCH,
9780241746882,Episode In The Life Of A Landscape Painter - Penguin Archive,Fiction,Classics,FA,General Fiction,MISMATCH,
9780241746806,Paris France - Penguin Archive,Fiction,Classics,BM,Biography,MISMATCH,
9780241752388,Fire Next Time - Penguin Archive,Fiction,Classics,FA,General Fiction,MISMATCH,
9780241752449,Baron Bagge - Penguin Archive,Fiction,Classics,FJMF,General Fiction,MISMATCH,
9780241752241,House Of Hunger - Penguin Archive,Fiction,Classics,FA,General Fiction,MISMATCH,
9780241752098,Thousand Cranes - Penguin Archive,Fiction,Classics,FA,General Fiction,MISMATCH,
9780691117034,To the Success of Our Hopeless Cause - The Many Lives of the Soviet Dissident Movement,History And Politics,History,RG,Environment,MISMATCH,
9781789469011,Lewis Hamilton - The Biography,Motoring,Transport,BGS,Biography,MISMATCH,
9781805302063,Hark - How Women Listen,Well Being,Gender,JFFK,Sociology,MISMATCH,
9781912560172,Fantastic Female Adventurers - Truly amazing tales of women exploring the world,Children,Childrens Non Fiction,YFY,Childrens Fiction,MISMATCH,
9781517913304,Rocks Will Echo Our Sorrow - The Forced Displacement Of The Northern Sami,History And Politics,History,JFSL9,Sociology,MISMATCH,
9781835982846,Free Ride - Heartbreak Courage And The 20000-Mile Motorcycle Journey That Changed My Life,Travel,Travel Literature,WTL,Travel Guides,MISMATCH,
9781789469011,Lewis Hamilton - The Biography,Motoring,Formula One,BGS,Biography,MISMATCH,
9783961716401,Charming France,Travel,Travel Literature,WTH,Travel Guides,MISMATCH,
9781787018266,Edinburgh - Lonely Planet City Map,Travel,Maps,WTRS,Travel Literature,MISMATCH,
9781788842846,David Bowie by Denis ORegan,The Arts,Music And Performing Arts,AJC,Photography,MISMATCH,
9781787015722,Great Britain - Lonely Planet Planning Map,Travel,Maps,WTRM,Travel Literature,MISMATCH,
9781788688796,Scotland Planning Map - Lonely Planet,Travel,Maps,WTRM,Travel Literature,MISMATCH,
9781788688987,Wales - Lonely Planet Planning Map,Travel,Maps,WTRM,Travel Literature,MISMATCH,
9780241772492,When We Were Monsters,Fiction,Teen Fiction,YFCB,"Childrens Fiction, Thriller",MISMATCH,
9781471190490,New Age of Sexism - How the AI Revolution is Reinventing Misogyny,History And Politics,History,JFF,Sociology,MISMATCH,
9781761153372,Five Found Dead,Fiction,Crime Fiction,FA,General Fiction,MISMATCH,
9781526647313,House of Barbary,Fiction,Historical Fiction,FQ,General Fiction,MISMATCH,
9780714545707,Changing Track,Fiction,Classics,FA,General Fiction,MISMATCH,
9781526653987,Stealing Happy,Fiction,Teen Fiction,YFB,Childrens Fiction,MISMATCH,
9781501132711,Courageous Faith,History And Politics,Religion,BGXA,Biography,MISMATCH,
9780785847281,Language of Flowers Coloring Book- A Floral Adventure Through Nature's Delicate Beauty,The Arts,Craft,WF,Fashion,MISMATCH,
9781761181337,Moonlight and Dust,Fiction,Teen Fiction,YFH,Childrens Fiction,MISMATCH,
9781805131267,I Am Raven,Fiction,Teen Fiction,YFB,Childrens Fiction,MISMATCH,
9781839943423,Rising Storm - 3 S.T.E.A.L.T.H.,Fiction,Teen Fiction,YFCB,"Childrens Fiction, Thriller",MISMATCH,
9780760395431,Totally Awesome World of MrBeast - Learn All There Is to Know about the World's Biggest YouTuber,Fiction,Teen Fiction,YNM,Childrens Non Fiction,MISMATCH,
9780571383863,Chaos King,Fiction,Teen Fiction,YFH,Childrens Fiction,MISMATCH,
9780571374380,Not That Kind Of Hero,Fiction,Teen Fiction,YFM,"Childrens Fiction, Romance",MISMATCH,
9781800920897,"Colour Mixing Companion - Your No-Fuss Guide to Mixing Watercolour, Acrylics and Oils",The Arts,Art,WFA,Fashion,MISMATCH,
9781800921870,Draw 30 Flowers - In Easy Steps,The Arts,Art,WFA,Fashion,MISMATCH,
9781800921832,Draw 30 Animals - In Easy Steps,The Arts,Art,WFA,Fashion,MISMATCH,
9781800922341,Kew Book of Drawing Flora and Fauna - 20 Stunning Step-by-Step Tutorials,The Arts,Art,WFA,Fashion,MISMATCH,
9781800923102,Plant and Ink - Make Your Own Plant-Based Ink,The Arts,Craft,AGZ,Art,MISMATCH,
9781800921757,Painting Dragons - 5 Fearsome Step-by-Step Projects,The Arts,Art,WFA,Fashion,MISMATCH,
9781800920507,Watercolour Animals for the Absolute Beginner,The Arts,Art,WFA,Fashion,MISMATCH,
9784805317181,"Drawing Manga Faces And Expressions - A Step-by-step Beginner's Guide (With Over 1,200 Drawings)",The Arts,Art,JFCA,Sociology,MISMATCH,
9781800922679,Art of Fantasy - A Complete Step-by-Step Guide to Drawing Characters and Concept Design,The Arts,Art,WFA,Fashion,MISMATCH,
9781800921795,Simply Paint Birds - A Complete Watercolour Course for Beginners,The Arts,Art,WFA,Fashion,MISMATCH,
9781800920163,Painting in Abstract - Mixed Media Artwork Inspired by the Natural World,The Arts,Art,WFA,Fashion,MISMATCH,
9781800920323,Painting People and Places - Capturing Everyday Life in Oils,The Arts,Art,WFA,Fashion,MISMATCH,
9781761268199,Sins of the Fathers,Fiction,Crime Fiction,FT,General Fiction,MISMATCH,
9781035045648,Living Peacefully,Fiction,Classics,VSPM,Psychology,MISMATCH,
9781250335081,Essential Psycho Cybernetics - The Science of Success,Sciences,Business,VSPM,Psychology,MISMATCH,
9781474948210,What is the Moon? - Very First Questions and Answers,Children,Books For Babies,YNTS,Childrens Non Fiction,MISMATCH,
9781409539070,On the Moon,Children,Childrens Non Fiction,YBC,Childrens Picture Books,MISMATCH,
9780746074770,Sun Moon and Stars,Children,Childrens Non Fiction,YQS,Childrens Picture Books,MISMATCH,
9780141185576,This Side of Paradise,Fiction,Classics,FA,General Fiction,MISMATCH,
9780655233060,Dinosaurs of the World,Children,Childrens Non Fiction,YBC,Childrens Picture Books,MISMATCH,
9781529091397,Nostalgia - A History of a Dangerous Emotion,Well Being,Gender,JFSJ1,Sociology,MISMATCH,
9781760684327,Museum - A Lift The Fact Book,Children,Activities,YNGL,Childrens Non Fiction,MISMATCH,
9781800921603,Amigurumi Animals - Al -New Twenty To Make,The Arts,Craft,WFH,Fashion,MISMATCH,
9781529038033,Storm Pegs - A Life Made in Shetland,Travel,Travel Literature,BM,Biography,MISMATCH,
9781035039050,Among the Believers,Travel,Travel Literature,WTL,Travel Guides,MISMATCH,
9781035054862,Bad Blood - A Walk Along the Irish Border,Travel,Travel Literature,JFS,Sociology,MISMATCH,
9781035054879,Homage to Barcelona - Gay Lives from Wilde to Almodovar,Travel,Travel Literature,WTL,Travel Guides,MISMATCH,
9781035055012,Sign of the Cross - Travels in Catholic Europe,Travel,Travel Literature,HRCC7,Religion,MISMATCH,
9781035083626,Mangatopia Cupcakes and Kitties - A Cuteness Overload Colouring Book of Anime and Manga,The Arts,Craft,WF,Fashion,MISMATCH,
9781035083633,Mangatopia Tiny Kawaii - A Spectacularly Adorable Colouring Book of Anime and Manga,The Arts,Craft,WF,Fashion,MISMATCH,
9781035083640,Mangatopia Puppies and Popsicles - A Playfully Sweet Colouring Book of Anime and Manga,The Arts,Craft,WF,Fashion,MISMATCH,
9781035069941,Shatterproof - How to Thrive in a World of Constant Chaos  - And Why Resilience Isn't Enough,Sciences,Business,VSPM,Psychology,MISMATCH,
9781835870969,Where Did They Go - A Search and Find Book,Children,Activities,YBG,Books For Babies,MISMATCH,
9781805136101,Where is Mr Plane,Children,Books For Babies,YBCB,Childrens Picture Books,MISMATCH,
9781836005377,My Busy Art Book,Children,Activities,YBG,Books For Babies,MISMATCH,
9781761566790,We Saw What You Started,Fiction,Teen Fiction,YFCF,Childrens Fiction,MISMATCH,
9781250836588,We Are Mayhem,Fiction,Teen Fiction,YFM,"Childrens Fiction, Romance",MISMATCH,
9781250359070,Rebis - Born and Reborn,Fiction,Teen Fiction,FX,Graphic Novels,MISMATCH,
9781835871829,Little Bears Alphabet,Children,Books For Babies,YBLA,Childrens Non Fiction,MISMATCH,
9781835871898,Little Bears Colours,Children,Books For Babies,YBLD,Childrens Non Fiction,MISMATCH,
9781035052844,Alice Pull-Out Prints - Illustrations from Wonderland,The Arts,Art,YFA,Childrens Fiction,MISMATCH,
9780008650575,Crimson Moth - 1 Crimson Moth,Fiction,Science Fiction and Fantasy,YFH,Childrens Fiction,MISMATCH,
9781472287236,Tyrant of Rome - 24 Eagles of the Empire,Fiction,Historical Fiction,FJH,General Fiction,MISMATCH,
9781419776045,City of Echoes - 1 Avatar Legends,Fiction,Science Fiction and Fantasy,YFH,Childrens Fiction,MISMATCH,
9780008308483,Willow Moss and the Vanished Kingdom - 3 Starfell,Fiction,Teen Fiction,YFH,Childrens Fiction,MISMATCH,
9780008308407,Willow Moss And The Lost Day - 1 Starfell,Fiction,Teen Fiction,YFH,Childrens Fiction,MISMATCH,
9780008308445,Willow Moss And The Forgotten Tale - 2 Starfell,Fiction,Teen Fiction,YFH,Childrens Fiction,MISMATCH,
9780008308520,Willow Moss And The Magic Thief - 4 Starfell,Fiction,Teen Fiction,YFH,Childrens Fiction,MISMATCH,
9780241457009,Capitalism and Its Critics - A Battle of Ideas in the Modern World,History And Politics,History,KCZ,Economics,MISMATCH,
9781923286153,Animals - Lift the Fact,Children,Childrens Non Fiction,YFP,Childrens Fiction,MISMATCH,
9781760684464,Zoo - A Lift The Fact Book - Lift the Flap,Children,Books For Babies,YNN,Childrens Non Fiction,MISMATCH,
9781760684327,Museum - A Lift The Fact Book,Children,Books For Babies,YNGL,Childrens Non Fiction,MISMATCH,
9780593226711,Little Engine That Could,Children,Books For Babies,YNM,Childrens Non Fiction,MISMATCH,
9780307960306,Little Red Hen - Little Golden Book,Children,Childrens Picture Books,YNM,Childrens Non Fiction,MISMATCH,
9780593645123,Beatles - A Little Golden Book Biography,Children,Childrens Picture Books,YF,Childrens Fiction,MISMATCH,
9780593649442,Ramadan - A Holy Month - A Little Golden Book,Children,Childrens Non Fiction,YF,Childrens Fiction,MISMATCH,
9780385378611,My Little Golden Book About Dinosaurs,Children,Childrens Non Fiction,YBC,Childrens Picture Books,MISMATCH,
9780593646687,Hanukkah - The Festival of Lights - A Little Golden Book,Children,Childrens Non Fiction,YF,Childrens Fiction,MISMATCH,
9780593306857,Dolly Parton - A Little Golden Book Biography,Children,Childrens Non Fiction,YF,Childrens Fiction,MISMATCH,
9780593569801,Bruce Springsteen - A Little Golden Book Biography,Children,Childrens Non Fiction,YF,Childrens Fiction,MISMATCH,
9798217032150,Chappell Roan - A Little Golden Book Biography,Children,Childrens Non Fiction,YF,Childrens Fiction,MISMATCH,
9780593704875,Day of the Dead - A Celebration of Life,Children,Childrens Non Fiction,YF,Childrens Fiction,MISMATCH,
9780553497588,Im a Ballerina - Little Golden Book,Children,Childrens Non Fiction,YBC,Childrens Picture Books,MISMATCH,
9780593706435,King Charles III - A Little Golden Book Biography,Children,Childrens Non Fiction,YF,Childrens Fiction,MISMATCH,
9781423665472,Tales from Atlantis - Coloring Book,The Arts,Craft,WF,Fashion,MISMATCH,
9780593483008,E.T. the Extra-Terrestrial (Funko Pop!),Children,Childrens Picture Books,YF,Childrens Fiction,MISMATCH,
9780593482957,Office - Counting With Office Supplies,Children,Childrens Picture Books,YF,Childrens Fiction,MISMATCH,
9781776891375,New Zealand Fish of the Week,Children,Childrens Non Fiction,YBC,Childrens Picture Books,MISMATCH,
9781788688024,Czech - Lonely Planet Phrasebook & Dictionary,Travel,Languages,WTK,Travel Guides,MISMATCH,
9781250373267,Mythographic Color and Discover - Dragonspell - An Artist's Coloring Book of Magical Realms and Epic Journeys,The Arts,Craft,YBGC,Books For Babies,MISMATCH,
9780571371723,Lord of the Flies - Introduced by Stephen King,Fiction,Classics,YFA,Childrens Fiction,MISMATCH,
9781837260867,Raising Hare,Sciences,Environment,BM,Biography,MISMATCH,
9780241458709,Rose Field - 3 Book Of Dust,Fiction,Teen Fiction,FM,Science Fiction and Fantasy,MISMATCH,
9781529061550,No Friend To This House,Fiction,Historical Fiction,FQ,General Fiction,MISMATCH,
9781408897454,Poisoned King - 2 Impossible Creatures,Fiction,Teen Fiction,YFH,Childrens Fiction,MISMATCH,
9780008445386,Light Eaters - How the New Science of Plant Intelligence Expands Our View of Life on Earth,Sciences,Environment,PSA,General Science,MISMATCH,
9781786789792,Joyful Environmentalist - How To Practise Without Preaching,Sciences,Environment,VSZ,Psychology,MISMATCH,
9781761721090,Speechless,Fiction,Graphic Novels,YFW,Childrens Fiction,MISMATCH,
9781399615334,Deep Sea - 10 Things You Should Know,Sciences,Environment,PDZ,General Science,MISMATCH,
9781529155495,"Original Sin - President Biden's decline, its cover-up, and his disastrous choice to run again",Biographies,Biography,JPHF,Politics,MISMATCH,
9781847942678,World For Sale - Money Power And The Traders Who Barter The Earths Resources,History And Politics,History,KCLF,Economics,MISMATCH,
9780735216372,Thinking In Bets,History And Politics,History,KJ,Business,MISMATCH,
9780735216372,Thinking In Bets,Sciences,Economics,KJ,Business,MISMATCH,
9781497105379,All-Time Favorite Relief Carving Projects - Expert Instruction and Techniques from Woodcarving Illustrated,The Arts,Craft,WFS,Fashion,MISMATCH,
9781554078929,Graphic War - The Secret Aviation Drawings and Illustrations of World War II,Motoring,Transport,WGM,Gardening,MISMATCH,
9781497207097,Pop-Art Animal Sticker Mosaic Art - 10 Amazing Designs,The Arts,Craft,YBG,Books For Babies,MISMATCH,
9780063471917,How We Grow Up - Understanding Adolescence,Well Being,Family,JFSP2,Sociology,MISMATCH,
9780008566555,Wayfarer - Love Loss And Life on Britains pilgrim paths,Travel,Travel Literature,WTL,Travel Guides,MISMATCH,
9780008626600,Listen Closely,Fiction,Teen Fiction,YFM,"Childrens Fiction, Romance",MISMATCH,
9781804992876,Ingrained - The making of a craftsman,The Arts,Craft,WKDW,General Sport And Fitness,MISMATCH,
9780008756123,Rewind to Us,Fiction,Teen Fiction,YFM,"Childrens Fiction, Romance",MISMATCH,
9780008658588,My Dog,Children,Childrens Fiction,YFM,"Childrens Fiction, Romance",MISMATCH,
9780008726195,Nick and Charlie - A Heartstopper Novella,Fiction,Teen Fiction,YFM,"Childrens Fiction, Romance",MISMATCH,
9781805072492,Thats Not My Digger...,Children,Books For Babies,YBCB,Childrens Picture Books,MISMATCH,
9781836040910,Dogs Snap,Children,Activities,YBG,Books For Babies,MISMATCH,
9781805312789,Dogs And Puppies Sound Book,Children,Books For Babies,YBL,Childrens Non Fiction,MISMATCH,
9781787757301,ADHD Is Our Superpower - The Amazing Talents and Skills of Children with ADHD,Well Being,Childrens Well Being,VFJD,Psychology,MISMATCH,
9781665931564,Legend Of The Yearling - Guardians Of Horsa - Volume 1,Fiction,Graphic Novels,YFW,Childrens Fiction,MISMATCH,
9781797232959,"In Progress -Revised Edition - See Inside a Lettering Artist's Sketchbook and Process, from Pencil to Vector",The Arts,Art,WFU,Fashion,MISMATCH,
9781398834408,War of the Worlds - Gilded Pocket Edition,Fiction,Classics,FLC,Science Fiction and Fantasy,MISMATCH,
9781399734394,Four Mothers - A Year In Motherhood Around The World,History And Politics,History,JFC,Sociology,MISMATCH,
9781398553231,Haves and Have-Yachts - Dispatches on the Ultrarich,Sciences,Economics,JPA,Politics,MISMATCH,
9781836430469,Luminous,Fiction,Science Fiction and Fantasy,FA,General Fiction,MISMATCH,
9781036106614,Light Railway - A Journey along the Narrow and Bucolic,Motoring,Transport,WGF,Gardening,MISMATCH,
9781797228525,Flora Nouveaux - Not Your Grandma's Dried Flowers,The Garden,Gardening,WFW,Craft,MISMATCH,
9781446316078,Luna Lapin Stitched With Kindness - New Friends To Make And Stories To Share,The Arts,Craft,WFH,Fashion,MISMATCH,
9781741756401,Adoration of Jenna Fox,Fiction,Teen Fiction,YFCB,"Childrens Fiction, Thriller",MISMATCH,
9781398848092,"Kew Gardens Beautiful Flowers Colouring Kit - Includes a 64-Page Book, 6 Frameable Colouring Prints and 10 Pencils",The Arts,Craft,WF,Fashion,MISMATCH,
9781398851177,Hans Christian Andersens Fairy Tales - Gilded Pocket Edition,Fiction,Classics,JFHF,Sociology,MISMATCH,
9780719844966,Drawing and Painting Leaves,The Arts,Craft,AGNB,Art,MISMATCH,
9781648484513,Thoughts and Feelings for Teens - A Workbook to Help You Balance Emotions and Take Charge of Your Mental Health,Well Being,Family,VS,Psychology,MISMATCH,
9781776957408,Hairy Maclary and Friends - Little Learning Library - 4 Books In 1,Children,Books For Babies,YBLF,Childrens Non Fiction,MISMATCH,
9781405951296,Lost Paths - A History of How We Walk From Here To There,Travel,Travel Literature,HBTP1,History,MISMATCH,
9780241742440,Spots Ute - Shaped Board Book,Children,Books For Babies,YBCH,Childrens Picture Books,MISMATCH,
9781761620126,Bluey - Grandad,Children,Books For Babies,YBCS,Childrens Picture Books,MISMATCH,
9780008410841,Book Smugglers - 4 Pages and Co,Fiction,Teen Fiction,YFC,Childrens Fiction,MISMATCH,
9781405291798,Defy Me - 5 Shatter Me,Fiction,Teen Fiction,YFG,Childrens Fiction,MISMATCH,
9781529146523,Diary of a CEO - The 33 Laws of Business and Life,Sciences,Business,VSC,Psychology,MISMATCH,
9781405297042,Imagine Me - 6 Shatter Me,Fiction,Teen Fiction,YFB,Childrens Fiction,MISMATCH,
9781742977751,Call Of The Wild - Choose Your Own Ever After,Fiction,Teen Fiction,YFB,Childrens Fiction,MISMATCH,
9781761154027,Darwin on the Beagle,Travel,Travel Literature,BGT,Biography,MISMATCH,
9780241649466,Wildcat Dome,Fiction,Classics,FA,General Fiction,MISMATCH,
9780241774984,Hayeks Bastards - The Neoliberal Roots of the Populist Right,Sciences,General Science,KC,Economics,MISMATCH,
9780241608319,Red Pockets - An Offering,Sciences,Environment,JFC,Sociology,MISMATCH,
9780702269110,Dead Ends,Fiction,Crime Fiction,VFJX,Psychology,MISMATCH,
9781681195766,Court Of Thorns And Roses Coloring Book,Fiction,Science Fiction and Fantasy,WF,Fashion,MISMATCH,
9781761351495,Never Thought Id End Up Here,Fiction,Teen Fiction,YFM,"Childrens Fiction, Romance",MISMATCH,
9781763516496,Torn - Four Women's Stories of Why They Left - or Why They Stayed,Well Being,Gender,BG,Biography,MISMATCH,
9780552552127,Brisingr - 3 The Inheritance Cycle,Fiction,Teen Fiction,YFH,Childrens Fiction,MISMATCH,
9780552552097,Eragon - 1 The Inheritance Cycle,Fiction,Teen Fiction,YFH,Childrens Fiction,MISMATCH,
9780552560245,Inheritance - 4 Inheritance Cycle,Fiction,Teen Fiction,YFH,Childrens Fiction,MISMATCH,
9780571365944,Wild Thing - A Life of Paul Gauguin,The Arts,Art,BGF,Biography,MISMATCH,
9780008240592,Island,Fiction,Crime Fiction,YFCB,"Childrens Fiction, Thriller",MISMATCH,
9781841596372,African Stories,Fiction,Classics,FA,General Fiction,MISMATCH,
9780655233169,CoComelon - Paint with Water,Children,Activities,YBGC,Books For Babies,MISMATCH,
9781529151855,Looking After - A Portrait of My Autistic Brother,Well Being,Family,VFJB,Psychology,MISMATCH,
9781529941982,5 Minute Clean Routine - Tips and Tricks for a Happy Home,Well Being,Health,WKH,General Sport And Fitness,MISMATCH,
9781802062731,Trading Game - A Confession,Sciences,Business,BM,Biography,MISMATCH,
9781035042449,Light Years - 1 Cazalet Chronicles,Fiction,Historical Fiction,FT,General Fiction,MISMATCH,
9781035042456,Marking Time - 2 Cazalet Chronicles,Fiction,Historical Fiction,FA,General Fiction,MISMATCH,
9781035042463,Confusion - 3 Cazalet Chronicles,Fiction,Historical Fiction,FA,General Fiction,MISMATCH,
9781776891474,Songs From The Shaky Isles,Travel,Travel Literature,AVG,Music And Performing Arts,MISMATCH,
9781921966378,Boldilocks,Children,Childrens Picture Books,YFN,Childrens Fiction,MISMATCH,
9781922539939,Last Seed Keeper - 1 Last Seed Keeper,Fiction,Teen Fiction,YFG,Childrens Fiction,MISMATCH,
9781922539946,New Sanctuary - 2 Last Seed Keeper,Fiction,Teen Fiction,YFG,Childrens Fiction,MISMATCH,
9781444952766,Guardians Of Dreamdark - 1 Windwitch,Fiction,Teen Fiction,YFH,Childrens Fiction,MISMATCH,
9781776957132,Pukeko Who Keko,Children,Childrens Picture Books,YBLB,Childrens Non Fiction,MISMATCH,
9781503758476,Disney Pixar Write And Erase Look And Find,Children,Activities,YFC,Childrens Fiction,MISMATCH,
9781503767379,Baby Einstein - First Words Everywhere Sound Book,Children,Childrens Picture Books,YFC,Childrens Fiction,MISMATCH,
9780008671303,Mog the Forgetful Cat Jigsaw Book,Children,Activities,YBCS,Childrens Picture Books,MISMATCH,
9781761201721,Storm,Children,Childrens Non Fiction,YBC,Childrens Picture Books,MISMATCH,
9780571396122,Salka,Fiction,Historical Fiction,YFM,"Childrens Fiction, Romance",MISMATCH,
9781805335214,Murder in the House of Omari,Fiction,Crime Fiction,FA,General Fiction,MISMATCH,
9781785124327,How Wars End - A Hopeful History of Making Peace,History And Politics,History,GTJ,Maps,MISMATCH,
9781800810396,Amuse Bouche - How to Eat Your Way Around France,Travel,Travel Literature,WBN,Food And Beverage,MISMATCH,
9781803511696,Paradise Built in Hell - The Extraordinary Communities That Arise in Disaster,Biographies,Essays,JFFC,Sociology,MISMATCH,
9781787705777,Thailand - The Passenger,Travel,Travel Literature,WTL,Travel Guides,MISMATCH,
9781805330288,Conversations with Rilke,Biographies,Essays,BGL,Biography,MISMATCH,
9780008462482,Progress - A History Of Humanity's Worst Idea,History And Politics,History,JFCX,Sociology,MISMATCH,
9780063351769,Warriors Tigerstar and Sasha,Fiction,Graphic Novels,YFW,Childrens Fiction,MISMATCH,
9780008695040,Tiger Who Came To Tea - Whos at the Door?,Children,Books For Babies,YBCB,Childrens Picture Books,MISMATCH,
9780063247277,I Witnessed - The Lizzie Borden Story,Fiction,Graphic Novels,YFW,Childrens Fiction,MISMATCH,
9781835404249,Slide and See Farm,Children,Books For Babies,YNNF,Childrens Non Fiction,MISMATCH,
9781626862593,Hans Christian Andersen Tales,Fiction,Classics,FQ,General Fiction,MISMATCH,
9781838937980,Lion Hearts,Fiction,Historical Fiction,FJH,General Fiction,MISMATCH,
9781526657909,Want - Sexual Fantasies by Anonymous,Well Being,Family,JFF,Sociology,MISMATCH,
9781789943023,Exploring Printmaking - A Practical Guide to Printmaking Techniques,The Arts,Craft,WF,Fashion,MISMATCH,
9781035919635,Kings Painter - The Life and Times of Hans Holbein,The Arts,Art,BGH,Biography,MISMATCH,
9780760395479,"Black & Decker The Book of Home How-to -, Updated 3rd Edition",The Arts,Craft,WKDM,General Sport And Fitness,MISMATCH,
9780785848035,"Vintage Blossoms and Blooms - Sticker, Color & Activity Book - Over 200 Unique Stickers",The Arts,Craft,WF,Fashion,MISMATCH,
9780785848059,Calming Meditative and Mindful - Sticker Colour And Activity Book - Over 200 Unique Stickers,The Arts,Craft,WF,Fashion,MISMATCH,
9780785847090,Essential Tales of H P Lovecraft,Fiction,Classics,FLC,Science Fiction and Fantasy,MISMATCH,
9781761181542,Set-Up Girl,Fiction,Teen Fiction,YFB,Childrens Fiction,MISMATCH,
9780571385669,Songlight,Fiction,Teen Fiction,YFB,Childrens Fiction,MISMATCH,
9781471418204,What Happens Online,Fiction,Teen Fiction,YFQ,Childrens Fiction,MISMATCH,
9781471418822,Wind in the Wall,Fiction,Teen Fiction,YFD,"Childrens Fiction, Horror",MISMATCH,
9780008737986,Cat Among The Pigeons - 32 Poirot,Fiction,Crime Fiction,FC,Classics,MISMATCH,
9780008737979,Dumb Witness,Fiction,Crime Fiction,FC,Classics,MISMATCH,
9780008612214,Gods Ghostwriters,History And Politics,Religion,HBJK,History,MISMATCH,
9780008762797,Wildest Dreams Bookshop - Book 1,Fiction,Teen Fiction,YFM,"Childrens Fiction, Romance",MISMATCH,
9780008756611,Language of Dragons,Fiction,Teen Fiction,YFCB,"Childrens Fiction, Thriller",MISMATCH,
9781805227687,Economic Consequences of Mr Trump - What the Trade War Means for the World,History And Politics,History,KCLT,Economics,MISMATCH,
9781805138723,Press Out and Decorate - Dinosaurs,Children,Activities,YBG,Books For Babies,MISMATCH,
9781805138709,Press Out and Decorate - Unicorns,Children,Activities,YBGC,Books For Babies,MISMATCH,
9781805134886,Miaow - What's That Noise,Children,Books For Babies,YBCB,Childrens Picture Books,MISMATCH,
9781805134947,Moo - Whats That Noise,Children,Books For Babies,YBCB,Childrens Picture Books,MISMATCH,
9798888672983,Big Book of Cute Animal Mazes,Children,Activities,YB,Childrens Non Fiction,MISMATCH,
9780711284951,Dinosaurs - Up Close and Incredible - A prehistoric adventure with a 3x magnifying glass - Volume 2,Children,Childrens Non Fiction,YBG,Books For Babies,MISMATCH,
9781836005292,Build A Tree - Make and Play,Children,Activities,YBG,Books For Babies,MISMATCH,
9798307394106,Valiants Dream - 5 Dream Sequence,Fiction,Teen Fiction,FR,Romance,MISMATCH,
9780762488513,Classical Mythology of the Constellations - Timeless Tales of the Starry Night Sky,History And Politics,Mythology,HBJ,History,MISMATCH,
9781529108446,Always Remember - The Boy The Mole The Fox The Horse And The Storm,Fiction,Graphic Novels,VS,Psychology,MISMATCH,
9780141336671,Diary Of A Young Girl - HB slipcase,Biographies,Biography,YNH,Childrens Non Fiction,MISMATCH,
9780241735930,Right Wing Women,Sciences,Philosophy,JPFM,Politics,MISMATCH,
9780571348879,Iron Man - Chris Mould Illustrated Edition,Fiction,Graphic Novels,YFG,Childrens Fiction,MISMATCH,
9780785846987,"Very Merry Christmas Sticker, Color & Activity Book - Over 100 Stickers!",The Arts,Art,YBG,Books For Babies,MISMATCH,
9780785846901,"Scary, Spooky, Creepy Cute Sticker, Color & Activity Book - Over 100 Stickers!",The Arts,Art,YBG,Books For Babies,MISMATCH,
9780226836744,Capital Order - How Economists Invented Austerity and Paved the Way to Fascism,History And Politics,History,KCZ,Economics,MISMATCH,
9781529379778,Valleys of the Assassins - A John Murray Journey,Travel,Travel Literature,WTLC,Travel Guides,MISMATCH,
9781529531510,Alex Rider - 7 Graphic Novel Adventures,Fiction,Graphic Novels,YFW,Childrens Fiction,MISMATCH,
9781529519846,Oxford Blood,Fiction,Teen Fiction,YFCF,Childrens Fiction,MISMATCH,
9781785127441,Hubris Maximus - The Shattering of Elon Musk,Biographies,Biography,PDR,General Science,MISMATCH,
9780241672464,Modern Fairies,Fiction,Historical Fiction,FQ,General Fiction,MISMATCH,
9780008555504,Woke Is Dead - How common sense triumphed in an age of total madness,History And Politics,History,JFF,Sociology,MISMATCH,
9781423662594,French Country Cottage in Bloom,The Arts,Craft,WF,Fashion,MISMATCH,
9781406392524,Olga and the Smelly Thing from Nowhere - 1 Olga,Fiction,Graphic Novels,YFQ,Childrens Fiction,MISMATCH,
9781406392548,Were Out of Here! - 2 Olga,Fiction,Graphic Novels,YFP,Childrens Fiction,MISMATCH,
9781406392531,Out of Control - 3 Olga,Fiction,Graphic Novels,YFP,Childrens Fiction,MISMATCH,
9780764365591,KindKids Word Search - A Super-Cute Book of Brain-Boosting Puzzles for Kids 6 & Up,Children,Activities,YNVP,Childrens Non Fiction,MISMATCH,
9780008638542,Private Peaceful,Fiction,Teen Fiction,YFT,Childrens Fiction,MISMATCH,
9780593705278,History Smashers - Salem Witch Trials,Children,Childrens Non Fiction,YF,Childrens Fiction,MISMATCH,
9780593120439,History Smashers - The Titanic,Children,Childrens Non Fiction,YF,Childrens Fiction,MISMATCH,
9780063047518,Mirror To Mirror,Fiction,Teen Fiction,YFB,Childrens Fiction,MISMATCH,
9780141021140,Travels with Herodotus,Travel,Travel Literature,WTL,Travel Guides,MISMATCH,
9780241561386,Enchanted Ground - Growing Roots in a Broken World,Travel,Travel Literature,WTL,Travel Guides,MISMATCH,
9780241725238,Wind in the Willows,Fiction,Classics,YFA,Childrens Fiction,MISMATCH,
9780241725092,Little Princess,Fiction,Classics,YFA,Childrens Fiction,MISMATCH,
9780241725115,Anne of Green Gables,Fiction,Classics,YFA,Childrens Fiction,MISMATCH,
9780241725108,Alices Adventures in Wonderland,Fiction,Classics,YFJ,Childrens Fiction,MISMATCH,
9780241725139,Call of the Wild,Fiction,Classics,YFA,Childrens Fiction,MISMATCH,
9780241725146,Kikis Delivery Service,Fiction,Classics,YFA,Childrens Fiction,MISMATCH,
9781761356162,Bluey - Meet Bluey - A Sticker Activity Book,Children,Activities,YB,Childrens Non Fiction,MISMATCH,
9780241731208,Spots Magnet Dress-Up,Children,Activities,YBCH,Childrens Picture Books,MISMATCH,
9780593813508,Elizabeth Queen of the Seas,Children,Childrens Picture Books,YNNR,Childrens Non Fiction,MISMATCH,
9781035041589,Power Of Words - How To Speak Listen And Think Better,Sciences,Business,VSPM,Psychology,MISMATCH,
9798890032645,Charming Woodland Crafts - 50 Fun and Easy Projects Made from Natural and Recycled Materials,The Arts,Craft,YNPH,Childrens Non Fiction,MISMATCH,
9781838776381,House Of Two Pharaohs,Fiction,Historical Fiction,FJH,General Fiction,MISMATCH,
9781789467734,Apache At War - Flying the world's deadliest attack helicopter in combat,Motoring,Transport,BGHA,Biography,MISMATCH,
9781805227090,Slow Down or Die - The Economics of Degrowth,Sciences,Environment,KCN,Economics,MISMATCH,
9780571358397,Secret Public - A Queer History of Pop,The Arts,Music And Performing Arts,JFCA,Sociology,MISMATCH,
9781803511900,"Second Skin - Inside the Worlds of Fetish, Kink and Deviant Desire",Well Being,Health,JFC,Sociology,MISMATCH,
9781914613807,Children of the Volcano - Making a Life for Three in Sicily,Travel,Travel Literature,WTL,Travel Guides,MISMATCH,
9781035044962,Hares New Dress - A brand new Tales from Acorn Wood story,Children,Books For Babies,YBCB,Childrens Picture Books,MISMATCH,
9781509836314,No More Nappies - A Potty-Training Book,Well Being,Childrens Well Being,YBGT,Books For Babies,MISMATCH,
9781035006144,Toddle Waddle,Children,Books For Babies,YBC,Childrens Picture Books,MISMATCH,
9781250887306,Do Not Cause Trouble,Fiction,Graphic Novels,YFW,Childrens Fiction,MISMATCH,
9781974713301,One Piece - Ace's Story - 1,Fiction,Graphic Novels,FM,Science Fiction and Fantasy,MISMATCH,
9781526644183,Moonlight Express - Around the World By Night Train,Travel,Travel Literature,WTL,Travel Guides,MISMATCH,
9780241710425,Star Wars - The Acolyte Visual Guide,Fiction,Science Fiction and Fantasy,APFG,Music And Performing Arts,MISMATCH,
9781761381621,Gift Of Not Belonging - How Outsiders Thrive In A World Of Joiners,Well Being,Psychology,JFFP,Sociology,MISMATCH,
9781526658999,Cold Kitchen - A Year of Culinary Travels,Travel,Travel Literature,WBN,Food And Beverage,MISMATCH,
9781399423236,Stoic Capitalist - Advice for the Exceptionally Ambitious,Sciences,Business,VSC,Psychology,MISMATCH,
9781789942484,Wild Basketry - Making baskets and natural cordage from foraged plants,The Arts,Craft,WFG,Fashion,MISMATCH,
9780008730468,HAVOC,Fiction,Crime Fiction,FA,General Fiction,MISMATCH,
9781035920334,Queer - A Collection Of LGBTQ Writing From Ancient Times To Yesterday,Well Being,Gender,DQ,General Fiction,MISMATCH,
9781838959814,Fallen - Everest and the Enigma of George Mallory,Travel,Travel Literature,BG,Biography,MISMATCH,
9780785846888,Forest Fairies Mushrooms and Goblins Sticker - Color & Activity Book - Over 500 Unique Stickers,The Arts,Craft,WF,Fashion,MISMATCH,
9780760397107,Coloring Creepy Horror Movies - An Unofficial Coloring Adventure,The Arts,Craft,WF,Fashion,MISMATCH,
9781441344700,Ephemera Adult Coloring Book,The Arts,Craft,WF,Fashion,MISMATCH,
9781441345165,Mushrooms Adult Coloring Book,The Arts,Craft,WF,Fashion,MISMATCH,
9780571385843,Augmented,Fiction,Teen Fiction,YFG,Childrens Fiction,MISMATCH,
9781399621427,Death On Location - 4 Canon Clement Mystery,Fiction,Crime Fiction,FA,General Fiction,MISMATCH,
9781851246298,Alices Oxford - People and Places that Inspired Wonderland,History And Politics,History,WQH,Transport,MISMATCH,
9781683693536,"Goblin Mode - How to Get Cozy, Embrace Imperfection, and Thrive in the Muck",History And Politics,Mythology,VS,Psychology,MISMATCH,
9781800812703,Seven Cats I Have Loved,Sciences,Environment,BM,Biography,MISMATCH,
9781787304413,Mornings With My Cat Mii,Sciences,Environment,BM,Biography,MISMATCH,
9780008761547,Moscow Underground,Fiction,Crime Fiction,JKVF,Politics,MISMATCH,
9781038953728,Slashed Beauties,Fiction,Historical Fiction,FM,Science Fiction and Fantasy,MISMATCH,
9780007317240,Legend of Sigurd and Gudrun,Fiction,Science Fiction and Fantasy,FQ,General Fiction,MISMATCH,
9780744095098,Life On Svalbard - Finding Home On A Remote Island Near The North Pole,Travel,Travel Literature,WTL,Travel Guides,MISMATCH,
9780008767631,Saga of King Heidrek the Wise,Fiction,Science Fiction and Fantasy,FQ,General Fiction,MISMATCH,
9780008644031,Realms of the Round Table,Fiction,Science Fiction and Fantasy,FQ,General Fiction,MISMATCH,
9781775542759,Habits of High Performers - Essential principles to thrive in life and work,Sciences,Business,VSC,Psychology,MISMATCH,
9781460762264,Frosty - The autobiography,Motoring,Transport,BGSA,Biography,MISMATCH,
9780008473280,Ask Not - The Kennedys and the Women They Destroyed,Biographies,Biography,JFF,Sociology,MISMATCH,
9780008685638,"Heart-Shaped Tin - Love, Loss and Kitchen Objects",Well Being,Food And Beverage,JFCV,Sociology,MISMATCH,
9781776891412,Food Farm,Well Being,Food And Beverage,VSZ,Psychology,MISMATCH,
9781805264071,Ignorance and Bliss - On Wanting Not to Know,Sciences,Philosophy,JF,Sociology,MISMATCH,
9780241735183,We Willl Always Have Summer - 3 Summer,Fiction,Teen Fiction,YFB,Childrens Fiction,MISMATCH,
9780008663971,Less - Stop Buying So Much Rubbish - How Having Fewer Better Things Can Make Us Happier,Sciences,Environment,BGFA,Biography,MISMATCH,
9780008705244,Classic Cars,Motoring,Transport,WGCB,Gardening,MISMATCH,
9780008711320,Times London in Photos - A history of the nation's capital through the camera lens,The Arts,Art,WTM,Travel Guides,MISMATCH,
9781849944984,Bedside Companion To Folklore And Magic - Volume 5,History And Politics,Mythology,JFHF,Sociology,MISMATCH,
9781761181993,Countdown to Christmas,Christmas,Christmas Books,YBC,Childrens Picture Books,MISMATCH,
9781836005612,Discover the Dragons - A Memory Game,Children,Activities,YNV,Childrens Non Fiction,MISMATCH,
9780571398478,Torchfire,Fiction,Teen Fiction,YFB,Childrens Fiction,MISMATCH,
9781805460466,Further - Seeking the Distant Limits of Cycling Endurance,Sport,Cycling,BGSA,Biography,MISMATCH,
9781761181696,This Seasons Draft,Children,Childrens Non Fiction,YFR,Childrens Fiction,MISMATCH,
9781805136125,One Cat Two Cats,Children,Childrens Picture Books,YNNR,Childrens Non Fiction,MISMATCH,
9781805135920,Unicorn Academy,Children,Activities,YNX,Childrens Non Fiction,MISMATCH,
9780571336548,Santas New Beard,Christmas,Christmas Books,YBC,Childrens Picture Books,MISMATCH,
9781800788602,Potty Time,Well Being,Childrens Well Being,YBL,Childrens Non Fiction,MISMATCH,
9781800788596,Brush and Shine,Well Being,Childrens Well Being,YBG,Books For Babies,MISMATCH,
9781526662859,Pablo and Splash - Roman Holiday,Fiction,Graphic Novels,YFA,Childrens Fiction,MISMATCH,
9781035020133,Column of Fire - 3 Kingsbridge Novels,Fiction,Historical Fiction,FJH,General Fiction,MISMATCH,
9781837586660,Camino de Santiago - Camino Frances - Lonely Planet Journey,Travel,Travel Literature,WTH,Travel Guides,MISMATCH,
9781837586653,Route 66 - Lonely Planet Journey,Travel,Travel Literature,WTH,Travel Guides,MISMATCH,
9781837586141,Epic Train Trips of the World - Lonely Planet,Travel,Travel Literature,WTH,Travel Guides,MISMATCH,
9781787016040,New Zealand Planning Map - Lonely Planet,Travel,Maps,WTRM,Travel Literature,MISMATCH,
9781787017948,Vietnam Planning Map - Lonely Planet,Travel,Maps,WTRM,Travel Literature,MISMATCH,
9781838691486,Lao Phrasebook and Dictionary - Lonely Planet,Travel,Languages,WTK,Travel Guides,MISMATCH,
9781835622933,Countryside - Angela Harding Colouring Book,The Arts,Craft,WF,Fashion,MISMATCH,
9781835622940,Wildlife - Angela Harding Colouring Book,The Arts,Craft,WF,Fashion,MISMATCH,
9781800923898,Artists Colour Mixing Card Deck - Watercolour - 500 Colour Mixes to Select and Paint,The Arts,Art,WFA,Fashion,MISMATCH,
9780008752408,Visit to Brambly Hedge - Imagining the World within the Hedgerow,Children,Childrens Picture Books,YNA,Childrens Non Fiction,MISMATCH,
9780008740368,Lost and Found Jigsaw Book,Children,Books For Babies,YBCH,Childrens Picture Books,MISMATCH,
9780063311572,83 Days in Mariupol - A War Diary - A Graphic Novel,Fiction,Graphic Novels,YFW,Childrens Fiction,MISMATCH,
9781835409350,Witches and Wizards - Sticker Dolly Dressing,Children,Activities,YBG,Books For Babies,MISMATCH,
9781805072485,Thats Not My cat...,Children,Books For Babies,YBCB,Childrens Picture Books,MISMATCH,
9781805312925,Trains Magic Painting Book,Children,Activities,YBGC,Books For Babies,MISMATCH,
9781835405840,Brain Stretchers - Logic Puzzles,Children,Activities,YNVP,Childrens Non Fiction,MISMATCH,
9781405206266,Land of Black Gold  - Adventures of Tintin,Fiction,Graphic Novels,YFC,Childrens Fiction,MISMATCH,
9781405206259,Prisoners of the Sun - Adventures of Tintin,Fiction,Graphic Novels,YFW,Childrens Fiction,MISMATCH,
9781405206174,Broken Ear - Adventures Of Tintin,Fiction,Graphic Novels,YFW,Childrens Fiction,MISMATCH,
9781405206150,Cigars of the Pharaoh - Adventures of Tintin,Fiction,Graphic Novels,YFW,Childrens Fiction,MISMATCH,
9781405206280,Explorers On The Moon - Adventures Of Tintin,Fiction,Graphic Novels,YFC,Childrens Fiction,MISMATCH,
9781035402212,Brief History of the End of the F*cking World,History And Politics,History,JFCX,Sociology,MISMATCH,
9781035423965,Story of McLaren - A Tribute to Automotive Excellence,Motoring,Transport,WGCB,Gardening,MISMATCH,
9781035423965,Story of McLaren - A Tribute to Automotive Excellence,Motoring,Formula One,WGCB,Gardening,MISMATCH,
9781408370568,Ten Little Fairies,Children,Childrens Picture Books,YBLC,Childrens Non Fiction,MISMATCH,
9781474617239,Seven Rivers - A Journey Through the Currents of Human History,History And Politics,History,RGB,Environment,MISMATCH,
9780300283235,Little Book Of Language,Sciences,General Science,CBX,Languages,MISMATCH,
9780099528678,Christmas at Cold Comfort Farm - 2,Fiction,Classics,FA,General Fiction,MISMATCH,
9781529052565,Little Prince,Fiction,Classics,YFA,Childrens Fiction,MISMATCH,
9781512780895,Terrifying Grace - Sexuality Romance and Marriage in Christian History,History And Politics,History,HRCV,Religion,MISMATCH,
9781761216893,Thomas Christmas Delivery,Christmas,Christmas Books,YBCH,Childrens Picture Books,MISMATCH,
9781761216909,Star Wars Adventures - Volume 1 - Includes 14 graphic stories,Fiction,Graphic Novels,YFW,Childrens Fiction,MISMATCH,
9781761216213,Claris - Christmas Carousel Holiday Heist Special Pop-up Edition,Christmas,Christmas Books,YBCH,Childrens Picture Books,MISMATCH,
9780593700440,Dangerous Allies - 4 Forgotten Five,Fiction,Teen Fiction,YFC,Childrens Fiction,MISMATCH,
9780593698761,Operation Chaos - 5 Forgotten Five,Fiction,Teen Fiction,YFC,Childrens Fiction,MISMATCH,
9780349147710,In the Time of Five Pumpkins - 26 No. 1 Ladies Detective Agency,Fiction,Crime Fiction,FA,General Fiction,MISMATCH,
9781399725132,You Like It Darker,Fiction,Crime Fiction,FA,General Fiction,MISMATCH,
9781444919349,Hansel and Gretel,Children,Childrens Picture Books,YFJ,Childrens Fiction,MISMATCH,
9781804538456,World of Racing,Motoring,Transport,YNW,Childrens Non Fiction,MISMATCH,
9781472148872,Start and Run a Gardening Business - Practical advice and information on how to manage a profitable business,Sciences,Business,VSC,Psychology,MISMATCH,
9781804182314,Backstage Betrayal - 2 Empire,Fiction,Historical Fiction,FA,General Fiction,MISMATCH,
9780349125930,Twilight - 1 Twilight - Deluxe Collector's Edition,Fiction,Science Fiction and Fantasy,FA,General Fiction,MISMATCH,
9781035405541,Poems And Prayers,Fiction,Poetry,APB,Music And Performing Arts,MISMATCH,
9781035413133,Inconvenience Of Penguins - Epic voyages in pursuit of the world's most beloved bird,Travel,Travel Literature,WTL,Travel Guides,MISMATCH,
9780141990231,Genesis - The Deep Origin of Societies,History And Politics,Sociology,PSAJ,General Science,MISMATCH,
9781523534418,Wickedly Popular - Stickers for Your Inner Witch,Children,Activities,APF,Music And Performing Arts,MISMATCH,
9781804538302,Hidden World of Mythical Folk,History And Politics,Mythology,YFH,Childrens Fiction,MISMATCH,
9781869715878,Seaside Silliness - Looky Jigsaw,Children,Activities,YBGT,Books For Babies,MISMATCH,
9781869715625,Poppas Workshop - A Christmas surprise,Christmas,Christmas Books,YFB,Childrens Fiction,MISMATCH,
9781444977660,Christmas Bedtime Stories,Christmas,Christmas Books,YFH,Childrens Fiction,MISMATCH,
9781035048595,Sky on Fire,Fiction,Science Fiction and Fantasy,FJ,General Fiction,MISMATCH,
9781035063758,Mr Fox,Fiction,Historical Fiction,FQ,General Fiction,MISMATCH,
9781784725945,Home Edit - Conquering The Clutter With Style,The Arts,Fashion,WKH,General Sport And Fitness,MISMATCH,
9781035061198,India - A Wounded Civilization,Travel,Travel Literature,WTL,Travel Guides,MISMATCH,
9781035053933,Tits Up - The Top Half of Women's Liberation,Well Being,Gender,JFFK,Sociology,MISMATCH,
9781035035755,Fatherhood - A History of Love and Power,Well Being,Family,JHBK,Sociology,MISMATCH,
9781035027873,Wish You Were Her,Fiction,Teen Fiction,YFB,Childrens Fiction,MISMATCH,
9781250377906,In Repair,Fiction,Teen Fiction,YFB,Childrens Fiction,MISMATCH,
9781916745797,Teddy 123 - A first counting book,Children,Books For Babies,YBLC,Childrens Non Fiction,MISMATCH,
9780241681176,Nobody Can Give You Freedom - The Real Mission of Malcolm X,History And Politics,History,JFSL3,Sociology,MISMATCH,
9781250291950,Good Boy,Fiction,Graphic Novels,YFW,Childrens Fiction,MISMATCH,
9781250328571,Chess Club - The Winning Move,Children,Childrens Fiction,YFM,"Childrens Fiction, Romance",MISMATCH,
9781476747019,I Am Pusheen The Cat,Fiction,Graphic Novels,WHC,Humour,MISMATCH,
9781526638069,Vulture Capitalism - How to Survive in an Age of Corporate Greed,History And Politics,History,KCS,Economics,MISMATCH,
9780008609214,Lost Bookshop,Fiction,Teen Fiction,FT,General Fiction,MISMATCH,
9780241661659,Distancing - How Great Leaders Reframe to Make Better Decisions,Sciences,Business,VSC,Psychology,MISMATCH,
9780241638583,Anthropology Book - Big Ideas Simply Explained,Sciences,General Science,JHMC,Sociology,MISMATCH,
9781035048137,Gruffalo Magic Painting Book - Just add water for mess-free fun,Children,Activities,YBGC,Books For Babies,MISMATCH,
9781035022052,Otto The Top Dog,Children,Childrens Picture Books,YFP,Childrens Fiction,MISMATCH,
9780241289617,"Understanding Media: Communication, Power and Social Change",Sciences,Business,JFD,Sociology,MISMATCH,
9781802060911,Human Rights - The Case for the Defence,Sciences,Philosophy,JPVH,Politics,MISMATCH,
9781784874001,Letters to Milena,Fiction,Classics,BGLA,Biography,MISMATCH,
9781529918670,My Battle of Hastings - Chronicle of a Year by the Sea,Travel,Travel Literature,BM,Biography,MISMATCH,
9780861549962,Discriminations - Making Peace In The Culture Wars,Sciences,Philosophy,JFFJ,Sociology,MISMATCH,
9781667211640,Ancient Greek Philosophers,Fiction,Classics,HBLA,History,MISMATCH,
9780691232607,We Have Never Been Woke - Cultural Contradictions of a New Elite,Sciences,General Science,JFFJ,Sociology,MISMATCH,
9781782959779,Doggers Christmas,Children,Childrens Fiction,YBCS,Childrens Picture Books,MISMATCH,
9780140501735,Corduroy,Children,Childrens Fiction,YBC,Childrens Picture Books,MISMATCH,
9781761601170,Little Freddie Two Pants,Children,Childrens Fiction,YBCS,Childrens Picture Books,MISMATCH,
9781399602563,Shy Creatures,Fiction,Historical Fiction,FA,General Fiction,MISMATCH,
9781800249639,Story - 100 Great Short Stories Written by Women,Fiction,Classics,DQ,General Fiction,MISMATCH,
9781991142368,I Am Dyslexic,Well Being,Childrens Well Being,VFJD,Psychology,MISMATCH,
9780008365981,What A Way To Go,Fiction,Crime Fiction,FA,General Fiction,MISMATCH,
9781398514560,Holmes And Moriarty,Fiction,Crime Fiction,FA,General Fiction,MISMATCH,
9780241618455,Moomin - Little My and the Wild Wind,Children,Childrens Fiction,YBCH,Childrens Picture Books,MISMATCH,
9780711282490,Are You a Monster?,Children,Childrens Fiction,YBCS,Childrens Picture Books,MISMATCH,
9780711283367,Are You a Sleepy Monster?,Children,Childrens Fiction,YBCH,Childrens Picture Books,MISMATCH,
9780711283398,Are You a Hungry Monster?,Children,Childrens Fiction,YBCS,Childrens Picture Books,MISMATCH,
9780140506426,Mixed Up Chameleon,Children,Childrens Fiction,YBC,Childrens Picture Books,MISMATCH,
9780141501598,"Brown Bear, Brown Bear, What Do You See?",Children,Childrens Picture Books,YBLD,Childrens Non Fiction,MISMATCH,
9780141332031,Bad Tempered Ladybird,Children,Childrens Picture Books,YBGP,Books For Babies,MISMATCH,
9781401980467,Science of Scaling -  Grow Your Business Bigger and Faster Than You Think,Sciences,Business,VS,Psychology,MISMATCH,
9780241738504,Costa Rica - DK Eyewitness,Travel,Travel Literature,WTH,Travel Guides,MISMATCH,
9780241738511,Washington  DC - DK Eyewitness,Travel,Travel Literature,WTH,Travel Guides,MISMATCH,
9780241738528,San Francisco - DK Top Ten,Travel,Travel Literature,WTH,Travel Guides,MISMATCH,
9780241738535,Vienna - DK Top Ten,Travel,Travel Literature,WTH,Travel Guides,MISMATCH,
9780241738542,Washington DC - DK Top Ten,Travel,Travel Literature,WTH,Travel Guides,MISMATCH,
9780241675519,For the Ones You Love - A true story of sisterhood and survival during the Holocaust,Fiction,Teen Fiction,YFY,Childrens Fiction,MISMATCH,
9781761351068,Locked Room,Fiction,Teen Fiction,YFB,Childrens Fiction,MISMATCH,
9780241563342,Such Charming Liars,Fiction,Teen Fiction,YFCB,"Childrens Fiction, Thriller",MISMATCH,
9780241553176,Half Bird,Travel,Travel Literature,WTL,Travel Guides,MISMATCH,
9781529146554,Be Useful - Seven Tools For Life,Well Being,Psychology,BGA,Biography,MISMATCH,
9781861474667,Midsummer Nights Dream And Other Classic Tales of the Plays,Fiction,Plays,YFA,Childrens Fiction,MISMATCH,
9781398823532,Knots  An Illustrated Practical Guide to the Essential Knot Types and their Uses,Sport,General Sport And Fitness,WFC,Fashion,MISMATCH,
9781864704945,Custom Bicycles - A Passionate Pursuit,Sport,Cycling,WGC,Gardening,MISMATCH,
9781761208997,Wings of Fire - the First Fifteen Books,Fiction,Teen Fiction,YFH,Childrens Fiction,MISMATCH,
9781784287023,Art of War,Fiction,Classics,HBW,History,MISMATCH,
9780394800257,Robert the Rose Horse,Children,Childrens Picture Books,YFP,Childrens Fiction,MISMATCH,
9781922800978,Towing Glovebox Guide - Driving and Loading Skills,Motoring,Transport,WGC,Gardening,MISMATCH,
9780001717602,Robert The Rose Horse,Children,Childrens Picture Books,YFP,Childrens Fiction,MISMATCH,
9781784879884,America Day by Day,Fiction,Classics,WTLC,Travel Guides,MISMATCH,
9781529946321,Mrs Dalloway,Fiction,Classics,FA,General Fiction,MISMATCH,
9781529946338,To the Lighthouse,Fiction,Classics,FA,General Fiction,MISMATCH,
9781350426122,Icon Libertine Leader - The Life And Presidency Of John F Kennedy,Biographies,Biography,JPHL,Politics,MISMATCH,
9781529144208,On Natural Capital - The Value of the World Around Us,Sciences,Environment,KCN,Economics,MISMATCH,
9780593976746,Greatest Salesman In The World,Sciences,Business,HRA,Religion,MISMATCH,
9781683695110,Gay the Pray Away - A Novel,Fiction,Teen Fiction,YFM,"Childrens Fiction, Romance",MISMATCH,
9781526664914,Good Nature - Improve Your Health And Happiness With Nature,Well Being,Health,PDZ,General Science,MISMATCH,
9781761127526,Baby-Sitters Club Netflix Editions - 9-16 Boxed Set,Fiction,Graphic Novels,YFW,Childrens Fiction,MISMATCH,
9781761209055,Baby Sitters Club - Graphic Novel Boxed Set - Books 1-5,Fiction,Graphic Novels,YFW,Childrens Fiction,MISMATCH,
9781802061031,What Went Wrong With Capitalism,History And Politics,History,KCS,Economics,MISMATCH,
9781802061994,Hellish Nell - Last of Britains Witches,History And Politics,History,HRQX5,Religion,MISMATCH,
9781761620164,Bluey - Christmas Little Library - 4 Books in 1,Christmas,Christmas Books,YBCS,Childrens Picture Books,MISMATCH,
9781761620157,Bluey - The Most Amazing Advent Calendar Book Collection - Includes 24 story and activity books,Christmas,Christmas Books,YBCS,Childrens Picture Books,MISMATCH,
9780241716236,Spots Bedtime Walk - A magic spotlight book,Children,Books For Babies,YBCH,Childrens Picture Books,MISMATCH,
9781761352072,Stories for the Kid Next Door,Children,Childrens Fiction,YNU,Childrens Non Fiction,MISMATCH,
9780241759172,Rebel Girls 5 Minute Stories,Children,Childrens Fiction,YNM,Childrens Non Fiction,MISMATCH,
9781580936842,Culture - The Leading Hotels of the World,The Arts,Art,WTHH,Travel Guides,MISMATCH,
9788499366098,"Ferrari - Iconic Cars, Legendary Power and the Spirit of Competition",Motoring,Transport,WGCB,Gardening,MISMATCH,
9781529154726,Michael Palin in Venezuela,Travel,Travel Literature,WTL,Travel Guides,MISMATCH,
9781399720540,Strange the Dreamer - 1,Fiction,Teen Fiction,FM,Science Fiction and Fantasy,MISMATCH,
9781911545798,Future of Travel,Travel,Travel Literature,WTL,Travel Guides,MISMATCH,
9781741178296,Places We Swim California - A Guide to the Best Rivers Lakes Waterfalls Beaches Gorges and Hot Springs,Travel,Travel Literature,WTH,Travel Guides,MISMATCH,
9780008395742,Paddington - A Treasury for the Very Young,Children,Childrens Fiction,YBCH,Childrens Picture Books,MISMATCH,
9781800654327,Mindful Travel - Inspiring Spiritual Destinations from Around the World,Travel,Travel Literature,WT,Travel Guides,MISMATCH,
9781797226637,"Grateful Dead by Jim Marshall: Photos and Stories from the Formative Years, 1966-1977",The Arts,Music And Performing Arts,AJR,Photography,MISMATCH,
9780241763957,Wise Words Oasis,The Arts,Music And Performing Arts,WH,Humour,MISMATCH,
9781035421534,Light Of Day - The First Man To Come Out At The Dawn Of Gay Liberation,Well Being,Gender,HBTB,History,MISMATCH,
9781398851757,Native American Myths and Legends,History And Politics,Mythology,JFHF,Sociology,MISMATCH,
9781398848085,"Enchanting Fairies Colouring Kit - Includes a 64-Page Book, 6 Frameable Colouring Prints and 10 Pencils",The Arts,Craft,WF,Fashion,MISMATCH,
9780719845123,Alla Prima Skies and Seas,The Arts,Art,WFA,Fashion,MISMATCH,
9781036117801,P51 Mustang - From Tactical Superiority to Strategic Supremacy,History And Politics,History,WGM,Gardening,MISMATCH,
9781761727108,Legends Darkstalker - The Graphic Novel (Wings Of Fire),Fiction,Graphic Novels,YF,Childrens Fiction,MISMATCH,
9781836007449,Story Orchestra - I Can Play - Swan Lake,The Arts,Music And Performing Arts,YBG,Books For Babies,MISMATCH,
9781837587667,Lonely Planet Best In Travel 2026,Travel,Travel Literature,WTH,Travel Guides,MISMATCH,
9780753557761,When The Heavens Went On Sale - The Misfits And Geniuses Racing To Put Space Within Reach,Sciences,Business,BGT,Biography,MISMATCH,
9781837585830,Lonely Planet - The Mediterranean,Travel,Travel Literature,WTH,Travel Guides,MISMATCH,
9781837586745,Bugs Book - Meet Over 100 Incredible Creepy-Crawlies That Share Our Planet,Children,Childrens Non Fiction,PSVT7,General Science,MISMATCH,
9781784947132,Flowers In Watercolour - Techniques And Tutorials For The Complete Beginner,The Arts,Craft,WFA,Fashion,MISMATCH,
9781788843348,Elton John - Icon,The Arts,Music And Performing Arts,AJC,Photography,MISMATCH,
9781797238319,"Creative Collage - Techniques, Projects, and Inspiration",The Arts,Craft,AGZ,Art,MISMATCH,
9780143004578,Tommo And Hawk,Fiction,Historical Fiction,FA,General Fiction,MISMATCH,
9781800787278,Swan Lake - An Enchanting Pop-up Classic,Children,Novelty Books,YFA,Childrens Fiction,MISMATCH,
9781838698157,Japan - Lonely Planet Best Bike Rides,Sport,Cycling,WTH,Travel Guides,MISMATCH,
9781409555957,Wizard of Oz,Children,Childrens Fiction,YBCS,Childrens Picture Books,MISMATCH,
9781803705026,Puss in Boots,Children,Childrens Fiction,YBCS,Childrens Picture Books,MISMATCH,
9781805313076,"Pussy cat, pussy cat, where have you been? I've been to London to visit the King",Children,Childrens Fiction,YBCH,Childrens Picture Books,MISMATCH,
9781803705002,Two Little Dickie Birds Sitting on a Wall,Children,Childrens Fiction,YBLB,Childrens Non Fiction,MISMATCH,
9781788688468,New Zealands South Island - Lonely Planet Planning Map,Travel,Maps,WTRM,Travel Literature,MISMATCH,
9780099908500,Fiesta / The Sun Also Rises,Fiction,Classics,FA,General Fiction,MISMATCH,
9780099559832,Odessa File - 1 Odessa,Fiction,Crime Fiction,FA,General Fiction,MISMATCH,
9781761472190,Oliphant - The Australian genius who developed radar and showed Oppenheimer how to build the bomb,Sciences,General Science,BGH,Biography,MISMATCH,
9781785127625,Year with the Seals - Unlocking the Secrets of the Sea's Most Charismatic and Controversial Creatures,Sciences,Environment,PSPM,General Science,MISMATCH,
9781789892673,Science - 100 Facts,Children,Childrens Non Fiction,YQSB,Childrens Picture Books,MISMATCH,
9781529501469,Maisy at Work - A First Words Book,Children,Books For Babies,YBCH,Childrens Picture Books,MISMATCH,
9781869718558,Shadow Weaver - 1 Broken Sword Duology,Fiction,Science Fiction and Fantasy,FA,General Fiction,MISMATCH,
9781399702485,Long Walk,Fiction,Science Fiction and Fantasy,FA,General Fiction,MISMATCH,
9781846016516,Look,The Arts,Fashion,BM,Biography,MISMATCH,
9781803513690,Somebody Is Walking on Your Grave - My Cemetery Journeys,Travel,Travel Literature,WTL,Travel Guides,MISMATCH,
9781803510200,Wild Places,Travel,Travel Literature,WTL,Travel Guides,MISMATCH,
9781399748865,Driven,Motoring,Transport,BM,Biography,MISMATCH,
9781399748865,Driven,Motoring,Formula One,BM,Biography,MISMATCH,
9781805224204,Moveable Feasts - Paris in Twenty Meals,Well Being,Food And Beverage,JFCV,Sociology,MISMATCH,
9781914613876,"Ride Across America - A 4,000-Mile Adventure Through the Small Towns and Big Issues of the USA",Travel,Travel Literature,WTLP,Travel Guides,MISMATCH,
9780753559642,History for Tomorrow - How The Past Can Inspire Our Future,History And Politics,History,JFCX,Sociology,MISMATCH,
9781035052158,Christmas Magic Painting - Just add water to paint!,Christmas,Christmas Books,YBGC,Books For Babies,MISMATCH,
9780241614358,How Animals Heal Us,Sciences,Environment,JFFZ,Sociology,MISMATCH,
9781836001645,Little People BIG DREAMS Card Game - Dream Team: A Go-Fish Card Game,Children,Activities,YNM,Childrens Non Fiction,MISMATCH,
9780008663834,God Of The Woods,Fiction,Crime Fiction,FA,General Fiction,MISMATCH,
9781802061703,Animals Robots Gods -  Adventures in the Moral Imagination,Sciences,Philosophy,JHMC,Sociology,MISMATCH,
9780241700860,Destroyer of Worlds - The Deep History of the Nuclear Age - 1895-1965,History And Politics,History,PDX,General Science,MISMATCH,
9781405978903,Beasts in My Belfry,Sciences,Environment,PSV,General Science,MISMATCH,
9780241760291,Walking the Camino de Santiago - Find your path on the Way of St James,Travel,Travel Guides,HRLF,Religion,MISMATCH,
9781645472414,You Are Here - Discovering the Magic of the Present Moment,Well Being,New Age,HREP,Religion,MISMATCH,
9781802063516,Going Infinite - The Rise and Fall of a New Tycoon,Sciences,Business,BM,Biography,MISMATCH,
9781805530176,Coffin Moon,Fiction,Historical Fiction,FK,Horror,MISMATCH,
9781857152449,Henry James Collected Stories Box Set - 2 Volumes,Fiction,Classics,DQ,General Fiction,MISMATCH,
9781847928603,How to Save the Internet - The Threat to Global Connection in the Age of AI and Political Conflict,Sciences,Business,PDR,General Science,MISMATCH,
9781529146905,My Boss Is a Moron - Strategies to Manage Up and Thrive in Any Workplace,Sciences,Business,VSC,Psychology,MISMATCH,
9781529927702,"Queer Georgians - A hidden history of lovers, lawbreakers and homemakers",Well Being,Gender,HBJD1,History,MISMATCH,
9781338285260,Official Harry Potter Baking Book,Well Being,Food And Beverage,YNPC,Childrens Non Fiction,MISMATCH,
9781838694609,Travel Book - Lonely Planet Kids,Travel,Travel Guides,YNM,Childrens Non Fiction,MISMATCH,
9781761727153,Diary Of A Nature Nerd,Fiction,Graphic Novels,YFC,Childrens Fiction,MISMATCH,
9781399725392,Tainted Cup - 1 The Tainted Cup,Fiction,Crime Fiction,FM,Science Fiction and Fantasy,MISMATCH,
9781761266492,Mad Mabel,Fiction,Crime Fiction,FA,General Fiction,MISMATCH,
9781760783969,Last One Out,Fiction,Crime Fiction,FA,General Fiction,MISMATCH,
9798888142530,101 Watercolor Secrets - Essential Insights And Techniques For Painters,The Arts,Art,WFA,Fashion,MISMATCH,
9781067037307,Paradise Generation,Fiction,Teen Fiction,YFB,Childrens Fiction,MISMATCH,
9780063203938,Prophecies Begin - 3 Warriors Graphic Novel,Fiction,Graphic Novels,YFW,Childrens Fiction,MISMATCH,
9780241735398,Good Wives - 2 Little Women,Fiction,Classics,YFA,Childrens Fiction,MISMATCH,
9781805301233,Your Brain on Art - How the Arts Transform Us,The Arts,Art,PSAN,General Science,MISMATCH,
9781990042836,"Wood Carving - Tools, Techniques and Concepts",The Arts,Craft,WFS,Fashion,MISMATCH,
9781742612676,"Third Day, the Frost - 3 Tomorrow Series",Fiction,Teen Fiction,YFC,Childrens Fiction,MISMATCH,
9781742612621,Burning for Revenge - 5 Tomorrow Series,Fiction,Teen Fiction,YFC,Childrens Fiction,MISMATCH,
9781742612669,Other Side of Dawn - 7 Tomorrow Series,Fiction,Teen Fiction,YFC,Childrens Fiction,MISMATCH,
9780241981092,Ordinary Joe,Sport,Rugby,BGSA,Biography,MISMATCH,
9780008764678,Saltcrop,Fiction,Science Fiction and Fantasy,FA,General Fiction,MISMATCH,
9781400349203,Taylor Swift - Unofficial Search And Find Biographies,Children,Activities,WF,Fashion,MISMATCH,
9780008347543,Sanctuary,History And Politics,History,JFFD,Sociology,MISMATCH,
9780008695064,Mogs Bedtime Tales,Children,Books For Babies,YBCH,Childrens Picture Books,MISMATCH,
9781805076872,Sticker Dolly Dressing Cinderella,Children,Activities,YBG,Books For Babies,MISMATCH,
9781835408520,Usborne Scratch Activities Dinosaurs,Children,Activities,YBGC,Books For Babies,MISMATCH,
9781836040347,Wind Up Digger,Children,Books For Babies,YNTB,Childrens Non Fiction,MISMATCH,
9781474999229,Little Sticker Dolly Dressing Christmas Fairy,Children,Activities,YBGS,Books For Babies,MISMATCH,
9781803700847,Sparkly Christmas Trees,Children,Activities,YBGS,Books For Babies,MISMATCH,
9781409598602,100 Paper Spaceships To Fold And Fly,Children,Activities,YBG,Books For Babies,MISMATCH,
9781837834761,15 Minute Art Pen And Ink - Learn To Draw With Pen And Ink In Six Steps Or Less,The Arts,Art,WFA,Fashion,MISMATCH,
9781836271116,Mr Search And Mrs Find,Children,Activities,YBG,Books For Babies,MISMATCH,
9798765688656,Kerfuffle,Children,Childrens Picture Books,YFB,Childrens Fiction,MISMATCH,
9781529530063,Your Places Box Set,Children,Books For Babies,YBCS,Childrens Picture Books,MISMATCH,
9780241780978,Decolonizing Language and Other Revolutionary Ideas,History And Politics,History,JFCX,Sociology,MISMATCH,
9781399527422,"Katherine Mansfield, Illness and Death",Biographies,Biography,DSBH,Classics,MISMATCH,
9781644211007,Latin America Diaries - The Sequel to The Motorcycle Diaries,Fiction,Classics,JP,Politics,MISMATCH,
9781836742227,Enshittification - Why Everything Suddenly Got Worse And What To Do About It,Sciences,General Science,JPFC,Politics,MISMATCH,
9780593837542,Pop Manga Catitude Coloring Book,The Arts,Craft,WF,Fashion,MISMATCH,
9781784745097,Big Hop - The First Non-stop Flight Across the Atlantic and Into the Future,Motoring,Transport,HBT,History,MISMATCH,
9780733343315,Song For The King,Christmas,Christmas Books,YBC,Childrens Picture Books,MISMATCH,
9780008445836,Great Book Of King Arthur And His Knights Of The Round Table - A New Morte D'Arthur,Fiction,Science Fiction and Fantasy,FQ,General Fiction,MISMATCH,
9780593308882,Storm - Dawn of a Goddess - Marvel,Fiction,Teen Fiction,YF,Childrens Fiction,MISMATCH,
9788024634401,Pied Piper,Fiction,Classics,FV,Historical Fiction,MISMATCH,
9781524890650,Calvin and Hobbes Portable Compendium Set 5,Fiction,Graphic Novels,WHC,Humour,MISMATCH,
9780762452347,Sharon Tate - Recollection,The Arts,Fashion,BGF,Biography,MISMATCH,
9781761355400,Cosy Calm - Cute and relaxing colouring book,The Arts,Craft,WF,Fashion,MISMATCH,
9781846147104,Vermeer - A Life Lost and Found,The Arts,Art,BGF,Biography,MISMATCH,
9781988586557,Year 10 Formal Writing Skills Learning Guide,Children,Study And Education,YQZ,Childrens Picture Books,MISMATCH,
9781761353376,"Bluey - Bartlebees First Christmas - Includes 5 surprise gifts filled with puzzles, games, ornaments and more ...",Christmas,Christmas Books,YBCH,Childrens Picture Books,MISMATCH,
9780241781159,Peppa Pig - Evie,Children,Books For Babies,YBCH,Childrens Picture Books,MISMATCH,
9780241721964,Peppa Pig - Peppas Swimming Lesson - A lift-the-flap book,Children,Books For Babies,YBCH,Childrens Picture Books,MISMATCH,
9780241722015,Peppa Pig - Peppas Pop-Up Minibeasts,Children,Books For Babies,YBCH,Childrens Picture Books,MISMATCH,
9781761047411,All About Antarctica,Children,Childrens Non Fiction,YBC,Childrens Picture Books,MISMATCH,
9780241714683,Spots Night Before Christmas,Christmas,Christmas Books,YBCH,Childrens Picture Books,MISMATCH,
9780241714799,Spots Summer Christmas,Christmas,Christmas Books,YBCH,Childrens Picture Books,MISMATCH,
9780241712535,Peter Rabbit - The World of Peter Rabbit - Cotton-tail's Christmas Tree,Christmas,Christmas Books,YBG,Books For Babies,MISMATCH,
9780241734452,Peppa Pig - Wheres Santa's Reindeer - A Lift-the-Flap Book,Christmas,Christmas Books,YBCH,Childrens Picture Books,MISMATCH,
9780241720707,Ten Minutes to Bed - Where's Little Unicorn at Christmas - A magical lift-the-flap book,Christmas,Christmas Books,YBG,Books For Babies,MISMATCH,
9780241591116,Christmasaurus and the Night Before Christmas,Christmas,Christmas Books,YBCS,Childrens Picture Books,MISMATCH,
9780241791448,First Christmas,Christmas,Christmas Books,YBC,Childrens Picture Books,MISMATCH,
9780241722107,Kays Anatomy - The Poo-tastic Puzzle Book,Children,Activities,YNVP,Childrens Non Fiction,MISMATCH,
9780241719459,LEGO Minecraft Visual Dictionary - With an Exclusive LEGO Minecraft Minifigure,Children,Activities,YNV,Childrens Non Fiction,MISMATCH,
9780241727447,Disney Zootopia 2 - Ultimate Sticker Book,Children,Activities,YBG,Books For Babies,MISMATCH,
9781904263418,Ancient English Cathedrals,History And Politics,History,AMN,Architecture,MISMATCH,
9780349125947,Twilight - 1 Twilight - 20th Anniversary Edition,Fiction,Teen Fiction,FA,General Fiction,MISMATCH,
9781837583096,Travel Book - A Journey Through Every Country In The World,Travel,Travel Literature,WTM,Travel Guides,MISMATCH,
9781787017634,Travel Book -  A Journey Through Every Country in the World,Travel,Travel Literature,WTM,Travel Guides,MISMATCH,
9781839974151,Red Beast Anger Workbook - For All Children Who Want to Tame Their Red Beast Including Those on the Autism Spectrum,Well Being,Psychology,YBG,Books For Babies,MISMATCH,
9781250440198,Kill the Beast,Fiction,Science Fiction and Fantasy,FQ,General Fiction,MISMATCH,
9798886637533,Harry Potter - Hogwarts Lock and Key Diary with Invisible Ink Pen,Children,Activities,APFN,Music And Performing Arts,MISMATCH,
9781398533820,Skandar and the Chaos Trials - 3 Skandar,Fiction,Teen Fiction,YFC,Childrens Fiction,MISMATCH,
9781398521070,Skandar And The Phantom Rider - 2 Skandar,Fiction,Teen Fiction,YFH,Childrens Fiction,MISMATCH,
9781398502925,Skandar and the Phantom Rider - 2 Skandar,Fiction,Teen Fiction,YFH,Childrens Fiction,MISMATCH,
9781398548817,Skandar and the Spirit War - 5 Skandar,Fiction,Teen Fiction,YFH,Childrens Fiction,MISMATCH,
9781035085163,Dear New York,The Arts,Fashion,AJB,Photography,MISMATCH,
9781804091890,Art of Spending Money - Simple Choices for a Richer Life,Sciences,Business,VSB,Psychology,MISMATCH,
9798337400662,Jurassic World - Dinosaur 3D Viewer,Children,Activities,APFN,Music And Performing Arts,MISMATCH,
9781035080199,Notre-Dame - A Short History of the Meaning of Cathedrals,History And Politics,Religion,AMN,Architecture,MISMATCH,
9781667208589,Christmas Carol and Other Holiday Treasures,Christmas,Christmas Books,FC,Classics,MISMATCH,
9781250877598,Reinventing Love - How the Patriarchy Sabotages Heterosexual Relations,Well Being,Gender,JFFK,Sociology,MISMATCH,
9798886638448,Harry Potter - Make Your Own Mini Chocolate Wands,Children,Activities,WBB,Food And Beverage,MISMATCH,
9781250389022,Set Your Intention - A Journal of Lists and Inspiration for Your Beautiful Life,The Arts,Craft,WF,Fashion,MISMATCH,
9781761429057,Hiding Place,Fiction,Crime Fiction,FA,General Fiction,MISMATCH,
9781761563492,Youve Found Oliver,Fiction,Teen Fiction,YFM,"Childrens Fiction, Romance",MISMATCH,
9781787742734,Peanuts - All This And Snoopy Too,Fiction,Graphic Novels,WHC,Humour,MISMATCH,
9781035034673,Garbage King,Fiction,Teen Fiction,YFB,Childrens Fiction,MISMATCH,
9781419756801,Legacy of Yangchen - 4 Chronicles of the Avatar,Fiction,Science Fiction and Fantasy,YFH,Childrens Fiction,MISMATCH,
9781419780660,Awakening of Roku - 6 Chronicles of the Avatar,Fiction,Science Fiction and Fantasy,YFH,Childrens Fiction,MISMATCH,
9780063463134,All About Love - The Deluxe Collectors Edition - New Visions,Well Being,Psychology,JF,Sociology,MISMATCH,
9780008696054,Anime Archives,The Arts,Art,APFV,Music And Performing Arts,MISMATCH,
9780760399279,Chappell Roan - A Vibrant Journey Through the Career and Influence of the Indie-Pop Superstar,Fiction,Teen Fiction,YNM,Childrens Non Fiction,MISMATCH,
9780711293915,Writers Table - Famous authors and their favourite recipes,Well Being,Food And Beverage,DSR,Classics,MISMATCH,
9798892155427,Lumberjanes - Book One,Fiction,Graphic Novels,YFW,Childrens Fiction,MISMATCH,
9781836000648,Greek Gods and Their Worlds,History And Politics,Mythology,JFHF,Sociology,MISMATCH,
9780760393154,BMW 3-Series 50 Years,Motoring,Transport,WGCB,Gardening,MISMATCH,
9781836004837,200 Years of Britain's Railways in 14 Journeys,Motoring,Transport,WGF,Gardening,MISMATCH,
9780785848011,Christmas Magic Coloring Book,The Arts,Craft,WF,Fashion,MISMATCH,
9780399555909,My Little Golden Book About Johnny Appleseed,Children,Childrens Fiction,YBCS,Childrens Picture Books,MISMATCH,
9781101939277,Richard Scarry's Cars and Trucks,Children,Childrens Fiction,YBC,Childrens Picture Books,MISMATCH,
9780307986245,Good Night Little Bear,Children,Childrens Fiction,YBCS,Childrens Picture Books,MISMATCH,
9780307021526,Little Red Caboose,Children,Childrens Fiction,YBC,Childrens Picture Books,MISMATCH,
9780571385867,Things I Learned While I Was Dead,Fiction,Teen Fiction,YFM,"Childrens Fiction, Romance",MISMATCH,
9781399420006,Gilded Rage - Elon Musk and the Radicalization of Silicon Valley,Sciences,Business,JPF,Politics,MISMATCH,
9781526670168,Magic Pill - How the New Weight Loss Drugs Will Change Your Life - and the World,Sciences,General Science,JFCA,Sociology,MISMATCH,
9781761501500,Comfy And Cozy - Cute Colouring Book,The Arts,Craft,YBGC,Books For Babies,MISMATCH,
9781761501524,Cozy Japan - Cute Colouring Book,The Arts,Craft,WF,Fashion,MISMATCH,
9781804710531,What the Wild Sea Can Be,Sciences,Environment,PSPM,General Science,MISMATCH,
9781925089196,Lets Talk About Body Boundaries Consent And Respect,Well Being,Childrens Well Being,YFB,Childrens Fiction,MISMATCH,
9780553496833,Im a Bulldozer,Children,Childrens Fiction,YBC,Childrens Picture Books,MISMATCH,
9780307930095,Home for a Bunny - Little Golden Book,Children,Childrens Fiction,YBCB,Childrens Picture Books,MISMATCH,
9780375848223,Kitten Who Thought He Was a Mouse,Children,Childrens Fiction,YBC,Childrens Picture Books,MISMATCH,
9781787336131,Ferment - The Life Changing Power of Microbes,Well Being,Health,WBW,Food And Beverage,MISMATCH,
9781775542704,Inside The Wire - Stories from a New Zealand Prison Officer,History And Politics,True Crime,BM,Biography,MISMATCH,
9781577155379,Frankenstein Lives - The Legacy of the World's Most Famous Monster,Fiction,Science Fiction and Fantasy,JFCA,Sociology,MISMATCH,
9780593703328,Audrey Hepburn  -  A Little Golden Book Biography,Children,Childrens Picture Books,YF,Childrens Fiction,MISMATCH,
9781524720513,Babys Christmas - Little Golden Book,Christmas,Christmas Books,YBCS,Childrens Picture Books,MISMATCH,
9780593119952,Christmas in the Country - Little Golden Book,Christmas,Christmas Books,YF,Childrens Fiction,MISMATCH,
9780593308257,Elmo Is Kind (Sesame Street),Children,Childrens Picture Books,YFB,Childrens Fiction,MISMATCH,
9780553524307,Elmos 12 Days of Christmas,Christmas,Christmas Books,YFB,Childrens Fiction,MISMATCH,
9781101939949,Elmos Mother Goose Rhymes (Sesame Street),Children,Childrens Picture Books,YBLB1,Childrens Non Fiction,MISMATCH,
9780593647301,Elton John - A Little Golden Book Biography,Children,Childrens Non Fiction,YF,Childrens Fiction,MISMATCH,
9780375832079,Happy Man And His Dump Truck - Little Golden Book,Children,Childrens Picture Books,YFP,Childrens Fiction,MISMATCH,
9781101939253,Katie the Kitten - Little Golden Book,Children,Childrens Picture Books,YFP,Childrens Fiction,MISMATCH,
9780593306536,Lets Get a Christmas Tree!,Christmas,Christmas Books,YF,Childrens Fiction,MISMATCH,
9781101930922,My Little Golden Book About Sharks,Children,Childrens Non Fiction,YBCS,Childrens Picture Books,MISMATCH,
9780385384216,Richard Scarrys Christmas Mice,Christmas,Christmas Books,YBCH,Childrens Picture Books,MISMATCH,
9781524771454,Richard Scarrys The Country Mouse and the City Mouse,Children,Childrens Picture Books,YFP,Childrens Fiction,MISMATCH,
9780593172803,My Little Golden Book About Ruth Bader Ginsburg,Children,Childrens Non Fiction,YFA,Childrens Fiction,MISMATCH,
9780307001436,Sailor Dog - Little Golden Book,Children,Childrens Picture Books,YBL,Childrens Non Fiction,MISMATCH,
9780307021342,Poky Little Puppy - Little Golden Book,Children,Childrens Picture Books,YFA,Childrens Fiction,MISMATCH,
9780307960344,Poky Little Puppys First Christmas - Little Golden Book,Christmas,Christmas Books,YBC,Childrens Picture Books,MISMATCH,
9780307021106,Saggy Baggy Elephant,Children,Childrens Picture Books,YFP,Childrens Fiction,MISMATCH,
9780307001450,Shy Little Kitten - Little Golden Book,Children,Childrens Picture Books,YBL,Childrens Non Fiction,MISMATCH,
9780307021687,Tawny Scrawny Lion - Little Golden Book,Children,Childrens Picture Books,YFA,Childrens Fiction,MISMATCH,
9781916745827,Nursery Rhymes - Scan the QR code to hear the songs,Children,Books For Babies,YBLB,Childrens Non Fiction,MISMATCH,
9781405089272,Gruffalo Pop Up - The classic story with pop-up scenes,Children,Novelty Books,YBC,Childrens Picture Books,MISMATCH,
9780785846895,"Vintage Victorian Christmas Sticker, Color & Activity Book - Over 200 Unique Stickers",Christmas,Christmas Books,WF,Fashion,MISMATCH,
9780785848011,Christmas Magic Coloring Book,Christmas,Christmas Books,WF,Fashion,MISMATCH,
9781991142306,Meri Kirihimete Kereru,Christmas,Christmas Books,YBC,Childrens Picture Books,MISMATCH,
9781805132776,Build Your Own Solar System,Children,Activities,YNTS,Childrens Non Fiction,MISMATCH,
9781805134848,Christmas Origami,Christmas,Christmas Books,WFTM,Craft,MISMATCH,
9781836005827,Listen to the Music at Christmas,Children,Activities,YBG,Books For Babies,MISMATCH,
9781836005827,Listen to the Music at Christmas,Christmas,Christmas Books,YBG,Books For Babies,MISMATCH,
9781836007241,Build And Decorate Christmas Tree - Includes slot together 3d tree & 24 colour-in baubles,Christmas,Christmas Books,YNM,Childrens Non Fiction,MISMATCH,
9781836008316,Little People BIG DREAMS - Advent Calendar Book Collection 2025 Edition,Christmas,Christmas Books,YNM,Childrens Non Fiction,MISMATCH,
9781836007395,Story Orchestra - Hansel and Gretel,Children,Activities,YNC,Childrens Non Fiction,MISMATCH,
9780785847540,Where Is Santa - Find Santa Claus as He Travels the World,Christmas,Christmas Books,YBG,Books For Babies,MISMATCH,
9781800788114,Sleeping Beauty - An Enchanting Pop-up Classic,Children,Novelty Books,YBCS,Childrens Picture Books,MISMATCH,
9781789469080,Formula 1 Greatest Moments,Motoring,Formula One,YNW,Childrens Non Fiction,MISMATCH,
9781526665614,Cat's Christmas,Christmas,Christmas Books,YBCS,Childrens Picture Books,MISMATCH,
9780241805831,Cozy Days,The Arts,Craft,YBGC,Books For Babies,MISMATCH,
9781943147618,Girl Who Thought in Pictures - The Story of Dr. Temple Grandin,Sciences,General Science,YNT,Childrens Non Fiction,MISMATCH,
9781761726323,Sunrise on the Reaping - Collector's Edition (A Hunger Games Novel),Fiction,Teen Fiction,YFCB,"Childrens Fiction, Thriller",MISMATCH,
9781761355745,Right Hand - Conversations with the chiefs of staff to the world's most powerful people,Sciences,Business,JPHL,Politics,MISMATCH,
9781761350641,What Have They Done to Liza McLean,Fiction,Teen Fiction,YFCF,Childrens Fiction,MISMATCH,
9780241772225,Same Backward as Forward - 0.5 The Inheritance Games,Fiction,Teen Fiction,YFCB,"Childrens Fiction, Thriller",MISMATCH,
9781910552124,Colour A Cat - With Over 30 Cat Breeds,The Arts,Craft,WFA,Fashion,MISMATCH,
9781906388201,Give A Cat a Home - True tales of courage and survival,Sciences,Environment,WHX,Humour,MISMATCH,
9780008710286,This Way Up - When Maps Go Wrong - and Why it Matters,Sciences,General Science,HBG,History,MISMATCH,
9780008679507,Breath Of The Gods - The History And Future Of The Wind,Sciences,General Science,HBTB,History,MISMATCH,
9780008436506,Counting - Humans History And The Infinite Lives Of Numbers,Sciences,General Science,HBTD,History,MISMATCH,
9780719566998,Story of San Michele,Travel,Travel Literature,WTL,Travel Guides,MISMATCH,
9781529436181,My Animals and Other Animals - A memoir of sorts,Sciences,Environment,WH,Humour,MISMATCH,
9781775439295,Nee Naws Cracker Christmas,Christmas,Christmas Books,YBC,Childrens Picture Books,MISMATCH,
9780241764206,Cozy Cuties,The Arts,Craft,YBGC,Books For Babies,MISMATCH,
9780749394820,Gormenghast - 1 Gormenghast,Fiction,Classics,FA,General Fiction,MISMATCH,
9780749394875,Titus Alone - 3 Gormenghast,Fiction,Classics,FA,General Fiction,MISMATCH,
9780749394929,Titus Groan - 2 Gormenghast,Fiction,Classics,FA,General Fiction,MISMATCH,
9781805077633,Girls of Dark Divine,Fiction,Teen Fiction,YFH,Childrens Fiction,MISMATCH,
9781509554294,Care Economy,History And Politics,History,KCP,Economics,MISMATCH,
9781761182426,We Fell Apart - 2 We Were Liars,Fiction,Teen Fiction,YFB,Childrens Fiction,MISMATCH,
9781991142283,Kings Of This World,Fiction,Teen Fiction,YFH,Childrens Fiction,MISMATCH,
9781529928112,Wonderful Wildflowers - A Colouring Book & Floral Quest,The Arts,Craft,WFA,Fashion,MISMATCH,
9781761649738,Refugee - The Graphic Novel,Fiction,Graphic Novels,YFW,Childrens Fiction,MISMATCH,
9781761723087,"I Survived The Japanese Tsunami, 2011 - The Graphic Novel",Fiction,Graphic Novels,YFW,Childrens Fiction,MISMATCH,
9781338885484,Facing Feelings - Inside the World of Raina Telgemeier,Fiction,Graphic Novels,YFW,Childrens Fiction,MISMATCH,
9781529406696,Riding Route 66 - Finding Myself on America's Mother Road,Motoring,Transport,WGCK,Gardening,MISMATCH,
9780241601587,Classic Car Book - The Definitive Visual History,Motoring,Transport,WGCB,Gardening,MISMATCH,
9781398509436,Eject Eject - Escaping disaster in the skies and surviving what comes next,Motoring,Transport,HBW,History,MISMATCH,
9780008100858,Return of the Dambusters - What 617 Squadron Did Next,Motoring,Transport,HBWQ,History,MISMATCH,
9780141182599,Lucky Jim - Penguin Modern Classics,Fiction,Classics,FA,General Fiction,MISMATCH,
9780241956847,Lucky Jim - Penguin Essentials,Fiction,Classics,FA,General Fiction,MISMATCH,
9781991348135,Overland to the Island - New Zealand to Skye with six kids in a homemade house-truck,Travel,Travel Literature,BM,Biography,MISMATCH,
9780141981208,Making Sense of Chaos - A Better Economics for a Better World,History And Politics,History,KCA,Economics,MISMATCH,
9781909489400,Maze Runner - 1 Maze Runner,Fiction,Teen Fiction,YFG,Childrens Fiction,MISMATCH,
9781909489417,Scorch Trials - 2 Maze Runner,Fiction,Teen Fiction,YFG,Childrens Fiction,MISMATCH,
9781408722190,Asterix Gift Edition - Albums 6-10,Fiction,Graphic Novels,YFW,Childrens Fiction,MISMATCH,
9781035029396,Rassie - Stories Of Life And Rugby,Sport,Rugby,BGSA,Biography,MISMATCH,
9781035050239,Gruffalo Crumble and Other Recipes - The Gruffalo Cookbook,Well Being,Food And Beverage,YNPC,Childrens Non Fiction,MISMATCH,
9781800782433,Oceanarium Activity Book,Children,Childrens Non Fiction,YBG,Books For Babies,MISMATCH,
9781783706792,Botanicum Activity Book,Children,Childrens Non Fiction,YBGC,Books For Babies,MISMATCH,
9781510231542,Find Vincent van Gogh - A Spotting Book,Children,Activities,YBG,Books For Babies,MISMATCH,
9781783706945,Dinosaurium Activity Book,Children,Childrens Non Fiction,YBG,Books For Babies,MISMATCH,
9781250225368,Monster of Elendhaven,Fiction,Historical Fiction,FK,Horror,MISMATCH,
9781506426723,Memory Box - A Book about Grief,Well Being,Childrens Well Being,YFB,Childrens Fiction,MISMATCH,
9781835292761,Rough Guides Vanishing Places,Travel,Travel Literature,WTM,Travel Guides,MISMATCH,
9781835294017,Rough Guides Wild Earth - Discover the World's Wildest Places,Travel,Travel Literature,WTD,Travel Guides,MISMATCH,
9781493091690,Backyard Structures and How to Build Them,The Arts,Craft,WK,General Sport And Fitness,MISMATCH,
9781923350038,A-Z of Ocean Creatures,Children,Childrens Non Fiction,YBC,Childrens Picture Books,MISMATCH,
9781423251620,Periodic Table Basic - A Quickstudy Laminated Reference Guide,Children,Study And Education,PN,General Science,MISMATCH,
9780008287535,Red Wyvern - 1 The Dragon Mage,Fiction,Science Fiction and Fantasy,FJ,General Fiction,MISMATCH,
9781035074242,Curious Case of Mike Lynch - The Improbable Life & Death of a Tech Billionaire,Sciences,Business,BGB,Biography,MISMATCH,
9781804091715,Your Money - Reimagining Wealth in 101 Simple Sketches,Sciences,Business,VSB,Psychology,MISMATCH,
9798890031808,Artis's Guide to Pen and Ink - Take Your Drawings to the Next Level with Gorgeous Shading Techniques,The Arts,Craft,AGZ,Art,MISMATCH,
9780141186580,Happy Death,Fiction,Classics,FA,General Fiction,MISMATCH,
9781250887801,My Roommate from Hell,Fiction,Teen Fiction,YFM,"Childrens Fiction, Romance",MISMATCH,
9781250377920,Great Cool Ranch Dorito in the Sky,Fiction,Teen Fiction,YFB,Childrens Fiction,MISMATCH,
9798890032607,Brochet - 30 Easy Patterns for Crochet Weaponry and Ami-gore-rumi,Fiction,Teen Fiction,WFBS,Craft,MISMATCH,
9780714871127,This Is Not A Book,Children,Books For Babies,YBCS,Childrens Picture Books,MISMATCH,
9780241973653,Mosquito Coast,Fiction,Classics,FA,General Fiction,MISMATCH,
9780241983928,Chrysalids,Fiction,Classics,FA,General Fiction,MISMATCH,
9780141441498,Lady Chatterleys Lover,Fiction,Classics,FA,General Fiction,MISMATCH,
9780141441443,Sons And Lovers,Fiction,Classics,FA,General Fiction,MISMATCH,
9780143180159,Harp In The South Trilogy,Fiction,Classics,FA,General Fiction,MISMATCH,
9780063329768,We Are Experiencing A Slight Delay - Tips Tales Travels,Travel,Travel Literature,WTL,Travel Guides,MISMATCH,
9780008649081,Santa and Son,Christmas,Christmas Books,YFC,Childrens Fiction,MISMATCH,
9780008682422,Minecraft Escape Rooms,Children,Activities,YNVU,Childrens Non Fiction,MISMATCH,
9780008766504,Cosy Cute Mini Food Sticker book,Children,Activities,YBG,Books For Babies,MISMATCH,
9781835409565,Little First Stickers - My Body,Children,Activities,YBG,Books For Babies,MISMATCH,
9781400349296,Beginners Cursive Handwriting Workbook - Learn to Write Cursive with Wacky Jokes and   Puzzles,Children,Activities,YQCS1,Childrens Picture Books,MISMATCH,
9780241974698,Love In A Cold Climate,Fiction,Classics,FA,General Fiction,MISMATCH,
9781035084302,Gruffalos Child Activity Book,Children,Activities,YBGC,Books For Babies,MISMATCH,
9781035008681,No Swimming,Children,Childrens Picture Books,YB,Childrens Non Fiction,MISMATCH,
9781250850270,Archives of the Unexplained - Area 51,Fiction,Graphic Novels,YFW,Childrens Fiction,MISMATCH,
9781250850256,Archives of the Unexplained - Unwanted Guests,Fiction,Graphic Novels,YFW,Childrens Fiction,MISMATCH,
9780857529756,Ingrained - The making of a craftsman,Biographies,Biography,WKDW,General Sport And Fitness,MISMATCH,
9781761451072,Literary Journeys - Mapping Fictional Travels Across the World of Literature,Travel,Travel Literature,WTLC,Travel Guides,MISMATCH,
9780349119991,Double Comfort Safari Club - 11 No. 1 Ladies Detective Agency,Fiction,Crime Fiction,FA,General Fiction,MISMATCH,
9780349123158,Limpopo Academy Of Private Detection - 13 No. 1 Ladies Detective Agency,Fiction,Crime Fiction,FA,General Fiction,MISMATCH,
9780349139296,Handsome Mans De Luxe Cafe - 15 No. 1 Ladies Detective Agency,Fiction,Crime Fiction,FA,General Fiction,MISMATCH,
9798881602642,Folk Remedy - 1,Fiction,Graphic Novels,YNUC,Childrens Non Fiction,MISMATCH,
9781529507294,Mr Wizards Magic Presents,Children,Childrens Fiction,YNXW,Childrens Non Fiction,MISMATCH,
9780393935608,Communist Manifesto - A Norton Critical Edition,Sciences,Philosophy,JPFC,Politics,MISMATCH,
9780393935608,Communist Manifesto - A Norton Critical Edition,Sciences,Economics,JPFC,Politics,MISMATCH,
9781761217142,Winnie The Pooh - Best Friends Treasury,Children,Childrens Fiction,YBCH,Childrens Picture Books,MISMATCH,
9781761216978,Miffy Colouring Book,Children,Activities,YBGC,Books For Babies,MISMATCH,
9781761216985,Miffy Sticker And Activity Book,Children,Activities,YBGC,Books For Babies,MISMATCH,
9781761216879,Miffys Train Ride,Children,Books For Babies,YBCH,Childrens Picture Books,MISMATCH,
9781761217098,Thomas And Friends - Colouring Book,Children,Activities,YBGC,Books For Babies,MISMATCH,
9781761217104,Thomas And Friends - Super Sticker Book,Children,Activities,YBGC,Books For Babies,MISMATCH,
9781800815230,Earth Shapers - How Humans Mastered Geography and Remade the World,Sciences,General Science,RGC,Environment,MISMATCH,
9781805221555,To the Sea by Train,Travel,Travel Literature,WGF,Gardening,MISMATCH,
9781800753457,Kaput - The End of the German Miracle,History And Politics,History,KCP,Economics,MISMATCH,
9782067149885,France - Michelin Mini Map 8721,Travel,Maps,WTRD,Travel Literature,MISMATCH,
9782067192584,Ireland - Michelin Mini Map 8712,Travel,Maps,WTRD,Travel Literature,MISMATCH,
9782067192577,Scotland - Michelin Mini Map 8501,Travel,Maps,WTRD,Travel Literature,MISMATCH,
9780241763018,Wolf Solent,Fiction,Classics,FA,General Fiction,MISMATCH,
9780241688120,Engagement,Fiction,Classics,FA,General Fiction,MISMATCH,
9780241766859,I Am Clarence,Fiction,Classics,FA,General Fiction,MISMATCH,
9780141185231,First Man,Fiction,Classics,FA,General Fiction,MISMATCH,
9781761354540,All the Cool Girls Get Fired- How to Let Go of Being Let Go and Come Back on Top,Sciences,Business,VS,Psychology,MISMATCH,
9780241682845,"Maps, Annotated - The World's 300 Greatest Maps Explained",Sciences,General Science,HBTP1,History,MISMATCH,
9780735223301,"Frostbite - How Refrigeration Changed Our Food, Our Planet, and Ourselves",Sciences,General Science,JK,Politics,MISMATCH,
9780241692813,Lessons for Young Artists,The Arts,Art,WFA,Fashion,MISMATCH,
9781761357985,Daily Joy - 365 Inspirations for a Happy Life and Home,Well Being,Psychology,WK,General Sport And Fitness,MISMATCH,
9780241781708,Becoming Yourself - Teachings on the Zen Way of Life,Well Being,Psychology,HREZ,Religion,MISMATCH,
9780241745113,Rise of the Railway - How Trains Changed the World,Motoring,Transport,WGF,Gardening,MISMATCH,
9781405953245,Golden Rule - Lessons in living from a doctor of ageing,Well Being,Health,JKSG,Politics,MISMATCH,
9780764368769,Crafting Leather Totes Backpacks And Bags - Detailed Patterns And Step-by-Step Instructions For 18 Projects,The Arts,Craft,WF,Fashion,MISMATCH,
9781452131481,Egg Is Quiet,Children,Childrens Fiction,YBL,Childrens Non Fiction,MISMATCH,
9781797208367,They All Saw a Cat,Children,Childrens Fiction,YBCS,Childrens Picture Books,MISMATCH,
9781802060577,Gambling Man - The Wild Ride of Japan's Masayoshi Son,Sciences,Business,BGB,Biography,MISMATCH,
9781761725487,War Games,Fiction,Teen Fiction,YFC,Childrens Fiction,MISMATCH,
9781761643453,His Dark Materials - Bind-Up Luxury Edition,Fiction,Teen Fiction,YFC,Childrens Fiction,MISMATCH,
9781761721007,Percy Jackson and the Olympians - A Guide to Gods and Monsters,Fiction,Teen Fiction,YFC,Childrens Fiction,MISMATCH,
9781923058576,Experiment,Fiction,Teen Fiction,YFB,Childrens Fiction,MISMATCH,
9781761349744,Romeo v Juliet,Fiction,Teen Fiction,YFB,Childrens Fiction,MISMATCH,
9781837582976,Big Book of Train Activities,Children,Activities,YNTR,Childrens Non Fiction,MISMATCH,
9781913679521,Great Railway Journeys in Europe,Travel,Travel Literature,WTH,Travel Guides,MISMATCH,
9781838690564,Lonely Planet Kids Trains,Children,Books For Babies,YNTR,Childrens Non Fiction,MISMATCH,
9780670078943,Lots,Children,Childrens Picture Books,YNG,Childrens Non Fiction,MISMATCH,
9781800810044,All Consuming,Well Being,Food And Beverage,HBTB,History,MISMATCH,
9781789296372,Magical Mermaid Society - Official Handbook,Children,Childrens Fiction,YNX,Childrens Non Fiction,MISMATCH,
9780241712962,Roller Girl,Fiction,Graphic Novels,YFW,Childrens Fiction,MISMATCH,
9781761470776,Seeker And The Sage,Sciences,Philosophy,VS,Psychology,MISMATCH,
9780143138822,Farewell to Arms,Fiction,Classics,FJM,General Fiction,MISMATCH,
9781761729379,Talons Of Power  - 9 Wings Of Fire Graphix,Fiction,Graphic Novels,YFC,Childrens Fiction,MISMATCH,
9781761646850,"Stage Left, Heart Right - 1 Two Hearts",Children,Childrens Fiction,YFM,"Childrens Fiction, Romance",MISMATCH,
9781529155419,Land Of Sweet Forever,Biographies,Essays,FA,General Fiction,MISMATCH,
9780063460515,Land of Sweet Forever - Stories and Essays,Biographies,Essays,FA,General Fiction,MISMATCH,
9781855145290,Six Lives - The Stories Of Henry VIIIs Queens,History And Politics,History,AGC,Art,MISMATCH,
9781963183542,Our Little Adventure at Christmas - Featuring Foundational Language Concepts and Lessons on the Joy of Giving,Christmas,Christmas Books,YBC,Childrens Picture Books,MISMATCH,
9780593901519,Just Go to Bed - Little Critter,Children,Books For Babies,YFB,Childrens Fiction,MISMATCH,
9781836006275,Story Orchestra - The Planets - Musical Puzzle,Children,Activities,YNTS,Childrens Non Fiction,MISMATCH,
9783575022004,USA Marco Polo Map,Travel,Maps,WTRM,Travel Literature,MISMATCH,
9788410650633,Learn to Draw Animals with 50 Models,The Arts,Craft,AGZ,Art,MISMATCH,
9788410650657,Learn to Draw Characters with 50 Models,The Arts,Craft,AGZ,Art,MISMATCH,
9781846894145,Rod Rage - The Trials of Trouting,Sport,General Sport And Fitness,WHC,Humour,MISMATCH,
9781839812644,Everest the Hard Way - The first ascent of the South West Face,Travel,Travel Literature,BGA,Biography,MISMATCH,
9781909911000,Knots and Splices,Sport,General Sport And Fitness,WFC,Fashion,MISMATCH,
9781797230047,Curious Coffins and Riveting Rituals - Death Practices Around the World,History And Politics,Mythology,JF,Sociology,MISMATCH,
9780719845291,"Jaguar - The Last Classic XJ's - X300, X308 and X350 1994 - 2009",Motoring,Transport,WGCB,Gardening,MISMATCH,
9780719845109,Amilcar - The Complete Story,Motoring,Transport,WGCB,Gardening,MISMATCH,
9781473825550,British Railways in the 1960s - Eastern Region,Motoring,Transport,WGF,Gardening,MISMATCH,
9781761049811,I Hope This Doesnt Find You,Fiction,Teen Fiction,YFM,"Childrens Fiction, Romance",MISMATCH,
9781787335097,In the Green Heart,Fiction,Crime Fiction,FA,General Fiction,MISMATCH,
9781529962277,Adventures of Sherlock Holmes,Fiction,Classics,FFC,Crime Fiction,MISMATCH,
9781529962253,1984,Fiction,Classics,FLC,Science Fiction and Fantasy,MISMATCH,
9781529966831,Northanger Abbey,Fiction,Classics,FA,General Fiction,MISMATCH,
9781788166294,Wisdom Takes Work - 4 Stoic Virtues,Sciences,Philosophy,KJ,Business,MISMATCH,
9781788166287,Courage Is Calling - 1 Stoic Virtues,Sciences,Philosophy,VS,Psychology,MISMATCH,
9781911238331,Joan of Arc,Children,Childrens Non Fiction,YFA,Childrens Fiction,MISMATCH,
9781911238454,Iliad - Classics Illustrated,Children,Childrens Non Fiction,YFA,Childrens Fiction,MISMATCH,
9781804948491,Loud - Accept Nothing Less Than The Life You Deserve,Well Being,Gender,JFFK,Sociology,MISMATCH,
9780593836231,Draw Your Adventures - Making Art to Celebrate Everyday Experiences and Travels Near and Far,The Arts,Craft,WT,Travel Guides,MISMATCH,
9781529103892,Trauma Industrial Complex - How Oversharing Became a Product in a Digital World,Sciences,Business,JP,Politics,MISMATCH,
9781426224010,National Geographic Book of Magic and the Occult - A Visual History,History And Politics,Mythology,HRQC,Religion,MISMATCH,
9781761357602,House Saphir,Fiction,Teen Fiction,YFCB,"Childrens Fiction, Thriller",MISMATCH,
9781464254529,If Only I Had Told Her -  Collector's Edition,Fiction,Teen Fiction,YFM,"Childrens Fiction, Romance",MISMATCH,
9781464236778,Why We Need Aunts,Fiction,Teen Fiction,YFB,Childrens Fiction,MISMATCH,
9781802062038,On the Shadow Tracks - A Journey through Occupied Myanmar,Travel,Travel Literature,HBJF,History,MISMATCH,
9781639736317,Core of an Onion - Peeling the Rarest Common Food - Featuring More Than 100 Historical Recipes,Well Being,Food And Beverage,JFCV,Sociology,MISMATCH,
9781761500961,Three Birds Renovations - Vacay Vibes at Home - 140+ new rooms; savvy saver tips,The Arts,Art,WKR,General Sport And Fitness,MISMATCH,
9781805462255,All The Worst Humans - Shady Confessions of a PR Fixer,Sciences,Business,BM,Biography,MISMATCH,
9780760398678,Street Level Japan - Experience the Bustling Streets of Japanese Cities,Travel,Travel Literature,AJCR,Photography,MISMATCH,
9781836004189,Worlds of Jane Austen - The Influences and Inspiration Behind the Novels,Biographies,Biography,DSK,Classics,MISMATCH,
9780785847809,Knot Box - Instruction Book - 4 Ropes - Carabiner,Sport,General Sport And Fitness,WFC,Fashion,MISMATCH,
9780785847342,"Encyclopedia of Mythology - A Collection of Greek and Roman Heroes, Gods - and Monsters with Collectible Ephemera",History And Politics,Mythology,HRKP,Religion,MISMATCH,
9780760396964,"Big School of Drawing Animals - Well-explained, practice-oriented drawing instruction for the beginning artist",The Arts,Craft,WFA,Fashion,MISMATCH,
9780760397657,Drawing Class - Flowers and Friends in the Garden - Learn to Draw with Simple Shapes and Online Tutorials,The Arts,Craft,WFA,Fashion,MISMATCH,
9780785847717,"Apothecaries, Remedies and Rarities Sticker, Color & Activity Book - Over 500 Unique Stickers",The Arts,Art,WF,Fashion,MISMATCH,
9780785847724,"Romance  Endearments & Affections Sticker, Color & Activity Book - Over 500 Unique Stickers",The Arts,Craft,WF,Fashion,MISMATCH,
9781761723070,Quest for the True Dragon - 3 City of Dragons,Fiction,Graphic Novels,YFC,Childrens Fiction,MISMATCH,
9780760393741,Complete Book of Volkswagen GTI - Every Model Since 1976,Motoring,Transport,WGCB,Gardening,MISMATCH,
9780760394458,Mercedes-AMG - Race-Bred Performance,Motoring,Transport,WGCB,Gardening,MISMATCH,
9781761182211,A Murder Is Going Down,Fiction,Teen Fiction,YFCF,Childrens Fiction,MISMATCH,
9781681379944,Fifty Poems,Fiction,Poetry,DS,Classics,MISMATCH,
9781838959074,Tiny Beautiful Things,Well Being,Psychology,BM,Biography,MISMATCH,
9781786540591,Girl Called Justice - 1 A Girl Called Justice,Fiction,Teen Fiction,YFCF,Childrens Fiction,MISMATCH,
9781786540577,Smugglers Secret - 2 A Girl Called Justice,Fiction,Teen Fiction,YFCF,Childrens Fiction,MISMATCH,
9780241757529,Beautiful World,Fiction,Graphic Novels,VS,Psychology,MISMATCH,
9781782695301,What Feelings Do at Night,Children,Childrens Fiction,YBCS,Childrens Picture Books,MISMATCH,
9781509573134,Living With Men - Reflections on the Pelicot Trial,Sciences,Philosophy,JFFK,Sociology,MISMATCH,
9781400348893,Scary Book of Valentine's Day Lore - 50 Terrifying Tales of Romance from Around the World,Fiction,Historical Fiction,FQ,General Fiction,MISMATCH,
9780008772765,World of Cozy Bookstores,The Arts,Craft,WF,Fashion,MISMATCH,
9781840229158,Nutcracker - Wordsworth Collectors Edition,Fiction,Classics,YFA,Childrens Fiction,MISMATCH,
9780734421968,Cicada,Fiction,Graphic Novels,YBC,Childrens Picture Books,MISMATCH,
9781460768938,Countdown to Riches - 21 Days of Wealth-Attracting Habits from the bestselling author of The Secret,Sciences,Business,VSB,Psychology,MISMATCH,
9781837263837,Could Should Might Don't - How We Think About the Future,History And Politics,History,JFFR,Sociology,MISMATCH,
9781837263912,Empire Antarctica - Ice Silence & Emperor Penguins,Travel,Travel Literature,WTL,Travel Guides,MISMATCH,
9781907860041,Youre The Biggest,Well Being,Childrens Well Being,YBL,Childrens Non Fiction,MISMATCH,
9780521000550,Merry Wives Of Windsor,Fiction,Plays,YQE,Childrens Picture Books,MISMATCH,
9781035912674,Owl King - Faery Realms,Fiction,Teen Fiction,YFH,Childrens Fiction,MISMATCH,
9780760396940,"Big School of Drawing People - Well-explained, practice-oriented drawing instruction for the beginning artist",The Arts,Craft,WFA,Fashion,MISMATCH,
9781761182112,Wolf Girl Ten Book Box Set,Fiction,Teen Fiction,YFC,Childrens Fiction,MISMATCH,
9781782695707,Piglettes,Fiction,Teen Fiction,YFB,Childrens Fiction,MISMATCH,
9781406360233,Scorpia - 5 Alex Rider,Fiction,Teen Fiction,YFC,Childrens Fiction,MISMATCH,
9780241744369,Chinatown,Fiction,Classics,FA,General Fiction,MISMATCH,
9780241744208,Quiet Place,Fiction,Classics,FFC,Crime Fiction,MISMATCH,
9780241787847,Along The Ramayana Trail - A Cultural Journey Across India and Sri Lanka,Travel,Travel Literature,JFHF,Sociology,MISMATCH,
9780241765982,History of England in 25 Poems,Fiction,Poetry,HBJD1,History,MISMATCH,
9780241767061,My Family and Other Animals,Fiction,Classics,BM,Biography,MISMATCH,
9781836001713,BUST OR TRUST - A Kids Mystery Book,Children,Activities,YNX,Childrens Non Fiction,MISMATCH,
9781836005773,Extraordinary Islands - An Atlas of unlikely places,Travel,Travel Literature,WTM,Travel Guides,MISMATCH,
9781785307980,Domain,Fiction,Teen Fiction,YFC,Childrens Fiction,MISMATCH,
9781800788718,Incredible Pop-up Frog - And other Wetland Creatures,Children,Novelty Books,YNNR,Childrens Non Fiction,MISMATCH,
9781835871959,Old Bear - Five Minute Bedtime Stories,Children,Childrens Fiction,YNV,Childrens Non Fiction,MISMATCH,
9781565235502,Big Book of Intarsia Woodworking - 37 Projects and Expert Techniques for Segmentation and Intarsia,The Arts,Craft,WFS,Fashion,MISMATCH,
9781399621489,Murder Under The Mistletoe - A Canon Clement Christmas Novella,Fiction,Crime Fiction,FA,General Fiction,MISMATCH,
9780241999509,How to Feed the World - A Factful Guide,Sciences,Environment,JFCV,Sociology,MISMATCH,
9780141996592,Mother State - A Political History of Motherhood,Well Being,Gender,JFSJ1,Sociology,MISMATCH,
9781761380570,Atlantic Furies -: the women who risked everything to be the first to fly,Well Being,Gender,JFSJ1,Sociology,MISMATCH,
9781761380877,Crash of the Heavens -  the remarkable story of Hannah Senesh,History And Politics,History,JFSJ1,Sociology,MISMATCH,
9781400352289,Scary Book of Fairy Tales - The Haunting Endings to 50 of Your Favorite Stories,History And Politics,Mythology,FQ,General Fiction,MISMATCH,
9780008617035,Gaslit,Fiction,Teen Fiction,YFCB,"Childrens Fiction, Thriller",MISMATCH,
9780008740900,Count Down - On the Farm,Children,Books For Babies,YBCB,Childrens Picture Books,MISMATCH,
9780008740917,Count Down - At the Building Site,Children,Books For Babies,YBLC,Childrens Non Fiction,MISMATCH,
9780008665371,What Do People Do All Day?,Children,Childrens Picture Books,YBG,Books For Babies,MISMATCH,
9781761215810,Little Cloud,Children,Books For Babies,YBCB,Childrens Picture Books,MISMATCH,
9781789297812,Grid to Glory - 75 Milestone Formula One Moments,Motoring,Transport,WGCB,Gardening,MISMATCH,
9781789297812,Grid to Glory - 75 Milestone Formula One Moments,Motoring,Formula One,WGCB,Gardening,MISMATCH,
9781761602641,Stuck,Fiction,Graphic Novels,YFW,Childrens Fiction,MISMATCH,
9781529534382,Wheres Wally -The Official Colouring Book,Children,Activities,YBGC,Books For Babies,MISMATCH,
9798765667965,Diggers Dozers and Dumpers,Children,Childrens Picture Books,YFQ,Childrens Fiction,MISMATCH,
9780241684337,Games Untold,Fiction,Teen Fiction,YFCB,"Childrens Fiction, Thriller",MISMATCH,
9780241798003,1929 - The Inside Story Of The Greatest Crash In Wall Street History,History And Politics,History,KCX,Economics,MISMATCH,
9780141326085,Beautiful Creatures - 1 Beautiful Creatures,Fiction,Teen Fiction,YFH,Childrens Fiction,MISMATCH,
9781911216018,Colour Your Own Historical Maps,Travel,Travel Literature,WF,Fashion,MISMATCH,
9781877375859,There is a Horse in the Art Gallery,Children,Books For Babies,YBCB,Childrens Picture Books,MISMATCH,
9780063111493,Pete The Cat Rocks On,Children,Childrens Picture Books,YFB,Childrens Fiction,MISMATCH,
9780062974419,Pete The Cats Wacky Taco Tuesday,Children,Childrens Picture Books,YFM,"Childrens Fiction, Romance",MISMATCH,
9780063096073,Pete The Kitty And The Three Bears,Children,Childrens Picture Books,YFB,Childrens Fiction,MISMATCH,
9781250192288,96 Miles,Children,Childrens Fiction,YFCB,"Childrens Fiction, Thriller",MISMATCH,
9781529953374,Hack Attack - How the truth caught up with Rupert Murdoch,History And Politics,History,KNTJ,Business,MISMATCH,
9781035051465,Secrets in the Snow & Other Christmas Crime Stories,Fiction,Classics,FFC,Crime Fiction,MISMATCH,
9781035085538,End to Suffering,Well Being,Psychology,HRE,Religion,MISMATCH,
9780755649358,Freedom Only Freedom - The Prison Writings of Behrouz Boochani,Biographies,Biography,JFFD,Sociology,MISMATCH,
9798890032973,Feral and Hysterical - Mother Horror's Ultimate Reading Guide to Dark and Disturbing Fiction by Women,Biographies,Essays,DSK,Classics,MISMATCH,
9781649633415,"Motherhood Myth - A Depth Therapist's Guide to Redefine Parenting, Reimagine Intimacy, and Reclaim the Self",Well Being,Family,VS,Psychology,MISMATCH,
9781649633064,"Mens Work - A Practical Guide to Face Your Darkness, End Self-Sabotage, and Find Freedom",Well Being,Gender,JFSJ2,Sociology,MISMATCH,
9798886742336,H P Lovecraft Experience - Deluxe Box Set,Fiction,Classics,FM,Science Fiction and Fantasy,MISMATCH,
9781529397642,365 Ways to Develop Mental Toughness - A Day-by-day Guide to Living a Happier and More Successful Life,Sciences,Business,VS,Psychology,MISMATCH,
9781035079872,Lie Tree - 10th anniversary edition,Fiction,Teen Fiction,YFT,Childrens Fiction,MISMATCH,
9781250330727,Tripping Over You,Fiction,Teen Fiction,FX,Graphic Novels,MISMATCH,
9781250343437,Thirsty - A Novel,Fiction,Teen Fiction,YFB,Childrens Fiction,MISMATCH,
9780374392468,Sky Was My Blanket - A Young Man's Journey Across Wartime Europe,Fiction,Teen Fiction,YFY,Childrens Fiction,MISMATCH,
9781761353369,Bluey - Let's Stick Summer Fun - A Sticker Book,Children,Activities,YBC,Childrens Picture Books,MISMATCH,
9781761620140,Bluey - Cubby - A Lift-the-Flap Board Book,Children,Books For Babies,YBCS,Childrens Picture Books,MISMATCH,
9781761359088,Cosy Fantasy - A Colouring Escape,Children,Activities,YBGC,Books For Babies,MISMATCH,
9780241802427,Camp Half Blood Confidential - Percy Jackson and the Olympians,Fiction,Teen Fiction,YFH,Childrens Fiction,MISMATCH,
9780241746158,Sesame Street Cookie Monster - Pop-Up Peekaboo!,Children,Books For Babies,YNF,Childrens Non Fiction,MISMATCH,
9781464231308,My Sticker Dress-Up - Going Gaga - The Unofficial Sticker Book for Little Monsters,Children,Activities,YBG,Books For Babies,MISMATCH,
9798890032706,Verity Vox And The Curse Of Foxfire,Fiction,Teen Fiction,YFB,Childrens Fiction,MISMATCH,
9780008652364,War of Wyverns - 2 A Language of Dragons,Fiction,Teen Fiction,YFH,Childrens Fiction,MISMATCH,
9781250843074,Dream On,Fiction,Graphic Novels,YFW,Childrens Fiction,MISMATCH,
9781472932389,Classic Nursery Rhymes,Children,Childrens Fiction,YBLB1,Childrens Non Fiction,MISMATCH,
9780008738167,Marple -Twelve New Stories,Fiction,Crime Fiction,FC,Classics,MISMATCH,
9780008737764,Bovadium Fragments - Together with 'The Origin of Bovadium' by Richard Ovenden,Fiction,Science Fiction and Fantasy,FQ,General Fiction,MISMATCH,
9780063357075,Elders Quest Warriors - 1 Changing Skies,Fiction,Teen Fiction,YFC,Childrens Fiction,MISMATCH,
9781923239074,Colour In Harry - A Unofficial Harry Styles Colouring and Sticker Book,The Arts,Craft,WF,Fashion,MISMATCH,
9781419773501,Art of Futurama,The Arts,Art,APFV,Music And Performing Arts,MISMATCH,
9781419774102,Seven Deadly Sins and Seven Heavenly Virtues - A Visual History,History And Politics,Religion,AGR,Art,MISMATCH,
9781419774225,Chateau Clarke - Edmond de Rothschild,Well Being,Food And Beverage,HBJD,History,MISMATCH,
9781038971142,I Could Give You the Moon,Fiction,Teen Fiction,YFB,Childrens Fiction,MISMATCH,
9780008724955,Cash Cow - How the maternal body became a global commodity - and the hidden costs for women,Well Being,Health,JFMG,Sociology,MISMATCH,
9780241788950,Mr Wilmans Motoring Adventure - Top Gear Grand Tour Clarkson and Me,Motoring,Transport,WGCB,Gardening,MISMATCH,
9781473234802,Nineteen Eighty Four,Fiction,Classics,FLC,Science Fiction and Fantasy,MISMATCH,
9780571382736,Coming of the Iron Man,Children,Childrens Fiction,YBCS,Childrens Picture Books,MISMATCH,
9780008710286,This Way Up - When Maps Go Wrong - and Why it Matters,History And Politics,Politics,HBG,History,MISMATCH,
9781836043270,Usborne Scratch Activities - Night Sky,Children,Activities,YBGC,Books For Babies,MISMATCH,
9781805680161,Hour of the Predator - Encounters with the Autocrats and Tech Billionaires Taking Over the World,Sciences,Economics,JP,Politics,MISMATCH,
9781035908707,Shakespeare is Hard - but so is Life,Well Being,Psychology,DSGS,Classics,MISMATCH,
9781529028072,Bothered by Bugs,Children,Childrens Non Fiction,YBCS,Childrens Picture Books,MISMATCH,
9781846048890,Viktor E Frankl and the Search for Meaning - 21 Reflections on Living with Purpose,Sciences,Philosophy,VSPM,Psychology,MISMATCH,
9781510783720,"World Walk - 7 Years. 28,000 Miles. 6 Continents. A Grand Meditation, One Step at a Time.",Travel,Travel Literature,BGA,Biography,MISMATCH,
9781785128448,Local Heavens - reimagining of The Great Gatsby,Fiction,Science Fiction and Fantasy,FR,Romance,MISMATCH,
9780571396337,Good Country People and Other Stories - selected and introduced by Lauren Groff,Fiction,Classics,FYB,General Fiction,MISMATCH,
9781805335269,Clock House Murders,Fiction,Crime Fiction,FA,General Fiction,MISMATCH,
9781838858667,Creative Act - A Way of Being,The Arts,Art,VS,Psychology,MISMATCH,
9781804442241,Rebel Sounds - Music As Resistance,The Arts,Music And Performing Arts,HBTV,History,MISMATCH,
9781805226970,Daily Artist's Way - Creative Living Every Day,The Arts,Art,VS,Psychology,MISMATCH,
9781788166942,Cheesemongers Tour de France,Travel,Travel Literature,WTH,Travel Guides,MISMATCH,
9780571394180,Blitz - The Club That Created the Eighties,The Arts,Music And Performing Arts,JFCA,Sociology,MISMATCH,
9780715656082,Untold Railway Stories,Travel,Travel Literature,WGF,Gardening,MISMATCH,
9781529945645,Taylor Swift Lines to Live By Volume II -  Empowering Wisdom for Every Era,Children,Childrens Non Fiction,VSPM,Psychology,MISMATCH,
9781529520323,House on the Canal - The Story of the House that Hid Anne Frank,Children,Childrens Non Fiction,YFN,Childrens Fiction,MISMATCH,
9781975319434,Solo Leveling Comic - 1,Fiction,Graphic Novels,YFW,Childrens Fiction,MISMATCH,
9781975336516,Solo Leveling Comic - 3,Fiction,Graphic Novels,YFW,Childrens Fiction,MISMATCH,
9781975337247,Solo Leveling Comic - 4,Fiction,Graphic Novels,YFW,Childrens Fiction,MISMATCH,
9781783969234,What Sheep Think About the Weather - How to listen to what animals are trying to say,Sciences,Environment,PSVP,General Science,MISMATCH,
9781847499332,Heidi - Putting Her Lessons to Good Use - First Unabridged Translation with illustrations by Susan Hellard,Fiction,Classics,YFA,Childrens Fiction,MISMATCH,
9781526672179,Eight Million Ways to Happiness - Wisdom from the Heart of Japan,Well Being,Psychology,HRKN3,Religion,MISMATCH,
9781526683526,Floating Home - Lessons from a life less ordinary,Travel,Travel Literature,VS,Psychology,MISMATCH,
9781526663665,I Want to Die but I Still Want to Eat Tteokbokki: further conversations with my psychiatrist,Well Being,Psychology,BM,Biography,MISMATCH,
9781399414524,Book of Sea Monsters - Leviathans of Literature,History And Politics,Mythology,HBTM,History,MISMATCH,
9781844867462,Maps - Their Untold Stories - 2nd edition -  Map treasures from The National Archives,Travel,Travel Literature,HBTP1,History,MISMATCH,
9781399420266,Way of the Waves - A cycling odyssey to rediscover the soul of European surfing,Travel,Travel Literature,WTL,Travel Guides,MISMATCH,
9781399400862,Wild Woman - Empowering Stories from Women who Work in Nature,Sciences,Environment,BM,Biography,MISMATCH,
9781836430674,Sisters in the Wind,Fiction,Teen Fiction,YFCB,"Childrens Fiction, Thriller",MISMATCH,
9781526680464,Make Me a Monster,Fiction,Teen Fiction,YFH,Childrens Fiction,MISMATCH,
9781836430520,And the River Drags Her Down,Fiction,Teen Fiction,YFD,"Childrens Fiction, Horror",MISMATCH,
9781923058507,Strength of the Few - 2 Hierarchy,Fiction,Science Fiction and Fantasy,FJH,General Fiction,MISMATCH,
9781805465287,Rhyme and Reason - A Short History of British Poetry,Fiction,Poetry,DSC,Classics,MISMATCH,
9781838959340,Impossible Man - Roger Penrose and the Cost of Genius,Sciences,General Science,BGT,Biography,MISMATCH,
9781838957025,Bored Gay Werewolf,Fiction,Science Fiction and Fantasy,FA,General Fiction,MISMATCH,
9781923058262,Will of the Many - 1 Hierarchy,Fiction,Science Fiction and Fantasy,FJH,General Fiction,MISMATCH,
9780063158504,Tatami Time Machine Blues - 2 Tatami Galaxy,Fiction,Science Fiction and Fantasy,FA,General Fiction,MISMATCH,
9780063158450,Tatami Galaxy - 1 Tatami Galaxy,Fiction,Science Fiction and Fantasy,FYT,Translated Fiction,MISMATCH,
9781529089431,Before Your Memory Fades - 3 Before The Coffee Gets Cold,Fiction,Science Fiction and Fantasy,FA,General Fiction,MISMATCH,
9781529047370,Sunshine Man,Fiction,Crime Fiction,FA,General Fiction,MISMATCH,
9781786781635,Foraging With Kids - 52 Wild And Free Edibles To Enjoy With Your Children,Children,Childrens Non Fiction,WBQ,Food And Beverage,MISMATCH,
9781488957413,Flash Cards - Numbers 0 - 25,Children,Study And Education,YQM,Childrens Picture Books,MISMATCH,
9781529526882,City Of Fallen Angels - 4 Mortal Instruments Collectors Edition,Fiction,Teen Fiction,YFH,Childrens Fiction,MISMATCH,
9781869718572,Storm Weaver - 2 Broken Sword Duology,Fiction,Science Fiction and Fantasy,FA,General Fiction,MISMATCH,
9780349015828,"Six Conversations We're Scared to Have - How to change minds, including your own",Well Being,Psychology,JPW,Politics,MISMATCH,
9780764370243,Alpine Railways,Motoring,Transport,WGF,Gardening,MISMATCH,
9783791391816,Porsche 911 - The Art of Speed,Motoring,Transport,WGCB,Gardening,MISMATCH,
9780764370410,"Automobili Lamborghini - Past, Present, Future",Motoring,Transport,WGCB,Gardening,MISMATCH,
9783791393506,Dark Fairy Tales - Stories from Around the World  - That Are Definitely Not Suitable for Children,History And Politics,Mythology,FQ,General Fiction,MISMATCH,
9781838669423,Yves Saint Laurent and Photography,The Arts,Fashion,AJC,Photography,MISMATCH,
9780764368899,"Mixed Media Stamp Stencil And Storybook Set - European Scripts - 8 Premium Art Stamps, 2 Stencil Masks",The Arts,Craft,WF,Fashion,MISMATCH,
9780063485303,Inner Space A Novel,Fiction,Science Fiction and Fantasy,FHD,Thriller,MISMATCH,
9780764370007,"Profile Drafting for Handweavers - Designs, Projects, and Expert Tips for Turning Your Ideas into Weave Structures",The Arts,Craft,WFG,Fashion,MISMATCH,
9780764369995,Contemporary Basketry - New Directions From Innovative Artists Worldwide,The Arts,Craft,WF,Fashion,MISMATCH,
9781529975079,Lady Gaga Lines to Live By - Empowering words for Little Monsters,Children,Childrens Non Fiction,VS,Psychology,MISMATCH,
9780241480465,Eat More Live Well - Enjoy Your Favourite Food And Boost Your Gut Health With The Diversity Diet,Well Being,Health,WBH,Food And Beverage,MISMATCH,
9781035050512,Alices Adventures in Wonderland - 1 Wonderland,Fiction,Classics,YFA,Childrens Fiction,MISMATCH,
9781035050529,Through the Looking-Glass - 2 Wonderland,Fiction,Classics,YFA,Childrens Fiction,MISMATCH,
9781915569196,Hope is the Thing with Feathers,Fiction,Poetry,YBCS,Childrens Picture Books,MISMATCH,
9781788797498,Jane Packers Flower Course,The Garden,Gardening,WFW,Craft,MISMATCH,
9781800654631,"Your Happy Child - A Parent's Guide to Mindfulness - Simple Activities to Help Develop Resilience, Focus, and Calm",Well Being,Family,VSP,Psychology,MISMATCH,
9781800654709,"Macrame Craft - 35 projects to make - Stylish Knotted and Crocheted Decorations, Jewelry, and Accessories",The Arts,Craft,WFC,Fashion,MISMATCH,
9781800654143,Beginners Guide to Rag Rug Techniques - Discover Rag Rugging Methods from Around the World,The Arts,Craft,WFF,Fashion,MISMATCH,
9781797232874,Making Space - ADUs for Modern Living,The Arts,Art,WK,General Sport And Fitness,MISMATCH,
9781035434305,King Sorrow,Fiction,Science Fiction and Fantasy,FA,General Fiction,MISMATCH,
9781398851092,Robinson Crusoe - Gilded Pocket Edition,Fiction,Classics,YFA,Childrens Fiction,MISMATCH,
9781760796853,Deluxe Oceans,Sciences,Environment,PSPM,General Science,MISMATCH,
9780719845277,Handspinners Companion - From Fibre to Yarn,The Arts,Craft,WFG,Fashion,MISMATCH,
9781800441699,Lucky Luke - The Complete Collection Vol.4,Fiction,Graphic Novels,YFW,Childrens Fiction,MISMATCH,
9781841594323,I Write to Find Out What I am Thinking - Collected Non Fiction,Fiction,Classics,DQ,General Fiction,MISMATCH,
9781648486029,"ADHD Workbook for Kids - Helping Children Gain Self-Confidence, Social Skills, and Self-Control",Well Being,Childrens Well Being,VS,Psychology,MISMATCH,
9781648486029,"ADHD Workbook for Kids - Helping Children Gain Self-Confidence, Social Skills, and Self-Control",Children,Childrens Non Fiction,VS,Psychology,MISMATCH,
9781800811058,Crick - A Mind In Motion - From DNA To The Brain,Sciences,General Science,BGT,Biography,MISMATCH,
9781738625338,Tour Aotearoa Official Guide - The 2026 sixth edition,Sport,Cycling,WTH,Travel Guides,MISMATCH,
9783836598194,Star Wars Archives - 1977-1983,The Arts,Art,APFA,Music And Performing Arts,MISMATCH,
9783836598767,Peter Lindbergh - Dior - 40th Ed.,The Arts,Fashion,AJR,Photography,MISMATCH,
9781837760398,Ransom Note Sticker Book,The Arts,Craft,WF,Fashion,MISMATCH,
9781837760886,Ye Olde Ransom Note Sticker Book - Over 2000 peel-off letters for your anonymous messages,The Arts,Craft,WF,Fashion,MISMATCH,
9780473754037,How to Cook Your Life - stories and recipes to heal a lonely planet,Well Being,Food And Beverage,HREZ,Religion,MISMATCH,
9780552174992,God - A Human History,History And Politics,Religion,HBG,History,MISMATCH,
9781529955606,Nights at the Circus,Fiction,Classics,FA,General Fiction,MISMATCH,
9781529955613,Autofiction,Fiction,Classics,FA,General Fiction,MISMATCH,
9781529955620,Gilda Stories,Fiction,Classics,FA,General Fiction,MISMATCH,
9781529955637,Her Fearful Symmetry,Fiction,Classics,FA,General Fiction,MISMATCH,
9781529955651,Death in Her Hands,Fiction,Classics,FA,General Fiction,MISMATCH,
9781529955712,Diving Pool,Fiction,Classics,FA,General Fiction,MISMATCH,
9780552562522,Alchemyst - Book 1,Fiction,Teen Fiction,YFC,Childrens Fiction,MISMATCH,
9781921656231,Will Grayson Will Grayson,Fiction,Teen Fiction,YFB,Childrens Fiction,MISMATCH,
9781784284275,Wind In The Willows,Fiction,Classics,YFA,Childrens Fiction,MISMATCH,
9781464227523,All of Us Murderers,Fiction,Crime Fiction,FA,General Fiction,MISMATCH,
9798217122615,House of Quiet,Fiction,Teen Fiction,YF,Childrens Fiction,MISMATCH,
9781728268484,Seven All Alone,Fiction,Teen Fiction,YFCF,Childrens Fiction,MISMATCH,
9780007425815,Sharpes Fortress - The Siege Of Gawilghur December 1803 - 3 Sharpe,Fiction,Historical Fiction,FJMC,General Fiction,MISMATCH,
9781035903818,Ghosts Of Iron Mountain - The Hoax That Duped America And Its Sinister Legacy,Biographies,Biography,HBTB,History,MISMATCH,
9780310155577,Van Gogh Has a Broken Heart - What Art Teaches Us About the Wonder and Struggle of Being Alive,The Arts,Art,HRAB,Religion,MISMATCH,
9781837834501,Mushrooms,Sciences,Environment,PSQ,General Science,MISMATCH,
9781035053865,Letters from Wonderland - An interactive Alice adventure with letters to open and a game!,Children,Activities,YFA,Childrens Fiction,MISMATCH,
9781409193975,Realm Breaker - 1 Realm Breaker,Fiction,Teen Fiction,YFH,Childrens Fiction,MISMATCH,
9781409194002,Blade Breaker - 2 Realm Breaker,Fiction,Teen Fiction,FM,Science Fiction and Fantasy,MISMATCH,
9781728239088,Survive The Dome,Fiction,Teen Fiction,YFB,Childrens Fiction,MISMATCH,
9780473745714,Hard Case Heroes - Stories from the Abel Tasman,Travel,Travel Literature,WQH,Transport,MISMATCH,
9783575018656,Italy - Marco Polo Map,Travel,Maps,WTRM,Travel Literature,MISMATCH,
9781399732369,Coldwire,Fiction,Teen Fiction,FL,Science Fiction and Fantasy,MISMATCH,
9780241733806,Christmas Carol,Christmas,Christmas Books,YFA,Childrens Fiction,MISMATCH,
9781529962222,Christmas Carol,Christmas,Christmas Books,FC,Classics,MISMATCH,
9781405969376,Morrigan,Fiction,Science Fiction and Fantasy,FQ,General Fiction,MISMATCH,
9781917044004,Bedtime Music Book - Play 8 Soothing Pieces of Classical Music,Children,Novelty Books,YBG,Books For Babies,MISMATCH,
9781761043246,Prison Healer,Fiction,Science Fiction and Fantasy,YFB,Childrens Fiction,MISMATCH,
9781786789983,Tales of the Dark Feminine - Inspirational Stories of the World's Fiercest Goddesses,History And Politics,Mythology,FQ,General Fiction,MISMATCH,
9781464266447,At the End of Everything,Fiction,Teen Fiction,YFB,Childrens Fiction,MISMATCH,
9781529933413,Anima - A Wild Pastoral,Travel,Travel Literature,WTL,Travel Guides,MISMATCH,
9781419760648,Birdblock - An Abrams Block Book,Children,Novelty Books,YNNR,Childrens Non Fiction,MISMATCH,
9781665931595,Naysayers - Guardians Of Horsa - Volume 2,Fiction,Graphic Novels,YFW,Childrens Fiction,MISMATCH,
9781472103536,Legacy,Sport,Rugby,VSC,Psychology,MISMATCH,
9781529531695,Monsters of Men -  Collector's Edition,Fiction,Teen Fiction,YFB,Childrens Fiction,MISMATCH,
9781529531688,Ask and the Answer - Collector's Edition,Fiction,Teen Fiction,YFB,Childrens Fiction,MISMATCH,
9781529531671,Knife Of Never Letting Go - Collector's Edition,Fiction,Teen Fiction,YFG,Childrens Fiction,MISMATCH,
9781761356292,Bluey - Smoochy Kiss,Children,Books For Babies,YBCS,Childrens Picture Books,MISMATCH,
9781761357671,Bluey - Easter Bumper Activity Book,Children,Activities,YFB,Childrens Fiction,MISMATCH,
9780593812419,Richard Scarrys Great Mystery Collection,Children,Childrens Picture Books,YFA,Childrens Fiction,MISMATCH,
9781632176288,"Outer Space Activity Book for Kids - Explore the Universe with Fun Facts, Mazes, Crosswords, and More",Children,Activities,YBG,Books For Babies,MISMATCH,
9780008733186,Minecraft Puzzle Adventure - A Wardens Warning,Children,Activities,YNVU,Childrens Non Fiction,MISMATCH,
9781835408384,Sticker Dolly Dressing - Easter Party,Children,Activities,YBG,Books For Babies,MISMATCH,
9781836043317,That Is not my Easter Egg,Children,Books For Babies,YBCB,Childrens Picture Books,MISMATCH,
9781836041764,Easter Egg Snap,Children,Activities,YBG,Books For Babies,MISMATCH,
9780008648084,House At Pooh Corner - 100th Anniversary,Children,Childrens Fiction,YBCH,Childrens Picture Books,MISMATCH,
9780008647988,When We Were Very Young - 100th Anniversary,Children,Childrens Fiction,YBCH,Childrens Picture Books,MISMATCH,
9780008648022,Now We Are Six - 100th Anniversary,Children,Childrens Fiction,YBCH,Childrens Picture Books,MISMATCH,
9780008682453,Tales from the Forest - 100th Anniversary,Children,Childrens Fiction,YBCH,Childrens Picture Books,MISMATCH,
9780008648220,Best Bear In All The World - 100th Anniversary,Children,Childrens Fiction,YBCH,Childrens Picture Books,MISMATCH,
9780008648206,Once There Was a Bear - Tales of Before it all Began - Winnie-the-Pooh 100th Anniversary,Children,Childrens Fiction,YBCH,Childrens Picture Books,MISMATCH,
9781775435075,Kiwi Jingle Bells,Christmas,Christmas Books,YBC,Childrens Picture Books,MISMATCH,
9781775436362,Flit the Fantail and the Christmas Crash,Christmas,Christmas Books,YBCS,Childrens Picture Books,MISMATCH,
9781775437437,Jingle Bells Whats That Smell,Christmas,Christmas Books,YFP,Childrens Fiction,MISMATCH,
9781840225990,Ultimate Childrens Classic Collection,Children,Childrens Fiction,FC,Classics,MISMATCH,
9781035058594,Anne Of Green Gables,Fiction,Classics,YFA,Childrens Fiction,MISMATCH,
9781529001457,Ragpicker King,Fiction,Science Fiction and Fantasy,FJ,General Fiction,MISMATCH,
9781837841561,Secrets of Blackthorn Hall,Fiction,Science Fiction and Fantasy,YFH,Childrens Fiction,MISMATCH,
9781035061730,Masque of Africa,Travel,Travel Literature,WTL,Travel Guides,MISMATCH,
9798890033468,Rainforest Watercolor - A Coloring Workbook,The Arts,Craft,AGZ,Art,MISMATCH,
9781529526912,Guess How Much I Love You - Out and About in 100 Words,Children,Books For Babies,YBLA,Childrens Non Fiction,MISMATCH,
9781761601149,Hatch and Match - A Look And Find Book,Children,Books For Babies,YBLH,Childrens Non Fiction,MISMATCH,
9798765673041,Josephine,Children,Books For Babies,YFB,Childrens Fiction,MISMATCH,
9781916763081,Create Your Own Comics - Everything You Need To Know,Children,Activities,YNA,Childrens Non Fiction,MISMATCH,
9780571385683,Torchfire - 2 Torch Trilogy,Fiction,Teen Fiction,YFH,Childrens Fiction,MISMATCH,
9781761170461,Giants,Sciences,Environment,AJ,Photography,MISMATCH,
9781250419842,When Life Gives You Demons,Fiction,Teen Fiction,YFM,"Childrens Fiction, Romance",MISMATCH,
9781250419880,Dark In-Between,Fiction,Teen Fiction,YFD,"Childrens Fiction, Horror",MISMATCH,
9781067036843,I Am Love - The Little Book of Peace,Children,Books For Babies,YB,Childrens Non Fiction,MISMATCH,
9781835622599,"Welsh Folk And Fairy Tales - Fables, Folklore & Ancient Stories",History And Politics,Mythology,FQ,General Fiction,MISMATCH,
9781835627747,Homers Odyssey - Epic Tales of Conquest & Empire,Fiction,Classics,FQ,General Fiction,MISMATCH,
9781907155536,Hermeticism - The Secret Tradition,Well Being,New Age,HRQX2,Religion,MISMATCH,
9781907155666,Genre and Trope,Well Being,New Age,DSA,Classics,MISMATCH,
9780733342974,In/Out - A Scandalous Story Of Falling Into Love And Out Of The Church,Well Being,Gender,JFSK,Sociology,MISMATCH,
9781761528859,One False Note - 2 39 Clues,Fiction,Graphic Novels,YFW,Childrens Fiction,MISMATCH,
9781964487137,Malfoy - The Fall and the Fate of the Wizarding World's Most Treacherous Family,Children,Childrens Fiction,YNF,Childrens Non Fiction,MISMATCH,
9781035057610,ABC Zoo - A Lift The Flap Animal Alphabet Book,Children,Books For Babies,YBLA,Childrens Non Fiction,MISMATCH,
9781916745773,Baby Words - Shake Shake Shake,Children,Books For Babies,YBLA,Childrens Non Fiction,MISMATCH,
9781916745766,Baby Farm - Shake Shake Shake,Children,Books For Babies,YBLA,Childrens Non Fiction,MISMATCH,
9781398536517,Better Than the Movies,Fiction,Teen Fiction,YFB,Childrens Fiction,MISMATCH,
9798893310818,Overthinkers Guide to Making Decisions - How to Make Decisions Without Losing Your Mind,Sciences,Business,VSPM,Psychology,MISMATCH,
9798890032911,Fun With Watercolor - 45 Beginner-Friendly Projects to Create Frame-Worthy Art,The Arts,Craft,WFA,Fashion,MISMATCH,
9781250420886,Amid Stars and Darkness,Fiction,Teen Fiction,YFG,Childrens Fiction,MISMATCH,
9781250420879,Between Frost and Fury,Fiction,Teen Fiction,YFM,"Childrens Fiction, Romance",MISMATCH,
9781250420862,Within Ash and Stardust,Fiction,Teen Fiction,YFM,"Childrens Fiction, Romance",MISMATCH,
9781626727663,Science Comics - Computers - How Digital Hardware Works,Fiction,Graphic Novels,YFW,Childrens Fiction,MISMATCH,
9781529070460,What Shall We Do - Winnie The Pooh,Children,Childrens Picture Books,YFA,Childrens Fiction,MISMATCH,
9780571378265,Mistletoe Malice,Christmas,Christmas Books,FC,Classics,MISMATCH,
9781035031870,Five Little Chicks - Slide Sing and Count,Children,Books For Babies,YBLC,Childrens Non Fiction,MISMATCH,
9781035076178,My First Tummy Time Book - Best from birth,Children,Books For Babies,YBCB,Childrens Picture Books,MISMATCH,
9781964487236,Ultimate Wizarding World - Defense Against the Dark- Arts Spellbook - An essential guide to  the world of Harry Potter,Children,Childrens Fiction,YNF,Childrens Non Fiction,MISMATCH,
9780008616793,Pokemon - Big Book Of Facts,Children,Activities,YNG,Childrens Non Fiction,MISMATCH,
9780141185507,To a God Unknown,Fiction,Classics,FA,General Fiction,MISMATCH,
9780241813690,World Appears - A Journey Into Consciousness,Sciences,General Science,HBTB,History,MISMATCH,
9780415290012,Gravity and Grace,Fiction,Classics,HRCC7,Religion,MISMATCH,
9780241766989,Unstoppable Us Volume 3 - How Enemies Become Friends,Fiction,Teen Fiction,YNH,Childrens Non Fiction,MISMATCH,
9781529925234,"Flourish - The Art of Building Meaning, Joy and Fulfilment",Sciences,Business,VSC,Psychology,MISMATCH,
9780241788943,Seven Tenths Of A Second,Motoring,Transport,KJMB,Business,MISMATCH,
9781761472602,How Will I Ever Get Through This - A Practical Guide To Navigating Lifes Toughest Times,Well Being,Family,VFJX,Psychology,MISMATCH,
9781991142313,Ravens Eye Rebellion - 2 Ravens Eye Runaways,Fiction,Teen Fiction,YFH,Childrens Fiction,MISMATCH,
9781523515271,Reverse Coloring Book - You Draw the Lines,The Arts,Craft,WF,Fashion,MISMATCH,
9780733635250,Harsh Cry Of The Heron - 4 Tales Of The Otori,Fiction,Science Fiction and Fantasy,FJH,General Fiction,MISMATCH,
9781399618663,Hymn To Dionysus,Fiction,Historical Fiction,FA,General Fiction,MISMATCH,
9781787380318,Sami Peoples of the North - A Social and Cultural History,History And Politics,History,JFSL9,Sociology,MISMATCH,
9781990003035,I Know This To Be True - Jacinda Ardern On Kindness Empathy And Strength,Well Being,Gender,BGA,Biography,MISMATCH,
9781990003035,I Know This To Be True - Jacinda Ardern On Kindness Empathy And Strength,History And Politics,Politics,BGA,Biography,MISMATCH,
9781761357190,Bluey - Wheres the Easter Egg,Children,Books For Babies,YFB,Childrens Fiction,MISMATCH,
9780241782200,Peppa Pig - Peppa' s Easter Surprise - A lift-and-find book,Children,Books For Babies,YBCH,Childrens Picture Books,MISMATCH,
9780241768020,Peter Rabbit - Peters Easter Slide And Seek,Children,Books For Babies,YBCH,Childrens Picture Books,MISMATCH,
9780241808955,Coco Wyo - Cozy Friends,Children,Activities,YBGC,Books For Babies,MISMATCH,
9780241688687,Ten Little Rabbits,Children,Childrens Picture Books,YBLC,Childrens Non Fiction,MISMATCH,
9781761222153,Kids in the Kitchen,Children,Activities,WBQ,Food And Beverage,MISMATCH,
9781963183450,My Fancy Sticker Storybook - Fairies and Unicorns - 500+ Reusable Dress-up Sticker Book for Kids Ages 5-8,Children,Activities,YBG,Books For Babies,MISMATCH,
9781963183603,"Our Little Adventure at Easter - An Easter Book for Babies and Toddlers Featuring Lessons on Sacrifice, Love, and Forgiveness",Children,Books For Babies,YBL,Childrens Non Fiction,MISMATCH,
9781800757004,GIRLS (R) - Gen Z and the Commodification of Everything,History And Politics,History,JF,Sociology,MISMATCH,
9780823000845,Stan Lee's How To Write Comics,Fiction,Graphic Novels,WF,Fashion,MISMATCH,
9780760397619,"Complete Book of Jaguar - Every Model Since 1935, Second Edition",Motoring,Transport,WGCB,Gardening,MISMATCH,
9781471421006,How the King of Elfhame Learned to Hate Stories,Fiction,Teen Fiction,YFH,Childrens Fiction,MISMATCH,
9781835871881,Little Bears Shapes,Children,Books For Babies,YNV,Childrens Non Fiction,MISMATCH,
9781835871812,Little Bears Numbers,Children,Books For Babies,YBLC,Childrens Non Fiction,MISMATCH,
9781835874042,Macbeth - Classic Comics,Fiction,Graphic Novels,YFW,Childrens Fiction,MISMATCH,
9781835874035,Jane Eyre - Classic Comics,Fiction,Graphic Novels,YFW,Childrens Fiction,MISMATCH,
9798765670507,Monster in the Lake,Children,Childrens Picture Books,YFP,Childrens Fiction,MISMATCH,
9781761472732,"Dare to be Wealthy - The anti-hustle approach to creating real wealth, on your own terms",Sciences,Business,VSB,Psychology,MISMATCH,
9781800756038,Ring The Hill,Travel,Travel Literature,WTL,Travel Guides,MISMATCH,
9780571396283,Choral,Fiction,Plays,APFD,Music And Performing Arts,MISMATCH,
9781419773792,Skyshade - 3 Lightlark Saga,Fiction,Teen Fiction,YFH,Childrens Fiction,MISMATCH,
9781419785719,Crowntide - 4 Lightlark Saga,Fiction,Teen Fiction,YFH,Childrens Fiction,MISMATCH,
9780715655801,Sugar - A Bittersweet History,History And Politics,History,JFCV,Sociology,MISMATCH,
9781775542728,Blood Says Otherwise,History And Politics,True Crime,JKVF1,Politics,MISMATCH,
9780745341064,Dark Academia - How Universities Die,History And Politics,History,JHBL,Sociology,MISMATCH,
9780349020006,Surreal - The Extraordinary Life of Gala Dali,The Arts,Art,BGF,Biography,MISMATCH,
9781743839997,So This Is Love - 9 A Twisted Tale,Fiction,Teen Fiction,YFH,Childrens Fiction,MISMATCH,
9780008370947,His and Hers,Fiction,Crime Fiction,FA,General Fiction,MISMATCH,
9781988516547,Great Kiwi ABC Colouring Book,Children,Activities,YBGC,Books For Babies,MISMATCH,
9781639739288,Design of Childhood - How the Material World Shapes Independent Kids,Well Being,Family,AMC,Architecture,MISMATCH,
9781398835122,Mind Maps - Chemistry for Kids,Children,Childrens Non Fiction,YQSC,Childrens Picture Books,MISMATCH,
9780473580377,Curly Cat,Children,Childrens Picture Books,YB,Childrens Non Fiction,MISMATCH,
9780473529475,Baarilliant Adventure,Children,Childrens Fiction,YB,Childrens Non Fiction,MISMATCH,
9781925195941,New Zealand Aotearoa - Hema Folded Map,Travel,Maps,WTR,Travel Literature,MISMATCH,
9783791374918,Paint Brushes For Frida - Children' s Book Inspired by Frida Kahlo,Children,Childrens Non Fiction,YBCS,Childrens Picture Books,MISMATCH,
9781035924929,Wild Isles - An Anthology of the Best of British and Irish Nature Writing,Sciences,Environment,DQ,General Fiction,MISMATCH,
9781836430803,Short History of Queer Parenting,Well Being,Family,JFSK,Sociology,MISMATCH,
9781805464105,Path of Light - Walking to Auschwitz,Travel,Travel Literature,WTL,Travel Guides,MISMATCH,
9781473625488,Single Source - 2 William Carver,Fiction,Crime Fiction,FA,General Fiction,MISMATCH,
9780760397510,Complete Book of BMW Motorcycles - 3rd Edition - Every Model Since 1923,Motoring,Transport,WGCK,Gardening,MISMATCH,
9781761182556,Red Star Rebels,Fiction,Teen Fiction,YFG,Childrens Fiction,MISMATCH,
9781805133018,Avalanche,Fiction,Teen Fiction,YFCB,"Childrens Fiction, Thriller",MISMATCH,
9781782695721,Thirst,Fiction,Teen Fiction,YFB,Childrens Fiction,MISMATCH,
9780753561621,Mega Builds - Ten Colossal Construction Projects That Will Change Our World,Sciences,General Science,KNJC,Business,MISMATCH,
9781526685186,Professor Dumbledore - Pocket Potters,Children,Childrens Fiction,FM,Science Fiction and Fantasy,MISMATCH,
9781526688682,Luna Lovegood - Pocket Potters,Children,Childrens Fiction,FM,Science Fiction and Fantasy,MISMATCH,
9781394240234,Diabetes Cookbook For Dummies,Well Being,Health,WBHS,Food And Beverage,MISMATCH,
9781394219087,ADHD For Dummies,Well Being,Psychology,MJN,Health,MISMATCH,
9781035032990,Gruffalo and Friends Advent Calendar Book Collection -  Count down to Christmas with 24 mini activity books!,Christmas,Advent Calendars,YBGC,Books For Babies,MISMATCH,
9781836000808,Little People BIG DREAMS Advent Calendar Book Collection,Christmas,Advent Calendars,YNM,Childrens Non Fiction,MISMATCH,
9781778401589,Secret Life of a Cemetery - The Wild Nature and Enchanting Lore of Pere-Lachaise,Sciences,Environment,BM,Biography,MISMATCH,
9781982129200,Women I Think About At Night - Traveling The Paths Of My Heroes,Travel,Travel Literature,WTL,Travel Guides,MISMATCH,
9780062954411,Truth Project,Fiction,Teen Fiction,YFN,Childrens Fiction,MISMATCH,
9780711272668,100 Things To Know About Architecture,Children,Childrens Non Fiction,YQA,Childrens Picture Books,MISMATCH,
9780987668882,My New Zealand ABC - Learn the alphabet with art and objects from Te Papa,Children,Books For Babies,YBC,Childrens Picture Books,MISMATCH,
9781802068344,My Beloved Monster,Sciences,Environment,BM,Biography,MISMATCH,
9781405972253,Diddly Squat - 4 Home to Roost,Travel,Travel Literature,BM,Biography,MISMATCH,
9780241479414,1929 - Inside The Crash,History And Politics,History,KCX,Economics,MISMATCH,
9781036146917,Spitfire - The Iconic Fighter in Unique Photographs,Motoring,Transport,WGM,Gardening,MISMATCH,
9781800441705,Lucky Luke - The Complete Collection Vol.5,Fiction,Graphic Novels,YFW,Childrens Fiction,MISMATCH,
9781800441712,Lucky Luke - The Complete Collection Vol.6,Fiction,Graphic Novels,YFW,Childrens Fiction,MISMATCH,
9780241471210,Knots Step by Step - A Practical Guide to Tying & Using Over 100 Knots,Sport,General Sport And Fitness,WFC,Fashion,MISMATCH,
9780008797294,Seven Dials,Fiction,Crime Fiction,FC,Classics,MISMATCH,
9781849949989,Myths Legends and Tales for a Greener World - A book of global wisdom,History And Politics,Mythology,FQ,General Fiction,MISMATCH,
9780008767747,Chain,Sport,Cycling,BGSA,Biography,MISMATCH,
9780008733124,Minecraft Redstone Sticker Book,Children,Activities,YBG,Books For Babies,MISMATCH,
9780008733209,Minecraft Survival Challenges - The Heroic Edition,Children,Activities,YNVU,Childrens Non Fiction,MISMATCH,
9780008784225,Colour With Snoopy - Official Peanuts,The Arts,Craft,WF,Fashion,MISMATCH,
9781836042181,Little Sticker Dolly Dressing Fairy Tales,Children,Activities,YBG,Books For Babies,MISMATCH,
9781836041306,Can You Spot - Bugs,Children,Activities,YBG,Books For Babies,MISMATCH,
9781775542940,Roadmap To Property Success - How to ditch the 9-to-5 and build lasting wealth with real estate,Sciences,Business,VSH,Psychology,MISMATCH,
9781835408476,Lots of Things to Draw,Children,Activities,YNA,Childrens Non Fiction,MISMATCH,
9780008801977,5 Types of Wealth Life Planner,Sciences,Business,VSB,Psychology,MISMATCH,
9780008801960,5 Types of Wealth - A Transformative Guide to Design Your Dream Life,Sciences,Business,VS,Psychology,MISMATCH,
9781526330048,Wheels at Work - Cars,Children,Childrens Picture Books,YNTR,Childrens Non Fiction,MISMATCH,
9781526330062,Wheels at Work - Trucks,Children,Childrens Picture Books,YNTR,Childrens Non Fiction,MISMATCH,
9781529177121,Once Upon A Tome - The Misadventures Of A Rare Bookseller,Biographies,Biography,KNTP,Business,MISMATCH,
9781800990333,Teach Your Dog Spanish,Travel,Languages,WH,Humour,MISMATCH,
9781761561863,Birds Arent Real,History And Politics,History,WH,Humour,MISMATCH,
9781797216300,Friends to Keep in Art and Life,The Arts,Art,WH,Humour,MISMATCH,
9781797212760,Socks -  A Footloose Miscellany for Sock Lovers and Wearers,The Arts,Craft,WH,Humour,MISMATCH,
9781250181985,You Cant Spell Truth Without Ruth - An Unauthorized Collection Of Witty And Wise Quotes From The Queen Of Supreme Ruth Bader Ginsburg,Well Being,Gender,BG,Biography,MISMATCH,
9781608866809,Word Up - Word Girl,Fiction,Graphic Novels,YFW,Childrens Fiction,MISMATCH,
9781608866786,Coalition Of Malice - Word Girl,Fiction,Graphic Novels,YFW,Childrens Fiction,MISMATCH,
9781783256600,Bedtime Stories to Help You Sleep - Relaxing tales for adults and teens,Children,Childrens Picture Books,VFJB,Psychology,MISMATCH,
9781991309167,Horses and Us - True stories of horses and their humans,Sciences,Environment,YNNR,Childrens Non Fiction,MISMATCH,
9781399726368,Ministry of Time,Fiction,Science Fiction and Fantasy,FA,General Fiction,MISMATCH,
9781405954655,Babylonia,Fiction,Historical Fiction,FQ,General Fiction,MISMATCH,
9780195329407,New Executive Brain - Frontal Lobes In A Complex World,Well Being,Psychology,PSAN,General Science,MISMATCH,
9781419770449,Team Green - 6 Ada Twist Scientist - The Why Files,Children,Childrens Non Fiction,YFB,Childrens Fiction,MISMATCH,
9780008626563,Proto - How One Ancient Language Went Global,Sciences,General Science,CBX,Languages,MISMATCH,
9781584797883,Bouquets With Personality,The Garden,Gardening,WFW,Craft,MISMATCH,
9781529387414,Outlandish - Walking Europes Unlikely Landscapes,Travel,Travel Literature,WTL,Travel Guides,MISMATCH,
9781035084739,Clean Magic - Essential New Tricks for a Sparkling Green Home,Well Being,Health,WKH,General Sport And Fitness,MISMATCH,
9781958417850,Ferns - Lessons In Survival From Earths Most Adaptable Plants,The Garden,Gardening,PST,General Science,MISMATCH,
9781398532953,Nightfaring - In Search of the Disappearing Darkness,Travel,Travel Literature,WTL,Travel Guides,MISMATCH,
9781529371284,Dolphin Junction,Fiction,Crime Fiction,FYB,General Fiction,MISMATCH,
9783575021861,South Africa Namibia & Botswana Marco Polo Map,Travel,Maps,WTRM,Travel Literature,MISMATCH,
9781405984171,"Through A Glass, Darkly",Fiction,Classics,FFC,Crime Fiction,MISMATCH,
9780241771037,Spy Who Came in from the Cold,Fiction,Classics,FHD,Thriller,MISMATCH,
9780241766934,Hard Rain Falling,Fiction,Classics,FFC,Crime Fiction,MISMATCH,
9780241755396,Picket Line and Other Stories,Fiction,Classics,FFC,Crime Fiction,MISMATCH,
9780241755327,52 Pickup,Fiction,Classics,FFC,Crime Fiction,MISMATCH,
9780241755310,Cat Chaser,Fiction,Classics,FFC,Crime Fiction,MISMATCH,
9780241755334,City Primeval,Fiction,Classics,FFC,Crime Fiction,MISMATCH,
9780241789681,Winners Curse - Behavioral Economics Anomalies Then and Now,Sciences,General Science,KCK,Economics,MISMATCH,
9781934408650,Four Agreements - A Practical Guide to Personal Freedom,Sciences,Philosophy,VSPM,Psychology,MISMATCH,
9780241689622,Very Hungry Caterpillars Peekaboo Easter,Children,Books For Babies,YBCB,Childrens Picture Books,MISMATCH,
9780751536805,Long Way Round,Travel,Travel Literature,WTL,Travel Guides,MISMATCH,
9780751538953,Long Way Down,Travel,Travel Literature,WTL,Travel Guides,MISMATCH,
9782067262782,Denmark - Michelin National Map 749,Travel,Maps,WTRD,Travel Literature,MISMATCH,
9780141997735,Wake - The Hidden History of Women-Led Slave Revolts,History And Politics,History,FXL,Graphic Novels,MISMATCH,
9780141993225,Seeing Others - How to Redefine Worth in a Divided World,History And Politics,History,JHB,Sociology,MISMATCH,
9780141993867,Burning Earth - An Environmental History of the Last 500 Years,Sciences,Environment,HBG,History,MISMATCH,
9780241562468,Tale Unasked,Fiction,Classics,BGHA,Biography,MISMATCH,
9780241201374,Philokalia - A Selection,Fiction,Classics,HRCC8,Religion,MISMATCH,
9781761355431,Beth Is Dead - A contemporary crime reimagining of Little Women,Fiction,Teen Fiction,YFB,Childrens Fiction,MISMATCH,
9780008648213,Winnie The Pooh - Once There Was a Bear Tales of Before it all Began,Children,Childrens Fiction,YBCH,Childrens Picture Books,MISMATCH,
9781923239371,"Sticker Treasury Of Ghosts And Dark Curiosities - An eclectic book of stickers for journaling, collaging, scrapbooking and more",The Arts,Craft,WF,Fashion,MISMATCH,
9780785844280,Oddities And Curiosities Sticker Color And Activity Book - Over 500 Unique Stickers,The Arts,Craft,WF,Fashion,MISMATCH,
9781907326462,Richest Man in Babylon - The Financial Wisdom Classic,Sciences,Business,VSB,Psychology,MISMATCH,
9781324074854,With Her Own Hands - Women Weaving Their Stories,Well Being,Gender,JFSJ1,Sociology,MISMATCH,
9781869717179,Little Moa And Friends - The New Zealand Easter Colouring Book,Children,Activities,YBGC,Books For Babies,MISMATCH,
9780316209403,Basket Ball - The Story of the All-American Game,Sport,General Sport And Fitness,YNW,Childrens Non Fiction,MISMATCH,
9781399746380,Secret Society Of Librarians,Fiction,Historical Fiction,FJMS,General Fiction,MISMATCH,
9781399714976,Wartime Book Club,Fiction,Historical Fiction,FJMS,General Fiction,MISMATCH,
9781869716998,Roarrr - Donovan Bixleys Ancient Creatures of Aotearoa,Children,Childrens Non Fiction,YBC,Childrens Picture Books,MISMATCH,
9781510232617,Little Prince - Mina Lima Edition,Fiction,Classics,YFA,Childrens Fiction,MISMATCH,
9780545688864,I Am a Big Brother,Well Being,Childrens Well Being,YFN,Childrens Fiction,MISMATCH,
9780545688987,I Am a Big Sister,Children,Books For Babies,YFN,Childrens Fiction,MISMATCH,
9781761726682,Jurassic World - Where are the Dinosaurs? A Search-and-Find Activity Book (Universal),Children,Activities,YBC,Childrens Picture Books,MISMATCH,
9780702341625,Stick Man The Egg Hunt,Children,Activities,YBG,Books For Babies,MISMATCH,
9780345464781,Caught Stealing - A Novel,Fiction,Crime Fiction,YFCF,Childrens Fiction,MISMATCH,
9781804944462,Star Wars - From a Certain Point of View - Return of the Jedi,Fiction,Science Fiction and Fantasy,FA,General Fiction,MISMATCH,
9781804993989,Spellbound,Fiction,Historical Fiction,FQ,General Fiction,MISMATCH,
9781857150896,Death Comes For The Archbishop,Fiction,Classics,FA,General Fiction,MISMATCH,
9781841594361,Ada - or Ardor,Fiction,Classics,FA,General Fiction,MISMATCH,
9781529971118,Case of the Abominable Snowman,Fiction,Classics,FFC,Crime Fiction,MISMATCH,
9781841593425,"His Dark Materials - Gift Edition including all three novels: Northern Lights, The Subtle Knife and The Amber Spyglass",Fiction,Teen Fiction,FA,General Fiction,MISMATCH,
9781529935714,Is Free Speech Under Threat,Sciences,Philosophy,JFMD,Sociology,MISMATCH,
9781399412636,Cycling Chef - Plant-Powered Performance - Vegan Recipes to Fuel Your Ride,Sport,Cycling,WBJ,Food And Beverage,MISMATCH,
9781974752843,Pokemon - Scarlet And Violet - Vol. 1,Fiction,Graphic Novels,YFW,Childrens Fiction,MISMATCH,
9781974755035,Pokemon - Scarlet And Violet - Vol. 2,Fiction,Graphic Novels,YFW,Childrens Fiction,MISMATCH,
9781398552388,Barry The Fish with Fingers and Friends - Three Funny Adventures,Children,Childrens Picture Books,YFQ,Childrens Fiction,MISMATCH,
9783967040265,Marvel By Design - Graphic Design Strategies Of The Worlds Greatest Comics Company,The Arts,Art,FX,Graphic Novels,MISMATCH,
9780811802987,Golden Mean,Fiction,Classics,FA,General Fiction,MISMATCH,
9781800786745,"Comic Strip Myths - Norse Myths, Monsters and Viking Voyages",Children,Childrens Non Fiction,YFW,Childrens Fiction,MISMATCH,
9780062278227,Nimona,Fiction,Science Fiction and Fantasy,YFW,Childrens Fiction,MISMATCH,
9781529909937,Lore Olympus - Volume Six,Fiction,Graphic Novels,FQ,General Fiction,MISMATCH,
9781426223730,100 Train Journeys of a Lifetime - The World's Ultimate Rides,Motoring,Transport,WTH,Travel Guides,MISMATCH,
9781647294991,Studio Ghibli - The Complete Works - Second Edition,The Arts,Art,APFV,Music And Performing Arts,MISMATCH,
9781426223549,Travelers Atlas of the World,Travel,Atlases And Globes,WT,Travel Guides,MISMATCH,
9781529935806,Lucky Loser - How Donald Trump Squandered His Father's Fortune and Created the Illusion of Success,Sciences,Business,BGB,Biography,MISMATCH,
9781464254765,This Is Where It Ends -10th Anniversary Edition,Fiction,Teen Fiction,YFD,"Childrens Fiction, Horror",MISMATCH,
9780593903957,Ocean Apart,Fiction,Teen Fiction,YF,Childrens Fiction,MISMATCH,
9780593900611,Trespassers,Fiction,Teen Fiction,YF,Childrens Fiction,MISMATCH,
9780593899311,Reel Love,Fiction,Teen Fiction,YF,Childrens Fiction,MISMATCH,
9781774883457,Team Park,Fiction,Teen Fiction,YF,Childrens Fiction,MISMATCH,
9781741252712,Mathematics Revision and Exam Workbook 1 Year 9,Children,Study And Education,YQM,Childrens Picture Books,MISMATCH,
9781837265619,Traversal,History And Politics,History,PDX,General Science,MISMATCH,
9780008637996,Why Were Getting Poorer - Economics for an Unfair World,History And Politics,History,KCB,Economics,MISMATCH,
9781787742741,Peanuts - Charlie Brown And Snoopy,Fiction,Graphic Novels,WHC,Humour,MISMATCH,
9781667202136,Secret of Chimneys,Fiction,Classics,FFH,Crime Fiction,MISMATCH,
9781398550957,Start With Yourself,Sciences,Business,VSC,Psychology,MISMATCH,
9798881601836,Cutest Beginner Drawing Book Ever,The Arts,Craft,WFA,Fashion,MISMATCH,
9781761639326,Now I See Autumn,Children,Books For Babies,YBLJ,Childrens Non Fiction,MISMATCH,
9781761639333,Now I See Winter,Children,Books For Babies,YBLJ,Childrens Non Fiction,MISMATCH,
9798347110230,Ive Got a Dog - A Happy Little Tune,Children,Books For Babies,YB,Childrens Non Fiction,MISMATCH,
9781937133009,At the Mountains of Madness,Fiction,Teen Fiction,YF,Childrens Fiction,MISMATCH,
9780241995679,Voyage Home - 3 Troy,Fiction,Historical Fiction,FQ,General Fiction,MISMATCH,
9781923419148,Rivet Boy,Fiction,Teen Fiction,YF,Childrens Fiction,MISMATCH,
9781761357176,Bluey - Mum School - A Mothers Day Book,Children,Books For Babies,YBCH,Childrens Picture Books,MISMATCH,
9780241782231,Peppa Pig - Mummy Pigs Treasure Hunt - A lift-the-flap book,Children,Books For Babies,YBCH,Childrens Picture Books,MISMATCH,
9780241822968,GOAT - The Official Novelization,Children,Childrens Non Fiction,YFR,Childrens Fiction,MISMATCH,
9780241638729,Glorious Rivals - 2 Grandest Game,Fiction,Teen Fiction,YFCB,"Childrens Fiction, Thriller",MISMATCH,
9781529961539,Inklings - A Pocket-Sized Inky Colouring Book,The Arts,Craft,WF,Fashion,MISMATCH,
9781035402960,Secrets And Lies - 36 Bob Skinner,Fiction,Crime Fiction,FA,General Fiction,MISMATCH,
9798217027804,Just For You - Little Critter - 50th Anniversary Edition,Children,Childrens Picture Books,YFA,Childrens Fiction,MISMATCH,
9780593799871,Dinosaurs Coloring Book - 40 Drawings to Color,Children,Activities,WF,Fashion,MISMATCH,
9781035030675,Science of Racism - Everything you need to know but probably don't - yet,History And Politics,History,JFFJ,Sociology,MISMATCH,
9781648765445,Complete Renal Diet Cookbook,Well Being,Health,WBH,Food And Beverage,MISMATCH,
9781991142191,Money Money Money - How to reset your money mindset and find financial freedom - every woman's guide,Sciences,Business,VSB,Psychology,MISMATCH,
9781526670960,On the Future of Species - Authoring Life by Means of Artificial Biological Intelligence,Sciences,General Science,BGTA,Biography,MISMATCH,
9781776891672,In The City Of Spies - 1 Spider Games,Children,Childrens Fiction,YFCB,"Childrens Fiction, Thriller",MISMATCH,
9781847927866,Craftland - A Journey Through Britains Lost Arts And Vanishing Trades,The Arts,Craft,HBTB,History,MISMATCH,
9780008688745,Queen of Faces,Fiction,Teen Fiction,YFH,Childrens Fiction,MISMATCH,
9780473746131,Fire Stations Of Aotearoa New Zealand,Travel,Travel Literature,JF,Sociology,MISMATCH,
9781338796230,Predator - 5 Animorphs Graphic Novel,Fiction,Graphic Novels,YFG,Childrens Fiction,MISMATCH,
9781761720307,Capture - 6 Animorphs Graphic Novel,Fiction,Graphic Novels,YFW,Childrens Fiction,MISMATCH,
9781035069552,Grand Canary,Fiction,Classics,FA,General Fiction,MISMATCH,
9780141038674,Economic Government Of The World - 1933-2023,History And Politics,History,KCZ,Economics,MISMATCH,
9781623545789,Welcome to Whalebone Mansion - Creatures That Lurk at a Whale Fall,Children,Childrens Non Fiction,YF,Childrens Fiction,MISMATCH,
9781035071661,Sir Lewis - The Definitive Biography,Motoring,Transport,BGS,Biography,MISMATCH,
9781529095951,Everything Must Go - Why We Are Obsessed With the End of the World,History And Politics,History,DSK,Classics,MISMATCH,
9781728277417,How to Be a Saint - An Extremely Weird and Mildly Sacrilegious History of The Catholic Church's Biggest Names,History And Politics,History,FW,General Fiction,MISMATCH,
9780473758769,Japan - An Autobiography II,Travel,Travel Literature,WTL,Travel Guides,MISMATCH,
9780340748299,Lancashire Legacy,Fiction,Historical Fiction,FT,General Fiction,MISMATCH,
9781035083886,Little Joys - A Happy and Hopeful Colouring Book,The Arts,Craft,YBGC,Books For Babies,MISMATCH,
9781035076314,"No-Nonsense Nutrition - The Science-based Plan to Transform Health, Lose Weight, Feel Amazing",Well Being,Health,WBH,Food And Beverage,MISMATCH,
9781035026746,"Green Budget Guide - 101 Planet and Money Saving Tips, Ideas and Recipes",Well Being,Food And Beverage,VSZ,Psychology,MISMATCH,
9798890033697,Cozy Shops in Watercolor - A Coloring Book of Ready-to-Paint Illustrations on Specialty Paper,The Arts,Craft,WF,Fashion,MISMATCH,
9781250396549,Sticker Studio - Romantica - A Sticker Gallery of Coquettish Whimsy,The Arts,Craft,WF,Fashion,MISMATCH,
9781250396488,Floriographic - World of Flowers - An Artist's Coloring Book of Botanical Wanderlust,The Arts,Craft,WF,Fashion,MISMATCH,
9781250407658,Mythogothica -  Rose and Stone - A Romantasy Coloring Book,The Arts,Craft,WF,Fashion,MISMATCH,
9780571404100,Lord Of The Flies,Fiction,Classics,YFA,Childrens Fiction,MISMATCH,
9781504801638,Worlds Great Railway Journeys,Motoring,Transport,WGF,Gardening,MISMATCH,
9780764371028,"Audi -  Historic Fleet - Horch, DKW, NSU, Wanderer, Auto Union, Audi AG",Motoring,Transport,WGC,Gardening,MISMATCH,
9781837732876,Intertidal Zone - Life on the Edge,Sciences,Environment,PSPM,General Science,MISMATCH,
9780764370786,Douglas DC-8 - A Legends of Flight Illustrated History,Motoring,Transport,WGM,Gardening,MISMATCH,
9781497106147,"Unofficial Insider's Guide Taylor Swift & Travis Kelce Superstar Activity Book - Trivia, Quizzes, Puzzles, Photos & More",The Arts,Craft,WF,Fashion,MISMATCH,
9781916781245,Hilma af Klint - A Pop-Up Book,The Arts,Art,YBG,Books For Babies,MISMATCH,
9781800816275,Green Ages - Medieval Innovations in Sustainability,Sciences,Environment,HBTB,History,MISMATCH,
9781788164276,Drawing on the Right Side of the Brain - A Course in Enhancing Creativity and Artistic Confidence,The Arts,Art,WFA,Fashion,MISMATCH,
9781761472381,Desert Swimmer - From severe depression on an outback sheep station to swimming the English Channel,Well Being,Psychology,BM,Biography,MISMATCH,
9781035082186,Gruffalo and Friends - Amazing Animals Sticker Book - Over 300 easy-to-use stickers,Children,Activities,YBG,Books For Babies,MISMATCH,
9781776891672,In The City Of Spies - 1 Spider Games,Fiction,Teen Fiction,YFCB,"Childrens Fiction, Thriller",MISMATCH,
9781869664787,New Zealand Wars,Children,Childrens Non Fiction,HBJM,History,MISMATCH,
9781776891665,Whale Child,Children,Childrens Fiction,YBC,Childrens Picture Books,MISMATCH,
9780008652296,Language of Dragons - 1 A Language of Dragons,Fiction,Teen Fiction,YFCB,"Childrens Fiction, Thriller",MISMATCH,
9781837588732,Lonely Planet Kids - Hidden Wonders,Children,Childrens Non Fiction,YQG,Childrens Picture Books,MISMATCH,
9781837586288,Lonely Planet Kids - Lets Go Rock Collecting,Children,Childrens Non Fiction,RG,Environment,MISMATCH,
9788794190251,Ferrari - Icons Of Excellence,Motoring,Transport,WGCB,Gardening,MISMATCH,
9781835627778,Moonstone,Fiction,Classics,FFC,Crime Fiction,MISMATCH,
9781864709469,Aston Martin - The DB Label From the DB2 to the DBX,Motoring,Transport,WGCB,Gardening,MISMATCH,
9781847928726,Good Society - And How We Make It,History And Politics,History,JF,Sociology,MISMATCH,
9781847928726,Good Society - And How We Make It,Sciences,Economics,JF,Sociology,MISMATCH,
9781035909285,Fairy Shopping,Children,Childrens Picture Books,YFA,Childrens Fiction,MISMATCH,
9781399424790,Greek To Us - The Fascinating Ancient Greek That Shapes Our World,History And Politics,History,CBX,Languages,MISMATCH,
9781801105798,Thistle and The Rose,Fiction,Historical Fiction,HBJD1,History,MISMATCH,
9781067087562,"Diary of Africa - A Journey through youth, friendship and continents in the 1970s",Travel,Travel Literature,WTL,Travel Guides,MISMATCH,
9781800655850,"Crochet Basics for Children - For children aged 7+ years - Learn to Crochet Fun and Easy Toys, Accessories and Gifts",The Arts,Craft,YNPH,Childrens Non Fiction,MISMATCH,
9780141370163,Puffin Book of Nursery Rhymes - Originally published as The Mother Goose Treasury,Children,Childrens Picture Books,YBLB1,Childrens Non Fiction,MISMATCH,
9780241679623,First Book Of Fairy Tales,Children,Childrens Picture Books,YFJ,Childrens Fiction,MISMATCH,
9780141183053,Homage To Catalonia,Fiction,Classics,BGHA,Biography,MISMATCH,
9781474951784,Fairy Tales for Little Children,Children,Childrens Picture Books,YFU,Childrens Fiction,MISMATCH,
9781398862883,6-Week Drawing Course - A Professional Guide for Artists,The Arts,Craft,WFA,Fashion,MISMATCH,
9781398853010,Fashion Drawing - Discover How to Illustrate Like the Experts,The Arts,Craft,WFA,Fashion,MISMATCH,
9780719845611,"Design and Style Modern Dried Flowers - The Essential Guide for Weddings, Events & The Home",The Garden,Gardening,WFW,Craft,MISMATCH,
9781761501210,"Unfussy Eaters Club - 100 sugar-free recipes and advice for nourishing babies, toddlers and beyond",Well Being,Family,WBQ,Food And Beverage,MISMATCH,
9781761501715,Cozy K-Pop - Cute Colouring Book,The Arts,Craft,WFA,Fashion,MISMATCH,
9781419768453,This Place Kills Me,Fiction,Graphic Novels,YFW,Childrens Fiction,MISMATCH,
9781836008552,Folklore of Trees - The fascinating stories behind nature's guardians,Sciences,Environment,JFHF,Sociology,MISMATCH,
9781805700500,Johanna Basford - Notes from Nature - 30 Affirmations Cards to Colour,The Arts,Craft,WF,Fashion,MISMATCH,
9780785848653,"Fashion Style and Vintage -  Chic Sticker, Color & Activity Book - Over 500 Unique Stickers",The Arts,Craft,WF,Fashion,MISMATCH,
9780785848639,"Books - Tomes & Folios Sticker, Color & Activity Book - Over 500 Unique Stickers",The Arts,Craft,WF,Fashion,MISMATCH,
9780785848660,"Beautiful Unicorns Coloring Book - Color Unicorns, Pegasus, and a World of Enchanted Creatures",The Arts,Craft,WF,Fashion,MISMATCH,
9781800240247,Womans World - 1850-1960,Well Being,Gender,HBLL,History,MISMATCH,
9780241738139,Myself and Other Animals,Sciences,Environment,BM,Biography,MISMATCH,
9781837582679,Tree Atlas,Sciences,Environment,WTR,Travel Literature,MISMATCH,
9781990003004,I Know This to Be True - Gloria Steinem On Empathy Integrity And Authenticity,Well Being,Gender,BGA,Biography,MISMATCH,
9781988516998,I Know This to Be True - Greta Thunberg On Truth Courage And Saving Our Planet,Well Being,Gender,BGA,Biography,MISMATCH,
9781786032485,My First Frida Kahlo,Children,Books For Babies,YNA,Childrens Non Fiction,MISMATCH,
9781761812125,First Crush - 2 The New Girl,Fiction,Graphic Novels,YFW,Childrens Fiction,MISMATCH,
9781547612031,Princess Academy - graphic novel,Fiction,Graphic Novels,YFW,Childrens Fiction,MISMATCH,
9781911590910,National Dish - Around The World In Search Of Food History And The Meaning Of Home,Well Being,Food And Beverage,JFCV,Sociology,MISMATCH,
9781922585578,Hated by All the Right People - Tucker Carlson and the unravelling of the conservative mind,Biographies,Biography,JFCA,Sociology,MISMATCH,
9780571394388,Nineteen Eighty-Four - Faber Illustrated Classic,Fiction,Graphic Novels,YFA,Childrens Fiction,MISMATCH,
9781784876913,Dog Years - A Memoir,Sciences,Environment,BGA,Biography,MISMATCH,
9780241713068,Brigid,Fiction,Historical Fiction,FQ,General Fiction,MISMATCH,
9781805331957,Close to the Machine - Technophilia and Its Discontents,Sciences,General Science,BGBA,Biography,MISMATCH,
9780241678930,Great Global Transformation - National Market Liberalism in a Multipolar World,History And Politics,History,KCP,Economics,MISMATCH,
9781399736749,Pilgrims Revenge - 1 Will Bowman,Fiction,Historical Fiction,FJH,General Fiction,MISMATCH,
9781399736831,Knights Pledge - 2 Will Bowman,Fiction,Historical Fiction,FJH,General Fiction,MISMATCH,
9781399417327,Groupthink - A Study in Self Delusion,Well Being,Psychology,JF,Sociology,MISMATCH,
9781399819572,Artist,History And Politics,History,FV,Historical Fiction,MISMATCH,
9780755501632,Lies - 3 Gone,Fiction,Teen Fiction,YFG,Childrens Fiction,MISMATCH,
9781991187604,Devils Haircut - My Life Before and After the Raurimu Massacre - A Crime That Shocked a Nation,History And Politics,True Crime,BM,Biography,MISMATCH,
9781991107657,Year 7 Mathematics - Start Right Workbook,Children,Study And Education,YQZ,Childrens Picture Books,MISMATCH,
9781991107664,Year 8 Mathematics - Start Right Workbook,Children,Study And Education,YQMT,Childrens Picture Books,MISMATCH,
9781837312405,Poor Economics - The Surprising Truth about Life on Less Than $1 a Day,History And Politics,History,KCB,Economics,MISMATCH,
9780241726655,My Gardening Life,The Garden,Gardening,BGFA,Biography,MISMATCH,
9780241785447,Be More Dua Lipa - New Rules to Help You Dance the Night Away and Fill You with Radical Optimism,Well Being,Psychology,AVG,Music And Performing Arts,MISMATCH,
9780241784075,San Francisco And The Bay Area - DK Eyewitness,Travel,Travel Literature,WTH,Travel Guides,MISMATCH,
9781763733183,How to Dress for Old Age,Well Being,Family,JFSP31,Sociology,MISMATCH,
9781784873875,Modern Nature - Journals 1989 - 1990,Travel,Travel Literature,BGFA,Biography,MISMATCH,
9780857508751,Reacher - The Stories Behind The Stories,Biographies,Biography,DSK,Classics,MISMATCH,
9780062875778,Break to You,Fiction,Teen Fiction,YFB,Childrens Fiction,MISMATCH,
9781529537581,Piper at the Gates of Dusk - 1 New World,Fiction,Teen Fiction,YFB,Childrens Fiction,MISMATCH,
9781338143591,Mac Undercover - 1 Mac B Kid Spy,Fiction,Graphic Novels,YFB,Childrens Fiction,MISMATCH,
9781524884956,Unsupervised - 2 Crabgrass,Fiction,Graphic Novels,YNUC,Childrens Non Fiction,MISMATCH,
9781524875558,Crabgrass - 1 Crabgrass,Fiction,Graphic Novels,YFW,Childrens Fiction,MISMATCH,
9781524890452,World Is Lava - 3 Crabgrass,Fiction,Graphic Novels,YFW,Childrens Fiction,MISMATCH,
9781101998106,Thrifty Guide to Ancient Rome - A Handbook for Time Travelers,Children,Childrens Non Fiction,YFB,Childrens Fiction,MISMATCH,
9780241662878,Heartbreak Geeks,Fiction,Teen Fiction,YFM,"Childrens Fiction, Romance",MISMATCH,
9781837251513,"Football Colouring and Activity Book - Become an ultimate football hero with games, puzzles and more",Children,Activities,YBGC,Books For Babies,MISMATCH,
9780008733117,Minecraft Quest Journal,Children,Activities,YNVU,Childrens Non Fiction,MISMATCH,
9780008811907,Football All-Stars - Search and Find,Children,Activities,YNWA,Childrens Non Fiction,MISMATCH,
9780008764982,Boy and Penguin - Little Library,Children,Books For Babies,YBCB,Childrens Picture Books,MISMATCH,
9781805072508,Thats Not My Hippo...,Children,Books For Babies,YBCB,Childrens Picture Books,MISMATCH,
9781836045496,Thats not my Zoo Activity Book,Children,Activities,YBGC,Books For Babies,MISMATCH,
9781836041245,Can you Spot - Dinosaurs,Children,Activities,YBG,Books For Babies,MISMATCH,
9781761603525,Besties Set Sail,Fiction,Graphic Novels,YFW,Childrens Fiction,MISMATCH,
9781529531138,Wheres Wally - The Mighty Magical Mix Up,Children,Activities,YBG,Books For Babies,MISMATCH,
9781536227581,Star Stories - 3 Orris and Timble,Children,Childrens Fiction,YFM,"Childrens Fiction, Romance",MISMATCH,
9798348029661,Frank the Monster,Children,Childrens Fiction,YFD,"Childrens Fiction, Horror",MISMATCH,
9781566956536,Nepal - Travel Maps International Adventure Map,Travel,Maps,WTR,Travel Literature,MISMATCH,
9781566955201,Khumbu Nepal - Travel Maps International Adventure Map,Travel,Maps,WTR,Travel Literature,MISMATCH,
9781529513189,Whale Song,Children,Childrens Non Fiction,YBC,Childrens Picture Books,MISMATCH,
9781836040903,Trains Snap,Children,Activities,YBG,Books For Babies,MISMATCH,
9781801319607,Zoo Snap,Children,Activities,YBG,Books For Babies,MISMATCH,
9781474991544,Bugs Snap,Children,Activities,YBL,Childrens Non Fiction,MISMATCH,
9780746076316,Fairy Snap,Children,Activities,YNV,Childrens Non Fiction,MISMATCH,
9781474968058,Mermaid Snap,Children,Activities,YBG,Books For Babies,MISMATCH,
9780241808979,Coco Wyo - Girl Moments,Children,Activities,YBGC,Books For Babies,MISMATCH,
9781668001875,Anointed - The Extraordinary Effects of Social Status in a Winner-Take-Most World,Well Being,Psychology,JHBA,Sociology,MISMATCH,
9781405284837,Monster,Fiction,Teen Fiction,YFCB,"Childrens Fiction, Thriller",MISMATCH,
9781787637320,Sweetbitter Song,Fiction,Historical Fiction,FQ,General Fiction,MISMATCH,
9781804950722,Silver Elite,Fiction,Science Fiction and Fantasy,FA,General Fiction,MISMATCH,
9781529966985,Auto Biography - An A-Z Expose of Cars,Motoring,Transport,WGCB,Gardening,MISMATCH,
9781529944389,Manufacturing Consent - The Political Economy of the Mass Media,History And Politics,History,JFD,Sociology,MISMATCH,
9780593904442,Rosa Parks A Little Golden Book Biography,Children,Childrens Non Fiction,YF,Childrens Fiction,MISMATCH,
9781836431442,"For The People - Fighting Authoritarianism, Saving Democracy",Sciences,Philosophy,JPHX,Politics,MISMATCH,
9781529975079,Lady Gaga Lines to Live By - Empowering words for Little Monsters,The Arts,Music And Performing Arts,VS,Psychology,MISMATCH,
9781529945645,Taylor Swift Lines to Live By Volume II -  Empowering Wisdom for Every Era,The Arts,Music And Performing Arts,VSPM,Psychology,MISMATCH,
9781991142351,Counting Down With Theodore Brown,Fiction,Teen Fiction,YFB,Childrens Fiction,MISMATCH,
9781840227550,Jungle Book And The Second Jungle Book,Fiction,Classics,YFA,Childrens Fiction,MISMATCH,
9781853261022,Just So Stories,Fiction,Classics,YFA,Childrens Fiction,MISMATCH,
9781009440066,Climate of Truth - Why We Need It and How To Get It,Sciences,Environment,JPF,Politics,MISMATCH,
9781761356179,Escape Game,Fiction,Teen Fiction,YFCF,Childrens Fiction,MISMATCH,
9781805265375,Troublemaker - The Fierce Unruly Life Of Jessica Mitford,Biographies,Biography,HBTB,History,MISMATCH,
9781761343155,Doodle A Day Keeps the Stress Away,The Arts,Art,WFA,Fashion,MISMATCH,
9781591847038,Doodle Revolution,The Arts,Art,KJP,Business,MISMATCH,
9780571400508,"Fashioning the Crown - A Story of Power, Conflict and Couture",The Arts,Fashion,BGR,Biography,MISMATCH,
9781805226772,How Africa Works - Success and Failure on the World's Last Developmental Frontier,History And Politics,History,GTF,Maps,MISMATCH,
9781785307867,How to Find Flow - 3 steps for high performance and deep resilience,Sciences,Business,VSC,Psychology,MISMATCH,
9781836432470,Skylark,Fiction,Historical Fiction,FJMS,General Fiction,MISMATCH,
9781526682994,These Shattered Spires - 1 Wyrdos,Fiction,Teen Fiction,YFH,Childrens Fiction,MISMATCH,
9781784978341,We Dont Know Ourselves - A Personal History of Ireland Since 1958,Biographies,Biography,HBLW,History,MISMATCH,
9781800786745,"Comic Strip Myths - Norse Myths, Monsters and Viking Voyages",History And Politics,Mythology,YFW,Childrens Fiction,MISMATCH,
9780241788943,Seven Tenths Of A Second,Motoring,Formula One,KJMB,Business,MISMATCH,
9780241736388,Wuthering Heights,Fiction,Classics,YFA,Childrens Fiction,MISMATCH,
9798217043408,Wuthering Heights,Fiction,Classics,YFA,Childrens Fiction,MISMATCH,
9781529442380,Circle of Days,History And Politics,History,FV,Historical Fiction,MISMATCH,
9781776953448,What If You Could,Children,Childrens Non Fiction,JPHL,Politics,MISMATCH,
9781776953448,What If You Could,Fiction,Teen Fiction,JPHL,Politics,MISMATCH,
9781805133582,Cuddly Cat,Children,Childrens Picture Books,YBLH,Childrens Non Fiction,MISMATCH,
9781800783850,UNBELIEVABLE - The Secrets Of Magic -  Over 30 incredible tricks for kids in one step-by-step guide,Children,Activities,YND,Childrens Non Fiction,MISMATCH,
9780062415837,Notorious RBG - The Life And Times Of Ruth Bader Ginsburg,Well Being,Gender,BG,Biography,MISMATCH,
9780143135111,Decisions And Dissents Of Justice Ruth Bader Ginsburg -  A Selection,Well Being,Gender,JPHC,Politics,MISMATCH,
9781405946537,Diddly Squat - 1 A Year On The Farm,Travel,Travel Literature,BM,Biography,MISMATCH,
9781405961424,Diddly Squat - 3 Pigs Might Fly,Travel,Travel Literature,BGFA,Biography,MISMATCH,
9781982185831,Im Glad My Mom Died,Well Being,Gender,BGFA,Biography,MISMATCH,
9781847928979,Hymn to Life - Shame has to Change Sides,Well Being,Gender,BM,Biography,MISMATCH,
9781400357949,Origin of Hymns - It Is Well with My Soul,History And Politics,Religion,AVGD,Music And Performing Arts,MISMATCH,
9781782278221,Forbidden Notebook,Fiction,Classics,FA,General Fiction,MISMATCH,
9781984856463,Wizards and Spells - Dungeons and Dragons - A Young Adventurer's Guide,Fiction,Science Fiction and Fantasy,YN,Childrens Non Fiction,MISMATCH,
9780593580752,"Dungeons and Dragons Stickerology - Legendary Stickers of Monsters, Magical Items, and More",Fiction,Science Fiction and Fantasy,WF,Fashion,MISMATCH,
9781984856449,Dungeons and Tombs - Dungeons and Dragons - A Young Adventurer's Guide,Fiction,Science Fiction and Fantasy,YN,Childrens Non Fiction,MISMATCH,
9781035021246,Animate - How Animals Shape the Human Mind,Sciences,Environment,JFFZ,Sociology,MISMATCH,
9781250384300,Egyptian Book of the Dead - The Classic Edition,Fiction,Classics,HBLA1,History,MISMATCH,
9781250422224,Out of Air,Fiction,Teen Fiction,YFCB,"Childrens Fiction, Thriller",MISMATCH,
9781529968033,All the Medals Have Been Handed Out,Motoring,Transport,BGA,Biography,MISMATCH,
9781419720079,Once Upon A Crime - 4 Sisters Grimm,Fiction,Teen Fiction,YFCF,Childrens Fiction,MISMATCH,
9789460583872,Fishing - Worlds Of Wisdom,Travel,Travel Literature,VS,Psychology,MISMATCH,
9781460769249,Organ Speak - What It Really Means to Listen to our Bodies,Well Being,Health,PSX,General Science,MISMATCH,
9780008730611,Beyond Belief - A Defence of Gossip and the Women Who Do It,Well Being,Gender,JFFK,Sociology,MISMATCH,
9780008621834,Grammar of Angels - The Life of a Renaissance Prodigy and his Search for a Philosophy of Everything,History And Politics,History,JFCX,Sociology,MISMATCH,
9781760877187,How We Love - Notes On A Life,Well Being,Gender,BM,Biography,MISMATCH,
9781478032625,Pierre Bourdieu's Political Economy of Being,Sciences,Philosophy,JHM,Sociology,MISMATCH,
9781788162074,Two-Way Mirror - The Life of Elizabeth Barrett Browning,Fiction,Poetry,BGL,Biography,MISMATCH,
9780702265846,Tell Me Again - A Memoir,Well Being,Gender,BM,Biography,MISMATCH,
9781761068829,Crossing - A Memoir of Love Adventure and Finding your own Path,Travel,Travel Literature,BM,Biography,MISMATCH,
9780063059740,By Her Own Design - A Novel Of Ann Lowe Fashion Designer To The Social Register,Fiction,Historical Fiction,FA,General Fiction,MISMATCH,
9781529964394,Beautyland,Fiction,Science Fiction and Fantasy,FA,General Fiction,MISMATCH,
9781398561922,Focus On-Off,Well Being,Psychology,PSAN,General Science,MISMATCH,
9781035083732,"No More Nappies - Sticker Activity Book - Perfect for potty training, with over 300 stickers",Well Being,Childrens Well Being,YBL,Childrens Non Fiction,MISMATCH,
9781837588756,Lonely Planet Where To Go When - Hiking,Travel,Travel Literature,WTH,Travel Guides,MISMATCH,
9781784947262,Coastal Scenes In Watercolour - Techniques And Tutorials For The Complete Beginner,The Arts,Craft,AGZ,Art,MISMATCH,
9781800923157,Painting Landscapes - Practical Techniques To Build Confidence And Develop Your Own Unique Style,The Arts,Craft,WFA,Fashion,MISMATCH,
9781761356728,"Fibre Factor - A Science-backed Guide to a Healthier Gut, Stronger Heart and Sharper Brain",Well Being,Health,PSAN,General Science,MISMATCH,
9781915279392,Sheeplands - How Sheep Shaped The World,Sciences,Environment,HB,History,MISMATCH,
9781835627907,Valkyries - New And Ancient Norse Tales,History And Politics,Mythology,FQ,General Fiction,MISMATCH,
9781835627914,Odysseus - New And Ancient Greek Tales,Fiction,Classics,FQ,General Fiction,MISMATCH,
9783961717668,Ferrari Milestones,Motoring,Transport,WGCB,Gardening,MISMATCH,
9781761381942,Body Double,Fiction,Crime Fiction,FYT,Translated Fiction,MISMATCH,
9781788167376,Everything I Know about Life I Learned from PowerPoint,Sciences,Computing,KJP,Business,MISMATCH,
9780394810409,Frederick,Children,Childrens Picture Books,YFP,Childrens Fiction,MISMATCH,
9781405978880,Menagerie Manor,Travel,Travel Literature,BM,Biography,MISMATCH,
9781761471506,Better Things Are Possible - How rebellious hope will change the world,Well Being,Psychology,BM,Biography,MISMATCH,
9781035036936,Normally Weird and Weirdly Normal - My Adventures in Neurodiversity,Well Being,Health,BM,Biography,MISMATCH,
9781761566202,"You Went to Emergency for What - Bizarre, bloody and baffling true stories from the hospital ED",Well Being,Psychology,BGA,Biography,MISMATCH,
9781785120299,Now Is Not The Time For Flowers - What No One Tells You About Life Love And Loss,Well Being,Gender,BM,Biography,MISMATCH,
9781837264629,Reasons to Stay Alive - 10th Anniversary,Well Being,Psychology,BM,Biography,MISMATCH,
9780063086340,For Your Smile - A High Contrast Book For Newborns,Children,Books For Babies,YBCB,Childrens Picture Books,MISMATCH,
9780063086333,It Had to Be You - A High Contrast Book For Newborns,Children,Books For Babies,YBL,Childrens Non Fiction,MISMATCH,
9781991006387,Untouchable Girls - The Topp Twins' Story,Well Being,Gender,BM,Biography,MISMATCH,
9781988547527,Times Like These - On Grief Hope and Remarkable Love,Well Being,Psychology,BM,Biography,MISMATCH,
9781988547367,Grief on the Run,Well Being,Psychology,BM,Biography,MISMATCH,
9781529965223,Changing Places,Fiction,Classics,FA,General Fiction,MISMATCH,
9781787304789,Herlands - Lessons From Societies Where Women Make the Rules,Well Being,Gender,JHMC,Sociology,MISMATCH,
9781911709862,Runnin Down a Dream - How to Thrive in a Career You Actually Love,Sciences,Business,VSC,Psychology,MISMATCH,
9781761729140,Blood Moon - 1 Snowlands,Fiction,Graphic Novels,YFC,Childrens Fiction,MISMATCH,
9780393350647,"Second Machine Age - Work Progress, and Prosperity in a Time of Brilliant Technologies",Sciences,Computing,PDR,General Science,MISMATCH,
9781761726385,Dawn Of The Dragons - New Dragon City,Fiction,Teen Fiction,YF,Childrens Fiction,MISMATCH,
9781761600821,My Wonderful Disgrace,Fiction,Teen Fiction,YFM,"Childrens Fiction, Romance",MISMATCH,
9781035068067,Sew Much Trouble - Agents of S.U.I.T.,Fiction,Graphic Novels,YNUC,Childrens Non Fiction,MISMATCH,
9781916745179,Ocean Explorer - A Search-and-Find Book,Children,Activities,YNNR,Childrens Non Fiction,MISMATCH,
9781916745162,Wiggly Worms,Children,Books For Babies,YNNR,Childrens Non Fiction,MISMATCH,
9781991006653,Song Of The Saltings,Fiction,Teen Fiction,YFH,Childrens Fiction,MISMATCH,
9781974711277,Pokemon Adventures Collectors Edition - Vol. 7,Fiction,Graphic Novels,YFW,Childrens Fiction,MISMATCH,
9781800816282,"Daily Laws - 366 Meditations On Power, Seduction, Mastery, Strategy And Human Nature",Sciences,Business,VS,Psychology,MISMATCH,
9781761634352,Good Arguments - What the art of debating can teach us about listening better and disagreeing well,Sciences,Business,VS,Psychology,MISMATCH,
9781067052805,As it Turns Out - No Ones Got Their Shit Together - Learnings from inside the Collective Intelligence journey,Sciences,Business,VS,Psychology,MISMATCH,
9781423231097,Business 101 -The Art Of War,Children,Study And Education,KJB,Business,MISMATCH,
9781761451386,Get Real - 30 Stories Of Female Founders And Other Lessons In Business,Well Being,Gender,KJH,Business,MISMATCH,
9780571382866,Tales Of The Suburbs - LGBTQ+ Lives Behind Net Curtains,Well Being,Gender,HBTB,History,MISMATCH,
9780241777633,Dont Burn Anyone at the Stake Today - and other lessons from history about living through an information crisis,History And Politics,History,JHMC,Sociology,MISMATCH,
9781805137108,This Little Kitten - A Touch and Feel Book,Children,Books For Babies,YBL,Childrens Non Fiction,MISMATCH,
9780008794651,House for a Mouse - Brambly Hedge,Children,Books For Babies,YBCB,Childrens Picture Books,MISMATCH,
9781835408728,Orchestra,Children,Books For Babies,YNC,Childrens Non Fiction,MISMATCH,
9781917226394,Homers Odyssey - An Illustrated Retelling,Fiction,Classics,HBLA1,History,MISMATCH,
9781917226394,Homers Odyssey - An Illustrated Retelling,Children,Childrens Fiction,HBLA1,History,MISMATCH,
9781529536652,"Guess How Much I Love You First Concepts - Colours, Numbers, Shapes, Opposites",Children,Books For Babies,YBLD,Childrens Non Fiction,MISMATCH,
9781839136474,Anya and the Light Above the Ocean,Fiction,Teen Fiction,YFG,Childrens Fiction,MISMATCH,
9781785031052,Bear And The Nightingale - 1 Winternight,Fiction,Science Fiction and Fantasy,FA,General Fiction,MISMATCH,
9781785039737,Winter Of The Witch - 3 Winternight,Fiction,Science Fiction and Fantasy,FV,Historical Fiction,MISMATCH,
9781775543138,Winners Formula,Sciences,Business,VSC,Psychology,MISMATCH,
9780008770709,Burn Bright - 10 Habits to Sustain High Performance in an Always-on World,Sciences,Business,VSC,Psychology,MISMATCH,
9781837330713,Wartime Recipes - 45 tasty and nutritious recipes from the Dig For Victory years,Well Being,Food And Beverage,JFCV,Sociology,MISMATCH,
9780063080935,Place Between - 4 Lightfall,Fiction,Graphic Novels,YFW,Childrens Fiction,MISMATCH,
9780008822477,K-Pop Spirit Academy,Fiction,Teen Fiction,YFS,Childrens Fiction,MISMATCH,
9781906367763,Fish And Ships - A Nautical Miscellany,Travel,Travel Literature,HBTM,History,MISMATCH,
9781761472336,King of the Desert - One man's world-record motorcycle crossing of Australia's ten deadly deserts,Travel,Travel Literature,BM,Biography,MISMATCH,
9781784161965,Icons of England,Travel,Travel Literature,WTM,Travel Guides,MISMATCH,
9781452169354,Literary Paris - A Photographic Tour,Travel,Travel Literature,AJC,Photography,MISMATCH,
9783961716722,Paris,Travel,Travel Guides,AJB,Photography,MISMATCH,
9783961716715,New York,Travel,Travel Guides,AJB,Photography,MISMATCH,
9781837581726,"Lonely Planet Amazing Train Journeys - The Ultimate Guide to 60 Remarkable Rail Experiences with Stunning Photography, Route Maps & Expert Insights",Travel,Travel Guides,WGF,Gardening,MISMATCH,
9780552573146,Hollow Boy - 3 Lockwood and Co,Children,Childrens Fiction,YFD,"Childrens Fiction, Horror",MISMATCH,
9780552575799,Empty Grave - 5 Lockwood and Co,Children,Childrens Fiction,YFD,"Childrens Fiction, Horror",MISMATCH,
9781398531819,Keeper Of The Lost Cities - The Graphic Novel Volume 2,Fiction,Graphic Novels,YFB,Childrens Fiction,MISMATCH,
9781250397157,Place to Hide,Fiction,Historical Fiction,FW,General Fiction,MISMATCH,
9781917044103,Little Dinosaurs - Big Questions - 10 Thoughtful Stories,Children,Childrens Non Fiction,YFB,Childrens Fiction,MISMATCH,
9781917044103,Little Dinosaurs - Big Questions - 10 Thoughtful Stories,Well Being,Childrens Well Being,YFB,Childrens Fiction,MISMATCH,
9781250013743,Lexus and the Olive Tree - Understanding Globalization,Sciences,Economics,JFFS,Sociology,MISMATCH,
9781836431237,Tidespeaker,Fiction,Teen Fiction,YFH,Childrens Fiction,MISMATCH,
9780241638705,Grandest Game - 1 Grandest Game,Fiction,Teen Fiction,YFCF,Childrens Fiction,MISMATCH,
9781447341147,Secrets And Silence - Uncovering The Legacy Of The Cleveland Child Sexual Abuse Case,History And Politics,True Crime,JFFE1,Sociology,MISMATCH,
9780749391416,Vineland,Fiction,Classics,FA,General Fiction,MISMATCH,
9781399431514,Solidarity - The Work of Recognition,Sciences,Philosophy,HBTB,History,MISMATCH,
9781399431514,Solidarity - The Work of Recognition,History And Politics,Sociology,HBTB,History,MISMATCH,
9781399633437,Cars - 10 Things You Should Know,Sciences,General Science,WGCB,Gardening,MISMATCH,
9781529933611,Nexus - A Brief History of Information Networks from the Stone Age to AI,Sciences,General Science,HBTB,History,MISMATCH,
9781399420600,Dignity of Difference - How to Avoid the Clash of Civilizations - New Revised Edition,History And Politics,Religion,JHBA,Sociology,MISMATCH,
9781399420648,Home We Build Together - Recreating Society,History And Politics,Religion,JPVH1,Politics,MISMATCH,
9781399420648,Home We Build Together - Recreating Society,History And Politics,Sociology,JPVH1,Politics,MISMATCH,
9780241618837,When Everyone Knows That Everyone Knows - Common Knowledge And The Science Of Harmony Hypocrisy And Outrage,Sciences,General Science,VSP,Psychology,MISMATCH,
9780349147208,Revenge Of The Tipping Point - Overstories Superspreaders And The Rise Of Social Engineering,Well Being,Psychology,JHB,Sociology,MISMATCH,
9781786493118,Beginners - Joy And Transformative Power Of Lifelong Learning,Well Being,Health,PDZ,General Science,MISMATCH,
9781405974233,Liveable Future is Possible,Sciences,Philosophy,JPSL,Politics,MISMATCH,
9780141018966,On Natural Selection - Penguin Great Ideas,Sciences,Philosophy,PSAJ,General Science,MISMATCH,
9780008451882,Silk - A History in Three Metamorphoses,History And Politics,History,PDZ,General Science,MISMATCH,
9780241630181,"May Contain Lies - How Stories, Statistics and Studies Exploit Our Biases - And What We Can Do About It",History And Politics,History,VSP,Psychology,MISMATCH,
9781805464235,Wisdom of Farmers - What We Can Learn from the Land,Sciences,Environment,KNAC,Business,MISMATCH,
9781802062793,Performer - Art Life Politics,History And Politics,History,JHBA,Sociology,MISMATCH,
9780141037028,Silent Catastrophes - Essays in Austrian Literature,Biographies,Essays,DSB,Classics,MISMATCH,
9780241784266,Geography Book - Big Ideas Simply Explained,Sciences,General Science,RGC,Environment,MISMATCH,
9780241777442,History of Horror Fear and the Uncanny,History And Politics,Mythology,JFHF,Sociology,MISMATCH,
9781761357435,"Where the Earth Meets the Sky - A study of penguins, people and place in Antarctica",Travel,Travel Literature,WTL,Travel Guides,MISMATCH,
9781761380686,Judy Blume - a life,Biographies,Biography,JFCA,Sociology,MISMATCH,
9781784165888,"Authority Gap - Why women are still taken less seriously than men, and what we can do about it",Well Being,Gender,JFFK,Sociology,MISMATCH,
9781912559343,Confessions Of A Heretic - Revised Edition,Sciences,Philosophy,JPA,Politics,MISMATCH,
9781781683170,Critique Of Everyday Life - The One-Volume Edition,Sciences,Philosophy,JHB,Sociology,MISMATCH,
9781804962435,Fuzzy Hygge - Super cute colouring book,The Arts,Craft,YBGC,Books For Babies,MISMATCH,
9780753560426,Legenda - The Real Women Behind The Myths That Shaped Europe,Well Being,Gender,HBJ,History,MISMATCH,
9780520282940,Life Beside Itself - Imagining Care in the Canadian Arctic,Well Being,Health,JHMC,Sociology,MISMATCH,
9781785127090,Milena and Margarete - A Love Story in Ravensbruck - The Nazi's Concentration Camp for Women,Biographies,Biography,HBWQ,History,MISMATCH,
9781761357626,Bluey - Here Come the Grannies,Children,Activities,YBGC,Books For Babies,MISMATCH,
9781761357633,Bluey - Tradies,Children,Childrens Picture Books,YFB,Childrens Fiction,MISMATCH,
9798217111121,Boy Who Harnessed The Wind - Picture Book Edition,Children,Childrens Picture Books,YNM,Childrens Non Fiction,MISMATCH,
9780241782194,Peppa Pig - George's Dino Day - A touch-and-feel playbook,Children,Books For Babies,YBCH,Childrens Picture Books,MISMATCH,
9780241811597,Tale of Mr Jeremy Fisher Picture Book,Children,Childrens Picture Books,YNW,Childrens Non Fiction,MISMATCH,
9781631494758,Women And Power - A Manifesto,Well Being,Gender,HBT,History,MISMATCH,
9781787394803,Elizabeth - A Celebration in Photographs of the Queens Life and Reign,Well Being,Gender,BGR,Biography,MISMATCH,
9780349018935,She Speaks - What Shakespeares Women Might Have Said,Well Being,Gender,FA,General Fiction,MISMATCH,
9781846046940,Women Who Run With The Wolves - Contacting The Power Of The Wild Woman,Well Being,Gender,VSP,Psychology,MISMATCH,
9781787703285,Short History Of Spaghetti With Tomato Sauce,Well Being,Food And Beverage,HBTB,History,MISMATCH,
9781250283771,Personal Effects - What Recovering the Dead Teaches Me About Caring for the Living,Well Being,Psychology,JHBZ,Sociology,MISMATCH,
9781035031559,Fairies Elves and Sprites - Myths and Legends - Macmillan Collector's Library,History And Politics,Mythology,FC,Classics,MISMATCH,
9781035031610,Mermaids Sirens and Selkies - Myths and Legends - Macmillan Collector's Library,History And Politics,Mythology,FC,Classics,MISMATCH,
9781406378436,Arthur - The Always King,History And Politics,Mythology,YFA,Childrens Fiction,MISMATCH,
9781990035180,Of Course You Can - E Maeke He Taute e Koe - English And Niuean,Travel,Languages,YB,Childrens Non Fiction,MISMATCH,
9780995106666,Black Dog - English And Arabic,Travel,Languages,YBC,Childrens Picture Books,MISMATCH,
9781405297783,Night Sky,Children,Childrens Non Fiction,JFHF,Sociology,MISMATCH,
9781035064731,Clara & the Devil - Collection One,Fiction,Science Fiction and Fantasy,FX,Graphic Novels,MISMATCH,
9781035002313,Bones Beneath My Skin,Fiction,Science Fiction and Fantasy,FA,General Fiction,MISMATCH,
9781250466006,"Man of Zero - A Guide to Primal Power, Boundless Sex, and the Freedom Beyond Ambition",Well Being,Gender,JFSJ2,Sociology,MISMATCH,
9781037402920,Just Said Yes - Plan Taylor's Wedding - an Unofficial Activity Book,The Arts,Craft,WF,Fashion,MISMATCH,
9781035031764,Inside the Box - How Constraints Make Us Better,Sciences,Business,VSC,Psychology,MISMATCH,
9781529058376,Hidden Globe - How Wealth Hacks the World,History And Politics,History,RGC,Environment,MISMATCH,
9781035030644,Outrage - How To Fight for LGBTQ+ Lives,Well Being,Gender,JFFJ,Sociology,MISMATCH,
9781035016518,Return of the Oystercatcher - Saving Birds to Save the Planet,Sciences,Environment,PSVW6,General Science,MISMATCH,
9781250774316,Run Home - A Graphic Memoir,Fiction,Teen Fiction,YFB,Childrens Fiction,MISMATCH,
9781250810731,Out of Our League - 16 Stories of Girls in Sports,Fiction,Teen Fiction,YFB,Childrens Fiction,MISMATCH,
9781399754040,Fire in Every Direction - A Memoir,Biographies,Biography,JFSK,Sociology,MISMATCH,
9781460766057,Mushroom in the Sky,Fiction,Teen Fiction,YFT,Childrens Fiction,MISMATCH,
9780143791812,Scar Town,Fiction,Teen Fiction,YFB,Childrens Fiction,MISMATCH,
9781840226294,House of the Dead / The Gambler - Wordsworth Classics,Fiction,Classics,FYT,Translated Fiction,MISMATCH,
9781250851970,Wrong Friend,Fiction,Graphic Novels,YFW,Childrens Fiction,MISMATCH,
9781760267667,Villain - 1 Villain,Fiction,Teen Fiction,YFC,Childrens Fiction,MISMATCH,
9781775439196,Beneath Our Feet,Fiction,Teen Fiction,YFH,Childrens Fiction,MISMATCH,
9781775438380,Caged,Fiction,Teen Fiction,YF,Childrens Fiction,MISMATCH,
9781761646270,Danger Road,Fiction,Teen Fiction,YFCB,"Childrens Fiction, Thriller",MISMATCH,
9781761298578,Day of the Whale,Fiction,Teen Fiction,YFC,Childrens Fiction,MISMATCH,
9781761643279,Factory,Fiction,Teen Fiction,YFG,Childrens Fiction,MISMATCH,
9781915444554,Flame Chasers,Fiction,Teen Fiction,YFH,Childrens Fiction,MISMATCH,
9780241763094,Lovely And The Lost,Fiction,Teen Fiction,YFN,Childrens Fiction,MISMATCH,
9780099518471,Brave New World,Fiction,Science Fiction and Fantasy,FC,Classics,MISMATCH,
9781784879822,Slaughterhouse 5,Fiction,Science Fiction and Fantasy,FC,Classics,MISMATCH,
9781398546165,Finn's Epic Fails - 1 Finn's Epic Fails,Fiction,Teen Fiction,YFB,Childrens Fiction,MISMATCH,
9781524861773,Magical Adventures of Phoebe and Her Unicorn - Two Books in One,Fiction,Graphic Novels,YFQ,Childrens Fiction,MISMATCH,
9781524869816,Spellbinding Episodes of Phoebe and Her Unicorn - Two Books in One,Fiction,Graphic Novels,YFW,Childrens Fiction,MISMATCH,
9781524876944,Enchanting Escapades of Phoebe and Her Unicorn - Two Books in One,Fiction,Graphic Novels,YFW,Childrens Fiction,MISMATCH,
9781524880903,Sparkling Stories of Phoebe and Her Unicorn - Two Books in One,Fiction,Graphic Novels,YFW,Childrens Fiction,MISMATCH,
9780241673287,Jumbo,Motoring,Transport,WGM,Gardening,MISMATCH,
9780241999646,North Pole - The History of an Obsession,Travel,Travel Literature,WTL,Travel Guides,MISMATCH,
9780007386932,"Boundless Deep - Young Tennyson, Science and the Crisis of Belief",History And Politics,History,PDX,General Science,MISMATCH,
9780241741474,Ripples on the Cosmic Ocean - How The Solar System Shaped Human History - And May Help Save Our Planet,Sciences,General Science,HBG,History,MISMATCH,
9781837260805,Secret Painter,The Arts,Art,BGF,Biography,MISMATCH,
9780857507662,Andromeda,Fiction,Historical Fiction,FQ,General Fiction,MISMATCH,
9781250358813,100 Days to a Stoic Mind - A Roadmap to Resilience and Finding Peace in Discipline,Sciences,Philosophy,VS,Psychology,MISMATCH,
9781788166317,Right Thing Right Now - 3 Stoic Virtues,Sciences,Philosophy,KJ,Business,MISMATCH,
9781781257029,Ego Is The Enemy - Fight To Master Our Greatest Opponent,Sciences,Philosophy,VS,Psychology,MISMATCH,
9781722500979,Art of War - Landmark Edition,Fiction,Classics,KJC,Business,MISMATCH,
9781804999882,Curious History of Sex,Well Being,Health,HBT,History,MISMATCH,
9781804952733,Learning from Silence - Finding clarity and calm in a world of mounting uncertainty,Travel,Travel Literature,HRLK,Religion,MISMATCH,
9780241684450,"Sleep Tight, Disgusting Blob",Children,Childrens Fiction,YBCS,Childrens Picture Books,MISMATCH,
9780241823262,Training John and Murray,Sciences,Environment,JFFZ,Sociology,MISMATCH,
9781776957460,Hairy Maclarys Hullabaloo - A Lift-the-Flap Book of Animal Noises,Children,Books For Babies,YBL,Childrens Non Fiction,MISMATCH,
9780241777619,Find Spot at Bedtime,Children,Books For Babies,YBCH,Childrens Picture Books,MISMATCH,
9781761621291,Bluey Copycat - A Board Book,Children,Books For Babies,YBCH,Childrens Picture Books,MISMATCH,
9780241821534,Chess for Babies,Children,Books For Babies,YNV,Childrens Non Fiction,MISMATCH,
9781991142344,Bushmans Book of Yarns,Travel,Travel Literature,BM,Biography,MISMATCH,
9781452183275,Modern Caravan,The Arts,Art,WK,General Sport And Fitness,MISMATCH,
9780008580612,Black Beauty - A Retelling,Fiction,Teen Fiction,YFA,Childrens Fiction,MISMATCH,
9781633220874,Art of Painting Still Life in Acrylic - Master techniques for painting stunning still lifes in acrylic,The Arts,Craft,WFA,Fashion,MISMATCH,
9781782215813,Painting Portraits in Acrylics,The Arts,Craft,WFA,Fashion,MISMATCH,
9781398725904,Lady Tremaine,Fiction,Science Fiction and Fantasy,FQ,General Fiction,MISMATCH,
9781529088076,Island of Whispers,Children,Childrens Picture Books,YFH,Childrens Fiction,MISMATCH,
9781035064847,Shakespeare For Every Day of the Year,Fiction,Poetry,YND,Childrens Non Fiction,MISMATCH,
9780473562595,Just Imagine -  A drawing book for children,The Arts,Craft,YBGC,Books For Babies,MISMATCH,
9780399580192,"Draw 50 Deep Space - The Step-by-Step Way to Draw Astronauts, Rockets, Space Stations, Planets, Meteors, Comets, Asteroids, and More",The Arts,Craft,WFA,Fashion,MISMATCH,
9781640210318,How to Draw Dogs and Cats from Simple Templates - The Drawing Book for Pet Lovers,The Arts,Craft,WFA,Fashion,MISMATCH,
9781616895105,Draw Like an Artist - A Self-Portrait Sketchbook,The Arts,Craft,YNA,Childrens Non Fiction,MISMATCH,
9781760522810,How To Draw Cute Stuff,The Arts,Craft,WFA,Fashion,MISMATCH,
9781782214779,"Encyclopedia of Coloured Pencil Techniques - A Complete Step-by-Step Directory of Key Techniques, Plus an Inspirational Gallery Showing How Artists",The Arts,Craft,WFA,Fashion,MISMATCH,
9781797236155,"Color Curious - Find Color Inspiration All Around You for Art, Design, and Life",The Arts,Craft,AGZ,Art,MISMATCH,
9781438008318,Hand Drawn Lettering - Draw Paint Print,The Arts,Craft,WFU,Fashion,MISMATCH,
9781845076771,Paul Klee,The Arts,Craft,YBGS,Books For Babies,MISMATCH,
9781631869075,How to Build Your Own Tiny House,The Arts,Craft,WK,General Sport And Fitness,MISMATCH,
9780936070520,Tiny Homes - Simple Shelter,The Arts,Craft,AMKD,Architecture,MISMATCH,
9781797236766,"Guerilla Art Guide - Everything You Need to Put Your Message Out into the World-For Fun, Nonprofit, and World Domination",The Arts,Craft,AG,Art,MISMATCH,
9781620335413,Mollie Makes Weddings - Projects And Ideas As Unique As You Are,The Arts,Craft,WF,Fashion,MISMATCH,
9780785846895,"Vintage Victorian Christmas Sticker, Color & Activity Book - Over 200 Unique Stickers",The Arts,Craft,WF,Fashion,MISMATCH,
9781631593888,Enchanted Forest - Scratch And Create 20 original art postcards,The Arts,Craft,WF,Fashion,MISMATCH,
9781523515288,Reverse Coloring Book - Through the Seasons,The Arts,Craft,WF,Fashion,MISMATCH,
9781523518074,Reverse Coloring Book - Mindful Journeys,The Arts,Craft,YBGC,Books For Babies,MISMATCH,
9781454929314,Spots Splashes And Fingerprints Fun,Children,Activities,YBG,Books For Babies,MISMATCH,
9781607746935,Doodletopia - Manga,The Arts,Craft,WFA,Fashion,MISMATCH,
9780789336811,Offical Bob Ross Coloring Book - The Colors Of The Four Seasons,The Arts,Craft,WFA,Fashion,MISMATCH,
9780062685384,Doctor Who - Paper Dolls,The Arts,Craft,WF,Fashion,MISMATCH,
9780241785935,Avatar Bioluminescent Colouring Book - The Officially Licensed Glow in the Dark Colouring Book,Children,Activities,YBGC,Books For Babies,MISMATCH,
9781923049031,Dress Up Harry - A Harry Styles paper doll book featuring his most iconic looks,Children,Activities,WF,Fashion,MISMATCH,
9781761218095,Mindful Moments with Miffy - A Cosy Colouring Book,Children,Activities,WF,Fashion,MISMATCH,
9780007224821,Fly Went By,Children,Childrens Picture Books,YFJ,Childrens Fiction,MISMATCH,
9781529531343,Game of Oaths,Fiction,Teen Fiction,YFH,Childrens Fiction,MISMATCH,
9781536254525,Odyssey - A Graphic Novel - Deluxe Edition,Fiction,Graphic Novels,YFB,Childrens Fiction,MISMATCH,
9781923390249,How to Raise Rich Kids - Build Lasting Wealth for Your Children,Well Being,Family,VSB,Psychology,MISMATCH,
9780473772871,Only Way is Up - On Foot to Rome,Travel,Travel Literature,WTL,Travel Guides,MISMATCH,
9781760659806,Be The Bus - The Lost and Profound Wisdom of The Pigeon -  as told to Mo Willems,Children,Childrens Picture Books,VS,Psychology,MISMATCH,
9781797214139,LEGO Build Every Day - Ignite Your Creativity and Find Your Flow,Children,Activities,VSPM,Psychology,MISMATCH,
9781761473531,"Letter from Provence - Two women, two centuries, and a village house in France",Travel,Travel Literature,BM,Biography,MISMATCH,
9781851246540,Great Writers And The Cats Who Owned Them,Sciences,Environment,BGL,Biography,MISMATCH,
9781741142846,Shauzia - 3 Parvana,Fiction,Teen Fiction,YFB,Childrens Fiction,MISMATCH,
9781761068676,Parvana - 1 Parvana,Fiction,Teen Fiction,YFB,Childrens Fiction,MISMATCH,
9781743312988,Parvana's Promise - 4 Parvana,Fiction,Teen Fiction,YFB,Childrens Fiction,MISMATCH,
9781761068133,One More Mountain - 5 Parvana,Fiction,Teen Fiction,YFB,Childrens Fiction,MISMATCH,
9781780191386,Art And Architecture Of The Incas,The Arts,Art,HBJK,History,MISMATCH,
9780008772758,Cozy Bookshops - Colouring Book,The Arts,Craft,WF,Fashion,MISMATCH,
9780241253588,Lost Words,The Arts,Art,YBC,Childrens Picture Books,MISMATCH,
9781781574225,Fashion And Lifestyle Photography,The Arts,Fashion,AJG,Photography,MISMATCH,
9781784944063,Acrylics - Techniques And Tutorials For The Complete Beginner,The Arts,Craft,WFA,Fashion,MISMATCH,
9781760267674,Respawn - 2 Villain,Fiction,Teen Fiction,YFC,Childrens Fiction,MISMATCH,
9781580935852,Flower Flash,The Garden,Gardening,WF,Fashion,MISMATCH,
9781419715891,Vogue On Ralph Lauren,The Arts,Fashion,BGF,Biography,MISMATCH,
9781577156802,Lana Del Rey - A Vibrant Journey Through the Career and Influence of the Timeless Indie-Pop Icon,The Arts,Music And Performing Arts,YNM,Childrens Non Fiction,MISMATCH,
9781577156925,Watercolor Made Simple Workbook -  Simple techniques and projects for beginners and beyond - no sketching required,The Arts,Craft,AGZ,Art,MISMATCH,
9780760399460,Drawing Is Important - How to Start a Lifelong Daily Drawing Practice - Start Your Daily Drawing Journey Here,The Arts,Craft,AGZ,Art,MISMATCH,
9780143796817,Zero Waste Family - In thirty days,Sciences,Environment,JFSS,Sociology,MISMATCH,
9780140292626,Shadow of the Sun - My African Life,Travel,Travel Literature,BGHA,Biography,MISMATCH,
9781408897508,Neverfear - 3 Impossible Creatures,Fiction,Teen Fiction,YFH,Childrens Fiction,MISMATCH,
9781408845691,Harry Potter and the Half-Blood Prince - Illustrated Edition - Book 6,Children,Novelty Books,YFH,Childrens Fiction,MISMATCH,
9781419725753,Jelly Garbage Plus Toys,Children,Activities,YNA,Childrens Non Fiction,MISMATCH,
9781775507291,Before George,Fiction,Teen Fiction,YFT,Childrens Fiction,MISMATCH,
9781988538747,In Our Own Backyard,Fiction,Teen Fiction,FA,General Fiction,MISMATCH,
9780571377404,Chris Mould's War of the Worlds,Fiction,Graphic Novels,YFA,Childrens Fiction,MISMATCH,
9781761049477,Detective Beans And The Case Of The Missing Hat - 1 Detective Beans,Fiction,Graphic Novels,YFCF,Childrens Fiction,MISMATCH,
9781761353406,Adventures In Cat Town - 2 Detective Beans,Fiction,Graphic Novels,YFCF,Childrens Fiction,MISMATCH,
9780241830529,Operation Bounce House,Fiction,Science Fiction and Fantasy,FA,General Fiction,MISMATCH,
9780241730072,Backlight,Fiction,Classics,FA,General Fiction,MISMATCH,
9781761725302,Anzac Biscuits - A Commemorative Edition,Children,Childrens Picture Books,YFN,Childrens Fiction,MISMATCH,
9781761355370,"Women Who Win - Celebrating courage, conviction and change",Well Being,Gender,JFFK,Sociology,MISMATCH,
9780241640913,Alone in Japan - A Journey to the Future,Travel,Travel Literature,WTL,Travel Guides,MISMATCH,
9780241719008,"Learn Like a Lobster - Grow as you go, fuel your own progress, accelerate your career",Sciences,Business,VSC,Psychology,MISMATCH,
9781991068835,Nga tikanga hautu waka o Aotearoa - te puka okawa 2024,Motoring,Transport,VSF,Psychology,MISMATCH,
9781988561349,Heavy Vehicle Road Code 2019/20,Motoring,Transport,VSF,Psychology,MISMATCH,
9781406353365,Dear Tooth Fairy,Well Being,Childrens Well Being,YBGT,Books For Babies,MISMATCH,
9780241683712,"Some Men In London - Queer Life, 1960-1967",Well Being,Gender,DQ,General Fiction,MISMATCH,
9780593967720,Otherworldly America - Explore the Most Unique Natural Wonders of the United States,Travel,Travel Literature,AJR,Photography,MISMATCH,
9798217125999,Disney Zootopia 2 Ultimate Sticker Book,Children,Activities,YBG,Books For Babies,MISMATCH,
9781761380792,Creatures' Guide to Caring - how animal parents teach us that humans were born to care,Sciences,Environment,PSVP,General Science,MISMATCH,
9781529970494,Ikigai - The Japanese secret to a long and happy life,Travel,Travel Literature,VSP,Psychology,MISMATCH,
9781419708084,Treaties Trenches Mud And Blood - A World War I Tale - 4 Nathan Hales Hazardous Tales,Fiction,Graphic Novels,YNJ,Childrens Non Fiction,MISMATCH,
9781761349812,Raised by Wolves,Fiction,Teen Fiction,YFB,Childrens Fiction,MISMATCH,
9781761358012,Drawing Nudes While Making Other Plans,Fiction,Teen Fiction,YFM,"Childrens Fiction, Romance",MISMATCH,
9780241722923,Alecto Gray Will Hunt You Down,Fiction,Teen Fiction,YFCB,"Childrens Fiction, Thriller",MISMATCH,
9780702271045,Running in Circles,Fiction,Teen Fiction,YNXF,Childrens Non Fiction,MISMATCH,
9781460766545,Cleopatra - The Girl Who Would Be King - Heroes in the Ancient World 1,Children,Childrens Non Fiction,YFT,Childrens Fiction,MISMATCH,
9780008801564,Good Night Gorilla,Children,Books For Babies,YBCS,Childrens Picture Books,MISMATCH,
9780008822248,Flag It - World Football Kit Design Colouring Book,Children,Activities,YBGC,Books For Babies,MISMATCH,
9781836049463,Thats Not My Axolotl,Children,Books For Babies,YBCB,Childrens Picture Books,MISMATCH,
9781836041375,Football Sticker Book,Children,Activities,YBGS,Books For Babies,MISMATCH,
9781836049999,Big Activity Book - Football,Children,Activities,YBG,Books For Babies,MISMATCH,
9780733651717,Chateau on Sunset,Fiction,Historical Fiction,FA,General Fiction,MISMATCH,
9781529066197,Journey to the River Sea,Fiction,Teen Fiction,YFC,Childrens Fiction,MISMATCH,
9781509813766,Gruffalo What Can You Hear? - Buggy Book,Children,Books For Babies,YBCB,Childrens Picture Books,MISMATCH,
9781406391169,Guess How Much I Love You,Children,Books For Babies,YBC,Childrens Picture Books,MISMATCH,
9781324094555,Paris And Her Cathedrals,Travel,Travel Literature,WTH,Travel Guides,MISMATCH,
9780241452639,Europes 100 Best Cathedrals,The Arts,Art,HRCC2,Religion,MISMATCH,
9781401999476,Becoming an Artist - How to Make Art Like a Human,The Arts,Art,VS,Psychology,MISMATCH,
9781786032584,My First Ella Fitzgerald,Children,Books For Babies,YBC,Childrens Picture Books,MISMATCH,
9781761450761,Getting Murdoched - How Murdoch's Media Wields Power and Punishment,Sciences,Business,JFD,Sociology,MISMATCH,
9781761218576,Barbie - Pop-Up Fashion,The Arts,Fashion,YBGP,Books For Babies,MISMATCH,
9781761218606,Barbie - Dress-Up Sticker Book,The Arts,Fashion,YBGS,Books For Babies,MISMATCH,
9780008666972,Little Blue Dot - How the Global Positioning System Shaped the Modern World,Sciences,General Science,RGW,Environment,MISMATCH,
9780733344534,Outrageous Good Fortune of Living,Well Being,Psychology,HRQM2,Religion,MISMATCH,
9780008813420,Thornbird,Fiction,Teen Fiction,YFCB,"Childrens Fiction, Thriller",MISMATCH,
9781991311733,Official New Zealand Road Code 2026,Motoring,Transport,VSF,Psychology,MISMATCH,
9781991311740,Official New Zealand Road Code For Motocycles 2026,Motoring,Transport,VSF,Psychology,MISMATCH,
9780517548233,Economics in One Lesson - The Shortest and Surest Way to Understand Basic Economics,History And Politics,History,KC,Economics,MISMATCH,
9781398552883,Night Night Cats - With 5 play pieces to put to bed,Children,Activities,YBCB,Childrens Picture Books,MISMATCH,
9781398552890,Dogs Get Dressed,Children,Activities,YBCB,Childrens Picture Books,MISMATCH,
9780733654169,Theodoras Tea Shop,Fiction,Science Fiction and Fantasy,FA,General Fiction,MISMATCH,
9781991006257,Mrs D is Not on a Diet,Well Being,Health,BM,Biography,MISMATCH,
9788499365596,"Ferrari - Sculpting Speed, Power & Elegance",Motoring,Transport,WGCB,Gardening,MISMATCH,
9781848503229,Amanda Ursells Baby And Toddler Food Bible - Your Essential Guide To Feeding Your Child for Their First Four Years,Well Being,Family,WBQ,Food And Beverage,MISMATCH,
9781529062335,This Is Going To Hurt,Well Being,Psychology,BM,Biography,MISMATCH,
9780349013350,Defiance - A Memoir of Awakening Rebellion and Survival in Syria,Biographies,Biography,HRAM2,Religion,MISMATCH,
9781612681337,Rich Family Smart Family - Raise Your Family's Financial IQ and Take Control of Your Future,Sciences,Business,VSB,Psychology,MISMATCH,
9781523527601,Book Lovers Sticker Book,The Arts,Craft,WF,Fashion,MISMATCH,
9781786499790,Lost Boys - A Personal Journey Through The Manosphere,Well Being,Gender,JF,Sociology,MISMATCH,
9781398730847,Ill Believe in Anything - The Making of Heated Rivalry Season 1,The Arts,Art,APT,Music And Performing Arts,MISMATCH,
9781474611251,How To Argue With a Racist - History Science Race and Reality,History And Politics,History,PSAK,General Science,MISMATCH,
9781399744379,Never Flinch - 6 Holly Gibney,Fiction,Crime Fiction,FK,Horror,MISMATCH,
9781399610759,Womens Orchestra of Auschwitz - A Story of Survival,Biographies,Biography,HBTZ1,History,MISMATCH,
9781444983135,Oi Dinosaurs - Board Book,Children,Books For Babies,YBCS,Childrens Picture Books,MISMATCH,
9781869718787,No Prisoners,Fiction,Crime Fiction,FA,General Fiction,MISMATCH,
9781454999638,Its My Bird-Day,Children,Childrens Picture Books,YFB,Childrens Fiction,MISMATCH,
9781454999614,Its The Pigeon Party Book,Children,Activities,YNM,Childrens Non Fiction,MISMATCH,
9780241647349,Nowhere Girl - Life as a Member of ADHD's Lost Generation,Well Being,Gender,VFJB,Psychology,MISMATCH,
9783967042252,Totally Awesome Rides - Cars and Culture of the '80s and '90s,Motoring,Transport,WGCB,Gardening,MISMATCH,
9780764370809,"Boeing 777 - People ""Working Together"" to Produce the Triple Seven",Motoring,Transport,WGM,Gardening,MISMATCH,
9781435173415,Grimms Complete Fairy Tales,Fiction,Classics,FQ,General Fiction,MISMATCH,
9781435173408,Irish Mythology and Fairy Tales,Fiction,Classics,FQ,General Fiction,MISMATCH,
9781035433476,Little Guide to Ferrari,Motoring,Transport,WGCB,Gardening,MISMATCH,
9781035433483,Little Guide to Lamborghini,Motoring,Transport,WGCB,Gardening,MISMATCH,
9780228106081,Tree Houses You Can Actually Build,The Arts,Art,WK,General Sport And Fitness,MISMATCH,
9780764371172,Little Book of French Signs,Travel,Travel Literature,WTM,Travel Guides,MISMATCH,
9781760798512,"Kia Ora New Zealand Activity Pack - 8 colouring pencils, colouring-in poster, word challegnes, stick sheet , dot-to-dot, mazes",Children,Activities,YBG,Books For Babies,MISMATCH,
9781761180095,Lorikeet Tree,Fiction,Teen Fiction,YFB,Childrens Fiction,MISMATCH,
9781801312479,Princess And The Pea,Children,Books For Babies,YBCS,Childrens Picture Books,MISMATCH,
9780008697228,Cleopatra,Fiction,Science Fiction and Fantasy,FA,General Fiction,MISMATCH,
9781800693746,Little Book of J R R Tolkien -  Wit and Wisdom from the creator of Middle Earth,Fiction,Science Fiction and Fantasy,BGL,Biography,MISMATCH,
9781797230702,Cat People to Judge in Art and Life,The Arts,Art,WH,Humour,MISMATCH,
9781785306839,I Medusa,Fiction,Science Fiction and Fantasy,FQ,General Fiction,MISMATCH,
9798888904602,Understanding Capitalism,History And Politics,History,KCS,Economics,MISMATCH,
9781946885142,New Human Rights Movement - Reinventing the Economy to End Oppression,History And Politics,History,KC,Economics,MISMATCH,
9781471409301,"Phoenix First Must Burn - Stories of Black Girl Magic, Resistance and Hope",Fiction,Teen Fiction,YFB,Childrens Fiction,MISMATCH,
9781761523892,Avatar The Last Airbender - 6 Omnibus Volume Set (Nickelodeon),Fiction,Graphic Novels,YBG,Books For Babies,MISMATCH,
9781760261344,School Rivals - 1 Ella Forever,Fiction,Graphic Novels,YFS,Childrens Fiction,MISMATCH,
9781761812408,Magic Awakens - 1 Renegades,Fiction,Teen Fiction,YFC,Childrens Fiction,MISMATCH,
9781509835416,Starter Villain,Fiction,Science Fiction and Fantasy,FA,General Fiction,MISMATCH,
9798348029678,Monster and the Clown,Children,Childrens Fiction,YFD,"Childrens Fiction, Horror",MISMATCH,
9798348024208,Fluffy Futon,Children,Childrens Picture Books,YFQ,Childrens Fiction,MISMATCH,
9781761218644,Miffy Looks for Snuffy,Children,Books For Babies,YBCH,Childrens Picture Books,MISMATCH,
9781849947107,Millie Marottas Secrets of the Sea,The Arts,Craft,YBGC,Books For Babies,MISMATCH,
9781907155185,"Trivium - The Classical Liberal Arts of Grammar, Logic, & Rhetoric",Sciences,Philosophy,DSB,Classics,MISMATCH,
9780764370229,Tiniest Giant 4-in-1 Puzzle Set - 48-Piece Puzzles for Each Season,Children,Activities,YNVP,Childrens Non Fiction,MISMATCH,
9780008585983,Soul Full of Shadows - 18 Skulduggery Pleasant,Fiction,Teen Fiction,YFH,Childrens Fiction,MISMATCH,
9780008585921,Heart Full of Hatred - 17 Skulduggery Pleasant,Fiction,Teen Fiction,YFH,Childrens Fiction,MISMATCH,
9780008601270,Mind Full of Murder - 16 Skulduggery Pleasant,Fiction,Teen Fiction,YFH,Childrens Fiction,MISMATCH,
9780316363914,Overlord Vol 2 Novel - The Dark Warrior,Fiction,Graphic Novels,FL,Science Fiction and Fantasy,MISMATCH,
9780316363938,Overlord Vol 3 Novel -  The Bloody Valkyrie,Fiction,Graphic Novels,FL,Science Fiction and Fantasy,MISMATCH,
9781974724185,Pokemon - Sword and Shield 1,Fiction,Graphic Novels,YFW,Childrens Fiction,MISMATCH,
9781974725250,Pokemon - Sword and Shield 2,Fiction,Graphic Novels,YFW,Childrens Fiction,MISMATCH,
9781974726455,Pokemon - Sword and Shield 3,Fiction,Graphic Novels,YFW,Childrens Fiction,MISMATCH,
9781974709649,Pokemon Adventures Collector's Edition - 1,Fiction,Graphic Novels,YFW,Childrens Fiction,MISMATCH,
9780141993706,History of Masculinity - From Patriarchy to Gender Justice,History And Politics,History,JFSJ2,Sociology,MISMATCH,
9781580056892,Transgender History - The Roots Of Todays Revolution,Well Being,Gender,JFSJ,Sociology,MISMATCH,
9781541605886,Transgender History - Resources For Todays Struggle - And Tomorrows,Well Being,Gender,JFSJ,Sociology,MISMATCH,
9781035082438,Carries War,Fiction,Classics,YFC,Childrens Fiction,MISMATCH,
9781035067916,Honeysuckle,Fiction,Historical Fiction,FK,Horror,MISMATCH,
9781035048632,Green and Deadly Things,Fiction,Science Fiction and Fantasy,FJ,General Fiction,MISMATCH,
9780691263137,Life of Violet - Three Early Stories,Fiction,Classics,FA,General Fiction,MISMATCH,
9781785124020,Vengeance,Fiction,Historical Fiction,FJH,General Fiction,MISMATCH,
9781035023486,Air-Borne - The Hidden History of the Life We Breathe,Sciences,General Science,MJCJ,Health,MISMATCH,
9781035064359,How to Use a Fork - Stories of Mending the Broken Brain,Sciences,General Science,MJN,Health,MISMATCH,
9781250321862,"Picasso the Foreigner - An Artist in France, 1900-1973",The Arts,Art,BGF,Biography,MISMATCH,
9781035077601,How to Resist Guilt - On What's Holding Women Back,Well Being,Gender,JFFK,Sociology,MISMATCH,
9781037410642,Kind of Spark,Fiction,Teen Fiction,YFH,Childrens Fiction,MISMATCH,
9781037411007,Keedie,Fiction,Teen Fiction,YFB,Childrens Fiction,MISMATCH,
9781035071180,Midnight on the Celestial,Fiction,Teen Fiction,YFH,Childrens Fiction,MISMATCH,
9781250330734,Tripping Over You Book 2 - A Graphic Novel,Fiction,Teen Fiction,FX,Graphic Novels,MISMATCH,
9781250262981,Better World Is Possible - Global Youth Confront the Climate Crisis,Fiction,Teen Fiction,YFW,Childrens Fiction,MISMATCH,
9780008770570,Five,Fiction,Crime Fiction,FA,General Fiction,MISMATCH,
9781035081080,My Cosy Cloth Book - With crinkly pages and shiny mirror,Children,Books For Babies,YBCB,Childrens Picture Books,MISMATCH,
9781035065424,Hello Gruffalo - Buggy Book,Children,Books For Babies,YBCB,Childrens Picture Books,MISMATCH,
9781917069274,Farm - Take a Peek,Children,Books For Babies,YBL,Childrens Non Fiction,MISMATCH,
9781916745896,See Touch Feel - Guess Who,Children,Books For Babies,YBL,Childrens Non Fiction,MISMATCH,
9781035068180,InvestiGators - Weather or Not,Fiction,Graphic Novels,YNUC,Childrens Non Fiction,MISMATCH,
9781913519506,Treasure Island,Fiction,Classics,YFA,Childrens Fiction,MISMATCH,
9781991436016,No Pit Stops - The Business of Going All In,Sciences,Business,BGB,Biography,MISMATCH,
9781797244037,"Star Wars Dad Jokes Strike Back - The Best Worst Jokes and Puns from a Galaxy Far, Far Away. . . .",Well Being,Humour,APFN,Music And Performing Arts,MISMATCH,
9781797236827,Crafting for Your Cat - 25 Playful Projects for You and Your Feline Friends,The Arts,Craft,WF,Fashion,MISMATCH,
9781797237701,"Tales of the Fae - Enchanting Stories of Fairies, Elves, and Sprites",History And Politics,Mythology,FQ,General Fiction,MISMATCH,
9781797241012,Sketching Outside - An Illustrated Guide to Making Art on the Go,The Arts,Craft,AGN,Art,MISMATCH,
9780785849407,Odyssey - Super Deluxe Edition,Fiction,Classics,FQ,General Fiction,MISMATCH,
9781578265107,Living With Crohns And Colitis Cookbook - A Practical Guide to Creating Your Personal Diet Plan to Wellness,Well Being,Health,WBHS,Food And Beverage,MISMATCH,
9781398851115,1984  Nineteen Eighty-Four  -  Gilded Pocket Edition,Fiction,Classics,FL,Science Fiction and Fantasy,MISMATCH,
9784805317013,How to Doodle - The Complete Guide,The Arts,Art,YNA,Childrens Non Fiction,MISMATCH,
9781783968589,To the Edge of the World - A Perilous Storm - A Mutinous Crew and the Woman Who Defied Them All,Travel,Travel Literature,HBTM,History,MISMATCH,
9780241763070,Ruling Class,Fiction,Teen Fiction,YFB,Childrens Fiction,MISMATCH,
9781529011890,Selected Poems,Fiction,Poetry,FC,Classics,MISMATCH,
9780007574612,All That Glitters - 4 Geek Girl,Fiction,Teen Fiction,YFQ,Childrens Fiction,MISMATCH,
9780007489480,Picture Perfect - 3 Geek Girl,Fiction,Teen Fiction,YFQ,Childrens Fiction,MISMATCH,
9780007574667,Forever Geek - Geek Girl 6,Fiction,Teen Fiction,YFQ,Childrens Fiction,MISMATCH,
9780007574650,Head Over Heels - 5 Geek Girl,Fiction,Teen Fiction,YFQ,Childrens Fiction,MISMATCH,
9781788453134,Looshkin - Honk If You See It!,Fiction,Graphic Novels,YFW,Childrens Fiction,MISMATCH,
9781460767900,Heir Apparent,Fiction,Historical Fiction,FA,General Fiction,MISMATCH,
9780571355990,Cheaters Guide To Love - Faber Stories,Fiction,Classics,FYB,General Fiction,MISMATCH,
9780141346830,Percy Jackson And the Battle of the Labyrinth - 4 Percy Jackson and The Olympians,Fiction,Teen Fiction,YFB,Childrens Fiction,MISMATCH,
9780241777480,Percy Jackson and the Olympians - The Lightning Thief,Fiction,Teen Fiction,YFH,Childrens Fiction,MISMATCH,
9780141335735,Son Of Neptune - 2 Heroes of Olympus,Fiction,Teen Fiction,YFH,Childrens Fiction,MISMATCH,
9781800441774,Bluecoats - Vol 19 - Drummer Boy,Fiction,Graphic Novels,YFW,Childrens Fiction,MISMATCH,
9780340826997,Captain Scott,Travel,Travel Literature,BG,Biography,MISMATCH,
9783791387833,Dressed To Swill - Runway-Ready Cocktails Inspired By Fashion Icons,The Arts,Fashion,WBXD3,Food And Beverage,MISMATCH,
9781760996680,Annie And Maeve Are Definitely Not Friends - An Uplifting Story Of An Unexpected Friendship,Children,Childrens Fiction,YBCB,Childrens Picture Books,MISMATCH,
9781761813672,Bridge Of Storms - Mortal Engines,Fiction,Teen Fiction,YFC,Childrens Fiction,MISMATCH,
9781760661878,Mortal Engines - 1 Mortal Engines,Fiction,Teen Fiction,YFH,Childrens Fiction,MISMATCH,
9781407189291,Scriveners Moon - 3 Fever Crumb - A Mortal Engines Prequel,Fiction,Teen Fiction,YFH,Childrens Fiction,MISMATCH,
9781407189284,Web Of Air - 2 Fever Crumb - A Mortal Engines Prequel,Fiction,Teen Fiction,YFH,Childrens Fiction,MISMATCH,
9780241734711,This Immortal Heart,Fiction,Historical Fiction,FQ,General Fiction,MISMATCH,
9781761620775,I Eat the Stars - How to Live Fully and Beautifully in a Collapsing World,Well Being,Psychology,JFCA,Sociology,MISMATCH,
9780241802557,Secret Language of Work - Hyper-Helpful Scripts for Every Situation,Sciences,Business,VSC,Psychology,MISMATCH,
9780241703557,"Infinity Machine - Demis Hassabis, DeepMind and the Quest for Superintelligence",Sciences,General Science,BGT,Biography,MISMATCH,
9780141980386,Lives of the Caesars,Fiction,Classics,HBLA,History,MISMATCH,
9781761357657,Bluey - Puppets - Starring Unicorse - A Puppet Play Book,Children,Books For Babies,YBCS,Childrens Picture Books,MISMATCH,
9781761622472,Epically Awesome Odyssey - as told by Nanny Piggins,Children,Childrens Fiction,JFHF,Sociology,MISMATCH,
9780241804759,Toy Story Treasury of Characters,Children,Childrens Picture Books,YNF,Childrens Non Fiction,MISMATCH,
9798217306794,Disney Pixar Toy Story 5 Ultimate Sticker Book,Children,Activities,YBG,Books For Babies,MISMATCH,
9780099582533,Coot Club - 5 Swallows and Amazons,Children,Childrens Fiction,YQE,Childrens Picture Books,MISMATCH,
9780099589358,Big Six - 9 Swallows and Amazons,Children,Childrens Fiction,YQE,Childrens Picture Books,MISMATCH,
9780099589426,Missee Lee - 10 Swallows and Amazons,Children,Childrens Fiction,YQE,Childrens Picture Books,MISMATCH,
9781841596389,Party Stories,Fiction,Classics,FYB,General Fiction,MISMATCH,
9780571356867,Shanti - Faber Stories,Fiction,Classics,FYB,General Fiction,MISMATCH,
9780141365572,Wonderful Story of Henry Sugar and Six More,Fiction,Classics,YFH,Childrens Fiction,MISMATCH,
9781529111798,I Who Have Never Known Men,Fiction,Science Fiction and Fantasy,FA,General Fiction,MISMATCH,
9780099479314,As I Lay Dying,Fiction,Classics,FA,General Fiction,MISMATCH,
9780571351794,Elegy For Easterly - Faber Stories,Fiction,Classics,FA,General Fiction,MISMATCH,
9780140299526,Snow Goose and The Small Miracle,Fiction,Classics,FA,General Fiction,MISMATCH,
9781922928108,Start at the End,Fiction,Historical Fiction,FA,General Fiction,MISMATCH,
9781784873387,Roots,Fiction,Classics,FA,General Fiction,MISMATCH,
9780008753849,Things in Nature Merely Grow,Biographies,Biography,VFJX,Psychology,MISMATCH,
9780571351978,Sonny Liston Was A Friend of Mine,Fiction,Classics,FA,General Fiction,MISMATCH,
9780008287474,Dawnspell - 3 Deverry,Fiction,Science Fiction and Fantasy,FJ,General Fiction,MISMATCH,
9781957588445,Biotech in the Balance - Saving a Strategic Industry in an Age of Distrust,History And Politics,History,KC,Economics,MISMATCH,
9781784875503,Cal,Fiction,Classics,FA,General Fiction,MISMATCH,
9781681374161,Diary Of A Foreigner In Paris,Fiction,Classics,FA,General Fiction,MISMATCH,
9780571351787,Cosmopolitan - Faber Stories,Fiction,Classics,FYB,General Fiction,MISMATCH,
9780241458716,Rose Field - 3 The Book of Dust,Fiction,Teen Fiction,FM,Science Fiction and Fantasy,MISMATCH,
9780241458716,Rose Field - 3 The Book of Dust,Children,Childrens Fiction,FM,Science Fiction and Fantasy,MISMATCH,
9781904263333,Mazes And Labyrinths - In Great Britain,History And Politics,History,AMV,Architecture,MISMATCH,
9781904263913,Poetic Metre And Form,Fiction,Poetry,DSC,Classics,MISMATCH,
9781904263081,Callanish and Other Megalithic Sites of the Outer Hebrides - And Other Megalithic Sites of the Outer Hebrides,History And Politics,History,WTHM,Travel Guides,MISMATCH,
9798886635126,Harry Potter - Make Your Own Chocolate Owls,Children,Activities,WB,Food And Beverage,MISMATCH,
9780711290358,Know Your Knots -  Learn the best knots for outdoor adventures - 30 cards and 2 ropes,Sport,General Sport And Fitness,WFC,Fashion,MISMATCH,
9781784780944,Capitalism - A Ghost Story,Sciences,Economics,JPH,Politics,MISMATCH,
9780008386283,Seasons of War - 13 Skulduggery Pleasant,Fiction,Teen Fiction,YFH,Childrens Fiction,MISMATCH,
9780008386344,Dead or Alive - 14 Skulduggery Pleasant,Fiction,Teen Fiction,YFCB,"Childrens Fiction, Thriller",MISMATCH,
9780008386405,Until the End - 15 Skulduggery Pleasant,Fiction,Teen Fiction,YFH,Childrens Fiction,MISMATCH,
9780733654657,Just One Thing Volume 2 - 40 Daily Habits for Better Health,Well Being,Health,WBH,Food And Beverage,MISMATCH,
9781529155549,In Nigeria,Travel,Travel Literature,WTL,Travel Guides,MISMATCH,
9781787305588,Crescendo,Fiction,Historical Fiction,FA,General Fiction,MISMATCH,
9781408735930,Twice,History And Politics,Religion,FW,General Fiction,MISMATCH,
9781804956083,5 Minute Clean Routine - Tips and Tricks for a Happy Home,Well Being,Psychology,WKH,General Sport And Fitness,MISMATCH,
9781529421361,How To Be Perfect - The Correct Answer to Every Moral Question,Sciences,Philosophy,WH,Humour,MISMATCH,
9781474617246,Seven Rivers - A Journey Through the Currents of Human History,History And Politics,History,RGB,Environment,MISMATCH,
9781529910940,Paradise Now - The Extraordinary Life of Karl Lagerfeld,The Arts,Fashion,BGFA,Biography,MISMATCH,
9781788168830,"Tracks on the Ocean - A History of Trailblazing , Maps and Maritime Travel",Travel,Travel Literature,HBTP1,History,MISMATCH,
9781783784189,Cow Book - A Story of Life on an Irish Family Farm,Travel,Travel Literature,BM,Biography,MISMATCH,
9781991353078,Sauniga o le 'Ava Samoa - The 'Ava Ceremony of Samoa,Children,Childrens Picture Books,YNM,Childrens Non Fiction,MISMATCH,
9780143772606,Hiakai - Modern Maori Cuisine,Well Being,Food And Beverage,JFCV,Sociology,MISMATCH,
9781805700869,Great Rail Journeys - 36 Adventures from Across the World,Travel,Travel Literature,WGF,Gardening,MISMATCH,
9781805704300,What to Do When the Lights Go Out - Be prepared when the modern world goes wrong,Sciences,Environment,VS,Psychology,MISMATCH,
9781405963725,What I Ate in One Year,Well Being,Food And Beverage,BM,Biography,MISMATCH,
9781509879267,Book Of Difficult Fruit -  Arguments For The Tart Tender And Unruly,The Garden,Gardening,WB,Food And Beverage,MISMATCH,
9781464231032,"Pop Out Christmas - Read, Build, and Play as You Celebrate the Holiday Season",Children,Books For Babies,YNVP,Childrens Non Fiction,MISMATCH,
9780241734452,Peppa Pig - Wheres Santa's Reindeer - A Lift-the-Flap Book,Children,Books For Babies,YBCH,Childrens Picture Books,MISMATCH,
9781761049453,Bluey - Christmas Craft,Children,Activities,YFB,Childrens Fiction,MISMATCH,
9781761349195,Bluey -  Let's Do Christmas -   A Magnet Book,Children,Activities,YBGT5,Books For Babies,MISMATCH,
9781761344817,Bluey - Bluey and Bingo's Christmas Cookbook,Children,Activities,YNPC,Childrens Non Fiction,MISMATCH,
9780995126442,Tatou O - Te Reo Singalong Samoan,Travel,Languages,YNC,Childrens Non Fiction,MISMATCH,
9780711295506,My First Story Orchestra - Nutcracker,Children,Activities,YB,Childrens Non Fiction,MISMATCH,
9781782501183,Illustrated Treasury of Hans Christian Andersens Fairy Tales,Children,Childrens Picture Books,YFJ,Childrens Fiction,MISMATCH,
9780863159473,Illustrated Treasury of Grimms Fairy Tales,Children,Childrens Picture Books,YFJ,Childrens Fiction,MISMATCH,
9781782508885,Curious Fish,Children,Childrens Picture Books,YFJ,Childrens Fiction,MISMATCH,
9781836044420,Bugs and Butterflies - See Inside,Children,Childrens Non Fiction,YBG,Books For Babies,MISMATCH,
9781409557128,Usborne Greek Myths,Children,Childrens Non Fiction,YFJ,Childrens Fiction,MISMATCH,
9798889641094,Rebel Girls Celebrate Neurodiversity -  25 Tales of Creative Thinkers,Children,Childrens Non Fiction,YFY,Childrens Fiction,MISMATCH,
9781925300048,Lizzys Triumph Over Cyber-Bullying - 2 Cyber safety can be fun,Fiction,Teen Fiction,YF,Childrens Fiction,MISMATCH,
9781925300048,Lizzys Triumph Over Cyber-Bullying - 2 Cyber safety can be fun,Children,Childrens Non Fiction,YF,Childrens Fiction,MISMATCH,
9781925300000,Elle Gets a Mobile Phone - 1 Cyber safety can be fun,Children,Childrens Non Fiction,YF,Childrens Fiction,MISMATCH,
9781925300055,Lucy's Family Launches into the Cyber-World - 3 Cyber safety can be fun,Fiction,Teen Fiction,YF,Childrens Fiction,MISMATCH,
9781925300055,Lucy's Family Launches into the Cyber-World - 3 Cyber safety can be fun,Children,Childrens Non Fiction,YF,Childrens Fiction,MISMATCH,
9781925300109,Dennis and His Online Gaming Adventure - 5 Cyber safety can be fun,Fiction,Teen Fiction,YF,Childrens Fiction,MISMATCH,
9781925300109,Dennis and His Online Gaming Adventure - 5 Cyber safety can be fun,Children,Childrens Non Fiction,YF,Childrens Fiction,MISMATCH,
9781925300079,Tom Tames His Online World - 4 Cyber safety can be fun,Children,Childrens Non Fiction,YF,Childrens Fiction,MISMATCH,
9781526303462,Short Histories - Mr Fawkes The King And The Gunpowder Plot,Fiction,Teen Fiction,YNH,Childrens Non Fiction,MISMATCH,
9781627171687,Our Solar System,Children,Childrens Non Fiction,YQS,Childrens Picture Books,MISMATCH,
9781465493149,Climate Change - DK Findout,Children,Childrens Non Fiction,YQH,Childrens Picture Books,MISMATCH,
9781784885717,"15-minute Art Drawing - Learn How to Draw, Colour and Shade",The Arts,Craft,WFA,Fashion,MISMATCH,
9781786037480,Mary Shelley - Little People Big Dreams,Children,Childrens Non Fiction,YBC,Childrens Picture Books,MISMATCH,
9781529153859,Why We Think What We Think - The Unexpected Origins of Our Deepest Beliefs,Well Being,Psychology,JHB,Sociology,MISMATCH,
9780241371459,Ladybird Favourite Nursery Rhymes,Children,Childrens Picture Books,YBLB1,Childrens Non Fiction,MISMATCH,
9780143501442,Beginnings And Endings With Lifetimes In Between,Children,Childrens Non Fiction,YQV,Childrens Picture Books,MISMATCH,
9780241777442,History of Horror Fear and the Uncanny,Fiction,Science Fiction and Fantasy,JFHF,Sociology,MISMATCH,
9781761778117,Red Lake - Harper Quinn Book 1,Fiction,Crime Fiction,FA,General Fiction,MISMATCH,
9781526675217,Wood At Midwinter,Fiction,Science Fiction and Fantasy,FA,General Fiction,MISMATCH,
9781035072316,Beneath,Fiction,Science Fiction and Fantasy,FA,General Fiction,MISMATCH,
9780141195544,Blue Of Noon,Fiction,Classics,FA,General Fiction,MISMATCH,
9780571403806,Inherit the Truth - The Cellist of Auschwitz's Memoir of Survival,Biographies,Biography,HBJD,History,MISMATCH,
9781035097760,One and the Ninety-Nine - How to Break Free from the Tribe,Sciences,Business,VSPM,Psychology,MISMATCH,
9781035069958,"Shatterproof - How to Find Confidence, Choice, and Connection",Sciences,Business,VSPM,Psychology,MISMATCH,
9781804093870,Counterintuitive - Unconventional Principles for Success in Life and Business,Sciences,Business,VSC,Psychology,MISMATCH,
9798890034083,"Bookish Crafts - 40 Fun, Easy Projects for Book Lovers",The Arts,Craft,WFA,Fashion,MISMATCH,
9781035063697,Death Cloud,Fiction,Teen Fiction,YFCF,Childrens Fiction,MISMATCH,
9781035063703,Red Leech,Fiction,Teen Fiction,YFCF,Childrens Fiction,MISMATCH,
9780008740795,Murray The Ghosthunter - 4 Murray And Bun,Children,Childrens Fiction,YFD,"Childrens Fiction, Horror",MISMATCH,
9781776891818,Roadscapes - An Automotive Retrospective Of Aotearoa New Zealand,Motoring,Transport,AJ,Photography,MISMATCH,
9781776891603,Jake Whyte - Pig Hunter,Fiction,Teen Fiction,YFC,Childrens Fiction,MISMATCH,
9780473749347,Dogs Of The World,The Arts,Photography,JFFZ,Sociology,MISMATCH,
9780473749347,Dogs Of The World,The Arts,Art,JFFZ,Sociology,MISMATCH,
9781526600486,Harry Potter and the Order of the Phoenix - Deluxe Illustrated Slipcase Edition,Fiction,Science Fiction and Fantasy,FA,General Fiction,MISMATCH,
9781403432582,Incredible Life Cycles,Children,Childrens Non Fiction,YQSB,Childrens Picture Books,MISMATCH,
9781529961027,Ripleys Believe It or Not - 2026,Children,Childrens Non Fiction,WH,Humour,MISMATCH,
9781869715045,Buzzz - Native Bugs Of Aotearoa,Children,Childrens Non Fiction,YBC,Childrens Picture Books,MISMATCH,
9781869715069,Splash - Donovan Bixleys Coastal Creatures Of Aotearoa,Children,Childrens Non Fiction,YBC,Childrens Picture Books,MISMATCH,
9781760764166,Wonders Under the Moon - A Collection of Night-time Creatures,Children,Childrens Non Fiction,YBC,Childrens Picture Books,MISMATCH,
9781805443629,Birds of Prey - 100 Facts,Children,Childrens Non Fiction,YFP,Childrens Fiction,MISMATCH,
9781925381801,North And South -  A Tale Of Two Hemispheres,Children,Childrens Non Fiction,YBC,Childrens Picture Books,MISMATCH,
9781465445063,Human Body - Ultimate Factivity Collection,Children,Childrens Non Fiction,YBG,Books For Babies,MISMATCH,
9781786030795,Walkabout Orchestra - Postcards From Around The World,Children,Childrens Non Fiction,YBC,Childrens Picture Books,MISMATCH,
9781837586226,My First Lift The Flap Dinosaur Atlas - Lonely Planet Kids,Children,Books For Babies,YNNA,Childrens Non Fiction,MISMATCH,
9780870708930,Young Frank Architect,Children,Childrens Non Fiction,YBCS,Childrens Picture Books,MISMATCH,
9780870708930,Young Frank Architect,The Arts,Architecture,YBCS,Childrens Picture Books,MISMATCH,
9780711297036,"Illumipedia -  Wonder at Dinosaurs, Animals, Oceans and Minibeasts with your Magic Three-Colour Lens",Children,Childrens Non Fiction,YBG,Books For Babies,MISMATCH,
9780063081390,Helping Hospital - A Community Helpers Book,Children,Childrens Non Fiction,YBC,Childrens Picture Books,MISMATCH,
9781742612645,Dead of the Night - 2 Tomorrow Series,Fiction,Teen Fiction,YFC,Childrens Fiction,MISMATCH,
9781842367957,What About History,Children,Childrens Non Fiction,YQH,Childrens Picture Books,MISMATCH,
9780711294059,Mythology Land - 12 classic legends reimagined,Children,Childrens Non Fiction,YFJ,Childrens Fiction,MISMATCH,
9781835013540,Motion of Puppets,Fiction,Historical Fiction,FQ,General Fiction,MISMATCH,
9780063338845,Bear Hunter's Daughters - A Tale of Seven Sisters,Fiction,Historical Fiction,FQ,General Fiction,MISMATCH,
9780008843991,"Grip of the Ice - Scott, Shackleton and Survival in the Frozen Frontier",Travel,Travel Literature,RGR,Environment,MISMATCH,
9781984830852,Just a Bad Day,Children,Childrens Picture Books,YFN,Childrens Fiction,MISMATCH,
9780593703328,Audrey Hepburn  -  A Little Golden Book Biography,Children,Childrens Non Fiction,YF,Childrens Fiction,MISMATCH,
9780593704875,Day of the Dead - A Celebration of Life,Children,Childrens Picture Books,YF,Childrens Fiction,MISMATCH,
9780593649442,Ramadan - A Holy Month - A Little Golden Book,Children,Childrens Picture Books,YF,Childrens Fiction,MISMATCH,
9780593568125,Beyonce - A Little Golden Book Biography,Children,Childrens Picture Books,YNC,Childrens Non Fiction,MISMATCH,
9780593306857,Dolly Parton - A Little Golden Book Biography,Children,Childrens Picture Books,YF,Childrens Fiction,MISMATCH,
9780593172803,My Little Golden Book About Ruth Bader Ginsburg,Children,Childrens Picture Books,YFA,Childrens Fiction,MISMATCH,
9780593479360,Barack Obama - A Little Golden Book Biography,Children,Childrens Picture Books,YN,Childrens Non Fiction,MISMATCH,
9780593708286,Elvis Presley - A Little Golden Book Biography,Children,Childrens Picture Books,YF,Childrens Fiction,MISMATCH,
9781990035494,Flame In the Dark,Fiction,Teen Fiction,YFT,Childrens Fiction,MISMATCH,
9780241711712,"Where Words Come From - Guide to Morphology with Prefixes, Suffixes and Root Words",Children,Childrens Non Fiction,YQF,Childrens Picture Books,MISMATCH,
9798892155922,Lumberjanes - Book Two,Fiction,Graphic Novels,YFW,Childrens Fiction,MISMATCH,
9780241721551,Where Words Come From - Activities,Fiction,Teen Fiction,YQF,Childrens Picture Books,MISMATCH,
9780241721551,Where Words Come From - Activities,Children,Childrens Non Fiction,YQF,Childrens Picture Books,MISMATCH,
9780241739907,My Big Book of Mighty Morphemes,Children,Childrens Non Fiction,YQF,Childrens Picture Books,MISMATCH,
9780241817353,Avatar The Last Airbender Visual Dictionary,Fiction,Science Fiction and Fantasy,YNF,Childrens Non Fiction,MISMATCH,
9780063450882,"Warriors Graphic Novel - The New Prophecy, Part One of Three",Fiction,Graphic Novels,YFW,Childrens Fiction,MISMATCH,
9781460770146,Conversations with My Rabbi - Timeless Teachings for a Fractured World,History And Politics,Religion,BGX,Biography,MISMATCH,
9780008795184,"Myths and Legend - The Old English Exodus, Finn and Hengest, The Story of Kullervo, The Lay of Aotrou and Itroun, The Battle of Maldon",Fiction,Science Fiction and Fantasy,FQ,General Fiction,MISMATCH,
9781805704928,"My Busy Tool Box - A Playful Tool Book with Pages to Bang, Twist and Scratch",Children,Books For Babies,YNV,Childrens Non Fiction,MISMATCH,
9781964487205,"Voldemort - The Definitive Study of Tom Riddle - The Man Who Would Become ""He Who Must Not Be Named""",Fiction,Teen Fiction,YNF,Childrens Non Fiction,MISMATCH,
9780008442736,Homage to Catalonia - Collins Classics,Fiction,Classics,BM,Biography,MISMATCH,
9780008442651,Down and Out in Paris and London - Collins Classics,Fiction,Classics,BM,Biography,MISMATCH,
9780008811778,You Can Just Do Things - The High-agency Method for Getting Everything You Want,Sciences,Business,VSC,Psychology,MISMATCH,
9781836047124,More Step By Step Drawing,Children,Activities,YBGC,Books For Babies,MISMATCH,
9798875240089,Graphic Library Great Moments in History -  Carpathia Rescues Titanic Survivors,Children,Childrens Non Fiction,YFW,Childrens Fiction,MISMATCH,
9781761216404,Spooky House - The Graphic Novel -  Volume 1,Fiction,Graphic Novels,YFCF,Childrens Fiction,MISMATCH,
9781761218583,Barbie - Luxe Colouring,Children,Activities,WF,Fashion,MISMATCH,
9781536248289,House with Nobody in It,Children,Books For Babies,YFD,"Childrens Fiction, Horror",MISMATCH,
9781067098537,Where Do They Sleep,Children,Books For Babies,YFP,Childrens Fiction,MISMATCH,
9781536253009,Graciela in the Abyss,Fiction,Teen Fiction,YFJ,Childrens Fiction,MISMATCH,
9781529535778,"Unicornia Colouring Book - A unicorn-filled, magical colouring book for ages 5-8",Children,Activities,YBGC,Books For Babies,MISMATCH,
9781761341946,I Dont Need a Little Brother,Well Being,Childrens Well Being,YFQ,Childrens Fiction,MISMATCH,
9781761201936,My Tooth Is Looth,Well Being,Childrens Well Being,YB,Childrens Non Fiction,MISMATCH,
9781408873748,My Trip To The Dentist - Activity and Sticker Book,Well Being,Childrens Well Being,YBG,Books For Babies,MISMATCH,
9781408873724,My Day At School - Activity and Sticker Book,Well Being,Childrens Well Being,YBG,Books For Babies,MISMATCH,
9781035076086,Tales from Acorn Wood Magic Painting,Children,Activities,YBGC,Books For Babies,MISMATCH,
9780473403775,Bright Ideas For Young Minds,Children,Activities,YBL,Childrens Non Fiction,MISMATCH,
9781638493655,Dungeon Crawler Carl - 1 Graphic Novel,Fiction,Graphic Novels,WHC,Humour,MISMATCH,
9781784746315,Eat Bitter - A Story About Guts and Food,Well Being,Food And Beverage,BM,Biography,MISMATCH,
9781760068806,How To Pee - Potty-Training for Boys,Well Being,Childrens Well Being,YBL,Childrens Non Fiction,MISMATCH,
9781760068813,How to Pee - Potty-Training for Girls,Well Being,Childrens Well Being,YBL,Childrens Non Fiction,MISMATCH,
9781409508687,Going To The Dentist,Well Being,Childrens Well Being,YBLN,Childrens Non Fiction,MISMATCH,
9780141990569,White Fragility - Why Its So Hard For White People To Talk About Racism,History And Politics,History,JFFJ,Sociology,MISMATCH,
9781770857506,Little Inventions - The Toilet,Well Being,Childrens Well Being,YNT,Childrens Non Fiction,MISMATCH,
9781035090198,How to Win a Trade War - A Friendly Guide to an Unfriendly World,History And Politics,History,KCLT,Economics,MISMATCH,
9781529990409,Fight Less - Win More - How Master Negotiators Influence Hearts Minds And Deals,Sciences,Business,VS,Psychology,MISMATCH,
9781775542742,"Great Kiwi Bucket List - 120 Secret Spots, Hidden Gems and Curious Places",Travel,Travel Literature,WTH,Travel Guides,MISMATCH,
9781775543336,Farm - A Timeless Story of Life on the Land,Travel,Travel Literature,BM,Biography,MISMATCH,
9781922754752,Hidden Japan - A guidebook to Tokyo & beyond,Travel,Travel Literature,WTH,Travel Guides,MISMATCH,
9781426223150,100 Hotels Of A Lifetime - The Worlds Ultimate Retreats,Travel,Travel Literature,WTHH,Travel Guides,MISMATCH,
9780008485139,No Logo - Collins Modern Classics,Sciences,Economics,JFFS,Sociology,MISMATCH,
9780008485139,No Logo - Collins Modern Classics,History And Politics,History,JFFS,Sociology,MISMATCH,
9783575019042,Netherlands Marco Polo Map,Travel,Maps,WTRM,Travel Literature,MISMATCH,
9780062973894,Unhappy Camper - A Graphic Novel,Fiction,Graphic Novels,YFW,Childrens Fiction,MISMATCH,
9781837837984,Charmed - Accessorize your life with 20 projects using charms,The Arts,Craft,WF,Fashion,MISMATCH,
9780473789237,Here Be Dragons,Fiction,Poetry,FA,General Fiction,MISMATCH,
9781846976735,Columbas Bones - Darkland Tales,Fiction,Historical Fiction,FJH,General Fiction,MISMATCH,
9781739271435,Tractor Ted Hide and Seek,Children,Childrens Picture Books,YBL,Childrens Non Fiction,MISMATCH,
9781408725054,True Crime - A Memoir,History And Politics,True Crime,BM,Biography,MISMATCH,
9781805461746,Hum,Fiction,Science Fiction and Fantasy,FA,General Fiction,MISMATCH,
9781761359491,Daddy Putdown - Bluey,Children,Books For Babies,YBCH,Childrens Picture Books,MISMATCH,
9781761621864,Playing With Friends - Bluey A Colour-and-Stick Book,Children,Activities,YFB,Childrens Fiction,MISMATCH,
9781761622328,Grannies Board Book and Grannies Glasses Box Set,Children,Books For Babies,YBCS,Childrens Picture Books,MISMATCH,
9781761349966,Bluey - The Weekend,Children,Books For Babies,YBCS,Childrens Picture Books,MISMATCH,
9781805701095,High Flyers - Fold the World's Best Paper Planes,Children,Activities,WFTM,Craft,MISMATCH,
9780170354196,Co-ordinate Geometry Workbook - 2.1 Walker Maths Senior,Children,Study And Education,YQM,Childrens Picture Books,MISMATCH,
9780170354240,Probability Methods - 2.12 Walker Maths Workbook,Children,Study And Education,YQM,Childrens Picture Books,MISMATCH,
9780170415996,Simulations Workbook - 2.13 Walker Maths Senior,Children,Study And Education,PB,General Science,MISMATCH,
9780170415989,Graphs Workbook - 2.2 Walker Maths Senior,Children,Study And Education,PB,General Science,MISMATCH,
9780170354202,Sequence and Series Workbook - 2.3 Walker Maths Senior,Children,Study And Education,YQM,Childrens Picture Books,MISMATCH,
9780170354219,Trigonometry Workbook - 2.4 Walker Maths Senior,Children,Study And Education,YQM,Childrens Picture Books,MISMATCH,
9780170389433,Networks Workbook - 2.5 Walker Maths Senior,Children,Study And Education,YQM,Childrens Picture Books,MISMATCH,
9780170354226,Algebra 2.6 - Walker Maths Senior Workbook,Children,Study And Education,YQM,Childrens Picture Books,MISMATCH,
9780170354233,Calculus 2.7 - Walker Maths Senior Workbook,Children,Study And Education,YQM,Childrens Picture Books,MISMATCH,
9780170354257,Statistical Inference Workbook - 2.9 Walker Maths Senior,Children,Study And Education,YQM,Childrens Picture Books,MISMATCH,
9780170472975,Time Series Workbook - 3.8 Walker Maths Senior,Children,Study And Education,PB,General Science,MISMATCH,
9780170389396,Linear Programming Workbook - 3.2 Walker Maths Senior,Children,Study And Education,PBUH,General Science,MISMATCH,
9781804997482,Terror,Fiction,Science Fiction and Fantasy,FV,Historical Fiction,MISMATCH,
9780170425728,Trigonometry Workbook - 3.3 Walker Maths Senior,Children,Study And Education,PB,General Science,MISMATCH,
9780170389426,Simultaneous Equations Workbook - 3.15 Walker Maths Senior,Children,Study And Education,PBF,General Science,MISMATCH,
9780170416009,Systems of Equations Workbook - 2.14  Walker Maths Senior,Children,Study And Education,PBK,General Science,MISMATCH,
9780241745694,You Are the Fuhrer's Unrequited Love,Fiction,Classics,FA,General Fiction,MISMATCH,
9780241514399,"Fire in the Mountain - Sicily, Etna and Her People",Travel,Travel Literature,WTL,Travel Guides,MISMATCH,
9780141988245,What Is Free Speech - The History of a Dangerous Idea,History And Politics,History,JFCX,Sociology,MISMATCH,
9780141999784,Enchanted Ground - Growing Roots in a Broken World,Travel,Travel Literature,WTL,Travel Guides,MISMATCH,
9781917189071,Queer Bookshelf - A Reader's Guide,Well Being,Gender,DSR,Classics,MISMATCH,
9780241772126,Gilded Blade - 3 Grandest Game,Fiction,Teen Fiction,YFCB,"Childrens Fiction, Thriller",MISMATCH,
9781526622433,Piranesi,Fiction,Science Fiction and Fantasy,FA,General Fiction,MISMATCH,
9780241135907,Very Busy Spider,Children,Books For Babies,YBCB,Childrens Picture Books,MISMATCH,
9780753562475,Users - How Big Tech Took Control and How to Fight Back,Sciences,General Science,JFMG,Sociology,MISMATCH,
9781804999004,How to Own the Room - Women and the Art of Brilliant Speaking,Sciences,Business,CBP,Languages,MISMATCH,
9781529144215,On Natural Capital - The Value of the World Around Us,Sciences,Environment,KCN,Economics,MISMATCH,
9781760980511,Treehouse Joke Book 2,Children,Activities,YNU,Childrens Non Fiction,MISMATCH,
9781398846616,Monster Joke Book - Over 650 Frightfully Funny Jokes,Children,Activities,YNU,Childrens Non Fiction,MISMATCH,
9781913602239,Find it - In The Country,Children,Activities,YNG,Childrens Non Fiction,MISMATCH,
9781913602222,Find it -  On A Car Journey,Children,Activities,YNG,Childrens Non Fiction,MISMATCH,
9781913602246,Find it - At the beach,Children,Activities,YNG,Childrens Non Fiction,MISMATCH,
9781913602260,Find it - In the backyard,Children,Activities,YNG,Childrens Non Fiction,MISMATCH,
9798888672150,Big Book of Adventure Mazes,Children,Activities,YBG,Books For Babies,MISMATCH,
9781409523352,Write Your Own Story Book,Children,Activities,YBG,Books For Babies,MISMATCH,
9780008733070,Minecraft Academy Zombie Outbreak - Minecraft Academy Book 1,Children,Activities,YNVU,Childrens Non Fiction,MISMATCH,
9780008755638,Essential Guide to the Paldea Region,Children,Activities,YFC,Childrens Fiction,MISMATCH,
9781761206955,Winnie The Pooh Adult Colouring Book (Disney),Children,Activities,YBGC,Books For Babies,MISMATCH,
9781836045533,Sticker Dressing Up - Princesses,Children,Activities,YBG,Books For Babies,MISMATCH,
9781641244244,Gentaro Kagawa's Curious Quest - Outer Space: Seek-and-Find Maze Challenges,Children,Activities,YBG,Books For Babies,MISMATCH,
9781797238586,Goodnight Goodnight Construction Site - Sticker & Activity Book,Children,Activities,YBG,Books For Babies,MISMATCH,
9781529024036,Singing Mermaid Make and Do,Children,Activities,YBG,Books For Babies,MISMATCH,
9781786571076,Unfolding Journeys Rocky Mountain Explorer,Children,Activities,YBGP,Books For Babies,MISMATCH,
9780486441139,First Stamp Album For Beginners,Children,Activities,YNV,Childrens Non Fiction,MISMATCH,
9781406398533,Were Going On a Bear Hunt -  Let's Discover Farm Animals,Children,Activities,YNNF,Childrens Non Fiction,MISMATCH,
9781639621569,Silly Sticker Stories - Easter,Children,Activities,YBG,Books For Babies,MISMATCH,
9781797226415,"Museum in a Book -  An Ideal Exhibition-Explore, Play, Create",Children,Activities,YFC,Childrens Fiction,MISMATCH,
9781805133551,Dolls House - Fold-Out + Play,Children,Activities,YBG,Books For Babies,MISMATCH,
9780994141576,Tumeke,Children,Activities,YF,Childrens Fiction,MISMATCH,
9781452142982,Punch Out And Play Game Book,Children,Activities,YBGK,Books For Babies,MISMATCH,
9781526618016,Book Of Not Entirely Useful Advice,Children,Activities,YFQ,Childrens Fiction,MISMATCH,
9781786178251,Get Set Go Coding - ScratchJr - Speech and Sounds,Children,Activities,YQTU,Childrens Picture Books,MISMATCH,
9781786178237,Get Set Go Coding - ScratchJr - Art and Photos,Children,Activities,YQTU,Childrens Picture Books,MISMATCH,
9781760509927,Fun with Numbers - School Of Monsters -  Learn and Play Workbook,Children,Study And Education,YB,Childrens Non Fiction,MISMATCH,
9781760509958,Fun With Shapes - School Of Monsters - Learn And Play Workbook,Children,Study And Education,YB,Childrens Non Fiction,MISMATCH,
9781807081683,Historys Youngest Heroes,Children,Childrens Non Fiction,YFY,Childrens Fiction,MISMATCH,
9781633220218,Chalk On The Wild Side,Children,Activities,WFA,Fashion,MISMATCH,
9781471415210,War and Peas - 10 Robin Hood,Fiction,Teen Fiction,YFCB,"Childrens Fiction, Thriller",MISMATCH,
9781761356698,Couples Retreat,Fiction,Crime Fiction,FA,General Fiction,MISMATCH,
9780241766064,Fast Food Nation - The Dark Side of the All-American Meal,Well Being,Food And Beverage,JFC,Sociology,MISMATCH,
9781398537156,Hekate - 1 Goddesses of the Underworld,Fiction,Science Fiction and Fantasy,FQ,General Fiction,MISMATCH,
9781761382130,Coming Up Short - a memoir of my America,Biographies,Biography,JPHV,Politics,MISMATCH,
9780241801574,100 Iconic Buildings to See Before You Die - Explore the World's Most Amazing Architecture,Travel,Travel Guides,AM,Architecture,MISMATCH,
9781488957451,Flash Cards - Subtraction 0 - 12,Children,Activities,YQM,Childrens Picture Books,MISMATCH,
9780593890196,World of Eric Carle - My First Sight Words Box - 12 Books for Beginning Readers,Children,Activities,KJMB,Business,MISMATCH,
9781399635868,Did You Fart - Jigsaw Puzzle - A 100-piece jigsaw puzzle,Children,Activities,YNVP,Childrens Non Fiction,MISMATCH,
9781488924132,Times Tables - Junior Explorers Magnetic Books,Children,Activities,YBLC,Childrens Non Fiction,MISMATCH,
9780753466094,Rocks And Minerals Flash Cards - A Diamond Deck,Children,Activities,YQS,Childrens Picture Books,MISMATCH,
9780753466094,Rocks And Minerals Flash Cards - A Diamond Deck,Children,Childrens Non Fiction,YQS,Childrens Picture Books,MISMATCH,
9781776953455,Slinger - 2 Royalslinger,Fiction,Teen Fiction,YFH,Childrens Fiction,MISMATCH,
9781776953431,Dreamslinger - 1 Slinger,Fiction,Teen Fiction,YFH,Childrens Fiction,MISMATCH,
9781761350986,Shadow Reaper,Fiction,Teen Fiction,YFH,Childrens Fiction,MISMATCH,
9780241716274,When I Was Death,Fiction,Teen Fiction,YFD,"Childrens Fiction, Horror",MISMATCH,
9780593855881,Everything Is Poison,Fiction,Teen Fiction,YFT,Childrens Fiction,MISMATCH,
9781409565192,Step By Step Drawing Book,Children,Activities,YNA,Childrens Non Fiction,MISMATCH,
9781963183665,Sports - How to Draw Books for Kids,Children,Activities,YNA,Childrens Non Fiction,MISMATCH,
9781963183719,My Fancy Sticker Storybook - Dance Recital - 350+ Reusable Dress-up Sticker Book for Kids Ages 5-8,Children,Activities,YBG,Books For Babies,MISMATCH,
9781776957217,Big Bang Bread - A 13.8-Billion-Year Adventure,Children,Childrens Picture Books,YNTS,Childrens Non Fiction,MISMATCH,
9780241637319,Knights of Nature - Princess Olivia Investigates,Children,Childrens Non Fiction,YFC,Childrens Fiction,MISMATCH,
9780241782316,Peppa Pig - Daddy Pig's Big Race,Children,Books For Babies,YBCH,Childrens Picture Books,MISMATCH,
9780241829295,Peppa Pig - George's News,Children,Childrens Picture Books,YFN,Childrens Fiction,MISMATCH,
9781923451902,Unseen - Art And Crime In Australia,History And Politics,History,ABK,Art,MISMATCH,
9781800815926,"History of Ideas - Equality, Justice and Revolution",Sciences,General Science,JPA,Politics,MISMATCH,
9781368115902,Alchemary - A Dark Academia Alchemy Romantasy,Fiction,Science Fiction and Fantasy,FR,Romance,MISMATCH,
9781836433071,Challenge of the Future - What Should We Keep from Yesterday as We Rush into Tomorrow,Sciences,General Science,JFFR,Sociology,MISMATCH,
9780241805817,Cozy Vibes,Children,Activities,YBGC,Books For Babies,MISMATCH,
9781761501708,Cozy Journal - Cute colouring book,Children,Activities,WF,Fashion,MISMATCH,
9780755500451,Minecraft Young Readers - Survival Mode,Children,Childrens Fiction,YNVU,Childrens Non Fiction,MISMATCH,
9780753467657,Pirates,Children,Childrens Fiction,YNM,Childrens Non Fiction,MISMATCH,
9781474959506,Unicorns in Uniforms,Children,Childrens Fiction,YQCR,Childrens Picture Books,MISMATCH,
9781786178244,Get Set Go Coding - ScratchJr - Animation & Stories,Children,Activities,YQTU,Childrens Picture Books,MISMATCH,
9781641244237,Gentaro Kagawa's Curious Quest - The Hidden World of Insects: Seek-and-Find Maze Challenges,Children,Activities,YBG,Books For Babies,MISMATCH,
9783791376165,Day on Fluffyville Construction Site - A Look and Find Book,Children,Activities,YNM,Childrens Non Fiction,MISMATCH,
9781835870983,Wheres the Baby Animal - A Spotting Book,Children,Activities,YBG,Books For Babies,MISMATCH,
9781836041320,Can you Spot - Night time,Children,Activities,YBG,Books For Babies,MISMATCH,
9780785846536,"Ultimate Romantasy Sticker and Activity Book  Games, Trivia, and Puzzles from the Captivating World of Love and Magic - Over 100 Fantasy Romance S",Fiction,Science Fiction and Fantasy,WF,Fashion,MISMATCH,
9780593836767,Dungeons & Dragons Crochet - A Book of Many Patterns,The Arts,Craft,WF,Fashion,MISMATCH,
9781847929372,Chain of Ideas - Great Replacement Theory and the Origins of Our Authoritarian Age,Sciences,General Science,JFFJ,Sociology,MISMATCH,
9781728270173,What We Did to Survive,Fiction,Teen Fiction,YFCB,"Childrens Fiction, Thriller",MISMATCH,
9781797243962,Beatles by Jim Marshall - Live at Candlestick Park 1966,The Arts,Music And Performing Arts,AJCR,Photography,MISMATCH,
9781797243047,Beautiful Bugs - A Curious Collection of Exquisite Insects,Sciences,Environment,AJC,Photography,MISMATCH,
9781797236162,"Seen and Unseen - What  Lange, Miyatake, andl Adams's Photographs Reveal About the Japanese American Incarceration",The Arts,Art,YNH,Childrens Non Fiction,MISMATCH,
9781398849228,How To Win Friends and Influence People,Sciences,Business,VS,Psychology,MISMATCH,
9781760798642,Retro Women - The Evolution of Women,Well Being,Gender,HBTB,History,MISMATCH,
9780719845994,Architect of Wings - A Biography of Roy Chadwick - Designer of the Lancaster Bomber,Motoring,Transport,BGT,Biography,MISMATCH,
9781398864610,Napoleon - The Art of War and Power - Gilded Pocket Edition,Fiction,Classics,BGHA,Biography,MISMATCH,
9781398864603,Vindication of the Rights of Woman - Gilded Pocket Edition,Fiction,Classics,JFFK,Sociology,MISMATCH,
9781990035524,Not a Babe,Fiction,Teen Fiction,YFB,Childrens Fiction,MISMATCH,
9781035412952,Elemental - The New Geography of Climate Change and How We Survive It,Sciences,General Science,JPA,Politics,MISMATCH,
9780525553939,Whole Wide World of Mabel Mulligan - A Graphic Novel,Fiction,Graphic Novels,YNM,Childrens Non Fiction,MISMATCH,
9781398821286,Fundamentals of Drawing Horses - A Complete Step-by-Step Guide,The Arts,Craft,AGN,Art,MISMATCH,
9780307030719,Tale of Peter Rabbit,Children,Childrens Fiction,YBL,Childrens Non Fiction,MISMATCH,
9781783612192,Chords for Kids Made Easy - Comprehensive Sound Links,The Arts,Music And Performing Arts,YNC,Childrens Non Fiction,MISMATCH,
9798317900489,BMW Century,Motoring,Transport,WGCB,Gardening,MISMATCH,
9781419756511,Art of Star Wars - The Mandalorian (Season Two),The Arts,Art,APT,Music And Performing Arts,MISMATCH,
9780241240212,Motor Bike Book - The Definitive Visual History,Sport,General Sport And Fitness,WGCK,Gardening,MISMATCH,
9780241420492,Tank Book - The Definitive Visual History,Motoring,Transport,WGCK,Gardening,MISMATCH,
9780241664438,Classic Car Book - The Definitive Visual History,Motoring,Transport,WGCK,Gardening,MISMATCH,
9781452111858,Roys House,Children,Childrens Picture Books,YNA,Childrens Non Fiction,MISMATCH,
9780241385777,Knowledge Encyclopedia Human Body,Children,Childrens Non Fiction,YQSB,Childrens Picture Books,MISMATCH,
9781398561618,Dark Desires After Dusk,Fiction,Science Fiction and Fantasy,FA,General Fiction,MISMATCH,
9781444974881,Heartstopper Volume 6,Fiction,Graphic Novels,YFW,Childrens Fiction,MISMATCH,
9781526652065,Galatea - A Short Story,Fiction,Historical Fiction,FA,General Fiction,MISMATCH,
9781037206122,Mestra,Fiction,Historical Fiction,FQ,General Fiction,MISMATCH,
